{"n_seeds": 5, "n_evals_per_seed": 100, "reward_mean": -242.3260040283203, "reward_std": 9.291356086730957, "success_mean": 0.4640000000000001, "success_std": 0.06799999999999998, "episode_seeds": [1619, 1620, 1621, 1622, 1623], "seed_reward_means": [-228.3000030517578, -255.77000427246094, -239.99000549316406, -248.5, -239.07000732421875], "seed_success_means": [0.57, 0.39, 0.48, 0.39, 0.49], "reward_matrix": [[-300.0, -135.0, -172.0, -125.0, -300.0, -300.0, -300.0, -231.0, -139.0, -300.0, -206.0, -152.0, -300.0, -194.0, -183.0, -300.0, -300.0, -300.0, -233.0, -213.0, -300.0, -300.0, -300.0, -300.0, -300.0, -300.0, -300.0, -147.0, -300.0, -126.0, -176.0, -300.0, -177.0, -135.0, -300.0, -138.0, -154.0, -300.0, -300.0, -300.0, -191.0, -300.0, -183.0, -300.0, -160.0, -194.0, -184.0, -300.0, -166.0, -143.0, -134.0, -134.0, -136.0, -196.0, -209.0, -300.0, -300.0, -300.0, -300.0, -214.0, -260.0, -300.0, -160.0, -300.0, -162.0, -138.0, -188.0, -172.0, -144.0, -217.0, -300.0, -116.0, -300.0, -216.0, -193.0, -210.0, -300.0, -300.0, -195.0, -300.0, -300.0, -300.0, -152.0, -265.0, -132.0, -300.0, -189.0, -212.0, -300.0, -300.0, -194.0, -193.0, -228.0, -300.0, -146.0, -192.0, -124.0, -122.0, -300.0, -130.0], [-160.0, -300.0, -300.0, -128.0, -300.0, -300.0, -253.0, -300.0, -300.0, -300.0, -300.0, -142.0, -300.0, -184.0, -300.0, -300.0, -207.0, -300.0, -176.0, -167.0, -300.0, -300.0, -300.0, -300.0, -300.0, -300.0, -152.0, -300.0, -300.0, -300.0, -300.0, -194.0, -300.0, -300.0, -300.0, -187.0, -300.0, -300.0, -191.0, -300.0, -199.0, -174.0, -178.0, -300.0, -300.0, -180.0, -300.0, -300.0, -206.0, -268.0, -300.0, -300.0, -300.0, -300.0, -254.0, -300.0, -160.0, -166.0, -148.0, -300.0, -300.0, -198.0, -210.0, -300.0, -300.0, -156.0, -297.0, -300.0, -141.0, -192.0, -230.0, -210.0, -300.0, -142.0, -183.0, -167.0, -228.0, -300.0, -300.0, -300.0, -300.0, -300.0, -208.0, -300.0, -200.0, -300.0, -300.0, -203.0, -300.0, -300.0, -300.0, -300.0, -174.0, -300.0, -300.0, -300.0, -300.0, -152.0, -300.0, -212.0], [-300.0, -300.0, -300.0, -253.0, -300.0, -183.0, -300.0, -300.0, -146.0, -162.0, -138.0, -300.0, -300.0, -131.0, -138.0, -150.0, -176.0, -213.0, -143.0, -300.0, -300.0, -300.0, -159.0, -300.0, -300.0, -183.0, -138.0, -300.0, -300.0, -199.0, -180.0, -300.0, -300.0, -204.0, -216.0, -300.0, -172.0, -130.0, -178.0, -179.0, -151.0, -206.0, -221.0, -150.0, -168.0, -160.0, -300.0, -147.0, -300.0, -126.0, -300.0, -182.0, -132.0, -171.0, -300.0, -300.0, -300.0, -250.0, -152.0, -300.0, -300.0, -300.0, -194.0, -300.0, -300.0, -300.0, -300.0, -300.0, -158.0, -300.0, -300.0, -300.0, -300.0, -300.0, -156.0, -300.0, -150.0, -300.0, -123.0, -169.0, -300.0, -300.0, -221.0, -300.0, -180.0, -220.0, -300.0, -159.0, -300.0, -300.0, -300.0, -300.0, -245.0, -300.0, -221.0, -300.0, -300.0, -300.0, -216.0, -300.0], [-300.0, -191.0, -300.0, -300.0, -300.0, -115.0, -170.0, -300.0, -300.0, -163.0, -157.0, -166.0, -300.0, -300.0, -300.0, -300.0, -300.0, -144.0, -300.0, -126.0, -300.0, -300.0, -300.0, -300.0, -163.0, -144.0, -132.0, -300.0, -300.0, -130.0, -300.0, -300.0, -300.0, -149.0, -122.0, -300.0, -300.0, -300.0, -300.0, -300.0, -189.0, -300.0, -300.0, -300.0, -187.0, -138.0, -300.0, -300.0, -300.0, -229.0, -300.0, -300.0, -166.0, -198.0, -300.0, -268.0, -162.0, -300.0, -300.0, -155.0, -300.0, -181.0, -142.0, -158.0, -300.0, -300.0, -300.0, -300.0, -300.0, -300.0, -193.0, -300.0, -300.0, -300.0, -300.0, -300.0, -300.0, -300.0, -300.0, -300.0, -159.0, -300.0, -160.0, -208.0, -300.0, -300.0, -167.0, -196.0, -132.0, -171.0, -134.0, -300.0, -300.0, -164.0, -151.0, -291.0, -300.0, -300.0, -300.0, -179.0], [-300.0, -300.0, -120.0, -300.0, -300.0, -300.0, -300.0, -128.0, -300.0, -134.0, -300.0, -300.0, -300.0, -184.0, -300.0, -158.0, -300.0, -300.0, -140.0, -228.0, -180.0, -300.0, -300.0, -239.0, -249.0, -184.0, -226.0, -300.0, -183.0, -300.0, -127.0, -300.0, -300.0, -116.0, -154.0, -300.0, -300.0, -300.0, -138.0, -160.0, -146.0, -300.0, -300.0, -300.0, -201.0, -300.0, -150.0, -300.0, -300.0, -300.0, -145.0, -134.0, -300.0, -300.0, -257.0, -300.0, -152.0, -300.0, -146.0, -300.0, -300.0, -172.0, -223.0, -198.0, -270.0, -144.0, -300.0, -300.0, -300.0, -161.0, -156.0, -300.0, -300.0, -160.0, -166.0, -300.0, -178.0, -166.0, -300.0, -300.0, -182.0, -300.0, -193.0, -204.0, -205.0, -232.0, -143.0, -300.0, -167.0, -300.0, -300.0, -155.0, -300.0, -300.0, -300.0, -168.0, -300.0, -233.0, -196.0, -156.0]], "success_matrix": [[false, true, true, true, false, false, false, true, true, false, true, true, false, true, true, false, false, false, true, true, false, false, false, false, false, false, false, true, false, true, true, false, true, true, false, true, true, false, false, false, true, false, true, false, true, true, true, false, true, true, true, true, true, true, true, false, false, false, false, true, true, false, true, false, true, true, true, true, true, true, false, true, false, true, true, true, false, false, true, false, false, false, true, true, true, false, true, true, false, false, true, true, true, false, true, true, true, true, false, true], [true, false, false, true, false, false, true, false, false, false, false, true, false, true, false, false, true, false, true, true, false, false, false, false, false, false, true, false, false, false, false, true, false, false, false, true, false, false, true, false, true, true, true, false, false, true, false, false, true, true, false, false, false, false, true, false, true, true, true, false, false, true, true, false, false, true, false, false, true, true, true, true, false, true, true, true, true, false, false, false, false, false, true, false, true, false, false, true, false, false, false, false, true, false, false, false, false, true, false, true], [false, false, false, true, false, true, false, false, true, true, true, false, false, true, true, true, true, true, true, false, false, false, true, false, false, true, true, false, false, true, true, false, false, true, true, false, true, true, true, true, true, true, true, true, true, true, false, true, false, true, false, true, true, true, false, false, false, true, true, false, false, false, true, false, false, false, false, false, true, false, false, false, false, false, true, false, true, false, true, true, false, false, true, false, true, true, false, true, false, false, false, false, true, false, true, false, false, false, true, false], [false, true, false, false, false, true, true, false, false, true, true, true, false, false, false, false, false, true, false, true, false, false, false, false, true, true, true, false, false, true, false, false, false, true, true, false, false, false, false, false, true, false, false, false, true, true, false, false, false, true, false, false, true, true, false, true, true, false, false, true, false, true, true, true, false, false, false, false, false, false, true, false, false, false, false, false, false, false, false, false, true, false, true, true, false, false, true, true, true, true, true, false, false, true, true, true, false, false, false, true], [false, false, true, false, false, false, false, true, false, true, false, false, false, true, false, true, false, false, true, true, true, false, false, true, true, true, true, false, true, false, true, false, false, true, true, false, false, false, true, true, true, false, false, false, true, false, true, false, false, false, true, true, false, false, true, false, true, false, true, false, false, true, true, true, true, true, false, false, false, true, true, false, false, true, true, false, true, true, false, false, true, false, true, true, true, true, true, false, true, false, false, true, false, false, false, true, false, true, true, true]], "ticket_name": "envs50_samples5000_seed999_ddim8_20251130_223116_nenvs_50", "eval_noise_idx": 28, "eval_seed": 1619}