{"n_seeds": 5, "n_evals_per_seed": 100, "reward_mean": -184.6739959716797, "reward_std": 6.51185417175293, "success_mean": 0.796, "success_std": 0.03646916505762092, "episode_seeds": [1619, 1620, 1621, 1622, 1623], "seed_reward_means": [-173.5500030517578, -185.52999877929688, -186.49000549316406, -190.64999389648438, -187.14999389648438], "seed_success_means": [0.86, 0.78, 0.79, 0.78, 0.77], "reward_matrix": [[-300.0, -137.0, -174.0, -300.0, -164.0, -140.0, -150.0, -143.0, -135.0, -188.0, -184.0, -123.0, -151.0, -131.0, -131.0, -186.0, -144.0, -151.0, -185.0, -136.0, -300.0, -144.0, -127.0, -158.0, -146.0, -288.0, -300.0, -120.0, -171.0, -300.0, -132.0, -163.0, -151.0, -120.0, -132.0, -135.0, -121.0, -139.0, -234.0, -300.0, -218.0, -133.0, -211.0, -255.0, -111.0, -140.0, -120.0, -151.0, -132.0, -123.0, -135.0, -112.0, -143.0, -136.0, -120.0, -171.0, -300.0, -128.0, -147.0, -300.0, -160.0, -300.0, -118.0, -112.0, -151.0, -135.0, -131.0, -135.0, -131.0, -194.0, -300.0, -147.0, -215.0, -145.0, -136.0, -213.0, -155.0, -169.0, -182.0, -229.0, -300.0, -168.0, -119.0, -254.0, -110.0, -189.0, -136.0, -191.0, -124.0, -135.0, -120.0, -131.0, -116.0, -165.0, -134.0, -154.0, -300.0, -300.0, -300.0, -131.0], [-135.0, -174.0, -300.0, -131.0, -300.0, -300.0, -129.0, -136.0, -125.0, -300.0, -300.0, -144.0, -134.0, -300.0, -300.0, -148.0, -124.0, -300.0, -300.0, -123.0, -300.0, -209.0, -142.0, -135.0, -134.0, -158.0, -140.0, -269.0, -138.0, -124.0, -140.0, -167.0, -149.0, -300.0, -300.0, -133.0, -136.0, -177.0, -166.0, -141.0, -167.0, -130.0, -150.0, -300.0, -137.0, -104.0, -135.0, -194.0, -164.0, -300.0, -157.0, -300.0, -132.0, -139.0, -191.0, -131.0, -124.0, -209.0, -127.0, -123.0, -152.0, -191.0, -215.0, -149.0, -160.0, -120.0, -300.0, -143.0, -124.0, -188.0, -180.0, -136.0, -300.0, -128.0, -108.0, -165.0, -152.0, -139.0, -300.0, -155.0, -178.0, -300.0, -187.0, -156.0, -136.0, -300.0, -204.0, -128.0, -158.0, -133.0, -206.0, -210.0, -139.0, -300.0, -146.0, -202.0, -233.0, -123.0, -134.0, -300.0], [-151.0, -300.0, -131.0, -190.0, -127.0, -128.0, -172.0, -300.0, -123.0, -300.0, -131.0, -242.0, -300.0, -300.0, -115.0, -124.0, -144.0, -143.0, -276.0, -300.0, -258.0, -138.0, -119.0, -300.0, -127.0, -300.0, -120.0, -116.0, -146.0, -300.0, -270.0, -200.0, -145.0, -136.0, -126.0, -150.0, -159.0, -135.0, -171.0, -127.0, -213.0, -203.0, -158.0, -251.0, -131.0, -123.0, -300.0, -230.0, -300.0, -300.0, -125.0, -135.0, -132.0, -300.0, -124.0, -140.0, -128.0, -129.0, -151.0, -143.0, -128.0, -176.0, -193.0, -300.0, -202.0, -162.0, -134.0, -152.0, -131.0, -147.0, -170.0, -120.0, -176.0, -233.0, -147.0, -155.0, -144.0, -257.0, -123.0, -148.0, -300.0, -183.0, -117.0, -300.0, -128.0, -132.0, -128.0, -300.0, -167.0, -144.0, -300.0, -144.0, -147.0, -176.0, -156.0, -300.0, -300.0, -146.0, -300.0, -127.0], [-243.0, -184.0, -171.0, -300.0, -166.0, -125.0, -124.0, -134.0, -300.0, -300.0, -169.0, -135.0, -136.0, -300.0, -270.0, -135.0, -300.0, -133.0, -213.0, -130.0, -300.0, -187.0, -300.0, -184.0, -131.0, -125.0, -128.0, -144.0, -171.0, -141.0, -199.0, -169.0, -218.0, -136.0, -300.0, -135.0, -242.0, -300.0, -158.0, -147.0, -163.0, -143.0, -128.0, -150.0, -300.0, -144.0, -263.0, -156.0, -300.0, -120.0, -147.0, -136.0, -130.0, -127.0, -300.0, -167.0, -258.0, -124.0, -124.0, -163.0, -300.0, -135.0, -183.0, -215.0, -201.0, -140.0, -143.0, -300.0, -163.0, -144.0, -300.0, -300.0, -190.0, -300.0, -124.0, -120.0, -196.0, -300.0, -145.0, -180.0, -300.0, -122.0, -161.0, -178.0, -300.0, -155.0, -128.0, -190.0, -300.0, -150.0, -142.0, -135.0, -216.0, -139.0, -161.0, -300.0, -170.0, -124.0, -157.0, -132.0], [-116.0, -144.0, -119.0, -138.0, -300.0, -300.0, -177.0, -119.0, -300.0, -128.0, -300.0, -118.0, -186.0, -125.0, -175.0, -164.0, -131.0, -108.0, -300.0, -156.0, -166.0, -124.0, -254.0, -163.0, -120.0, -140.0, -239.0, -132.0, -183.0, -123.0, -300.0, -166.0, -300.0, -131.0, -128.0, -128.0, -166.0, -132.0, -136.0, -151.0, -161.0, -300.0, -300.0, -163.0, -151.0, -161.0, -163.0, -132.0, -239.0, -127.0, -213.0, -134.0, -265.0, -300.0, -207.0, -300.0, -128.0, -300.0, -128.0, -300.0, -136.0, -148.0, -128.0, -195.0, -133.0, -127.0, -155.0, -300.0, -300.0, -135.0, -155.0, -187.0, -179.0, -111.0, -147.0, -300.0, -147.0, -300.0, -213.0, -132.0, -300.0, -300.0, -150.0, -163.0, -124.0, -136.0, -300.0, -187.0, -300.0, -128.0, -183.0, -139.0, -150.0, -249.0, -120.0, -128.0, -300.0, -300.0, -140.0, -132.0]], "success_matrix": [[false, true, true, false, true, true, true, true, true, true, true, true, true, true, true, true, true, true, true, true, false, true, true, true, true, true, false, true, true, false, true, true, true, true, true, true, true, true, true, false, true, true, true, true, true, true, true, true, true, true, true, true, true, true, true, true, false, true, true, false, true, false, true, true, true, true, true, true, true, true, false, true, true, true, true, true, true, true, true, true, false, true, true, true, true, true, true, true, true, true, true, true, true, true, true, true, false, false, false, true], [true, true, false, true, false, false, true, true, true, false, false, true, true, false, false, true, true, false, false, true, false, true, true, true, true, true, true, true, true, true, true, true, true, false, false, true, true, true, true, true, true, true, true, false, true, true, true, true, true, false, true, false, true, true, true, true, true, true, true, true, true, true, true, true, true, true, false, true, true, true, true, true, false, true, true, true, true, true, false, true, true, false, true, true, true, false, true, true, true, true, true, true, true, false, true, true, true, true, true, false], [true, false, true, true, true, true, true, false, true, false, true, true, false, false, true, true, true, true, true, false, true, true, true, false, true, false, true, true, true, false, true, true, true, true, true, true, true, true, true, true, true, true, true, true, true, true, false, true, false, false, true, true, true, false, true, true, true, true, true, true, true, true, true, false, true, true, true, true, true, true, true, true, true, true, true, true, true, true, true, true, false, true, true, false, true, true, true, false, true, true, false, true, true, true, true, false, false, true, false, true], [true, true, true, false, true, true, true, true, false, false, true, true, true, false, true, true, false, true, true, true, false, true, false, true, true, true, true, true, true, true, true, true, true, true, false, true, true, false, true, true, true, true, true, true, false, true, true, true, false, true, true, true, true, true, false, true, true, true, true, true, false, true, true, true, true, true, true, false, true, true, false, false, true, false, true, true, true, false, true, true, false, true, true, true, false, true, true, true, false, true, true, true, true, true, true, false, true, true, true, true], [true, true, true, true, false, false, true, true, false, true, false, true, true, true, true, true, true, true, false, true, true, true, true, true, true, true, true, true, true, true, false, true, false, true, true, true, true, true, true, true, true, false, false, true, true, true, true, true, true, true, true, true, true, false, true, false, true, false, true, false, true, true, true, true, true, true, true, false, false, true, true, true, true, true, true, false, true, false, true, true, false, false, true, true, true, true, false, true, false, true, true, true, true, true, true, true, false, false, true, true]], "ticket_name": "envs100_samples5000_seed999_20251127_043633_ddim2", "eval_noise_idx": 0, "eval_seed": 1619}