{"n_seeds": 5, "n_evals_per_seed": 100, "reward_mean": -345.385986328125, "reward_std": 6.146838188171387, "success_mean": 0.324, "success_std": 0.032093613071762436, "episode_seeds": [1619, 1620, 1621, 1622, 1623], "seed_reward_means": [-345.5, -349.1499938964844, -349.4700012207031, -348.05999755859375, -334.75], "seed_success_means": [0.34, 0.3, 0.29, 0.32, 0.37], "reward_matrix": [[-400.0, -245.0, -400.0, -400.0, -210.0, -400.0, -400.0, -400.0, -200.0, -400.0, -146.0, -400.0, -400.0, -391.0, -321.0, -295.0, -201.0, -209.0, -297.0, -400.0, -400.0, -270.0, -218.0, -188.0, -150.0, -261.0, -237.0, -400.0, -400.0, -166.0, -400.0, -400.0, -400.0, -400.0, -400.0, -188.0, -400.0, -400.0, -400.0, -400.0, -400.0, -233.0, -400.0, -400.0, -400.0, -210.0, -400.0, -400.0, -197.0, -400.0, -400.0, -329.0, -400.0, -170.0, -400.0, -400.0, -390.0, -400.0, -400.0, -400.0, -400.0, -400.0, -315.0, -400.0, -200.0, -400.0, -400.0, -400.0, -400.0, -400.0, -400.0, -400.0, -400.0, -400.0, -400.0, -329.0, -400.0, -314.0, -221.0, -400.0, -218.0, -400.0, -177.0, -400.0, -203.0, -400.0, -400.0, -400.0, -400.0, -196.0, -400.0, -400.0, -400.0, -400.0, -400.0, -400.0, -400.0, -255.0, -400.0, -400.0], [-400.0, -186.0, -400.0, -308.0, -238.0, -350.0, -242.0, -400.0, -181.0, -400.0, -400.0, -218.0, -330.0, -400.0, -400.0, -400.0, -400.0, -197.0, -400.0, -185.0, -400.0, -400.0, -222.0, -400.0, -400.0, -270.0, -400.0, -332.0, -400.0, -400.0, -400.0, -400.0, -400.0, -204.0, -400.0, -172.0, -202.0, -400.0, -400.0, -400.0, -400.0, -400.0, -400.0, -400.0, -400.0, -284.0, -400.0, -400.0, -400.0, -400.0, -400.0, -327.0, -194.0, -400.0, -400.0, -400.0, -400.0, -400.0, -400.0, -400.0, -400.0, -400.0, -400.0, -244.0, -218.0, -400.0, -181.0, -400.0, -400.0, -400.0, -212.0, -199.0, -400.0, -400.0, -400.0, -400.0, -400.0, -400.0, -400.0, -400.0, -400.0, -400.0, -400.0, -400.0, -229.0, -400.0, -160.0, -214.0, -400.0, -400.0, -231.0, -184.0, -400.0, -400.0, -400.0, -400.0, -201.0, -400.0, -400.0, -400.0], [-400.0, -400.0, -400.0, -317.0, -247.0, -400.0, -178.0, -158.0, -400.0, -189.0, -400.0, -150.0, -400.0, -400.0, -400.0, -400.0, -400.0, -400.0, -400.0, -400.0, -272.0, -185.0, -400.0, -400.0, -400.0, -400.0, -400.0, -297.0, -400.0, -399.0, -400.0, -400.0, -400.0, -400.0, -400.0, -400.0, -400.0, -400.0, -209.0, -400.0, -298.0, -158.0, -400.0, -400.0, -400.0, -390.0, -400.0, -233.0, -400.0, -400.0, -284.0, -400.0, -174.0, -400.0, -318.0, -400.0, -400.0, -400.0, -400.0, -400.0, -400.0, -174.0, -400.0, -175.0, -400.0, -214.0, -400.0, -400.0, -400.0, -400.0, -213.0, -169.0, -155.0, -332.0, -400.0, -400.0, -400.0, -400.0, -400.0, -170.0, -400.0, -400.0, -400.0, -400.0, -400.0, -400.0, -400.0, -400.0, -400.0, -400.0, -400.0, -331.0, -400.0, -212.0, -166.0, -180.0, -400.0, -400.0, -400.0, -400.0], [-400.0, -278.0, -318.0, -400.0, -158.0, -400.0, -400.0, -178.0, -400.0, -400.0, -170.0, -400.0, -292.0, -242.0, -267.0, -177.0, -311.0, -400.0, -400.0, -182.0, -400.0, -165.0, -260.0, -272.0, -258.0, -400.0, -400.0, -288.0, -397.0, -400.0, -400.0, -400.0, -400.0, -400.0, -187.0, -246.0, -305.0, -400.0, -200.0, -167.0, -400.0, -373.0, -400.0, -400.0, -400.0, -400.0, -400.0, -336.0, -400.0, -400.0, -400.0, -400.0, -400.0, -400.0, -400.0, -279.0, -216.0, -184.0, -400.0, -400.0, -400.0, -400.0, -400.0, -400.0, -400.0, -400.0, -205.0, -400.0, -400.0, -400.0, -400.0, -400.0, -400.0, -400.0, -400.0, -400.0, -398.0, -400.0, -229.0, -400.0, -400.0, -174.0, -400.0, -170.0, -400.0, -400.0, -194.0, -400.0, -330.0, -400.0, -400.0, -400.0, -400.0, -400.0, -400.0, -400.0, -400.0, -400.0, -400.0, -400.0], [-400.0, -199.0, -226.0, -400.0, -400.0, -400.0, -400.0, -198.0, -400.0, -400.0, -400.0, -400.0, -196.0, -219.0, -400.0, -178.0, -400.0, -400.0, -262.0, -177.0, -400.0, -400.0, -400.0, -400.0, -400.0, -400.0, -400.0, -263.0, -400.0, -285.0, -212.0, -400.0, -199.0, -399.0, -400.0, -400.0, -248.0, -400.0, -400.0, -400.0, -178.0, -400.0, -400.0, -306.0, -400.0, -400.0, -400.0, -400.0, -400.0, -225.0, -400.0, -400.0, -285.0, -198.0, -214.0, -400.0, -400.0, -400.0, -222.0, -276.0, -400.0, -400.0, -150.0, -230.0, -170.0, -400.0, -400.0, -170.0, -400.0, -400.0, -400.0, -161.0, -277.0, -400.0, -400.0, -400.0, -400.0, -400.0, -222.0, -400.0, -223.0, -400.0, -161.0, -400.0, -400.0, -400.0, -400.0, -255.0, -338.0, -400.0, -400.0, -259.0, -203.0, -400.0, -274.0, -400.0, -400.0, -248.0, -169.0, -400.0]], "success_matrix": [[false, true, false, false, true, false, false, false, true, false, true, false, false, true, true, true, true, true, true, false, false, true, true, true, true, true, true, false, false, true, false, false, false, false, false, true, false, false, false, false, false, true, false, false, false, true, false, false, true, false, false, true, false, true, false, false, true, false, false, false, false, false, true, false, true, false, false, false, false, false, false, false, false, false, false, true, false, true, true, false, true, false, true, false, true, false, false, false, false, true, false, false, false, false, false, false, false, true, false, false], [false, true, false, true, true, true, true, false, true, false, false, true, true, false, false, false, false, true, false, true, false, false, true, false, false, true, false, true, false, false, false, false, false, true, false, true, true, false, false, false, false, false, false, false, false, true, false, false, false, false, false, true, true, false, false, false, false, false, false, false, false, false, false, true, true, false, true, false, false, false, true, true, false, false, false, false, false, false, false, false, false, false, false, false, true, false, true, true, false, false, true, true, false, false, false, false, true, false, false, false], [false, false, false, true, true, false, true, true, false, true, false, true, false, false, false, false, false, false, false, false, true, true, false, false, false, false, false, true, false, false, false, false, false, false, false, false, false, false, true, false, true, true, false, false, false, true, false, true, false, false, true, false, true, false, true, false, false, false, false, false, false, true, false, true, false, true, false, false, false, false, true, true, true, true, false, false, false, false, false, true, false, false, false, false, false, false, false, false, false, false, false, true, false, true, true, true, false, false, false, false], [false, true, true, false, true, false, false, true, false, false, true, false, true, true, true, true, true, false, false, true, false, true, true, true, true, false, false, true, false, false, false, false, false, false, true, true, true, false, true, true, false, true, false, false, false, false, false, true, false, false, false, false, false, false, false, true, true, true, false, false, false, false, false, false, false, false, true, false, false, false, false, false, false, false, false, false, false, false, true, false, false, true, false, true, false, false, true, false, true, false, false, false, false, false, false, false, false, false, false, false], [false, true, true, false, false, false, false, true, false, false, false, false, true, true, false, true, false, false, true, true, false, false, false, false, false, false, false, true, false, true, true, false, true, false, false, false, true, false, false, false, true, false, false, true, false, false, false, false, false, true, false, false, true, true, true, false, false, false, true, true, false, false, true, true, true, false, false, true, false, false, false, true, true, false, false, false, false, false, true, false, true, false, true, false, false, false, false, true, true, false, false, true, true, false, true, false, false, true, true, false]], "ticket_name": "envs100_samples5000_seed999_20251127_043752_ddim2", "eval_noise_idx": 0, "eval_seed": 1619}