{"n_seeds": 5, "n_evals_per_seed": 100, "reward_mean": -157.0360107421875, "reward_std": 13.465377807617188, "success_mean": 0.584, "success_std": 0.055045435778091525, "episode_seeds": [1619, 1620, 1621, 1622, 1623], "seed_reward_means": [-173.2100067138672, -143.2100067138672, -150.6300048828125, -148.5, -169.6300048828125], "seed_success_means": [0.52, 0.64, 0.61, 0.62, 0.53], "reward_matrix": [[-300.0, -300.0, -300.0, -300.0, -50.0, -300.0, -68.0, -300.0, -300.0, -300.0, -63.0, -52.0, -300.0, -66.0, -49.0, -48.0, -300.0, -300.0, -300.0, -57.0, -61.0, -300.0, -66.0, -51.0, -300.0, -300.0, -47.0, -50.0, -58.0, -54.0, -300.0, -55.0, -300.0, -300.0, -70.0, -52.0, -300.0, -300.0, -98.0, -299.0, -300.0, -52.0, -50.0, -59.0, -300.0, -300.0, -300.0, -58.0, -50.0, -300.0, -58.0, -59.0, -54.0, -300.0, -58.0, -47.0, -50.0, -300.0, -300.0, -300.0, -63.0, -56.0, -54.0, -300.0, -55.0, -300.0, -52.0, -300.0, -54.0, -300.0, -55.0, -300.0, -49.0, -50.0, -53.0, -54.0, -55.0, -300.0, -67.0, -49.0, -300.0, -67.0, -50.0, -300.0, -300.0, -58.0, -45.0, -50.0, -300.0, -300.0, -300.0, -68.0, -300.0, -47.0, -62.0, -300.0, -300.0, -300.0, -299.0, -300.0], [-300.0, -51.0, -300.0, -51.0, -55.0, -300.0, -53.0, -300.0, -300.0, -50.0, -46.0, -300.0, -52.0, -300.0, -300.0, -67.0, -51.0, -47.0, -53.0, -59.0, -65.0, -43.0, -101.0, -47.0, -300.0, -300.0, -300.0, -64.0, -54.0, -295.0, -53.0, -48.0, -56.0, -300.0, -52.0, -300.0, -55.0, -300.0, -55.0, -51.0, -300.0, -300.0, -47.0, -49.0, -50.0, -82.0, -55.0, -300.0, -300.0, -55.0, -48.0, -300.0, -50.0, -300.0, -300.0, -63.0, -50.0, -51.0, -58.0, -59.0, -63.0, -50.0, -300.0, -53.0, -300.0, -300.0, -300.0, -54.0, -55.0, -300.0, -300.0, -58.0, -58.0, -300.0, -300.0, -300.0, -52.0, -52.0, -60.0, -56.0, -48.0, -52.0, -50.0, -54.0, -54.0, -66.0, -300.0, -47.0, -300.0, -52.0, -48.0, -300.0, -65.0, -50.0, -68.0, -54.0, -55.0, -300.0, -56.0, -300.0], [-300.0, -59.0, -300.0, -300.0, -300.0, -69.0, -55.0, -54.0, -50.0, -51.0, -49.0, -300.0, -50.0, -55.0, -300.0, -51.0, -51.0, -47.0, -59.0, -58.0, -59.0, -67.0, -300.0, -300.0, -300.0, -65.0, -72.0, -300.0, -300.0, -56.0, -59.0, -50.0, -62.0, -51.0, -49.0, -300.0, -51.0, -300.0, -300.0, -58.0, -300.0, -48.0, -47.0, -300.0, -46.0, -300.0, -300.0, -300.0, -300.0, -54.0, -300.0, -300.0, -49.0, -299.0, -44.0, -300.0, -54.0, -52.0, -300.0, -300.0, -300.0, -49.0, -54.0, -58.0, -49.0, -56.0, -58.0, -50.0, -300.0, -49.0, -300.0, -49.0, -59.0, -50.0, -300.0, -82.0, -45.0, -300.0, -300.0, -54.0, -300.0, -300.0, -52.0, -59.0, -56.0, -300.0, -300.0, -300.0, -300.0, -63.0, -70.0, -56.0, -75.0, -54.0, -56.0, -300.0, -47.0, -60.0, -52.0, -51.0], [-49.0, -300.0, -300.0, -300.0, -300.0, -300.0, -55.0, -300.0, -68.0, -51.0, -52.0, -56.0, -58.0, -58.0, -300.0, -56.0, -300.0, -300.0, -55.0, -55.0, -57.0, -57.0, -300.0, -300.0, -58.0, -55.0, -300.0, -48.0, -300.0, -299.0, -44.0, -59.0, -47.0, -46.0, -300.0, -48.0, -100.0, -55.0, -300.0, -55.0, -59.0, -56.0, -300.0, -64.0, -59.0, -51.0, -49.0, -300.0, -46.0, -55.0, -300.0, -300.0, -300.0, -300.0, -63.0, -300.0, -51.0, -300.0, -300.0, -300.0, -300.0, -49.0, -51.0, -58.0, -45.0, -52.0, -64.0, -300.0, -49.0, -52.0, -52.0, -58.0, -300.0, -64.0, -55.0, -50.0, -300.0, -300.0, -300.0, -47.0, -300.0, -300.0, -54.0, -46.0, -56.0, -71.0, -55.0, -300.0, -300.0, -58.0, -52.0, -57.0, -63.0, -51.0, -56.0, -75.0, -300.0, -300.0, -52.0, -64.0], [-48.0, -64.0, -48.0, -300.0, -300.0, -47.0, -47.0, -300.0, -52.0, -56.0, -300.0, -51.0, -51.0, -300.0, -300.0, -59.0, -52.0, -54.0, -300.0, -300.0, -300.0, -300.0, -57.0, -47.0, -64.0, -300.0, -300.0, -300.0, -51.0, -55.0, -57.0, -300.0, -300.0, -65.0, -300.0, -300.0, -52.0, -58.0, -58.0, -300.0, -300.0, -63.0, -51.0, -52.0, -300.0, -44.0, -44.0, -54.0, -300.0, -300.0, -300.0, -300.0, -300.0, -300.0, -300.0, -54.0, -300.0, -59.0, -300.0, -58.0, -300.0, -48.0, -300.0, -51.0, -300.0, -300.0, -78.0, -300.0, -300.0, -300.0, -51.0, -55.0, -300.0, -300.0, -300.0, -57.0, -300.0, -300.0, -49.0, -48.0, -48.0, -300.0, -72.0, -51.0, -54.0, -65.0, -45.0, -51.0, -300.0, -56.0, -58.0, -300.0, -49.0, -48.0, -53.0, -49.0, -300.0, -300.0, -55.0, -300.0]], "success_matrix": [[false, false, false, false, true, false, true, false, false, false, true, true, false, true, true, true, false, false, false, true, true, false, true, true, false, false, true, true, true, true, false, true, false, false, true, true, false, false, true, false, false, true, true, true, false, false, false, true, true, false, true, true, true, false, true, true, true, false, false, false, true, true, true, false, true, false, true, false, true, false, true, false, true, true, true, true, true, false, true, true, false, true, true, false, false, true, true, true, false, false, false, true, false, true, true, false, false, false, false, false], [false, true, false, true, true, false, true, false, false, true, true, false, true, false, false, true, true, true, true, true, true, true, true, true, false, false, false, true, true, false, true, true, true, false, true, false, true, false, true, true, false, false, true, true, true, true, true, false, false, true, true, false, true, false, false, true, true, true, true, true, true, true, false, true, false, false, false, true, true, false, false, true, true, false, false, false, true, true, true, true, true, true, true, true, true, true, false, true, false, true, true, false, true, true, true, true, true, false, true, false], [false, true, false, false, false, true, true, true, true, true, true, false, true, true, false, true, true, true, true, true, true, true, false, false, false, true, true, false, false, true, true, true, true, true, true, false, true, false, false, true, false, true, true, false, true, false, false, false, false, true, false, false, true, false, true, false, true, true, false, false, false, true, true, true, true, true, true, true, false, true, false, true, true, true, false, true, true, false, false, true, false, false, true, true, true, false, false, false, false, true, true, true, true, true, true, false, true, true, true, true], [true, false, false, false, false, false, true, false, true, true, true, true, true, true, false, true, false, false, true, true, true, true, false, false, true, true, false, true, false, false, true, true, true, true, false, true, true, true, false, true, true, true, false, true, true, true, true, false, true, true, false, false, false, false, true, false, true, false, false, false, false, true, true, true, true, true, true, false, true, true, true, true, false, true, true, true, false, false, false, true, false, false, true, true, true, true, true, false, false, true, true, true, true, true, true, true, false, false, true, true], [true, true, true, false, false, true, true, false, true, true, false, true, true, false, false, true, true, true, false, false, false, false, true, true, true, false, false, false, true, true, true, false, false, true, false, false, true, true, true, false, false, true, true, true, false, true, true, true, false, false, false, false, false, false, false, true, false, true, false, true, false, true, false, true, false, false, true, false, false, false, true, true, false, false, false, true, false, false, true, true, true, false, true, true, true, true, true, true, false, true, true, false, true, true, true, true, false, false, true, false]], "ticket_name": "zo_envs10_iter100_cand10_lambda1.0_seed666_ddim8_20251210_084952/seed_666", "eval_noise_idx": 0, "eval_seed": 1619}