{"n_seeds": 5, "n_evals_per_seed": 100, "reward_mean": -144.31399536132812, "reward_std": 7.899542331695557, "success_mean": 0.914, "success_std": 0.02870540018881464, "episode_seeds": [1619, 1620, 1621, 1622, 1623], "seed_reward_means": [-137.63999938964844, -145.99000549316406, -146.41000366210938, -157.0800018310547, -134.4499969482422], "seed_success_means": [0.96, 0.91, 0.91, 0.87, 0.92], "reward_matrix": [[-174.0, -84.0, -168.0, -114.0, -121.0, -78.0, -171.0, -84.0, -191.0, -188.0, -117.0, -215.0, -83.0, -300.0, -68.0, -113.0, -126.0, -90.0, -176.0, -73.0, -89.0, -95.0, -158.0, -78.0, -107.0, -72.0, -141.0, -166.0, -104.0, -93.0, -70.0, -180.0, -120.0, -77.0, -213.0, -130.0, -91.0, -83.0, -186.0, -79.0, -91.0, -247.0, -74.0, -148.0, -300.0, -108.0, -257.0, -92.0, -300.0, -109.0, -68.0, -194.0, -296.0, -300.0, -123.0, -96.0, -112.0, -123.0, -146.0, -86.0, -219.0, -169.0, -126.0, -155.0, -95.0, -225.0, -186.0, -287.0, -138.0, -75.0, -147.0, -93.0, -82.0, -90.0, -92.0, -169.0, -93.0, -112.0, -215.0, -172.0, -133.0, -115.0, -96.0, -86.0, -114.0, -135.0, -118.0, -231.0, -118.0, -294.0, -76.0, -150.0, -105.0, -99.0, -143.0, -79.0, -167.0, -67.0, -88.0, -74.0], [-59.0, -101.0, -77.0, -190.0, -101.0, -160.0, -86.0, -89.0, -77.0, -200.0, -105.0, -300.0, -113.0, -300.0, -147.0, -172.0, -135.0, -91.0, -239.0, -244.0, -175.0, -82.0, -300.0, -73.0, -117.0, -94.0, -300.0, -191.0, -108.0, -276.0, -79.0, -89.0, -85.0, -85.0, -73.0, -109.0, -188.0, -139.0, -70.0, -107.0, -220.0, -166.0, -206.0, -215.0, -193.0, -273.0, -79.0, -79.0, -300.0, -224.0, -112.0, -155.0, -78.0, -112.0, -296.0, -104.0, -81.0, -108.0, -102.0, -249.0, -123.0, -94.0, -62.0, -150.0, -86.0, -127.0, -66.0, -130.0, -127.0, -115.0, -300.0, -85.0, -164.0, -87.0, -127.0, -132.0, -80.0, -102.0, -149.0, -100.0, -300.0, -179.0, -86.0, -251.0, -88.0, -145.0, -216.0, -70.0, -64.0, -209.0, -133.0, -300.0, -158.0, -123.0, -156.0, -102.0, -99.0, -51.0, -85.0, -300.0], [-198.0, -257.0, -103.0, -300.0, -118.0, -187.0, -158.0, -300.0, -93.0, -200.0, -85.0, -300.0, -99.0, -65.0, -82.0, -280.0, -188.0, -116.0, -208.0, -115.0, -250.0, -171.0, -90.0, -113.0, -99.0, -160.0, -97.0, -113.0, -186.0, -300.0, -106.0, -81.0, -147.0, -182.0, -62.0, -300.0, -92.0, -105.0, -295.0, -264.0, -85.0, -209.0, -93.0, -82.0, -78.0, -94.0, -300.0, -86.0, -66.0, -153.0, -189.0, -72.0, -125.0, -68.0, -141.0, -135.0, -170.0, -300.0, -82.0, -85.0, -82.0, -74.0, -76.0, -300.0, -62.0, -103.0, -247.0, -204.0, -95.0, -71.0, -165.0, -70.0, -94.0, -129.0, -98.0, -138.0, -52.0, -160.0, -300.0, -98.0, -236.0, -157.0, -145.0, -144.0, -104.0, -72.0, -94.0, -79.0, -79.0, -104.0, -288.0, -138.0, -192.0, -212.0, -119.0, -74.0, -224.0, -90.0, -112.0, -82.0], [-239.0, -84.0, -59.0, -234.0, -133.0, -300.0, -159.0, -83.0, -178.0, -169.0, -140.0, -300.0, -285.0, -300.0, -300.0, -149.0, -300.0, -300.0, -214.0, -107.0, -269.0, -300.0, -192.0, -167.0, -163.0, -127.0, -91.0, -71.0, -88.0, -300.0, -100.0, -300.0, -78.0, -56.0, -187.0, -78.0, -252.0, -87.0, -74.0, -102.0, -265.0, -223.0, -69.0, -155.0, -135.0, -152.0, -91.0, -150.0, -105.0, -88.0, -120.0, -154.0, -103.0, -99.0, -193.0, -154.0, -83.0, -172.0, -68.0, -175.0, -89.0, -88.0, -147.0, -197.0, -70.0, -128.0, -151.0, -147.0, -119.0, -111.0, -157.0, -300.0, -108.0, -190.0, -69.0, -69.0, -205.0, -105.0, -300.0, -104.0, -106.0, -129.0, -181.0, -159.0, -300.0, -89.0, -133.0, -108.0, -130.0, -113.0, -99.0, -300.0, -109.0, -64.0, -162.0, -202.0, -114.0, -130.0, -193.0, -164.0], [-79.0, -110.0, -76.0, -219.0, -82.0, -81.0, -67.0, -88.0, -118.0, -111.0, -106.0, -92.0, -102.0, -83.0, -83.0, -117.0, -67.0, -245.0, -86.0, -113.0, -89.0, -127.0, -151.0, -85.0, -138.0, -89.0, -100.0, -83.0, -103.0, -247.0, -229.0, -300.0, -127.0, -237.0, -90.0, -83.0, -145.0, -160.0, -136.0, -130.0, -65.0, -149.0, -123.0, -98.0, -85.0, -77.0, -60.0, -123.0, -300.0, -88.0, -300.0, -300.0, -82.0, -75.0, -182.0, -148.0, -130.0, -120.0, -130.0, -166.0, -96.0, -140.0, -54.0, -98.0, -127.0, -300.0, -226.0, -279.0, -64.0, -98.0, -189.0, -81.0, -300.0, -71.0, -73.0, -140.0, -136.0, -193.0, -80.0, -259.0, -83.0, -300.0, -232.0, -118.0, -92.0, -198.0, -58.0, -72.0, -75.0, -112.0, -122.0, -86.0, -73.0, -82.0, -82.0, -146.0, -76.0, -300.0, -172.0, -187.0]], "success_matrix": [[true, true, true, true, true, true, true, true, true, true, true, true, true, false, true, true, true, true, true, true, true, true, true, true, true, true, true, true, true, true, true, true, true, true, true, true, true, true, true, true, true, true, true, true, false, true, true, true, false, true, true, true, true, false, true, true, true, true, true, true, true, true, true, true, true, true, true, true, true, true, true, true, true, true, true, true, true, true, true, true, true, true, true, true, true, true, true, true, true, true, true, true, true, true, true, true, true, true, true, true], [true, true, true, true, true, true, true, true, true, true, true, false, true, false, true, true, true, true, true, true, true, true, false, true, true, true, false, true, true, true, true, true, true, true, true, true, true, true, true, true, true, true, true, true, true, true, true, true, false, true, true, true, true, true, true, true, true, true, true, true, true, true, true, true, true, true, true, true, true, true, false, true, true, true, true, true, true, true, true, true, false, true, true, true, true, true, true, true, true, true, true, false, true, true, true, true, true, true, true, false], [true, true, true, false, true, true, true, false, true, true, true, false, true, true, true, true, true, true, true, true, true, true, true, true, true, true, true, true, true, false, true, true, true, true, true, false, true, true, true, true, true, true, true, true, true, true, false, true, true, true, true, true, true, true, true, true, true, false, true, true, true, true, true, false, true, true, true, true, true, true, true, true, true, true, true, true, true, true, false, true, true, true, true, true, true, true, true, true, true, true, true, true, true, true, true, true, true, true, true, true], [true, true, true, true, true, false, true, true, true, true, true, false, true, false, false, true, false, false, true, true, true, false, true, true, true, true, true, true, true, false, true, false, true, true, true, true, true, true, true, true, true, true, true, true, true, true, true, true, true, true, true, true, true, true, true, true, true, true, true, true, true, true, true, true, true, true, true, true, true, true, true, false, true, true, true, true, true, true, false, true, true, true, true, true, false, true, true, true, true, true, true, false, true, true, true, true, true, true, true, true], [true, true, true, true, true, true, true, true, true, true, true, true, true, true, true, true, true, true, true, true, true, true, true, true, true, true, true, true, true, true, true, false, true, true, true, true, true, true, true, true, true, true, true, true, true, true, true, true, false, true, false, false, true, true, true, true, true, true, true, true, true, true, true, true, true, false, true, true, true, true, true, true, false, true, true, true, true, true, true, true, true, false, true, true, true, true, true, true, true, true, true, true, true, true, true, true, true, false, true, true]], "ticket_name": "envs50_samples5000_seed999_ddim8_20251130_223133_nenvs_50", "eval_noise_idx": 0, "eval_seed": 1619}