{"num_noise_samples": 501, "num_envs": 10, "success_rate_mean": 0.2952095866203308, "success_rate_std": 0.08060400933027267, "best_success_rate": 0.5, "best_original_index": 167, "success_rates_sorted": [0.5, 0.5, 0.5, 0.5, 0.5, 0.4, 0.4, 0.4, 0.4, 0.4, 0.4, 0.4, 0.4, 0.4, 0.4, 0.4, 0.4, 0.4, 0.4, 0.4, 0.4, 0.4, 0.4, 0.4, 0.4, 0.4, 0.4, 0.4, 0.4, 0.4, 0.4, 0.4, 0.4, 0.4, 0.4, 0.4, 0.4, 0.4, 0.4, 0.4, 0.4, 0.4, 0.4, 0.4, 0.4, 0.4, 0.4, 0.4, 0.4, 0.4, 0.4, 0.4, 0.4, 0.4, 0.4, 0.4, 0.4, 0.4, 0.4, 0.4, 0.4, 0.4, 0.4, 0.4, 0.4, 0.4, 0.4, 0.4, 0.4, 0.4, 0.4, 0.4, 0.4, 0.4, 0.4, 0.4, 0.4, 0.4, 0.4, 0.4, 0.4, 0.4, 0.4, 0.4, 0.4, 0.4, 0.4, 0.4, 0.4, 0.4, 0.4, 0.4, 0.4, 0.4, 0.4, 0.4, 0.4, 0.4, 0.4, 0.4, 0.4, 0.4, 0.4, 0.4, 0.4, 0.4, 0.4, 0.4, 0.4, 0.4, 0.4, 0.4, 0.4, 0.4, 0.4, 0.4, 0.4, 0.4, 0.4, 0.4, 0.4, 0.3, 0.3, 0.3, 0.3, 0.3, 0.3, 0.3, 0.3, 0.3, 0.3, 0.3, 0.3, 0.3, 0.3, 0.3, 0.3, 0.3, 0.3, 0.3, 0.3, 0.3, 0.3, 0.3, 0.3, 0.3, 0.3, 0.3, 0.3, 0.3, 0.3, 0.3, 0.3, 0.3, 0.3, 0.3, 0.3, 0.3, 0.3, 0.3, 0.3, 0.3, 0.3, 0.3, 0.3, 0.3, 0.3, 0.3, 0.3, 0.3, 0.3, 0.3, 0.3, 0.3, 0.3, 0.3, 0.3, 0.3, 0.3, 0.3, 0.3, 0.3, 0.3, 0.3, 0.3, 0.3, 0.3, 0.3, 0.3, 0.3, 0.3, 0.3, 0.3, 0.3, 0.3, 0.3, 0.3, 0.3, 0.3, 0.3, 0.3, 0.3, 0.3, 0.3, 0.3, 0.3, 0.3, 0.3, 0.3, 0.3, 0.3, 0.3, 0.3, 0.3, 0.3, 0.3, 0.3, 0.3, 0.3, 0.3, 0.3, 0.3, 0.3, 0.3, 0.3, 0.3, 0.3, 0.3, 0.3, 0.3, 0.3, 0.3, 0.3, 0.3, 0.3, 0.3, 0.3, 0.3, 0.3, 0.3, 0.3, 0.3, 0.3, 0.3, 0.3, 0.3, 0.3, 0.3, 0.3, 0.3, 0.3, 0.3, 0.3, 0.3, 0.3, 0.3, 0.3, 0.3, 0.3, 0.3, 0.3, 0.3, 0.3, 0.3, 0.3, 0.3, 0.3, 0.3, 0.3, 0.3, 0.3, 0.3, 0.3, 0.3, 0.3, 0.3, 0.3, 0.3, 0.3, 0.3, 0.3, 0.3, 0.3, 0.3, 0.3, 0.3, 0.3, 0.3, 0.3, 0.3, 0.3, 0.3, 0.3, 0.3, 0.3, 0.3, 0.3, 0.3, 0.3, 0.3, 0.3, 0.3, 0.3, 0.3, 0.3, 0.3, 0.3, 0.3, 0.3, 0.3, 0.3, 0.3, 0.3, 0.3, 0.3, 0.3, 0.3, 0.3, 0.3, 0.3, 0.3, 0.3, 0.3, 0.3, 0.3, 0.3, 0.3, 0.3, 0.3, 0.3, 0.3, 0.3, 0.3, 0.3, 0.3, 0.3, 0.3, 0.3, 0.3, 0.3, 0.3, 0.3, 0.3, 0.3, 0.3, 0.3, 0.3, 0.3, 0.3, 0.3, 0.3, 0.3, 0.3, 0.3, 0.3, 0.3, 0.3, 0.3, 0.3, 0.3, 0.3, 0.3, 0.3, 0.3, 0.3, 0.3, 0.3, 0.3, 0.3, 0.3, 0.3, 0.2, 0.2, 0.2, 0.2, 0.2, 0.2, 0.2, 0.2, 0.2, 0.2, 0.2, 0.2, 0.2, 0.2, 0.2, 0.2, 0.2, 0.2, 0.2, 0.2, 0.2, 0.2, 0.2, 0.2, 0.2, 0.2, 0.2, 0.2, 0.2, 0.2, 0.2, 0.2, 0.2, 0.2, 0.2, 0.2, 0.2, 0.2, 0.2, 0.2, 0.2, 0.2, 0.2, 0.2, 0.2, 0.2, 0.2, 0.2, 0.2, 0.2, 0.2, 0.2, 0.2, 0.2, 0.2, 0.2, 0.2, 0.2, 0.2, 0.2, 0.2, 0.2, 0.2, 0.2, 0.2, 0.2, 0.2, 0.2, 0.2, 0.2, 0.2, 0.2, 0.2, 0.2, 0.2, 0.2, 0.2, 0.2, 0.2, 0.2, 0.2, 0.2, 0.2, 0.2, 0.2, 0.2, 0.2, 0.2, 0.2, 0.2, 0.2, 0.2, 0.2, 0.2, 0.2, 0.2, 0.2, 0.2, 0.2, 0.2, 0.2, 0.2, 0.2, 0.2, 0.2, 0.2, 0.2, 0.2, 0.2, 0.2, 0.1, 0.1, 0.1, 0.1, 0.1, 0.1, 0.1, 0.1, 0.1, 0.1, 0.1, 0.1, 0.1, 0.1, 0.1, 0.1, 0.1, 0.1, 0.1, 0.1], "original_success_rates": [0.1, 0.1, 0.1, 0.3, 0.1, 0.2, 0.2, 0.2, 0.2, 0.2, 0.3, 0.2, 0.2, 0.1, 0.2, 0.2, 0.1, 0.2, 0.2, 0.2, 0.2, 0.2, 0.2, 0.3, 0.2, 0.3, 0.1, 0.3, 0.3, 0.3, 0.2, 0.2, 0.3, 0.3, 0.2, 0.2, 0.4, 0.4, 0.4, 0.3, 0.3, 0.3, 0.4, 0.3, 0.4, 0.3, 0.4, 0.3, 0.4, 0.3, 0.3, 0.3, 0.3, 0.3, 0.3, 0.3, 0.3, 0.3, 0.3, 0.4, 0.3, 0.4, 0.4, 0.4, 0.4, 0.3, 0.4, 0.2, 0.4, 0.2, 0.3, 0.3, 0.4, 0.3, 0.3, 0.3, 0.4, 0.4, 0.4, 0.4, 0.4, 0.3, 0.3, 0.4, 0.3, 0.4, 0.3, 0.4, 0.4, 0.3, 0.3, 0.4, 0.4, 0.3, 0.4, 0.2, 0.4, 0.3, 0.2, 0.4, 0.3, 0.3, 0.3, 0.4, 0.3, 0.3, 0.4, 0.3, 0.3, 0.2, 0.2, 0.2, 0.4, 0.3, 0.3, 0.3, 0.3, 0.3, 0.3, 0.4, 0.3, 0.2, 0.4, 0.3, 0.3, 0.2, 0.3, 0.4, 0.4, 0.1, 0.3, 0.3, 0.1, 0.5, 0.4, 0.2, 0.3, 0.1, 0.2, 0.3, 0.3, 0.3, 0.4, 0.3, 0.2, 0.3, 0.1, 0.1, 0.4, 0.3, 0.3, 0.1, 0.2, 0.4, 0.3, 0.3, 0.3, 0.3, 0.3, 0.3, 0.4, 0.2, 0.4, 0.4, 0.3, 0.3, 0.3, 0.5, 0.3, 0.1, 0.3, 0.3, 0.2, 0.3, 0.4, 0.2, 0.2, 0.2, 0.4, 0.2, 0.2, 0.3, 0.3, 0.2, 0.2, 0.3, 0.3, 0.3, 0.2, 0.3, 0.2, 0.4, 0.3, 0.2, 0.3, 0.2, 0.3, 0.3, 0.3, 0.3, 0.3, 0.3, 0.3, 0.3, 0.3, 0.2, 0.2, 0.4, 0.3, 0.2, 0.2, 0.2, 0.3, 0.3, 0.3, 0.3, 0.4, 0.2, 0.3, 0.3, 0.1, 0.4, 0.2, 0.3, 0.3, 0.4, 0.2, 0.3, 0.3, 0.4, 0.4, 0.2, 0.2, 0.3, 0.3, 0.3, 0.4, 0.4, 0.4, 0.3, 0.3, 0.3, 0.2, 0.2, 0.3, 0.3, 0.3, 0.3, 0.3, 0.3, 0.3, 0.3, 0.2, 0.4, 0.3, 0.2, 0.3, 0.3, 0.2, 0.3, 0.3, 0.2, 0.1, 0.2, 0.2, 0.4, 0.3, 0.2, 0.2, 0.3, 0.3, 0.2, 0.4, 0.2, 0.3, 0.3, 0.2, 0.4, 0.2, 0.4, 0.3, 0.3, 0.3, 0.3, 0.2, 0.4, 0.2, 0.5, 0.1, 0.3, 0.3, 0.3, 0.2, 0.4, 0.3, 0.3, 0.3, 0.4, 0.3, 0.3, 0.3, 0.3, 0.3, 0.3, 0.3, 0.4, 0.3, 0.3, 0.3, 0.3, 0.3, 0.2, 0.4, 0.2, 0.4, 0.3, 0.4, 0.3, 0.3, 0.3, 0.2, 0.4, 0.3, 0.2, 0.3, 0.3, 0.3, 0.2, 0.4, 0.4, 0.2, 0.4, 0.3, 0.4, 0.3, 0.4, 0.3, 0.4, 0.3, 0.4, 0.3, 0.3, 0.3, 0.3, 0.3, 0.3, 0.4, 0.3, 0.3, 0.3, 0.3, 0.3, 0.4, 0.2, 0.4, 0.3, 0.2, 0.3, 0.4, 0.3, 0.2, 0.4, 0.3, 0.4, 0.3, 0.3, 0.1, 0.4, 0.2, 0.3, 0.4, 0.2, 0.4, 0.4, 0.2, 0.3, 0.3, 0.3, 0.2, 0.3, 0.4, 0.3, 0.4, 0.3, 0.4, 0.2, 0.3, 0.2, 0.2, 0.1, 0.3, 0.4, 0.3, 0.3, 0.4, 0.3, 0.3, 0.3, 0.3, 0.4, 0.2, 0.2, 0.3, 0.4, 0.3, 0.4, 0.2, 0.3, 0.2, 0.3, 0.4, 0.4, 0.3, 0.3, 0.3, 0.3, 0.3, 0.3, 0.2, 0.4, 0.3, 0.4, 0.3, 0.2, 0.3, 0.3, 0.3, 0.2, 0.3, 0.3, 0.3, 0.3, 0.4, 0.3, 0.4, 0.2, 0.2, 0.3, 0.2, 0.1, 0.3, 0.3, 0.2, 0.3, 0.3, 0.3, 0.3, 0.2, 0.3, 0.3, 0.4, 0.3, 0.4, 0.3, 0.3, 0.3, 0.5, 0.4, 0.2, 0.2, 0.4, 0.2, 0.3, 0.4, 0.3, 0.3, 0.2, 0.3, 0.4, 0.3, 0.2, 0.3, 0.3, 0.4, 0.4, 0.3, 0.3, 0.4, 0.2, 0.3, 0.3, 0.3, 0.4, 0.3, 0.2, 0.2, 0.3, 0.4, 0.3, 0.4, 0.3, 0.4, 0.4, 0.4, 0.3, 0.4, 0.5, 0.2, 0.3, 0.3, 0.4], "seed": 667, "env_seeds": [1279210531, 2533947519, 651333539, 2682199990, 3062084648, 3720096172, 1904366938, 355586718, 802809159, 173678539]}