{
  "checkpoint": "checkpoint_999",
  "n_seed_folders": 10,
  "seed_folders": [
    "seed_1000",
    "seed_1001",
    "seed_1002",
    "seed_1003",
    "seed_1004",
    "seed_1005",
    "seed_1006",
    "seed_1007",
    "seed_1008",
    "seed_999"
  ],
  "reward_mean_across_seeds": -250.70599365234375,
  "reward_std_across_seeds": 53.92720235355401,
  "success_mean_across_seeds": 0.3896,
  "success_std_across_seeds": 0.32290046626028757,
  "per_seed_results": {
    "seed_1000": {
      "ticket_seed": "1000",
      "reward_mean": -273.0779724121094,
      "reward_std": 6.902647972106934,
      "success_mean": 0.34,
      "success_std": 0.07429670248402684
    },
    "seed_1001": {
      "ticket_seed": "1001",
      "reward_mean": -295.0779724121094,
      "reward_std": 1.297676920890808,
      "success_mean": 0.064,
      "success_std": 0.01743559577416269
    },
    "seed_1002": {
      "ticket_seed": "1002",
      "reward_mean": -156.6959991455078,
      "reward_std": 5.970598220825195,
      "success_mean": 0.9219999999999999,
      "success_std": 0.03815756805667782
    },
    "seed_1003": {
      "ticket_seed": "1003",
      "reward_mean": -233.5640106201172,
      "reward_std": 9.5999116897583,
      "success_mean": 0.666,
      "success_std": 0.049234134500364686
    },
    "seed_1004": {
      "ticket_seed": "1004",
      "reward_mean": -269.64801025390625,
      "reward_std": 5.374840259552002,
      "success_mean": 0.31599999999999995,
      "success_std": 0.07445804187594514
    },
    "seed_1005": {
      "ticket_seed": "1005",
      "reward_mean": -293.77398681640625,
      "reward_std": 1.8301315307617188,
      "success_mean": 0.10200000000000001,
      "success_std": 0.023151673805580454
    },
    "seed_1006": {
      "ticket_seed": "1006",
      "reward_mean": -257.2759704589844,
      "reward_std": 4.687918663024902,
      "success_mean": 0.34600000000000003,
      "success_std": 0.03382306905057553
    },
    "seed_1007": {
      "ticket_seed": "1007",
      "reward_mean": -297.9320068359375,
      "reward_std": 1.355713129043579,
      "success_mean": 0.036,
      "success_std": 0.01854723699099141
    },
    "seed_1008": {
      "ticket_seed": "1008",
      "reward_mean": -153.62200927734375,
      "reward_std": 3.9246151447296143,
      "success_mean": 0.8699999999999999,
      "success_std": 0.038470768123342686
    },
    "seed_999": {
      "ticket_seed": "999",
      "reward_mean": -276.3919982910156,
      "reward_std": 4.660019874572754,
      "success_mean": 0.23400000000000004,
      "success_std": 0.0467332857821917
    }
  }
}