{"n_seeds": 5, "n_evals_per_seed": 100, "reward_mean": -226.24398803710938, "reward_std": 6.8967671394348145, "success_mean": 0.49399999999999994, "success_std": 0.04409081537009723, "episode_seeds": [1619, 1620, 1621, 1622, 1623], "seed_reward_means": [-217.89999389648438, -228.0500030517578, -238.38999938964844, -224.36000061035156, -222.52000427246094], "seed_success_means": [0.54, 0.5, 0.41, 0.51, 0.51], "reward_matrix": [[-300.0, -123.0, -300.0, -300.0, -300.0, -300.0, -122.0, -300.0, -300.0, -156.0, -300.0, -300.0, -205.0, -103.0, -128.0, -300.0, -115.0, -300.0, -300.0, -300.0, -180.0, -119.0, -126.0, -135.0, -300.0, -300.0, -300.0, -127.0, -300.0, -300.0, -127.0, -300.0, -163.0, -119.0, -300.0, -295.0, -300.0, -111.0, -123.0, -208.0, -162.0, -300.0, -161.0, -300.0, -251.0, -300.0, -259.0, -300.0, -300.0, -104.0, -115.0, -114.0, -123.0, -215.0, -300.0, -300.0, -300.0, -138.0, -300.0, -179.0, -141.0, -300.0, -300.0, -131.0, -300.0, -135.0, -132.0, -133.0, -118.0, -161.0, -123.0, -143.0, -151.0, -300.0, -131.0, -208.0, -300.0, -211.0, -300.0, -104.0, -300.0, -123.0, -108.0, -300.0, -300.0, -300.0, -117.0, -300.0, -127.0, -135.0, -300.0, -131.0, -300.0, -300.0, -123.0, -213.0, -300.0, -168.0, -300.0, -117.0], [-204.0, -111.0, -300.0, -118.0, -118.0, -300.0, -300.0, -300.0, -300.0, -300.0, -300.0, -300.0, -300.0, -176.0, -300.0, -179.0, -127.0, -139.0, -119.0, -167.0, -110.0, -263.0, -300.0, -199.0, -249.0, -235.0, -127.0, -266.0, -114.0, -300.0, -300.0, -259.0, -119.0, -139.0, -300.0, -300.0, -300.0, -154.0, -132.0, -160.0, -170.0, -131.0, -300.0, -147.0, -159.0, -300.0, -127.0, -300.0, -130.0, -197.0, -300.0, -300.0, -300.0, -300.0, -300.0, -300.0, -119.0, -144.0, -127.0, -110.0, -300.0, -300.0, -300.0, -148.0, -300.0, -126.0, -300.0, -300.0, -119.0, -300.0, -179.0, -240.0, -300.0, -118.0, -300.0, -300.0, -138.0, -300.0, -300.0, -300.0, -126.0, -300.0, -207.0, -300.0, -300.0, -300.0, -300.0, -300.0, -111.0, -175.0, -300.0, -300.0, -184.0, -300.0, -300.0, -151.0, -300.0, -119.0, -119.0, -300.0], [-300.0, -300.0, -184.0, -300.0, -300.0, -300.0, -164.0, -300.0, -125.0, -300.0, -115.0, -119.0, -300.0, -300.0, -127.0, -119.0, -300.0, -300.0, -125.0, -300.0, -300.0, -300.0, -300.0, -300.0, -178.0, -300.0, -189.0, -300.0, -300.0, -300.0, -300.0, -300.0, -300.0, -300.0, -300.0, -125.0, -123.0, -110.0, -154.0, -159.0, -300.0, -300.0, -300.0, -119.0, -115.0, -119.0, -300.0, -129.0, -300.0, -300.0, -300.0, -300.0, -300.0, -300.0, -123.0, -300.0, -300.0, -127.0, -126.0, -300.0, -130.0, -300.0, -247.0, -170.0, -300.0, -300.0, -300.0, -300.0, -123.0, -300.0, -300.0, -300.0, -241.0, -300.0, -123.0, -155.0, -165.0, -300.0, -123.0, -115.0, -300.0, -300.0, -187.0, -300.0, -239.0, -298.0, -300.0, -123.0, -133.0, -300.0, -300.0, -211.0, -188.0, -155.0, -300.0, -300.0, -300.0, -109.0, -300.0, -230.0], [-279.0, -300.0, -300.0, -300.0, -226.0, -119.0, -300.0, -300.0, -119.0, -300.0, -300.0, -142.0, -135.0, -300.0, -115.0, -134.0, -300.0, -121.0, -143.0, -300.0, -146.0, -300.0, -300.0, -287.0, -300.0, -300.0, -115.0, -300.0, -300.0, -300.0, -106.0, -190.0, -149.0, -139.0, -300.0, -300.0, -118.0, -300.0, -300.0, -300.0, -300.0, -300.0, -300.0, -119.0, -300.0, -127.0, -110.0, -300.0, -165.0, -131.0, -300.0, -300.0, -178.0, -159.0, -190.0, -300.0, -167.0, -222.0, -300.0, -180.0, -300.0, -300.0, -110.0, -300.0, -243.0, -127.0, -131.0, -300.0, -126.0, -300.0, -300.0, -175.0, -300.0, -300.0, -115.0, -145.0, -135.0, -300.0, -115.0, -143.0, -149.0, -300.0, -119.0, -300.0, -300.0, -138.0, -126.0, -300.0, -300.0, -126.0, -300.0, -300.0, -300.0, -134.0, -115.0, -217.0, -116.0, -130.0, -300.0, -270.0], [-121.0, -163.0, -106.0, -125.0, -110.0, -300.0, -300.0, -123.0, -300.0, -121.0, -300.0, -300.0, -300.0, -300.0, -169.0, -123.0, -300.0, -118.0, -300.0, -300.0, -138.0, -139.0, -300.0, -181.0, -123.0, -143.0, -300.0, -300.0, -300.0, -127.0, -111.0, -119.0, -142.0, -103.0, -300.0, -181.0, -300.0, -300.0, -119.0, -244.0, -130.0, -300.0, -109.0, -134.0, -300.0, -119.0, -300.0, -120.0, -270.0, -300.0, -300.0, -300.0, -300.0, -300.0, -266.0, -118.0, -145.0, -300.0, -300.0, -162.0, -244.0, -140.0, -213.0, -139.0, -300.0, -127.0, -300.0, -300.0, -300.0, -134.0, -131.0, -300.0, -300.0, -280.0, -123.0, -300.0, -158.0, -130.0, -300.0, -300.0, -300.0, -300.0, -300.0, -300.0, -300.0, -300.0, -124.0, -300.0, -123.0, -300.0, -300.0, -300.0, -300.0, -123.0, -120.0, -232.0, -300.0, -300.0, -162.0, -127.0]], "success_matrix": [[false, true, false, false, false, false, true, false, false, true, false, false, true, true, true, false, true, false, false, false, true, true, true, true, false, false, false, true, false, false, true, false, true, true, false, true, false, true, true, true, true, false, true, false, true, false, true, false, false, true, true, true, true, true, false, false, false, true, false, true, true, false, false, true, false, true, true, true, true, true, true, true, true, false, true, true, false, true, false, true, false, true, true, false, false, false, true, false, true, true, false, true, false, false, true, true, false, true, false, true], [true, true, false, true, true, false, false, false, false, false, false, false, false, true, false, true, true, true, true, true, true, true, false, true, true, true, true, true, true, false, false, true, true, true, false, false, false, true, true, true, true, true, false, true, true, false, true, false, true, true, false, false, false, false, false, false, true, true, true, true, false, false, false, true, false, true, false, false, true, false, true, true, false, true, false, false, true, false, false, false, true, false, true, false, false, false, false, false, true, true, false, false, true, false, false, true, false, true, true, false], [false, false, true, false, false, false, true, false, true, false, true, true, false, false, true, true, false, false, true, false, false, false, false, false, true, false, true, false, false, false, false, false, false, false, false, true, true, true, true, true, false, false, false, true, true, true, false, true, false, false, false, false, false, false, true, false, false, true, true, false, true, false, true, true, false, false, false, false, true, false, false, false, true, false, true, true, true, false, true, true, false, false, true, false, true, false, false, true, true, false, false, true, true, true, false, false, false, true, false, true], [true, false, false, false, true, true, false, false, true, false, false, true, true, false, true, true, false, true, true, false, true, false, false, true, false, false, true, false, false, false, true, true, true, true, false, false, true, false, false, false, false, false, false, true, false, true, true, false, true, true, false, false, true, true, true, false, true, true, false, true, false, false, true, false, true, true, true, false, true, false, false, true, false, false, true, true, true, false, true, true, true, false, true, false, false, true, true, false, false, true, false, false, false, true, true, true, true, true, false, true], [true, true, true, true, true, false, false, true, false, true, false, false, false, false, true, true, false, true, false, false, true, true, false, true, true, true, false, false, false, true, true, true, true, true, false, true, false, false, true, true, true, false, true, true, false, true, false, true, true, false, false, false, false, false, true, true, true, false, false, true, true, true, true, true, false, true, false, false, false, true, true, false, false, true, true, false, true, true, false, false, false, false, false, false, false, false, true, false, true, false, false, false, false, true, true, true, false, false, true, true]], "ticket_name": "envs10_samples5000_seed999_ddim8_20251130_223053_nenvs_10", "eval_noise_idx": 27, "eval_seed": 1619}