{"n_seeds": 5, "n_evals_per_seed": 100, "reward_mean": -190.843994140625, "reward_std": 8.916973114013672, "success_mean": 0.6679999999999999, "success_std": 0.05495452665613634, "episode_seeds": [1619, 1620, 1621, 1622, 1623], "seed_reward_means": [-177.3000030517578, -195.92999267578125, -199.3000030517578, -195.16000366210938, -186.52999877929688], "seed_success_means": [0.74, 0.67, 0.59, 0.65, 0.69], "reward_matrix": [[-300.0, -109.0, -300.0, -300.0, -300.0, -151.0, -113.0, -132.0, -115.0, -261.0, -300.0, -133.0, -130.0, -109.0, -131.0, -300.0, -126.0, -300.0, -300.0, -131.0, -105.0, -106.0, -117.0, -156.0, -139.0, -300.0, -140.0, -111.0, -300.0, -163.0, -113.0, -300.0, -289.0, -111.0, -148.0, -103.0, -300.0, -108.0, -116.0, -118.0, -300.0, -237.0, -300.0, -137.0, -115.0, -131.0, -122.0, -300.0, -241.0, -112.0, -109.0, -107.0, -103.0, -132.0, -300.0, -120.0, -300.0, -123.0, -131.0, -300.0, -164.0, -149.0, -116.0, -109.0, -114.0, -127.0, -111.0, -115.0, -118.0, -300.0, -106.0, -109.0, -300.0, -236.0, -115.0, -147.0, -300.0, -126.0, -300.0, -99.0, -147.0, -117.0, -132.0, -300.0, -247.0, -300.0, -117.0, -149.0, -125.0, -131.0, -119.0, -116.0, -132.0, -136.0, -116.0, -128.0, -300.0, -109.0, -144.0, -300.0], [-115.0, -103.0, -163.0, -116.0, -300.0, -300.0, -300.0, -160.0, -300.0, -300.0, -119.0, -145.0, -225.0, -300.0, -300.0, -207.0, -130.0, -300.0, -300.0, -123.0, -300.0, -244.0, -300.0, -120.0, -127.0, -127.0, -109.0, -300.0, -102.0, -300.0, -300.0, -121.0, -116.0, -172.0, -156.0, -154.0, -161.0, -247.0, -122.0, -300.0, -167.0, -123.0, -150.0, -207.0, -149.0, -117.0, -128.0, -300.0, -144.0, -300.0, -162.0, -300.0, -300.0, -139.0, -288.0, -154.0, -114.0, -300.0, -111.0, -110.0, -127.0, -300.0, -163.0, -139.0, -300.0, -115.0, -180.0, -137.0, -105.0, -133.0, -143.0, -130.0, -300.0, -111.0, -118.0, -300.0, -145.0, -300.0, -127.0, -300.0, -172.0, -300.0, -155.0, -129.0, -130.0, -255.0, -300.0, -134.0, -108.0, -147.0, -151.0, -155.0, -127.0, -300.0, -300.0, -300.0, -300.0, -107.0, -103.0, -300.0], [-300.0, -300.0, -115.0, -300.0, -117.0, -300.0, -300.0, -137.0, -111.0, -300.0, -103.0, -112.0, -300.0, -300.0, -112.0, -109.0, -113.0, -300.0, -300.0, -136.0, -300.0, -300.0, -161.0, -300.0, -187.0, -300.0, -300.0, -120.0, -134.0, -300.0, -120.0, -300.0, -300.0, -139.0, -125.0, -101.0, -118.0, -110.0, -130.0, -119.0, -132.0, -300.0, -132.0, -108.0, -123.0, -114.0, -300.0, -300.0, -160.0, -300.0, -126.0, -125.0, -106.0, -300.0, -124.0, -131.0, -141.0, -109.0, -110.0, -203.0, -113.0, -127.0, -173.0, -152.0, -300.0, -300.0, -300.0, -300.0, -116.0, -151.0, -300.0, -300.0, -148.0, -300.0, -114.0, -300.0, -127.0, -300.0, -102.0, -110.0, -300.0, -300.0, -123.0, -300.0, -122.0, -130.0, -161.0, -300.0, -120.0, -159.0, -300.0, -152.0, -170.0, -300.0, -138.0, -300.0, -300.0, -117.0, -300.0, -132.0], [-203.0, -300.0, -300.0, -300.0, -143.0, -103.0, -300.0, -300.0, -101.0, -300.0, -115.0, -123.0, -155.0, -300.0, -112.0, -119.0, -300.0, -105.0, -300.0, -300.0, -300.0, -300.0, -250.0, -250.0, -127.0, -118.0, -109.0, -300.0, -138.0, -139.0, -300.0, -130.0, -300.0, -151.0, -300.0, -300.0, -108.0, -300.0, -157.0, -300.0, -201.0, -268.0, -134.0, -111.0, -171.0, -105.0, -104.0, -300.0, -156.0, -120.0, -134.0, -226.0, -119.0, -115.0, -262.0, -134.0, -300.0, -144.0, -103.0, -116.0, -243.0, -116.0, -103.0, -119.0, -300.0, -128.0, -121.0, -300.0, -119.0, -149.0, -300.0, -300.0, -119.0, -300.0, -118.0, -118.0, -300.0, -147.0, -107.0, -131.0, -300.0, -116.0, -108.0, -300.0, -300.0, -128.0, -135.0, -300.0, -113.0, -116.0, -300.0, -300.0, -300.0, -107.0, -108.0, -300.0, -128.0, -181.0, -140.0, -119.0], [-122.0, -165.0, -103.0, -130.0, -107.0, -300.0, -300.0, -107.0, -300.0, -249.0, -300.0, -142.0, -300.0, -300.0, -142.0, -111.0, -139.0, -117.0, -300.0, -164.0, -119.0, -300.0, -300.0, -147.0, -107.0, -127.0, -217.0, -146.0, -300.0, -129.0, -107.0, -112.0, -300.0, -110.0, -300.0, -113.0, -222.0, -132.0, -107.0, -119.0, -110.0, -266.0, -300.0, -137.0, -121.0, -112.0, -300.0, -141.0, -300.0, -132.0, -224.0, -130.0, -300.0, -100.0, -189.0, -107.0, -300.0, -300.0, -300.0, -162.0, -129.0, -123.0, -141.0, -300.0, -120.0, -107.0, -170.0, -147.0, -300.0, -107.0, -115.0, -114.0, -115.0, -113.0, -113.0, -300.0, -126.0, -124.0, -126.0, -139.0, -300.0, -300.0, -300.0, -300.0, -300.0, -164.0, -107.0, -119.0, -300.0, -137.0, -131.0, -300.0, -300.0, -116.0, -110.0, -117.0, -236.0, -300.0, -129.0, -115.0]], "success_matrix": [[false, true, false, false, false, true, true, true, true, true, false, true, true, true, true, false, true, false, false, true, true, true, true, true, true, false, true, true, false, true, true, false, true, true, true, true, false, true, true, true, false, true, false, true, true, true, true, false, true, true, true, true, true, true, false, true, false, true, true, false, true, true, true, true, true, true, true, true, true, false, true, true, false, true, true, true, false, true, false, true, true, true, true, false, true, false, true, true, true, true, true, true, true, true, true, true, false, true, true, false], [true, true, true, true, false, false, false, true, false, false, true, true, true, false, false, true, true, false, false, true, false, true, false, true, true, true, true, false, true, false, false, true, true, true, true, true, true, true, true, false, true, true, true, true, true, true, true, false, true, false, true, false, false, true, true, true, true, false, true, true, true, false, true, true, false, true, true, true, true, true, true, true, false, true, true, false, true, false, true, false, true, false, true, true, true, true, false, true, true, true, true, true, true, false, false, false, false, true, true, false], [false, false, true, false, true, false, false, true, true, false, true, true, false, false, true, true, true, false, false, true, false, false, true, false, true, false, false, true, true, false, true, false, false, true, true, true, true, true, true, true, true, false, true, true, true, true, false, false, true, false, true, true, true, false, true, true, true, true, true, true, true, true, true, true, false, false, false, false, true, true, false, false, true, false, true, false, true, false, true, true, false, false, true, false, true, true, true, false, true, true, false, true, true, false, true, false, false, true, false, true], [true, false, false, false, true, true, false, false, true, false, true, true, true, false, true, true, false, true, false, false, false, false, true, true, true, true, true, false, true, true, false, true, false, true, false, false, true, false, true, false, true, true, true, true, true, true, true, false, true, true, true, true, true, true, true, true, false, true, true, true, true, true, true, true, false, true, true, false, true, true, false, false, true, false, true, true, false, true, true, true, false, true, true, false, false, true, true, false, true, true, false, false, false, true, true, false, true, true, true, true], [true, true, true, true, true, false, false, true, false, true, false, true, false, false, true, true, true, true, false, true, true, false, false, true, true, true, true, true, false, true, true, true, false, true, false, true, true, true, true, true, true, true, false, true, true, true, false, true, false, true, true, true, false, true, true, true, false, false, false, true, true, true, true, false, true, true, true, true, false, true, true, true, true, true, true, false, true, true, true, true, false, false, false, false, false, true, true, true, false, true, true, false, false, true, true, true, true, false, true, true]], "ticket_name": "zo_envs10_iter500_cand2_lambda2.0_seed666_ddim8_20251213_183610/seed_670", "eval_noise_idx": 0, "eval_seed": 1619}