{
  "checkpoint": "checkpoint_999",
  "n_seed_folders": 10,
  "seed_folders": [
    "seed_1000",
    "seed_1001",
    "seed_1002",
    "seed_1003",
    "seed_1004",
    "seed_1005",
    "seed_1006",
    "seed_1007",
    "seed_1008",
    "seed_999"
  ],
  "reward_mean_across_seeds": -236.20920104980468,
  "reward_std_across_seeds": 19.702741017306796,
  "success_mean_across_seeds": 0.504,
  "success_std_across_seeds": 0.12572633419897009,
  "per_seed_results": {
    "seed_1000": {
      "ticket_seed": "1000",
      "reward_mean": -236.8820037841797,
      "reward_std": 8.571282386779785,
      "success_mean": 0.476,
      "success_std": 0.059866518188383074
    },
    "seed_1001": {
      "ticket_seed": "1001",
      "reward_mean": -209.614013671875,
      "reward_std": 3.658766746520996,
      "success_mean": 0.666,
      "success_std": 0.024166091947189126
    },
    "seed_1002": {
      "ticket_seed": "1002",
      "reward_mean": -268.2079772949219,
      "reward_std": 5.100393295288086,
      "success_mean": 0.316,
      "success_std": 0.052383203414835176
    },
    "seed_1003": {
      "ticket_seed": "1003",
      "reward_mean": -226.0079803466797,
      "reward_std": 5.1691813468933105,
      "success_mean": 0.542,
      "success_std": 0.03429285639896449
    },
    "seed_1004": {
      "ticket_seed": "1004",
      "reward_mean": -235.37600708007812,
      "reward_std": 6.9435224533081055,
      "success_mean": 0.534,
      "success_std": 0.03773592452822641
    },
    "seed_1005": {
      "ticket_seed": "1005",
      "reward_mean": -229.0240020751953,
      "reward_std": 8.791175842285156,
      "success_mean": 0.43,
      "success_std": 0.048166378315169185
    },
    "seed_1006": {
      "ticket_seed": "1006",
      "reward_mean": -270.67401123046875,
      "reward_std": 4.889495372772217,
      "success_mean": 0.28800000000000003,
      "success_std": 0.042614551505325025
    },
    "seed_1007": {
      "ticket_seed": "1007",
      "reward_mean": -233.9300079345703,
      "reward_std": 4.083462715148926,
      "success_mean": 0.594,
      "success_std": 0.020591260281973982
    },
    "seed_1008": {
      "ticket_seed": "1008",
      "reward_mean": -215.89599609375,
      "reward_std": 5.413448810577393,
      "success_mean": 0.6,
      "success_std": 0.03346640106136302
    },
    "seed_999": {
      "ticket_seed": "999",
      "reward_mean": -236.48001098632812,
      "reward_std": 6.985076904296875,
      "success_mean": 0.594,
      "success_std": 0.04498888751680798
    }
  }
}