{"n_seeds": 5, "n_evals_per_seed": 100, "reward_mean": -243.1540069580078, "reward_std": 4.646360874176025, "success_mean": 0.332, "success_std": 0.027748873851023214, "episode_seeds": [1619, 1620, 1621, 1622, 1623], "seed_reward_means": [-238.2899932861328, -244.4499969482422, -246.52999877929688, -248.22999572753906, -238.27000427246094], "seed_success_means": [0.36, 0.33, 0.3, 0.31, 0.36], "reward_matrix": [[-300.0, -300.0, -300.0, -177.0, -101.0, -172.0, -300.0, -164.0, -300.0, -149.0, -300.0, -134.0, -121.0, -97.0, -300.0, -300.0, -300.0, -300.0, -141.0, -300.0, -300.0, -300.0, -110.0, -180.0, -146.0, -298.0, -300.0, -300.0, -298.0, -300.0, -300.0, -300.0, -300.0, -300.0, -159.0, -300.0, -300.0, -300.0, -300.0, -300.0, -112.0, -300.0, -300.0, -97.0, -300.0, -105.0, -300.0, -300.0, -300.0, -300.0, -300.0, -180.0, -97.0, -300.0, -300.0, -300.0, -101.0, -300.0, -300.0, -300.0, -300.0, -138.0, -300.0, -147.0, -299.0, -102.0, -124.0, -136.0, -147.0, -102.0, -299.0, -300.0, -300.0, -97.0, -300.0, -166.0, -300.0, -121.0, -300.0, -300.0, -91.0, -300.0, -108.0, -300.0, -300.0, -117.0, -300.0, -300.0, -300.0, -300.0, -300.0, -300.0, -300.0, -300.0, -128.0, -298.0, -131.0, -94.0, -145.0, -300.0], [-300.0, -154.0, -300.0, -300.0, -300.0, -296.0, -300.0, -161.0, -300.0, -174.0, -137.0, -191.0, -101.0, -300.0, -300.0, -92.0, -117.0, -300.0, -108.0, -300.0, -294.0, -300.0, -299.0, -300.0, -101.0, -300.0, -160.0, -92.0, -300.0, -300.0, -300.0, -300.0, -298.0, -105.0, -300.0, -98.0, -300.0, -300.0, -300.0, -300.0, -300.0, -300.0, -300.0, -300.0, -300.0, -171.0, -300.0, -300.0, -300.0, -300.0, -102.0, -300.0, -300.0, -300.0, -298.0, -184.0, -300.0, -300.0, -290.0, -300.0, -300.0, -160.0, -300.0, -105.0, -300.0, -300.0, -298.0, -300.0, -300.0, -300.0, -300.0, -300.0, -108.0, -97.0, -300.0, -300.0, -161.0, -300.0, -292.0, -180.0, -300.0, -300.0, -300.0, -150.0, -300.0, -117.0, -300.0, -294.0, -300.0, -147.0, -112.0, -153.0, -300.0, -97.0, -104.0, -204.0, -146.0, -300.0, -300.0, -97.0], [-300.0, -103.0, -300.0, -300.0, -79.0, -300.0, -98.0, -93.0, -143.0, -300.0, -113.0, -300.0, -111.0, -300.0, -300.0, -300.0, -300.0, -300.0, -116.0, -300.0, -101.0, -190.0, -300.0, -300.0, -93.0, -300.0, -300.0, -300.0, -300.0, -300.0, -300.0, -300.0, -104.0, -109.0, -300.0, -299.0, -300.0, -300.0, -300.0, -94.0, -300.0, -147.0, -101.0, -300.0, -300.0, -176.0, -300.0, -300.0, -149.0, -300.0, -300.0, -300.0, -140.0, -300.0, -91.0, -296.0, -300.0, -300.0, -300.0, -185.0, -297.0, -300.0, -300.0, -95.0, -300.0, -136.0, -300.0, -95.0, -300.0, -299.0, -300.0, -300.0, -300.0, -300.0, -185.0, -300.0, -300.0, -300.0, -300.0, -101.0, -92.0, -186.0, -300.0, -300.0, -300.0, -300.0, -300.0, -300.0, -300.0, -300.0, -135.0, -300.0, -300.0, -300.0, -101.0, -300.0, -300.0, -300.0, -300.0, -300.0], [-300.0, -300.0, -93.0, -117.0, -300.0, -300.0, -300.0, -300.0, -147.0, -129.0, -111.0, -300.0, -300.0, -300.0, -300.0, -109.0, -300.0, -300.0, -300.0, -300.0, -143.0, -98.0, -300.0, -300.0, -297.0, -300.0, -206.0, -300.0, -300.0, -300.0, -300.0, -101.0, -296.0, -300.0, -300.0, -300.0, -156.0, -300.0, -300.0, -300.0, -96.0, -104.0, -294.0, -300.0, -145.0, -298.0, -300.0, -300.0, -148.0, -297.0, -119.0, -298.0, -184.0, -300.0, -300.0, -300.0, -300.0, -300.0, -159.0, -298.0, -299.0, -167.0, -300.0, -300.0, -300.0, -92.0, -300.0, -100.0, -160.0, -300.0, -300.0, -124.0, -300.0, -300.0, -300.0, -300.0, -185.0, -172.0, -300.0, -300.0, -300.0, -157.0, -300.0, -94.0, -300.0, -300.0, -95.0, -299.0, -300.0, -300.0, -117.0, -300.0, -300.0, -300.0, -300.0, -154.0, -300.0, -300.0, -300.0, -165.0], [-300.0, -300.0, -105.0, -99.0, -298.0, -165.0, -300.0, -138.0, -298.0, -300.0, -300.0, -300.0, -300.0, -296.0, -300.0, -300.0, -298.0, -150.0, -300.0, -120.0, -300.0, -300.0, -137.0, -300.0, -298.0, -120.0, -144.0, -300.0, -300.0, -97.0, -100.0, -104.0, -300.0, -107.0, -300.0, -300.0, -300.0, -101.0, -300.0, -300.0, -300.0, -300.0, -300.0, -185.0, -160.0, -300.0, -105.0, -300.0, -300.0, -118.0, -300.0, -300.0, -291.0, -150.0, -300.0, -151.0, -192.0, -300.0, -98.0, -149.0, -295.0, -129.0, -300.0, -300.0, -119.0, -202.0, -97.0, -96.0, -300.0, -100.0, -300.0, -300.0, -300.0, -300.0, -300.0, -101.0, -300.0, -300.0, -300.0, -300.0, -300.0, -300.0, -97.0, -300.0, -300.0, -300.0, -300.0, -179.0, -300.0, -300.0, -298.0, -297.0, -300.0, -167.0, -300.0, -106.0, -300.0, -173.0, -102.0, -295.0]], "success_matrix": [[false, false, false, true, true, true, false, true, false, true, false, true, true, true, false, false, false, false, true, false, false, false, true, true, true, false, false, false, false, false, false, false, false, false, true, false, false, false, false, false, true, false, false, true, false, true, false, false, false, false, false, true, true, false, false, false, true, false, false, false, false, true, false, true, false, true, true, true, true, true, false, false, false, true, false, true, false, true, false, false, true, false, true, false, false, true, false, false, false, false, false, false, false, false, true, false, true, true, true, false], [false, true, false, false, false, false, false, true, false, true, true, true, true, false, false, true, true, false, true, false, false, false, false, false, true, false, true, true, false, false, false, false, false, true, false, true, false, false, false, false, false, false, false, false, false, true, false, false, false, false, true, false, false, false, false, true, false, false, false, false, false, true, false, true, false, false, false, false, false, false, false, false, true, true, false, false, true, false, false, true, false, false, false, true, false, true, false, false, false, true, true, true, false, true, true, true, true, false, false, true], [false, true, false, false, true, false, true, true, true, false, true, false, true, false, false, false, false, false, true, false, true, true, false, false, true, false, false, false, false, false, false, false, true, true, false, false, false, false, false, true, false, true, true, false, false, true, false, false, true, false, false, false, true, false, true, false, false, false, false, true, false, false, false, true, false, true, false, true, false, false, false, false, false, false, true, false, false, false, false, true, true, true, false, false, false, false, false, false, false, false, true, false, false, false, true, false, false, false, false, false], [false, false, true, true, false, false, false, false, true, true, true, false, false, false, false, true, false, false, false, false, true, true, false, false, false, false, true, false, false, false, false, true, false, false, false, false, true, false, false, false, true, true, false, false, true, false, false, false, true, false, true, false, true, false, false, false, false, false, true, false, false, true, false, false, false, true, false, true, true, false, false, true, false, false, false, false, true, true, false, false, false, true, false, true, false, false, true, false, false, false, true, false, false, false, false, true, false, false, false, true], [false, false, true, true, false, true, false, true, false, false, false, false, false, false, false, false, false, true, false, true, false, false, true, false, false, true, true, false, false, true, true, true, false, true, false, false, false, true, false, false, false, false, false, true, true, false, true, false, false, true, false, false, false, true, false, true, true, false, true, true, false, true, false, false, true, true, true, true, false, true, false, false, false, false, false, true, false, false, false, false, false, false, true, false, false, false, false, true, false, false, false, false, false, true, false, true, false, true, true, false]], "ticket_name": "zo_envs10_iter500_cand2_lambda5.0_seed666_ddim8_20251213_184046/seed_666", "eval_noise_idx": 0, "eval_seed": 1619}