{"num_noise_samples": 101, "num_envs": 10, "success_rate_mean": 0.06138613820075989, "success_rate_std": 0.10389446467161179, "best_success_rate": 0.4, "best_original_index": 57, "success_rates_sorted": [0.4, 0.4, 0.4, 0.3, 0.3, 0.3, 0.3, 0.2, 0.2, 0.2, 0.2, 0.2, 0.2, 0.2, 0.2, 0.2, 0.2, 0.2, 0.2, 0.1, 0.1, 0.1, 0.1, 0.1, 0.1, 0.1, 0.1, 0.1, 0.1, 0.1, 0.1, 0.1, 0.1, 0.0, 0.0, 0.0, 0.0, 0.0, 0.0, 0.0, 0.0, 0.0, 0.0, 0.0, 0.0, 0.0, 0.0, 0.0, 0.0, 0.0, 0.0, 0.0, 0.0, 0.0, 0.0, 0.0, 0.0, 0.0, 0.0, 0.0, 0.0, 0.0, 0.0, 0.0, 0.0, 0.0, 0.0, 0.0, 0.0, 0.0, 0.0, 0.0, 0.0, 0.0, 0.0, 0.0, 0.0, 0.0, 0.0, 0.0, 0.0, 0.0, 0.0, 0.0, 0.0, 0.0, 0.0, 0.0, 0.0, 0.0, 0.0, 0.0, 0.0, 0.0, 0.0, 0.0, 0.0, 0.0, 0.0, 0.0, 0.0], "original_success_rates": [0.0, 0.0, 0.0, 0.0, 0.0, 0.0, 0.0, 0.0, 0.0, 0.0, 0.0, 0.0, 0.0, 0.0, 0.0, 0.0, 0.0, 0.0, 0.0, 0.0, 0.0, 0.1, 0.0, 0.0, 0.0, 0.0, 0.0, 0.0, 0.0, 0.0, 0.0, 0.2, 0.1, 0.0, 0.2, 0.0, 0.0, 0.0, 0.0, 0.0, 0.3, 0.0, 0.0, 0.0, 0.0, 0.0, 0.2, 0.0, 0.0, 0.2, 0.0, 0.0, 0.0, 0.0, 0.1, 0.0, 0.2, 0.4, 0.1, 0.0, 0.2, 0.3, 0.1, 0.0, 0.2, 0.1, 0.0, 0.0, 0.3, 0.0, 0.1, 0.0, 0.0, 0.2, 0.0, 0.1, 0.2, 0.0, 0.0, 0.0, 0.2, 0.0, 0.1, 0.0, 0.0, 0.2, 0.1, 0.0, 0.0, 0.0, 0.2, 0.1, 0.4, 0.0, 0.3, 0.0, 0.0, 0.1, 0.1, 0.1, 0.4], "seed": 675, "env_seeds": [3539040088, 1782557241, 3870949302, 4230793480, 3198288967, 3049313135, 1014670471, 2687957055, 311278979, 3279082920]}