{"n_seeds": 5, "n_evals_per_seed": 100, "reward_mean": -171.39199829101562, "reward_std": 14.863546371459961, "success_mean": 0.882, "success_std": 0.034928498393146, "episode_seeds": [1619, 1620, 1621, 1622, 1623], "seed_reward_means": [-161.9199981689453, -171.8800048828125, -173.47000122070312, -194.41000366210938, -155.27999877929688], "seed_success_means": [0.92, 0.85, 0.86, 0.86, 0.92], "reward_matrix": [[-300.0, -114.0, -123.0, -123.0, -188.0, -103.0, -201.0, -107.0, -160.0, -161.0, -231.0, -176.0, -134.0, -300.0, -83.0, -120.0, -251.0, -155.0, -300.0, -75.0, -110.0, -137.0, -209.0, -117.0, -174.0, -91.0, -125.0, -178.0, -127.0, -150.0, -109.0, -264.0, -99.0, -99.0, -300.0, -148.0, -118.0, -127.0, -259.0, -94.0, -167.0, -194.0, -135.0, -118.0, -300.0, -132.0, -300.0, -120.0, -99.0, -124.0, -91.0, -258.0, -233.0, -124.0, -112.0, -146.0, -150.0, -118.0, -194.0, -168.0, -228.0, -221.0, -173.0, -91.0, -106.0, -300.0, -210.0, -300.0, -171.0, -123.0, -179.0, -132.0, -108.0, -133.0, -122.0, -154.0, -194.0, -206.0, -163.0, -172.0, -193.0, -231.0, -152.0, -153.0, -182.0, -118.0, -102.0, -128.0, -146.0, -111.0, -174.0, -143.0, -186.0, -140.0, -133.0, -127.0, -223.0, -98.0, -116.0, -127.0], [-167.0, -135.0, -83.0, -153.0, -153.0, -151.0, -106.0, -186.0, -91.0, -151.0, -109.0, -166.0, -167.0, -300.0, -182.0, -300.0, -164.0, -82.0, -300.0, -300.0, -300.0, -152.0, -300.0, -95.0, -300.0, -169.0, -300.0, -229.0, -174.0, -147.0, -98.0, -122.0, -119.0, -172.0, -91.0, -181.0, -202.0, -223.0, -86.0, -171.0, -129.0, -267.0, -150.0, -198.0, -191.0, -300.0, -155.0, -114.0, -83.0, -263.0, -146.0, -300.0, -106.0, -233.0, -189.0, -116.0, -92.0, -300.0, -144.0, -166.0, -144.0, -107.0, -150.0, -300.0, -135.0, -215.0, -88.0, -226.0, -163.0, -153.0, -82.0, -98.0, -300.0, -127.0, -235.0, -126.0, -90.0, -190.0, -177.0, -113.0, -168.0, -127.0, -151.0, -179.0, -175.0, -137.0, -300.0, -102.0, -147.0, -228.0, -195.0, -190.0, -142.0, -111.0, -298.0, -143.0, -155.0, -71.0, -98.0, -133.0], [-134.0, -243.0, -182.0, -88.0, -147.0, -244.0, -300.0, -241.0, -118.0, -275.0, -182.0, -127.0, -123.0, -90.0, -115.0, -161.0, -236.0, -88.0, -300.0, -135.0, -300.0, -255.0, -287.0, -175.0, -242.0, -166.0, -122.0, -174.0, -288.0, -119.0, -100.0, -112.0, -154.0, -218.0, -79.0, -300.0, -163.0, -150.0, -300.0, -300.0, -106.0, -295.0, -168.0, -90.0, -122.0, -174.0, -183.0, -153.0, -131.0, -114.0, -300.0, -108.0, -176.0, -300.0, -117.0, -180.0, -136.0, -139.0, -132.0, -96.0, -150.0, -112.0, -114.0, -300.0, -71.0, -104.0, -210.0, -181.0, -108.0, -82.0, -153.0, -67.0, -131.0, -300.0, -111.0, -134.0, -77.0, -265.0, -300.0, -182.0, -300.0, -142.0, -174.0, -300.0, -114.0, -145.0, -159.0, -130.0, -114.0, -140.0, -300.0, -147.0, -174.0, -184.0, -263.0, -139.0, -119.0, -173.0, -119.0, -106.0], [-144.0, -194.0, -79.0, -233.0, -262.0, -300.0, -260.0, -218.0, -185.0, -206.0, -232.0, -232.0, -300.0, -220.0, -268.0, -158.0, -300.0, -170.0, -243.0, -147.0, -194.0, -286.0, -300.0, -300.0, -151.0, -151.0, -95.0, -89.0, -139.0, -300.0, -140.0, -300.0, -98.0, -77.0, -219.0, -142.0, -300.0, -142.0, -115.0, -138.0, -271.0, -138.0, -136.0, -179.0, -199.0, -138.0, -200.0, -250.0, -171.0, -113.0, -135.0, -300.0, -112.0, -159.0, -300.0, -180.0, -94.0, -224.0, -206.0, -196.0, -175.0, -151.0, -177.0, -175.0, -72.0, -167.0, -291.0, -300.0, -132.0, -136.0, -262.0, -295.0, -190.0, -300.0, -86.0, -82.0, -138.0, -122.0, -295.0, -191.0, -198.0, -240.0, -186.0, -143.0, -270.0, -99.0, -257.0, -218.0, -275.0, -130.0, -200.0, -230.0, -147.0, -85.0, -185.0, -300.0, -142.0, -163.0, -208.0, -300.0], [-103.0, -126.0, -162.0, -300.0, -95.0, -139.0, -107.0, -87.0, -163.0, -102.0, -210.0, -107.0, -159.0, -111.0, -139.0, -241.0, -106.0, -198.0, -139.0, -178.0, -190.0, -143.0, -162.0, -92.0, -142.0, -207.0, -139.0, -106.0, -143.0, -300.0, -294.0, -87.0, -114.0, -300.0, -95.0, -121.0, -300.0, -125.0, -149.0, -154.0, -91.0, -134.0, -194.0, -143.0, -126.0, -91.0, -97.0, -180.0, -92.0, -140.0, -207.0, -95.0, -106.0, -111.0, -104.0, -213.0, -138.0, -207.0, -300.0, -300.0, -119.0, -195.0, -81.0, -158.0, -246.0, -95.0, -300.0, -247.0, -154.0, -181.0, -255.0, -94.0, -105.0, -120.0, -167.0, -227.0, -163.0, -190.0, -106.0, -134.0, -115.0, -167.0, -300.0, -163.0, -120.0, -130.0, -75.0, -98.0, -86.0, -162.0, -166.0, -122.0, -102.0, -138.0, -102.0, -230.0, -114.0, -85.0, -199.0, -113.0]], "success_matrix": [[false, true, true, true, true, true, true, true, true, true, true, true, true, false, true, true, true, true, false, true, true, true, true, true, true, true, true, true, true, true, true, true, true, true, false, true, true, true, true, true, true, true, true, true, false, true, false, true, true, true, true, true, true, true, true, true, true, true, true, true, true, true, true, true, true, false, true, false, true, true, true, true, true, true, true, true, true, true, true, true, true, true, true, true, true, true, true, true, true, true, true, true, true, true, true, true, true, true, true, true], [true, true, true, true, true, true, true, true, true, true, true, true, true, false, true, false, true, true, false, false, false, true, false, true, false, true, false, true, true, true, true, true, true, true, true, true, true, true, true, true, true, true, true, true, true, false, true, true, true, true, true, false, true, true, true, true, true, false, true, true, true, true, true, false, true, true, true, true, true, true, true, true, false, true, true, true, true, true, true, true, true, true, true, true, true, true, false, true, true, true, true, true, true, true, false, true, true, true, true, true], [true, true, true, true, true, true, false, true, true, true, true, true, true, true, true, true, true, true, false, true, false, true, true, true, true, true, true, true, true, true, true, true, true, true, true, false, true, true, false, false, true, true, true, true, true, true, true, true, true, true, false, true, true, false, true, true, true, true, true, true, true, true, true, false, true, true, true, true, true, true, true, true, true, false, true, true, true, true, false, true, false, true, true, false, true, true, true, true, true, true, false, true, true, true, true, true, true, true, true, true], [true, true, true, true, true, false, true, true, true, true, true, true, false, true, true, true, false, true, true, true, true, true, false, false, true, true, true, true, true, false, true, false, true, true, true, true, false, true, true, true, true, true, true, true, true, true, true, true, true, true, true, false, true, true, false, true, true, true, true, true, true, true, true, true, true, true, true, false, true, true, true, true, true, false, true, true, true, true, true, true, true, true, true, true, true, true, true, true, true, true, true, true, true, true, true, false, true, true, true, false], [true, true, true, false, true, true, true, true, true, true, true, true, true, true, true, true, true, true, true, true, true, true, true, true, true, true, true, true, true, false, true, true, true, false, true, true, false, true, true, true, true, true, true, true, true, true, true, true, true, true, true, true, true, true, true, true, true, true, false, false, true, true, true, true, true, true, false, true, true, true, true, true, true, true, true, true, true, true, true, true, true, true, false, true, true, true, true, true, true, true, true, true, true, true, true, true, true, true, true, true]], "ticket_name": "zo_envs10_iter100_cand10_lambda5.0_seed666_ddim8_20251213_184024/seed_673", "eval_noise_idx": 0, "eval_seed": 1619}