{"n_seeds": 5, "n_evals_per_seed": 100, "reward_mean": -84.41200256347656, "reward_std": 2.7975661754608154, "success_mean": 0.9, "success_std": 0.01581138830084191, "episode_seeds": [1619, 1620, 1621, 1622, 1623], "seed_reward_means": [-85.70999908447266, -79.73999786376953, -85.08999633789062, -84.4000015258789, -87.12000274658203], "seed_success_means": [0.89, 0.92, 0.9, 0.91, 0.88], "reward_matrix": [[-52.0, -58.0, -57.0, -54.0, -61.0, -51.0, -300.0, -52.0, -62.0, -76.0, -56.0, -60.0, -59.0, -61.0, -52.0, -300.0, -56.0, -61.0, -57.0, -54.0, -300.0, -58.0, -66.0, -53.0, -58.0, -53.0, -73.0, -58.0, -56.0, -57.0, -56.0, -62.0, -49.0, -53.0, -64.0, -70.0, -74.0, -59.0, -74.0, -60.0, -57.0, -62.0, -57.0, -57.0, -300.0, -56.0, -66.0, -58.0, -58.0, -300.0, -54.0, -61.0, -59.0, -56.0, -56.0, -56.0, -55.0, -57.0, -58.0, -52.0, -65.0, -57.0, -63.0, -56.0, -300.0, -53.0, -89.0, -60.0, -60.0, -54.0, -57.0, -55.0, -61.0, -54.0, -55.0, -49.0, -56.0, -67.0, -60.0, -69.0, -61.0, -61.0, -53.0, -50.0, -62.0, -56.0, -56.0, -300.0, -300.0, -300.0, -300.0, -62.0, -300.0, -58.0, -95.0, -58.0, -61.0, -58.0, -54.0, -59.0], [-47.0, -53.0, -50.0, -59.0, -69.0, -300.0, -62.0, -72.0, -53.0, -54.0, -73.0, -300.0, -53.0, -63.0, -50.0, -63.0, -64.0, -52.0, -54.0, -50.0, -64.0, -64.0, -69.0, -72.0, -52.0, -300.0, -70.0, -77.0, -61.0, -68.0, -62.0, -56.0, -50.0, -82.0, -56.0, -52.0, -57.0, -300.0, -54.0, -62.0, -300.0, -46.0, -63.0, -69.0, -97.0, -61.0, -52.0, -59.0, -56.0, -69.0, -64.0, -54.0, -58.0, -64.0, -61.0, -57.0, -59.0, -52.0, -60.0, -64.0, -52.0, -53.0, -49.0, -57.0, -53.0, -66.0, -52.0, -74.0, -60.0, -104.0, -50.0, -53.0, -66.0, -70.0, -300.0, -61.0, -53.0, -62.0, -53.0, -53.0, -69.0, -61.0, -68.0, -60.0, -50.0, -64.0, -57.0, -300.0, -53.0, -92.0, -65.0, -60.0, -63.0, -72.0, -57.0, -53.0, -299.0, -50.0, -53.0, -53.0], [-300.0, -54.0, -52.0, -55.0, -300.0, -59.0, -61.0, -61.0, -59.0, -58.0, -61.0, -65.0, -54.0, -53.0, -57.0, -81.0, -72.0, -45.0, -88.0, -54.0, -56.0, -70.0, -55.0, -64.0, -62.0, -59.0, -57.0, -65.0, -56.0, -59.0, -57.0, -57.0, -53.0, -69.0, -53.0, -300.0, -60.0, -69.0, -300.0, -60.0, -53.0, -56.0, -57.0, -56.0, -68.0, -53.0, -63.0, -52.0, -57.0, -300.0, -53.0, -300.0, -72.0, -46.0, -58.0, -54.0, -55.0, -74.0, -300.0, -54.0, -52.0, -48.0, -52.0, -70.0, -50.0, -56.0, -64.0, -300.0, -61.0, -52.0, -61.0, -48.0, -53.0, -224.0, -57.0, -77.0, -49.0, -56.0, -300.0, -57.0, -72.0, -300.0, -58.0, -71.0, -64.0, -73.0, -53.0, -61.0, -52.0, -60.0, -70.0, -72.0, -64.0, -68.0, -56.0, -48.0, -72.0, -56.0, -52.0, -49.0], [-69.0, -56.0, -60.0, -110.0, -49.0, -67.0, -62.0, -56.0, -83.0, -157.0, -104.0, -66.0, -50.0, -76.0, -72.0, -53.0, -63.0, -69.0, -77.0, -53.0, -51.0, -54.0, -300.0, -52.0, -58.0, -64.0, -57.0, -56.0, -300.0, -55.0, -81.0, -299.0, -52.0, -51.0, -300.0, -56.0, -300.0, -53.0, -63.0, -57.0, -68.0, -57.0, -54.0, -54.0, -65.0, -65.0, -46.0, -72.0, -50.0, -54.0, -52.0, -64.0, -56.0, -49.0, -53.0, -66.0, -53.0, -56.0, -65.0, -54.0, -62.0, -56.0, -69.0, -295.0, -51.0, -56.0, -56.0, -56.0, -52.0, -69.0, -60.0, -49.0, -54.0, -120.0, -50.0, -52.0, -295.0, -57.0, -53.0, -58.0, -63.0, -65.0, -300.0, -300.0, -50.0, -69.0, -72.0, -58.0, -52.0, -48.0, -57.0, -66.0, -54.0, -57.0, -187.0, -53.0, -65.0, -61.0, -69.0, -60.0], [-57.0, -52.0, -57.0, -85.0, -54.0, -57.0, -57.0, -300.0, -50.0, -52.0, -53.0, -53.0, -300.0, -56.0, -300.0, -61.0, -49.0, -57.0, -51.0, -73.0, -125.0, -300.0, -65.0, -52.0, -57.0, -54.0, -55.0, -63.0, -61.0, -56.0, -60.0, -57.0, -58.0, -61.0, -300.0, -57.0, -51.0, -63.0, -49.0, -300.0, -53.0, -300.0, -54.0, -48.0, -56.0, -300.0, -58.0, -66.0, -54.0, -66.0, -56.0, -53.0, -48.0, -56.0, -57.0, -65.0, -53.0, -58.0, -52.0, -61.0, -52.0, -81.0, -49.0, -65.0, -57.0, -53.0, -61.0, -60.0, -49.0, -56.0, -69.0, -294.0, -300.0, -62.0, -300.0, -60.0, -52.0, -68.0, -62.0, -65.0, -61.0, -56.0, -54.0, -73.0, -56.0, -53.0, -52.0, -50.0, -52.0, -52.0, -51.0, -300.0, -57.0, -54.0, -53.0, -65.0, -54.0, -53.0, -62.0, -57.0]], "success_matrix": [[true, true, true, true, true, true, false, true, true, true, true, true, true, true, true, false, true, true, true, true, false, true, true, true, true, true, true, true, true, true, true, true, true, true, true, true, true, true, true, true, true, true, true, true, false, true, true, true, true, false, true, true, true, true, true, true, true, true, true, true, true, true, true, true, false, true, true, true, true, true, true, true, true, true, true, true, true, true, true, true, true, true, true, true, true, true, true, false, false, false, false, true, false, true, true, true, true, true, true, true], [true, true, true, true, true, false, true, true, true, true, true, false, true, true, true, true, true, true, true, true, true, true, true, true, true, false, true, true, true, true, true, true, true, true, true, true, true, false, true, true, false, true, true, true, true, true, true, true, true, true, true, true, true, true, true, true, true, true, true, true, true, true, true, true, true, true, true, true, true, true, true, true, true, true, false, true, true, true, true, true, true, true, true, true, true, true, true, false, true, true, true, true, true, true, true, true, false, true, true, true], [false, true, true, true, false, true, true, true, true, true, true, true, true, true, true, true, true, true, true, true, true, true, true, true, true, true, true, true, true, true, true, true, true, true, true, false, true, true, false, true, true, true, true, true, true, true, true, true, true, false, true, false, true, true, true, true, true, true, false, true, true, true, true, true, true, true, true, false, true, true, true, true, true, true, true, true, true, true, false, true, true, false, true, true, true, true, true, true, true, true, true, true, true, true, true, true, true, true, true, true], [true, true, true, true, true, true, true, true, true, true, true, true, true, true, true, true, true, true, true, true, true, true, false, true, true, true, true, true, false, true, true, false, true, true, false, true, false, true, true, true, true, true, true, true, true, true, true, true, true, true, true, true, true, true, true, true, true, true, true, true, true, true, true, false, true, true, true, true, true, true, true, true, true, true, true, true, false, true, true, true, true, true, false, false, true, true, true, true, true, true, true, true, true, true, true, true, true, true, true, true], [true, true, true, true, true, true, true, false, true, true, true, true, false, true, false, true, true, true, true, true, true, false, true, true, true, true, true, true, true, true, true, true, true, true, false, true, true, true, true, false, true, false, true, true, true, false, true, true, true, true, true, true, true, true, true, true, true, true, true, true, true, true, true, true, true, true, true, true, true, true, true, false, false, true, false, true, true, true, true, true, true, true, true, true, true, true, true, true, true, true, true, false, true, true, true, true, true, true, true, true]], "ticket_name": "zo_envs10_iter500_cand2_lambda2.0_seed666_ddim2_20251215_221920/seed_675", "eval_noise_idx": 0, "eval_seed": 1619}