{"n_seeds": 5, "n_evals_per_seed": 100, "reward_mean": -233.5640106201172, "reward_std": 9.5999116897583, "success_mean": 0.666, "success_std": 0.049234134500364686, "episode_seeds": [1619, 1620, 1621, 1622, 1623], "seed_reward_means": [-225.07000732421875, -234.41000366210938, -238.7100067138672, -248.1999969482422, -221.42999267578125], "seed_success_means": [0.66, 0.69, 0.65, 0.59, 0.74], "reward_matrix": [[-300.0, -144.0, -114.0, -300.0, -169.0, -112.0, -300.0, -300.0, -210.0, -253.0, -300.0, -300.0, -134.0, -300.0, -97.0, -193.0, -300.0, -249.0, -161.0, -181.0, -145.0, -300.0, -300.0, -146.0, -285.0, -150.0, -300.0, -165.0, -300.0, -196.0, -300.0, -273.0, -282.0, -300.0, -300.0, -211.0, -300.0, -165.0, -300.0, -158.0, -146.0, -197.0, -199.0, -300.0, -300.0, -300.0, -155.0, -211.0, -109.0, -169.0, -149.0, -300.0, -181.0, -132.0, -300.0, -136.0, -214.0, -108.0, -300.0, -160.0, -246.0, -212.0, -280.0, -176.0, -241.0, -300.0, -229.0, -300.0, -180.0, -156.0, -198.0, -300.0, -300.0, -193.0, -300.0, -221.0, -300.0, -225.0, -300.0, -169.0, -300.0, -300.0, -132.0, -300.0, -241.0, -262.0, -152.0, -188.0, -300.0, -206.0, -152.0, -289.0, -148.0, -238.0, -145.0, -173.0, -213.0, -126.0, -220.0, -237.0], [-207.0, -213.0, -300.0, -194.0, -180.0, -300.0, -165.0, -204.0, -178.0, -170.0, -185.0, -272.0, -253.0, -257.0, -163.0, -300.0, -169.0, -300.0, -300.0, -300.0, -247.0, -286.0, -234.0, -218.0, -300.0, -201.0, -269.0, -300.0, -300.0, -236.0, -186.0, -164.0, -300.0, -234.0, -300.0, -300.0, -269.0, -224.0, -233.0, -132.0, -224.0, -300.0, -252.0, -300.0, -140.0, -300.0, -211.0, -221.0, -90.0, -243.0, -196.0, -300.0, -189.0, -159.0, -300.0, -300.0, -118.0, -293.0, -300.0, -300.0, -300.0, -300.0, -221.0, -222.0, -225.0, -193.0, -229.0, -300.0, -300.0, -258.0, -86.0, -300.0, -268.0, -154.0, -293.0, -188.0, -245.0, -197.0, -278.0, -300.0, -300.0, -233.0, -126.0, -254.0, -300.0, -300.0, -300.0, -125.0, -224.0, -234.0, -149.0, -230.0, -167.0, -254.0, -300.0, -108.0, -204.0, -117.0, -276.0, -104.0], [-198.0, -300.0, -201.0, -138.0, -300.0, -300.0, -300.0, -246.0, -201.0, -224.0, -221.0, -126.0, -168.0, -234.0, -300.0, -297.0, -173.0, -214.0, -300.0, -294.0, -300.0, -300.0, -224.0, -300.0, -162.0, -300.0, -300.0, -300.0, -222.0, -161.0, -189.0, -237.0, -295.0, -188.0, -171.0, -300.0, -188.0, -161.0, -273.0, -261.0, -177.0, -257.0, -237.0, -202.0, -144.0, -153.0, -150.0, -237.0, -205.0, -294.0, -300.0, -300.0, -180.0, -300.0, -210.0, -300.0, -164.0, -145.0, -154.0, -300.0, -225.0, -300.0, -259.0, -269.0, -209.0, -300.0, -300.0, -203.0, -221.0, -300.0, -300.0, -289.0, -300.0, -172.0, -230.0, -241.0, -120.0, -300.0, -297.0, -300.0, -300.0, -174.0, -169.0, -300.0, -194.0, -134.0, -237.0, -120.0, -268.0, -185.0, -300.0, -205.0, -300.0, -210.0, -300.0, -300.0, -252.0, -300.0, -218.0, -294.0], [-198.0, -300.0, -144.0, -211.0, -300.0, -300.0, -213.0, -113.0, -300.0, -192.0, -178.0, -300.0, -300.0, -253.0, -300.0, -253.0, -250.0, -168.0, -246.0, -170.0, -300.0, -278.0, -300.0, -300.0, -290.0, -176.0, -120.0, -185.0, -133.0, -300.0, -258.0, -300.0, -179.0, -197.0, -300.0, -256.0, -300.0, -149.0, -176.0, -235.0, -286.0, -300.0, -130.0, -276.0, -237.0, -222.0, -300.0, -300.0, -119.0, -300.0, -300.0, -252.0, -290.0, -300.0, -300.0, -204.0, -300.0, -234.0, -300.0, -209.0, -182.0, -126.0, -300.0, -300.0, -254.0, -285.0, -300.0, -300.0, -178.0, -248.0, -202.0, -274.0, -219.0, -250.0, -180.0, -249.0, -182.0, -300.0, -300.0, -300.0, -194.0, -250.0, -300.0, -146.0, -300.0, -208.0, -300.0, -269.0, -300.0, -300.0, -300.0, -300.0, -300.0, -249.0, -269.0, -300.0, -216.0, -210.0, -300.0, -300.0], [-300.0, -225.0, -158.0, -185.0, -166.0, -180.0, -117.0, -300.0, -300.0, -221.0, -273.0, -300.0, -214.0, -201.0, -121.0, -300.0, -182.0, -300.0, -161.0, -250.0, -141.0, -261.0, -202.0, -300.0, -300.0, -115.0, -180.0, -168.0, -246.0, -300.0, -188.0, -150.0, -110.0, -282.0, -116.0, -214.0, -300.0, -253.0, -230.0, -245.0, -162.0, -182.0, -237.0, -300.0, -187.0, -162.0, -109.0, -210.0, -97.0, -201.0, -300.0, -300.0, -238.0, -93.0, -213.0, -186.0, -155.0, -300.0, -300.0, -290.0, -300.0, -197.0, -174.0, -222.0, -300.0, -94.0, -300.0, -300.0, -252.0, -300.0, -200.0, -282.0, -294.0, -189.0, -242.0, -300.0, -300.0, -210.0, -245.0, -229.0, -166.0, -136.0, -268.0, -282.0, -300.0, -269.0, -170.0, -280.0, -128.0, -193.0, -192.0, -256.0, -300.0, -112.0, -300.0, -300.0, -130.0, -96.0, -172.0, -186.0]], "success_matrix": [[false, true, true, false, true, true, false, false, true, true, false, false, true, false, true, true, false, true, true, true, true, false, false, true, true, true, false, true, false, true, false, true, true, false, false, true, false, true, false, true, true, true, true, false, false, false, true, true, true, true, true, false, true, true, false, true, true, true, false, true, true, true, true, true, true, false, true, false, true, true, true, false, false, true, false, true, false, true, false, true, false, false, true, false, true, true, true, true, false, true, true, true, true, true, true, true, true, true, true, true], [true, true, false, true, true, false, true, true, true, true, true, true, true, true, true, false, true, false, false, false, true, true, true, true, false, true, true, false, false, true, true, true, false, true, false, false, true, true, true, true, true, false, true, false, true, false, true, true, true, true, true, false, true, true, false, false, true, true, false, false, false, false, true, true, true, true, true, false, false, true, true, false, true, true, true, true, true, true, true, false, false, true, true, true, false, false, false, true, true, true, true, true, true, true, false, true, true, true, true, true], [true, false, true, true, false, false, false, true, true, true, true, true, true, true, false, false, true, true, false, true, false, false, true, false, true, false, false, false, true, true, true, true, true, true, true, false, true, true, true, true, true, true, true, true, true, true, true, true, true, true, false, false, true, false, true, false, true, true, true, false, true, false, true, true, true, false, false, true, true, false, false, true, false, true, true, true, true, false, false, false, false, true, true, false, true, true, true, true, true, true, false, true, false, true, false, false, true, false, true, true], [true, false, true, true, false, false, true, true, false, true, true, false, false, true, false, true, true, true, true, true, false, true, false, false, true, true, true, true, true, false, true, false, true, true, false, true, false, true, true, true, true, false, true, true, true, true, false, false, true, false, false, true, true, false, false, true, false, true, false, true, true, true, false, false, true, true, false, false, true, true, true, true, true, true, true, true, true, false, false, false, true, true, false, true, false, true, false, true, false, false, false, false, false, true, true, false, true, true, false, false], [false, true, true, true, true, true, true, false, false, true, true, false, true, true, true, false, true, false, true, true, true, true, true, false, false, true, true, true, true, false, true, true, true, true, true, true, false, true, true, true, true, true, true, false, true, true, true, true, true, true, false, false, true, true, true, true, true, false, false, true, false, true, true, true, false, true, false, false, true, false, true, true, true, true, true, false, false, true, true, true, true, true, true, true, false, true, true, true, true, true, true, true, false, true, false, false, true, true, true, true]], "ticket_name": "envs100_samples1000_seeds999_1000_1001_1002_1003_1004_1005_1006_1007_1008_ddim8_20251208_041639/seed_1003", "eval_noise_idx": 0, "eval_seed": 1619}