{"n_seeds": 5, "n_evals_per_seed": 100, "reward_mean": -241.46200561523438, "reward_std": 6.431525230407715, "success_mean": 0.65, "success_std": 0.04335896677735759, "episode_seeds": [1619, 1620, 1621, 1622, 1623], "seed_reward_means": [-233.5500030517578, -252.75, -242.0800018310547, -237.41000366210938, -241.52000427246094], "seed_success_means": [0.71, 0.6, 0.69, 0.64, 0.61], "reward_matrix": [[-300.0, -182.0, -222.0, -185.0, -300.0, -201.0, -300.0, -179.0, -191.0, -300.0, -272.0, -220.0, -183.0, -145.0, -247.0, -198.0, -300.0, -300.0, -203.0, -206.0, -268.0, -300.0, -188.0, -300.0, -182.0, -244.0, -194.0, -199.0, -300.0, -300.0, -186.0, -241.0, -226.0, -182.0, -253.0, -137.0, -242.0, -300.0, -300.0, -199.0, -300.0, -300.0, -275.0, -190.0, -228.0, -199.0, -189.0, -123.0, -215.0, -224.0, -182.0, -255.0, -197.0, -199.0, -186.0, -300.0, -300.0, -190.0, -300.0, -210.0, -300.0, -258.0, -191.0, -207.0, -164.0, -199.0, -196.0, -206.0, -184.0, -300.0, -300.0, -193.0, -214.0, -300.0, -178.0, -300.0, -194.0, -300.0, -226.0, -300.0, -231.0, -300.0, -300.0, -248.0, -300.0, -262.0, -218.0, -300.0, -228.0, -203.0, -252.0, -190.0, -260.0, -231.0, -191.0, -195.0, -147.0, -176.0, -300.0, -176.0], [-289.0, -159.0, -300.0, -229.0, -204.0, -231.0, -211.0, -300.0, -300.0, -231.0, -165.0, -191.0, -230.0, -300.0, -182.0, -231.0, -286.0, -260.0, -231.0, -209.0, -300.0, -300.0, -300.0, -194.0, -300.0, -194.0, -189.0, -263.0, -147.0, -300.0, -300.0, -200.0, -300.0, -232.0, -229.0, -300.0, -300.0, -235.0, -269.0, -226.0, -291.0, -211.0, -268.0, -188.0, -300.0, -300.0, -300.0, -300.0, -283.0, -263.0, -300.0, -213.0, -300.0, -300.0, -266.0, -300.0, -233.0, -205.0, -192.0, -300.0, -205.0, -300.0, -300.0, -300.0, -300.0, -184.0, -300.0, -220.0, -197.0, -250.0, -223.0, -215.0, -300.0, -183.0, -241.0, -300.0, -227.0, -253.0, -217.0, -300.0, -300.0, -300.0, -300.0, -175.0, -185.0, -209.0, -212.0, -284.0, -300.0, -300.0, -300.0, -296.0, -251.0, -151.0, -300.0, -240.0, -300.0, -181.0, -300.0, -246.0], [-300.0, -300.0, -212.0, -215.0, -205.0, -300.0, -300.0, -195.0, -192.0, -300.0, -197.0, -300.0, -300.0, -162.0, -253.0, -196.0, -193.0, -300.0, -170.0, -300.0, -245.0, -191.0, -192.0, -300.0, -212.0, -204.0, -177.0, -243.0, -194.0, -282.0, -240.0, -300.0, -246.0, -183.0, -214.0, -300.0, -250.0, -191.0, -235.0, -254.0, -300.0, -300.0, -198.0, -216.0, -232.0, -192.0, -276.0, -186.0, -283.0, -183.0, -173.0, -184.0, -150.0, -225.0, -204.0, -300.0, -223.0, -209.0, -203.0, -300.0, -201.0, -206.0, -219.0, -239.0, -180.0, -293.0, -300.0, -300.0, -201.0, -300.0, -300.0, -213.0, -300.0, -226.0, -204.0, -286.0, -191.0, -300.0, -205.0, -225.0, -300.0, -198.0, -190.0, -300.0, -241.0, -187.0, -300.0, -300.0, -282.0, -300.0, -300.0, -234.0, -300.0, -300.0, -275.0, -300.0, -239.0, -205.0, -239.0, -249.0], [-300.0, -256.0, -201.0, -300.0, -300.0, -184.0, -200.0, -121.0, -300.0, -207.0, -224.0, -198.0, -300.0, -150.0, -300.0, -220.0, -300.0, -183.0, -252.0, -210.0, -272.0, -206.0, -158.0, -283.0, -194.0, -221.0, -180.0, -145.0, -300.0, -300.0, -300.0, -224.0, -300.0, -226.0, -187.0, -218.0, -300.0, -300.0, -224.0, -300.0, -162.0, -300.0, -300.0, -300.0, -201.0, -164.0, -300.0, -225.0, -238.0, -202.0, -300.0, -300.0, -182.0, -192.0, -300.0, -300.0, -262.0, -195.0, -161.0, -243.0, -157.0, -232.0, -150.0, -178.0, -300.0, -220.0, -206.0, -300.0, -204.0, -300.0, -300.0, -300.0, -162.0, -300.0, -202.0, -216.0, -300.0, -238.0, -199.0, -228.0, -300.0, -230.0, -300.0, -207.0, -300.0, -300.0, -250.0, -200.0, -141.0, -230.0, -300.0, -300.0, -159.0, -180.0, -170.0, -300.0, -212.0, -222.0, -190.0, -187.0], [-300.0, -300.0, -167.0, -300.0, -154.0, -300.0, -226.0, -189.0, -194.0, -179.0, -300.0, -212.0, -300.0, -222.0, -300.0, -163.0, -300.0, -217.0, -193.0, -224.0, -208.0, -191.0, -277.0, -231.0, -200.0, -195.0, -300.0, -300.0, -296.0, -300.0, -155.0, -300.0, -300.0, -214.0, -228.0, -178.0, -300.0, -191.0, -184.0, -300.0, -194.0, -300.0, -300.0, -300.0, -239.0, -252.0, -199.0, -267.0, -300.0, -234.0, -155.0, -175.0, -216.0, -300.0, -300.0, -238.0, -194.0, -300.0, -300.0, -227.0, -198.0, -217.0, -300.0, -299.0, -300.0, -184.0, -300.0, -300.0, -218.0, -197.0, -214.0, -300.0, -300.0, -193.0, -200.0, -207.0, -234.0, -216.0, -182.0, -300.0, -197.0, -300.0, -203.0, -300.0, -168.0, -300.0, -193.0, -174.0, -222.0, -182.0, -300.0, -187.0, -300.0, -300.0, -300.0, -196.0, -212.0, -300.0, -199.0, -182.0]], "success_matrix": [[false, true, true, true, false, true, false, true, true, false, true, true, true, true, true, true, false, false, true, true, true, false, true, false, true, true, true, true, false, false, true, true, true, true, true, true, true, false, false, true, false, false, true, true, true, true, true, true, true, true, true, true, true, true, true, false, false, true, false, true, false, true, true, true, true, true, true, true, true, false, false, true, true, false, true, false, true, false, true, false, true, false, false, true, false, true, true, false, true, true, true, true, true, true, true, true, true, true, false, true], [true, true, false, true, true, true, true, false, false, true, true, true, true, false, true, true, true, true, true, true, false, false, false, true, false, true, true, true, true, false, false, true, false, true, true, false, false, true, true, true, true, true, true, true, false, false, false, false, true, true, false, true, false, false, true, false, true, true, true, false, true, false, false, false, false, true, false, true, true, true, true, true, false, true, true, false, true, true, true, false, false, false, false, true, true, true, true, true, false, false, false, false, true, true, false, true, false, true, false, true], [false, false, true, true, true, false, false, true, true, false, true, false, false, true, true, true, true, false, true, false, true, true, true, false, true, true, true, true, true, true, true, false, true, true, true, false, true, true, true, true, false, false, true, true, true, true, true, true, true, true, true, true, true, true, true, false, true, true, true, false, true, true, true, true, true, true, false, false, true, false, false, true, false, true, true, true, true, false, true, true, false, true, true, false, true, true, false, false, true, false, false, true, false, false, true, false, true, true, true, true], [false, true, true, false, false, true, true, true, false, true, true, true, false, true, false, true, false, true, true, true, true, true, true, true, true, true, true, true, false, false, false, true, false, true, true, true, false, false, true, false, true, false, false, false, true, true, false, true, true, true, false, false, true, true, false, false, true, true, true, true, true, true, true, true, false, true, true, false, true, false, false, false, true, false, true, true, false, true, true, true, false, true, false, true, false, false, true, true, true, true, false, false, true, true, true, false, true, true, true, true], [false, false, true, false, true, false, true, true, true, true, false, true, false, true, false, true, false, true, true, true, true, true, true, true, true, true, false, false, true, false, true, false, false, true, true, true, false, true, true, false, true, false, false, false, true, true, true, true, false, true, true, true, true, false, false, true, true, false, false, true, true, true, false, false, false, true, false, false, true, true, true, false, false, true, true, true, true, true, true, false, true, false, true, false, true, false, true, true, true, true, false, true, false, false, false, true, true, false, true, true]], "ticket_name": "envs100_samples5000_seed999_ddim8_20251130_221846_ddim8", "eval_noise_idx": 15, "eval_seed": 1619}