{"n_seeds": 5, "n_evals_per_seed": 100, "reward_mean": -194.49600219726562, "reward_std": 5.919346809387207, "success_mean": 0.77, "success_std": 0.010954451150103333, "episode_seeds": [1619, 1620, 1621, 1622, 1623], "seed_reward_means": [-196.0399932861328, -194.30999755859375, -200.17999267578125, -198.5800018310547, -183.3699951171875], "seed_success_means": [0.76, 0.77, 0.76, 0.79, 0.77], "reward_matrix": [[-242.0, -91.0, -116.0, -234.0, -104.0, -133.0, -260.0, -300.0, -158.0, -300.0, -300.0, -185.0, -98.0, -300.0, -76.0, -78.0, -132.0, -127.0, -130.0, -126.0, -300.0, -300.0, -231.0, -142.0, -199.0, -141.0, -291.0, -149.0, -203.0, -164.0, -198.0, -215.0, -144.0, -300.0, -211.0, -118.0, -300.0, -93.0, -194.0, -300.0, -102.0, -138.0, -151.0, -300.0, -300.0, -267.0, -300.0, -132.0, -148.0, -163.0, -150.0, -226.0, -212.0, -79.0, -300.0, -103.0, -128.0, -141.0, -300.0, -187.0, -226.0, -206.0, -300.0, -132.0, -171.0, -300.0, -141.0, -300.0, -172.0, -120.0, -200.0, -300.0, -300.0, -224.0, -235.0, -157.0, -300.0, -112.0, -285.0, -126.0, -287.0, -300.0, -98.0, -300.0, -198.0, -163.0, -221.0, -300.0, -203.0, -202.0, -117.0, -120.0, -107.0, -258.0, -95.0, -71.0, -300.0, -87.0, -181.0, -179.0], [-152.0, -192.0, -201.0, -154.0, -300.0, -220.0, -186.0, -143.0, -124.0, -139.0, -151.0, -300.0, -162.0, -239.0, -144.0, -277.0, -111.0, -300.0, -150.0, -174.0, -231.0, -300.0, -299.0, -223.0, -300.0, -300.0, -300.0, -132.0, -106.0, -141.0, -300.0, -158.0, -189.0, -207.0, -251.0, -238.0, -197.0, -155.0, -151.0, -95.0, -134.0, -178.0, -300.0, -300.0, -140.0, -300.0, -120.0, -300.0, -78.0, -179.0, -162.0, -300.0, -93.0, -101.0, -263.0, -182.0, -112.0, -107.0, -228.0, -300.0, -184.0, -300.0, -157.0, -300.0, -126.0, -135.0, -300.0, -271.0, -155.0, -133.0, -79.0, -177.0, -300.0, -124.0, -218.0, -300.0, -155.0, -146.0, -225.0, -238.0, -162.0, -161.0, -191.0, -117.0, -300.0, -200.0, -251.0, -122.0, -144.0, -225.0, -97.0, -300.0, -116.0, -166.0, -300.0, -99.0, -137.0, -92.0, -185.0, -74.0], [-146.0, -190.0, -165.0, -128.0, -218.0, -300.0, -300.0, -197.0, -188.0, -213.0, -100.0, -112.0, -205.0, -158.0, -213.0, -195.0, -164.0, -140.0, -175.0, -225.0, -186.0, -300.0, -154.0, -300.0, -94.0, -213.0, -187.0, -188.0, -185.0, -107.0, -300.0, -101.0, -190.0, -300.0, -128.0, -300.0, -210.0, -300.0, -276.0, -179.0, -150.0, -124.0, -300.0, -185.0, -124.0, -135.0, -300.0, -154.0, -162.0, -163.0, -177.0, -146.0, -141.0, -166.0, -77.0, -300.0, -113.0, -121.0, -111.0, -156.0, -300.0, -300.0, -187.0, -263.0, -126.0, -300.0, -300.0, -133.0, -138.0, -191.0, -300.0, -141.0, -197.0, -253.0, -142.0, -225.0, -112.0, -258.0, -300.0, -300.0, -254.0, -300.0, -194.0, -124.0, -116.0, -127.0, -120.0, -300.0, -162.0, -300.0, -300.0, -170.0, -300.0, -176.0, -268.0, -300.0, -204.0, -186.0, -146.0, -270.0], [-134.0, -239.0, -152.0, -182.0, -300.0, -300.0, -300.0, -107.0, -179.0, -122.0, -110.0, -234.0, -225.0, -174.0, -255.0, -188.0, -300.0, -103.0, -172.0, -98.0, -156.0, -202.0, -286.0, -133.0, -222.0, -300.0, -102.0, -91.0, -109.0, -300.0, -300.0, -276.0, -230.0, -116.0, -300.0, -150.0, -184.0, -122.0, -140.0, -164.0, -224.0, -300.0, -122.0, -164.0, -138.0, -164.0, -300.0, -233.0, -88.0, -228.0, -300.0, -153.0, -151.0, -166.0, -255.0, -146.0, -194.0, -136.0, -256.0, -144.0, -178.0, -113.0, -223.0, -223.0, -155.0, -254.0, -300.0, -300.0, -126.0, -218.0, -300.0, -190.0, -117.0, -170.0, -146.0, -143.0, -130.0, -137.0, -300.0, -300.0, -108.0, -111.0, -270.0, -142.0, -251.0, -300.0, -154.0, -138.0, -173.0, -166.0, -300.0, -228.0, -300.0, -300.0, -300.0, -174.0, -141.0, -232.0, -168.0, -260.0], [-300.0, -149.0, -121.0, -118.0, -104.0, -147.0, -171.0, -194.0, -300.0, -138.0, -179.0, -300.0, -300.0, -155.0, -111.0, -186.0, -147.0, -182.0, -144.0, -166.0, -92.0, -202.0, -148.0, -300.0, -300.0, -88.0, -170.0, -139.0, -156.0, -300.0, -251.0, -210.0, -99.0, -207.0, -103.0, -120.0, -300.0, -191.0, -136.0, -300.0, -135.0, -178.0, -118.0, -230.0, -109.0, -300.0, -129.0, -99.0, -111.0, -152.0, -300.0, -300.0, -213.0, -85.0, -101.0, -127.0, -158.0, -169.0, -300.0, -221.0, -90.0, -105.0, -114.0, -154.0, -300.0, -127.0, -300.0, -184.0, -188.0, -300.0, -124.0, -300.0, -102.0, -180.0, -136.0, -300.0, -300.0, -120.0, -194.0, -158.0, -300.0, -111.0, -249.0, -115.0, -300.0, -218.0, -134.0, -171.0, -128.0, -111.0, -162.0, -105.0, -300.0, -158.0, -158.0, -300.0, -159.0, -129.0, -131.0, -163.0]], "success_matrix": [[true, true, true, true, true, true, true, false, true, false, false, true, true, false, true, true, true, true, true, true, false, false, true, true, true, true, true, true, true, true, true, true, true, false, true, true, false, true, true, false, true, true, true, false, false, true, false, true, true, true, true, true, true, true, false, true, true, true, false, true, true, true, false, true, true, false, true, false, true, true, true, false, false, true, true, true, false, true, true, true, true, false, true, false, true, true, true, false, true, true, true, true, true, true, true, true, false, true, true, true], [true, true, true, true, false, true, true, true, true, true, true, false, true, true, true, true, true, false, true, true, true, false, false, true, false, false, false, true, true, true, false, true, true, true, true, true, true, true, true, true, true, true, false, false, true, false, true, false, true, true, true, false, true, true, true, true, true, true, true, false, true, false, true, false, true, true, false, true, true, true, true, true, false, true, true, false, true, true, true, true, true, true, true, true, false, true, true, true, true, true, true, false, true, true, false, true, true, true, true, true], [true, true, true, true, true, false, false, true, true, true, true, true, true, true, true, true, true, true, true, true, true, false, true, false, true, true, true, true, true, true, false, true, true, false, true, false, true, false, true, true, true, true, false, true, true, true, false, true, true, true, true, true, true, true, true, false, true, true, true, true, false, false, true, true, true, false, false, true, true, true, false, true, true, true, true, true, true, true, false, false, true, false, true, true, true, true, true, false, true, false, false, true, false, true, true, false, true, true, true, true], [true, true, true, true, false, false, false, true, true, true, true, true, true, true, true, true, false, true, true, true, true, true, true, true, true, false, true, true, true, false, false, true, true, true, false, true, true, true, true, true, true, false, true, true, true, true, false, true, true, true, false, true, true, true, true, true, true, true, true, true, true, true, true, true, true, true, false, false, true, true, false, true, true, true, true, true, true, true, false, false, true, true, true, true, true, false, true, true, true, true, false, true, false, false, false, true, true, true, true, true], [false, true, true, true, true, true, true, true, false, true, true, false, false, true, true, true, true, true, true, true, true, true, true, false, false, true, true, true, true, false, true, true, true, true, true, true, false, true, true, false, true, true, true, true, true, false, true, true, true, true, false, false, true, true, true, true, true, true, false, true, true, true, true, true, false, true, false, true, true, false, true, false, true, true, true, false, false, true, true, true, false, true, true, true, false, true, true, true, true, true, true, true, false, true, true, false, true, true, true, true]], "ticket_name": "envs100_samples100_seed999_ddim8_20251130_223312_nsamples_100", "eval_noise_idx": 1, "eval_seed": 1619}