{"n_seeds": 5, "n_evals_per_seed": 100, "reward_mean": -69.48400115966797, "reward_std": 4.925538539886475, "success_mean": 0.968, "success_std": 0.016431676725154998, "episode_seeds": [1619, 1620, 1621, 1622, 1623], "seed_reward_means": [-65.43000030517578, -71.5199966430664, -63.36000061035156, -75.26000213623047, -71.8499984741211], "seed_success_means": [0.98, 0.96, 0.99, 0.95, 0.96], "reward_matrix": [[-54.0, -60.0, -80.0, -63.0, -55.0, -60.0, -59.0, -57.0, -67.0, -63.0, -63.0, -56.0, -52.0, -60.0, -55.0, -55.0, -51.0, -60.0, -57.0, -48.0, -53.0, -54.0, -60.0, -56.0, -57.0, -56.0, -56.0, -61.0, -68.0, -60.0, -57.0, -55.0, -56.0, -55.0, -63.0, -52.0, -55.0, -56.0, -83.0, -56.0, -56.0, -59.0, -300.0, -60.0, -75.0, -66.0, -71.0, -56.0, -60.0, -69.0, -59.0, -60.0, -68.0, -65.0, -52.0, -53.0, -55.0, -75.0, -52.0, -59.0, -60.0, -57.0, -55.0, -63.0, -55.0, -59.0, -55.0, -76.0, -60.0, -59.0, -68.0, -59.0, -56.0, -53.0, -56.0, -56.0, -55.0, -51.0, -67.0, -59.0, -59.0, -59.0, -52.0, -52.0, -61.0, -209.0, -52.0, -300.0, -52.0, -81.0, -53.0, -51.0, -63.0, -56.0, -51.0, -64.0, -65.0, -60.0, -54.0, -56.0], [-52.0, -57.0, -57.0, -57.0, -300.0, -66.0, -52.0, -56.0, -60.0, -56.0, -57.0, -75.0, -59.0, -80.0, -57.0, -64.0, -55.0, -300.0, -57.0, -64.0, -87.0, -48.0, -65.0, -56.0, -60.0, -300.0, -72.0, -55.0, -52.0, -82.0, -60.0, -60.0, -60.0, -56.0, -52.0, -60.0, -80.0, -55.0, -60.0, -59.0, -75.0, -51.0, -56.0, -55.0, -71.0, -72.0, -63.0, -53.0, -61.0, -71.0, -55.0, -52.0, -52.0, -63.0, -63.0, -63.0, -60.0, -51.0, -55.0, -56.0, -226.0, -56.0, -52.0, -63.0, -59.0, -69.0, -56.0, -56.0, -59.0, -51.0, -58.0, -59.0, -63.0, -64.0, -53.0, -52.0, -55.0, -64.0, -65.0, -59.0, -57.0, -67.0, -56.0, -104.0, -55.0, -67.0, -60.0, -60.0, -56.0, -63.0, -51.0, -300.0, -56.0, -58.0, -68.0, -63.0, -54.0, -51.0, -56.0, -53.0], [-71.0, -59.0, -49.0, -63.0, -64.0, -64.0, -66.0, -69.0, -60.0, -57.0, -52.0, -60.0, -62.0, -60.0, -56.0, -55.0, -56.0, -51.0, -56.0, -59.0, -56.0, -60.0, -65.0, -48.0, -60.0, -191.0, -61.0, -53.0, -68.0, -79.0, -60.0, -59.0, -103.0, -56.0, -56.0, -91.0, -53.0, -64.0, -68.0, -64.0, -64.0, -50.0, -52.0, -53.0, -60.0, -60.0, -71.0, -59.0, -53.0, -300.0, -67.0, -53.0, -53.0, -49.0, -55.0, -64.0, -48.0, -56.0, -59.0, -60.0, -64.0, -59.0, -52.0, -67.0, -48.0, -57.0, -55.0, -56.0, -51.0, -56.0, -67.0, -51.0, -55.0, -65.0, -64.0, -60.0, -52.0, -57.0, -73.0, -55.0, -72.0, -68.0, -55.0, -51.0, -63.0, -52.0, -52.0, -51.0, -63.0, -60.0, -67.0, -52.0, -55.0, -68.0, -67.0, -52.0, -59.0, -64.0, -52.0, -59.0], [-59.0, -59.0, -56.0, -68.0, -48.0, -85.0, -67.0, -56.0, -53.0, -53.0, -53.0, -300.0, -55.0, -64.0, -63.0, -75.0, -72.0, -73.0, -56.0, -59.0, -59.0, -64.0, -59.0, -59.0, -64.0, -51.0, -68.0, -196.0, -61.0, -61.0, -51.0, -59.0, -56.0, -52.0, -300.0, -51.0, -56.0, -57.0, -50.0, -87.0, -71.0, -64.0, -52.0, -60.0, -56.0, -63.0, -52.0, -60.0, -49.0, -300.0, -72.0, -68.0, -64.0, -52.0, -54.0, -67.0, -56.0, -53.0, -53.0, -63.0, -72.0, -56.0, -59.0, -53.0, -60.0, -72.0, -60.0, -70.0, -55.0, -56.0, -56.0, -60.0, -52.0, -65.0, -60.0, -51.0, -67.0, -63.0, -61.0, -52.0, -55.0, -55.0, -300.0, -56.0, -59.0, -53.0, -55.0, -60.0, -64.0, -60.0, -56.0, -77.0, -76.0, -53.0, -260.0, -60.0, -300.0, -52.0, -51.0, -60.0], [-53.0, -182.0, -60.0, -57.0, -70.0, -56.0, -56.0, -52.0, -51.0, -219.0, -56.0, -60.0, -64.0, -65.0, -63.0, -300.0, -59.0, -56.0, -56.0, -57.0, -58.0, -52.0, -55.0, -53.0, -59.0, -60.0, -56.0, -60.0, -300.0, -59.0, -106.0, -84.0, -79.0, -58.0, -61.0, -60.0, -53.0, -61.0, -56.0, -63.0, -54.0, -52.0, -53.0, -52.0, -71.0, -52.0, -53.0, -56.0, -58.0, -60.0, -63.0, -52.0, -50.0, -59.0, -77.0, -56.0, -70.0, -61.0, -56.0, -61.0, -63.0, -49.0, -52.0, -60.0, -61.0, -52.0, -64.0, -59.0, -49.0, -58.0, -59.0, -55.0, -56.0, -52.0, -56.0, -54.0, -60.0, -61.0, -56.0, -56.0, -300.0, -88.0, -82.0, -300.0, -57.0, -66.0, -52.0, -56.0, -59.0, -56.0, -65.0, -56.0, -52.0, -57.0, -60.0, -56.0, -55.0, -59.0, -59.0, -67.0]], "success_matrix": [[true, true, true, true, true, true, true, true, true, true, true, true, true, true, true, true, true, true, true, true, true, true, true, true, true, true, true, true, true, true, true, true, true, true, true, true, true, true, true, true, true, true, false, true, true, true, true, true, true, true, true, true, true, true, true, true, true, true, true, true, true, true, true, true, true, true, true, true, true, true, true, true, true, true, true, true, true, true, true, true, true, true, true, true, true, true, true, false, true, true, true, true, true, true, true, true, true, true, true, true], [true, true, true, true, false, true, true, true, true, true, true, true, true, true, true, true, true, false, true, true, true, true, true, true, true, false, true, true, true, true, true, true, true, true, true, true, true, true, true, true, true, true, true, true, true, true, true, true, true, true, true, true, true, true, true, true, true, true, true, true, true, true, true, true, true, true, true, true, true, true, true, true, true, true, true, true, true, true, true, true, true, true, true, true, true, true, true, true, true, true, true, false, true, true, true, true, true, true, true, true], [true, true, true, true, true, true, true, true, true, true, true, true, true, true, true, true, true, true, true, true, true, true, true, true, true, true, true, true, true, true, true, true, true, true, true, true, true, true, true, true, true, true, true, true, true, true, true, true, true, false, true, true, true, true, true, true, true, true, true, true, true, true, true, true, true, true, true, true, true, true, true, true, true, true, true, true, true, true, true, true, true, true, true, true, true, true, true, true, true, true, true, true, true, true, true, true, true, true, true, true], [true, true, true, true, true, true, true, true, true, true, true, false, true, true, true, true, true, true, true, true, true, true, true, true, true, true, true, true, true, true, true, true, true, true, false, true, true, true, true, true, true, true, true, true, true, true, true, true, true, false, true, true, true, true, true, true, true, true, true, true, true, true, true, true, true, true, true, true, true, true, true, true, true, true, true, true, true, true, true, true, true, true, false, true, true, true, true, true, true, true, true, true, true, true, true, true, false, true, true, true], [true, true, true, true, true, true, true, true, true, true, true, true, true, true, true, false, true, true, true, true, true, true, true, true, true, true, true, true, false, true, true, true, true, true, true, true, true, true, true, true, true, true, true, true, true, true, true, true, true, true, true, true, true, true, true, true, true, true, true, true, true, true, true, true, true, true, true, true, true, true, true, true, true, true, true, true, true, true, true, true, false, true, true, false, true, true, true, true, true, true, true, true, true, true, true, true, true, true, true, true]], "ticket_name": "zo_envs10_iter100_cand10_lambda2.0_seed666_ddim2_20251215_221703/seed_673", "eval_noise_idx": 0, "eval_seed": 1619}