{"n_seeds": 5, "n_evals_per_seed": 100, "reward_mean": -229.0240020751953, "reward_std": 8.791175842285156, "success_mean": 0.43, "success_std": 0.048166378315169185, "episode_seeds": [1619, 1620, 1621, 1622, 1623], "seed_reward_means": [-216.1699981689453, -241.52999877929688, -227.0, -235.58999633789062, -224.8300018310547], "seed_success_means": [0.48, 0.35, 0.46, 0.4, 0.46], "reward_matrix": [[-300.0, -300.0, -300.0, -300.0, -300.0, -300.0, -145.0, -119.0, -115.0, -300.0, -238.0, -131.0, -118.0, -300.0, -109.0, -107.0, -300.0, -300.0, -213.0, -130.0, -300.0, -300.0, -112.0, -110.0, -300.0, -300.0, -300.0, -110.0, -300.0, -300.0, -111.0, -300.0, -300.0, -102.0, -203.0, -300.0, -132.0, -300.0, -300.0, -300.0, -300.0, -300.0, -300.0, -300.0, -99.0, -300.0, -119.0, -300.0, -122.0, -115.0, -111.0, -102.0, -107.0, -118.0, -116.0, -300.0, -300.0, -130.0, -300.0, -179.0, -175.0, -300.0, -99.0, -300.0, -119.0, -300.0, -118.0, -131.0, -107.0, -300.0, -300.0, -300.0, -300.0, -118.0, -123.0, -300.0, -300.0, -300.0, -300.0, -300.0, -300.0, -300.0, -102.0, -300.0, -103.0, -300.0, -125.0, -182.0, -107.0, -122.0, -100.0, -114.0, -107.0, -300.0, -121.0, -119.0, -300.0, -300.0, -300.0, -102.0], [-300.0, -300.0, -300.0, -300.0, -300.0, -300.0, -133.0, -300.0, -113.0, -282.0, -300.0, -174.0, -300.0, -300.0, -300.0, -300.0, -102.0, -300.0, -300.0, -106.0, -300.0, -300.0, -300.0, -112.0, -300.0, -130.0, -107.0, -300.0, -300.0, -300.0, -300.0, -132.0, -300.0, -300.0, -300.0, -124.0, -300.0, -300.0, -300.0, -300.0, -300.0, -137.0, -118.0, -300.0, -300.0, -104.0, -116.0, -300.0, -300.0, -300.0, -119.0, -300.0, -105.0, -300.0, -300.0, -116.0, -98.0, -300.0, -111.0, -300.0, -300.0, -300.0, -300.0, -300.0, -300.0, -115.0, -300.0, -134.0, -300.0, -174.0, -154.0, -139.0, -300.0, -111.0, -99.0, -300.0, -167.0, -210.0, -300.0, -126.0, -300.0, -300.0, -300.0, -300.0, -120.0, -300.0, -300.0, -108.0, -300.0, -117.0, -300.0, -241.0, -300.0, -300.0, -300.0, -300.0, -300.0, -99.0, -300.0, -300.0], [-125.0, -300.0, -108.0, -300.0, -300.0, -136.0, -300.0, -300.0, -111.0, -300.0, -300.0, -300.0, -300.0, -300.0, -116.0, -110.0, -126.0, -138.0, -300.0, -300.0, -300.0, -300.0, -103.0, -300.0, -136.0, -145.0, -102.0, -102.0, -300.0, -300.0, -171.0, -300.0, -300.0, -300.0, -109.0, -300.0, -240.0, -300.0, -300.0, -102.0, -300.0, -300.0, -161.0, -300.0, -300.0, -102.0, -300.0, -272.0, -300.0, -300.0, -300.0, -118.0, -300.0, -124.0, -110.0, -300.0, -115.0, -107.0, -114.0, -129.0, -133.0, -300.0, -300.0, -300.0, -191.0, -233.0, -300.0, -130.0, -127.0, -300.0, -300.0, -110.0, -300.0, -300.0, -131.0, -300.0, -300.0, -300.0, -300.0, -112.0, -300.0, -246.0, -108.0, -300.0, -102.0, -115.0, -300.0, -249.0, -187.0, -112.0, -300.0, -300.0, -120.0, -300.0, -170.0, -300.0, -300.0, -300.0, -285.0, -107.0], [-300.0, -300.0, -239.0, -210.0, -300.0, -300.0, -127.0, -300.0, -300.0, -161.0, -154.0, -123.0, -300.0, -300.0, -300.0, -300.0, -300.0, -106.0, -300.0, -300.0, -300.0, -300.0, -300.0, -300.0, -144.0, -165.0, -107.0, -120.0, -179.0, -116.0, -300.0, -300.0, -300.0, -122.0, -300.0, -179.0, -300.0, -300.0, -300.0, -300.0, -190.0, -300.0, -108.0, -300.0, -300.0, -300.0, -300.0, -202.0, -300.0, -108.0, -118.0, -123.0, -110.0, -114.0, -300.0, -300.0, -300.0, -116.0, -300.0, -140.0, -300.0, -116.0, -300.0, -300.0, -300.0, -123.0, -116.0, -300.0, -300.0, -300.0, -300.0, -300.0, -232.0, -300.0, -111.0, -300.0, -300.0, -300.0, -300.0, -148.0, -164.0, -111.0, -300.0, -300.0, -300.0, -300.0, -115.0, -294.0, -300.0, -168.0, -124.0, -300.0, -300.0, -109.0, -114.0, -300.0, -300.0, -111.0, -300.0, -122.0], [-104.0, -300.0, -300.0, -108.0, -300.0, -300.0, -300.0, -105.0, -300.0, -103.0, -206.0, -300.0, -300.0, -300.0, -300.0, -129.0, -300.0, -109.0, -141.0, -300.0, -146.0, -120.0, -300.0, -189.0, -111.0, -127.0, -300.0, -127.0, -300.0, -107.0, -300.0, -174.0, -192.0, -104.0, -101.0, -103.0, -300.0, -300.0, -300.0, -300.0, -113.0, -300.0, -300.0, -111.0, -168.0, -300.0, -300.0, -119.0, -280.0, -219.0, -300.0, -300.0, -300.0, -300.0, -300.0, -300.0, -120.0, -300.0, -113.0, -300.0, -135.0, -142.0, -132.0, -300.0, -103.0, -111.0, -300.0, -300.0, -300.0, -300.0, -125.0, -300.0, -300.0, -101.0, -126.0, -300.0, -300.0, -300.0, -193.0, -300.0, -169.0, -300.0, -144.0, -162.0, -114.0, -130.0, -300.0, -300.0, -300.0, -300.0, -300.0, -147.0, -300.0, -178.0, -300.0, -107.0, -300.0, -300.0, -300.0, -115.0]], "success_matrix": [[false, false, false, false, false, false, true, true, true, false, true, true, true, false, true, true, false, false, true, true, false, false, true, true, false, false, false, true, false, false, true, false, false, true, true, false, true, false, false, false, false, false, false, false, true, false, true, false, true, true, true, true, true, true, true, false, false, true, false, true, true, false, true, false, true, false, true, true, true, false, false, false, false, true, true, false, false, false, false, false, false, false, true, false, true, false, true, true, true, true, true, true, true, false, true, true, false, false, false, true], [false, false, false, false, false, false, true, false, true, true, false, true, false, false, false, false, true, false, false, true, false, false, false, true, false, true, true, false, false, false, false, true, false, false, false, true, false, false, false, false, false, true, true, false, false, true, true, false, false, false, true, false, true, false, false, true, true, false, true, false, false, false, false, false, false, true, false, true, false, true, true, true, false, true, true, false, true, true, false, true, false, false, false, false, true, false, false, true, false, true, false, true, false, false, false, false, false, true, false, false], [true, false, true, false, false, true, false, false, true, false, false, false, false, false, true, true, true, true, false, false, false, false, true, false, true, true, true, true, false, false, true, false, false, false, true, false, true, false, false, true, false, false, true, false, false, true, false, true, false, false, false, true, false, true, true, false, true, true, true, true, true, false, false, false, true, true, false, true, true, false, false, true, false, false, true, false, false, false, false, true, false, true, true, false, true, true, false, true, true, true, false, false, true, false, true, false, false, false, true, true], [false, false, true, true, false, false, true, false, false, true, true, true, false, false, false, false, false, true, false, false, false, false, false, false, true, true, true, true, true, true, false, false, false, true, false, true, false, false, false, false, true, false, true, false, false, false, false, true, false, true, true, true, true, true, false, false, false, true, false, true, false, true, false, false, false, true, true, false, false, false, false, false, true, false, true, false, false, false, false, true, true, true, false, false, false, false, true, false, false, true, true, false, false, true, true, false, false, true, false, true], [true, false, false, true, false, false, false, true, false, true, true, false, false, false, false, true, false, true, true, false, true, true, false, true, true, true, false, true, false, true, false, true, true, true, true, true, false, false, false, false, true, false, false, true, true, false, false, true, true, true, false, false, false, false, false, false, true, false, true, false, true, true, true, false, true, true, false, false, false, false, true, false, false, true, true, false, false, false, true, false, true, false, true, true, true, true, false, false, false, false, false, true, false, true, false, true, false, false, false, true]], "ticket_name": "envs100_samples1000_seeds999_1000_1001_1002_1003_1004_1005_1006_1007_1008_ddim2_20251208_043402/seed_1005", "eval_noise_idx": 0, "eval_seed": 1619}