{"n_seeds": 5, "n_evals_per_seed": 100, "reward_mean": -153.50999450683594, "reward_std": 5.376888275146484, "success_mean": 0.9020000000000001, "success_std": 0.02135415650406264, "episode_seeds": [1619, 1620, 1621, 1622, 1623], "seed_reward_means": [-160.02999877929688, -158.3000030517578, -152.25, -152.16000366210938, -144.80999755859375], "seed_success_means": [0.9, 0.87, 0.89, 0.93, 0.92], "reward_matrix": [[-214.0, -288.0, -300.0, -133.0, -147.0, -129.0, -177.0, -100.0, -300.0, -148.0, -146.0, -121.0, -93.0, -210.0, -91.0, -145.0, -104.0, -154.0, -157.0, -79.0, -89.0, -110.0, -267.0, -249.0, -157.0, -119.0, -131.0, -161.0, -158.0, -140.0, -127.0, -300.0, -105.0, -99.0, -300.0, -185.0, -117.0, -106.0, -224.0, -78.0, -117.0, -132.0, -120.0, -125.0, -300.0, -150.0, -300.0, -117.0, -106.0, -300.0, -100.0, -280.0, -181.0, -102.0, -95.0, -92.0, -119.0, -198.0, -159.0, -160.0, -243.0, -275.0, -141.0, -130.0, -135.0, -143.0, -168.0, -300.0, -150.0, -121.0, -169.0, -176.0, -108.0, -96.0, -140.0, -145.0, -111.0, -137.0, -211.0, -182.0, -132.0, -137.0, -144.0, -166.0, -132.0, -155.0, -87.0, -145.0, -134.0, -300.0, -150.0, -144.0, -142.0, -136.0, -120.0, -123.0, -300.0, -100.0, -151.0, -113.0], [-87.0, -111.0, -104.0, -196.0, -111.0, -189.0, -82.0, -136.0, -128.0, -131.0, -145.0, -254.0, -116.0, -300.0, -171.0, -300.0, -160.0, -82.0, -142.0, -160.0, -300.0, -85.0, -247.0, -106.0, -129.0, -123.0, -300.0, -151.0, -135.0, -177.0, -99.0, -108.0, -99.0, -142.0, -97.0, -138.0, -300.0, -130.0, -104.0, -123.0, -246.0, -114.0, -129.0, -113.0, -188.0, -300.0, -161.0, -110.0, -105.0, -238.0, -173.0, -105.0, -102.0, -141.0, -300.0, -144.0, -118.0, -116.0, -145.0, -96.0, -144.0, -103.0, -104.0, -132.0, -183.0, -149.0, -99.0, -300.0, -138.0, -121.0, -96.0, -105.0, -300.0, -104.0, -194.0, -92.0, -103.0, -156.0, -186.0, -124.0, -129.0, -200.0, -94.0, -241.0, -93.0, -169.0, -220.0, -108.0, -300.0, -226.0, -114.0, -300.0, -109.0, -117.0, -300.0, -188.0, -157.0, -300.0, -104.0, -86.0], [-300.0, -183.0, -150.0, -121.0, -159.0, -300.0, -300.0, -140.0, -143.0, -149.0, -119.0, -139.0, -158.0, -95.0, -118.0, -123.0, -155.0, -97.0, -288.0, -178.0, -124.0, -300.0, -172.0, -144.0, -135.0, -222.0, -165.0, -103.0, -134.0, -300.0, -100.0, -122.0, -160.0, -112.0, -99.0, -300.0, -111.0, -128.0, -300.0, -142.0, -137.0, -100.0, -106.0, -82.0, -100.0, -128.0, -300.0, -164.0, -92.0, -172.0, -144.0, -118.0, -109.0, -111.0, -99.0, -223.0, -86.0, -133.0, -160.0, -123.0, -102.0, -104.0, -102.0, -300.0, -73.0, -113.0, -166.0, -136.0, -102.0, -109.0, -182.0, -69.0, -143.0, -127.0, -145.0, -145.0, -77.0, -241.0, -300.0, -120.0, -176.0, -183.0, -117.0, -108.0, -181.0, -88.0, -139.0, -87.0, -141.0, -175.0, -300.0, -116.0, -103.0, -208.0, -145.0, -130.0, -128.0, -132.0, -142.0, -95.0], [-129.0, -115.0, -75.0, -193.0, -83.0, -300.0, -135.0, -117.0, -201.0, -133.0, -147.0, -161.0, -111.0, -212.0, -190.0, -116.0, -300.0, -232.0, -196.0, -127.0, -177.0, -141.0, -276.0, -188.0, -230.0, -80.0, -168.0, -104.0, -128.0, -218.0, -84.0, -138.0, -84.0, -83.0, -139.0, -92.0, -140.0, -111.0, -81.0, -159.0, -153.0, -142.0, -99.0, -222.0, -137.0, -141.0, -91.0, -168.0, -99.0, -128.0, -123.0, -300.0, -139.0, -102.0, -217.0, -199.0, -117.0, -146.0, -106.0, -226.0, -127.0, -98.0, -156.0, -199.0, -87.0, -115.0, -300.0, -215.0, -125.0, -105.0, -120.0, -128.0, -113.0, -201.0, -93.0, -83.0, -202.0, -133.0, -300.0, -101.0, -184.0, -183.0, -181.0, -98.0, -123.0, -90.0, -126.0, -147.0, -138.0, -124.0, -111.0, -178.0, -142.0, -83.0, -300.0, -168.0, -172.0, -118.0, -100.0, -300.0], [-103.0, -101.0, -101.0, -167.0, -139.0, -99.0, -96.0, -98.0, -95.0, -123.0, -151.0, -105.0, -137.0, -136.0, -140.0, -149.0, -256.0, -141.0, -111.0, -141.0, -95.0, -165.0, -154.0, -91.0, -211.0, -116.0, -171.0, -136.0, -142.0, -131.0, -143.0, -213.0, -300.0, -171.0, -116.0, -119.0, -103.0, -156.0, -140.0, -145.0, -92.0, -174.0, -120.0, -108.0, -152.0, -77.0, -87.0, -137.0, -110.0, -122.0, -300.0, -113.0, -137.0, -86.0, -300.0, -177.0, -171.0, -147.0, -113.0, -300.0, -137.0, -118.0, -82.0, -121.0, -161.0, -84.0, -300.0, -167.0, -90.0, -137.0, -169.0, -107.0, -106.0, -93.0, -114.0, -104.0, -186.0, -159.0, -118.0, -120.0, -95.0, -300.0, -300.0, -148.0, -135.0, -219.0, -80.0, -104.0, -116.0, -140.0, -195.0, -120.0, -111.0, -300.0, -142.0, -145.0, -119.0, -106.0, -140.0, -163.0]], "success_matrix": [[true, true, false, true, true, true, true, true, false, true, true, true, true, true, true, true, true, true, true, true, true, true, true, true, true, true, true, true, true, true, true, false, true, true, false, true, true, true, true, true, true, true, true, true, false, true, false, true, true, false, true, true, true, true, true, true, true, true, true, true, true, true, true, true, true, true, true, false, true, true, true, true, true, true, true, true, true, true, true, true, true, true, true, true, true, true, true, true, true, false, true, true, true, true, true, true, false, true, true, true], [true, true, true, true, true, true, true, true, true, true, true, true, true, false, true, false, true, true, true, true, false, true, true, true, true, true, false, true, true, true, true, true, true, true, true, true, false, true, true, true, true, true, true, true, true, false, true, true, true, true, true, true, true, true, false, true, true, true, true, true, true, true, true, true, true, true, true, false, true, true, true, true, false, true, true, true, true, true, true, true, true, true, true, true, true, true, true, true, false, true, true, false, true, true, false, true, true, false, true, true], [false, true, true, true, true, false, false, true, true, true, true, true, true, true, true, true, true, true, true, true, true, false, true, true, true, true, true, true, true, false, true, true, true, true, true, false, true, true, false, true, true, true, true, true, true, true, false, true, true, true, true, true, true, true, true, true, true, true, true, true, true, true, true, false, true, true, true, true, true, true, true, true, true, true, true, true, true, true, false, true, true, true, true, true, true, true, true, true, true, true, false, true, true, true, true, true, true, true, true, true], [true, true, true, true, true, false, true, true, true, true, true, true, true, true, true, true, false, true, true, true, true, true, true, true, true, true, true, true, true, true, true, true, true, true, true, true, true, true, true, true, true, true, true, true, true, true, true, true, true, true, true, false, true, true, true, true, true, true, true, true, true, true, true, true, true, true, false, true, true, true, true, true, true, true, true, true, true, true, false, true, true, true, true, true, true, true, true, true, true, true, true, true, true, true, false, true, true, true, true, false], [true, true, true, true, true, true, true, true, true, true, true, true, true, true, true, true, true, true, true, true, true, true, true, true, true, true, true, true, true, true, true, true, false, true, true, true, true, true, true, true, true, true, true, true, true, true, true, true, true, true, false, true, true, true, false, true, true, true, true, false, true, true, true, true, true, true, false, true, true, true, true, true, true, true, true, true, true, true, true, true, true, false, false, true, true, true, true, true, true, true, true, true, true, false, true, true, true, true, true, true]], "ticket_name": "envs100_samples1000_seeds999_1000_1001_1002_1003_1004_1005_1006_1007_1008_ddim8_20251208_041639/seed_999", "eval_noise_idx": 0, "eval_seed": 1619}