{"n_seeds": 5, "n_evals_per_seed": 100, "reward_mean": -185.71600341796875, "reward_std": 6.985599517822266, "success_mean": 0.808, "success_std": 0.046647615158762396, "episode_seeds": [1619, 1620, 1621, 1622, 1623], "seed_reward_means": [-174.72000122070312, -192.0, -182.36000061035156, -194.2100067138672, -185.2899932861328], "seed_success_means": [0.87, 0.79, 0.85, 0.74, 0.79], "reward_matrix": [[-162.0, -140.0, -169.0, -300.0, -174.0, -157.0, -133.0, -300.0, -148.0, -161.0, -178.0, -271.0, -189.0, -139.0, -262.0, -143.0, -135.0, -144.0, -163.0, -149.0, -124.0, -138.0, -122.0, -300.0, -150.0, -165.0, -161.0, -126.0, -300.0, -210.0, -138.0, -157.0, -145.0, -127.0, -141.0, -131.0, -300.0, -146.0, -137.0, -161.0, -170.0, -300.0, -161.0, -161.0, -145.0, -143.0, -155.0, -137.0, -300.0, -134.0, -121.0, -129.0, -127.0, -170.0, -300.0, -149.0, -145.0, -133.0, -300.0, -150.0, -178.0, -300.0, -137.0, -139.0, -140.0, -143.0, -141.0, -134.0, -131.0, -185.0, -145.0, -130.0, -157.0, -300.0, -150.0, -169.0, -161.0, -160.0, -174.0, -150.0, -154.0, -148.0, -227.0, -207.0, -300.0, -164.0, -149.0, -172.0, -205.0, -151.0, -236.0, -133.0, -249.0, -153.0, -125.0, -165.0, -125.0, -133.0, -300.0, -126.0], [-133.0, -137.0, -300.0, -175.0, -133.0, -165.0, -221.0, -248.0, -300.0, -150.0, -136.0, -185.0, -153.0, -173.0, -141.0, -169.0, -224.0, -149.0, -137.0, -253.0, -129.0, -153.0, -300.0, -155.0, -143.0, -170.0, -129.0, -157.0, -125.0, -300.0, -157.0, -141.0, -138.0, -149.0, -161.0, -300.0, -150.0, -300.0, -141.0, -142.0, -170.0, -141.0, -300.0, -157.0, -159.0, -237.0, -137.0, -300.0, -178.0, -300.0, -300.0, -158.0, -300.0, -162.0, -188.0, -269.0, -220.0, -130.0, -129.0, -117.0, -145.0, -300.0, -300.0, -167.0, -300.0, -129.0, -300.0, -173.0, -123.0, -181.0, -187.0, -161.0, -300.0, -125.0, -137.0, -201.0, -181.0, -198.0, -152.0, -156.0, -161.0, -300.0, -182.0, -211.0, -188.0, -154.0, -187.0, -241.0, -300.0, -300.0, -170.0, -173.0, -141.0, -121.0, -159.0, -165.0, -300.0, -129.0, -128.0, -300.0], [-148.0, -300.0, -146.0, -175.0, -161.0, -157.0, -220.0, -155.0, -125.0, -140.0, -125.0, -165.0, -181.0, -125.0, -125.0, -135.0, -142.0, -223.0, -129.0, -145.0, -146.0, -300.0, -134.0, -167.0, -300.0, -205.0, -124.0, -249.0, -178.0, -190.0, -152.0, -171.0, -157.0, -177.0, -208.0, -145.0, -137.0, -129.0, -145.0, -220.0, -300.0, -171.0, -157.0, -137.0, -202.0, -141.0, -169.0, -141.0, -152.0, -123.0, -161.0, -157.0, -147.0, -154.0, -138.0, -137.0, -232.0, -133.0, -136.0, -165.0, -125.0, -300.0, -300.0, -163.0, -300.0, -168.0, -300.0, -261.0, -125.0, -157.0, -145.0, -136.0, -153.0, -205.0, -134.0, -149.0, -157.0, -300.0, -119.0, -146.0, -300.0, -174.0, -149.0, -131.0, -262.0, -181.0, -208.0, -167.0, -141.0, -300.0, -300.0, -157.0, -300.0, -151.0, -170.0, -300.0, -300.0, -166.0, -191.0, -236.0], [-153.0, -187.0, -157.0, -300.0, -300.0, -119.0, -141.0, -300.0, -300.0, -300.0, -150.0, -130.0, -158.0, -300.0, -300.0, -137.0, -300.0, -125.0, -157.0, -300.0, -155.0, -174.0, -222.0, -173.0, -142.0, -144.0, -121.0, -165.0, -161.0, -296.0, -139.0, -147.0, -170.0, -193.0, -127.0, -249.0, -300.0, -182.0, -161.0, -300.0, -154.0, -149.0, -300.0, -129.0, -159.0, -133.0, -142.0, -300.0, -153.0, -143.0, -300.0, -174.0, -149.0, -134.0, -264.0, -300.0, -153.0, -294.0, -120.0, -145.0, -157.0, -141.0, -300.0, -300.0, -300.0, -141.0, -134.0, -125.0, -145.0, -166.0, -166.0, -162.0, -149.0, -300.0, -125.0, -130.0, -300.0, -157.0, -129.0, -142.0, -133.0, -149.0, -145.0, -171.0, -300.0, -145.0, -300.0, -160.0, -120.0, -141.0, -300.0, -300.0, -300.0, -127.0, -133.0, -300.0, -142.0, -249.0, -160.0, -147.0], [-286.0, -189.0, -125.0, -300.0, -121.0, -157.0, -153.0, -118.0, -160.0, -126.0, -136.0, -133.0, -153.0, -300.0, -300.0, -148.0, -155.0, -126.0, -300.0, -189.0, -143.0, -138.0, -162.0, -165.0, -133.0, -151.0, -223.0, -151.0, -178.0, -300.0, -125.0, -139.0, -300.0, -137.0, -300.0, -143.0, -158.0, -153.0, -121.0, -135.0, -133.0, -177.0, -122.0, -300.0, -147.0, -148.0, -173.0, -203.0, -165.0, -131.0, -132.0, -165.0, -187.0, -300.0, -237.0, -126.0, -130.0, -300.0, -189.0, -165.0, -137.0, -151.0, -156.0, -183.0, -300.0, -129.0, -300.0, -191.0, -165.0, -130.0, -142.0, -300.0, -300.0, -148.0, -135.0, -300.0, -141.0, -141.0, -167.0, -183.0, -300.0, -300.0, -198.0, -165.0, -300.0, -300.0, -129.0, -164.0, -135.0, -189.0, -300.0, -185.0, -162.0, -140.0, -125.0, -150.0, -154.0, -300.0, -149.0, -125.0]], "success_matrix": [[true, true, true, false, true, true, true, false, true, true, true, true, true, true, true, true, true, true, true, true, true, true, true, false, true, true, true, true, false, true, true, true, true, true, true, true, false, true, true, true, true, false, true, true, true, true, true, true, false, true, true, true, true, true, false, true, true, true, false, true, true, false, true, true, true, true, true, true, true, true, true, true, true, false, true, true, true, true, true, true, true, true, true, true, false, true, true, true, true, true, true, true, true, true, true, true, true, true, false, true], [true, true, false, true, true, true, true, true, false, true, true, true, true, true, true, true, true, true, true, true, true, true, false, true, true, true, true, true, true, false, true, true, true, true, true, false, true, false, true, true, true, true, false, true, true, true, true, false, true, false, false, true, false, true, true, true, true, true, true, true, true, false, false, true, false, true, false, true, true, true, true, true, false, true, true, true, true, true, true, true, true, false, true, true, true, true, true, true, false, false, true, true, true, true, true, true, false, true, true, false], [true, false, true, true, true, true, true, true, true, true, true, true, true, true, true, true, true, true, true, true, true, false, true, true, false, true, true, true, true, true, true, true, true, true, true, true, true, true, true, true, false, true, true, true, true, true, true, true, true, true, true, true, true, true, true, true, true, true, true, true, true, false, false, true, false, true, false, true, true, true, true, true, true, true, true, true, true, false, true, true, false, true, true, true, true, true, true, true, true, false, false, true, false, true, true, false, false, true, true, true], [true, true, true, false, false, true, true, false, false, false, true, true, true, false, false, true, false, true, true, false, true, true, true, true, true, true, true, true, true, true, true, true, true, true, true, true, false, true, true, false, true, true, false, true, true, true, true, false, true, true, false, true, true, true, true, false, true, true, true, true, true, true, false, false, false, true, true, true, true, true, true, true, true, false, true, true, false, true, true, true, true, true, true, true, false, true, false, true, true, true, false, false, false, true, true, false, true, true, true, true], [true, true, true, false, true, true, true, true, true, true, true, true, true, false, false, true, true, true, false, true, true, true, true, true, true, true, true, true, true, false, true, true, false, true, false, true, true, true, true, true, true, true, true, false, true, true, true, true, true, true, true, true, true, false, true, true, true, false, true, true, true, true, true, true, false, true, false, true, true, true, true, false, false, true, true, false, true, true, true, true, false, false, true, true, false, false, true, true, true, true, false, true, true, true, true, true, true, false, true, true]], "ticket_name": "envs10_samples5000_seed999_ddim8_20251130_223053_nenvs_10", "eval_noise_idx": 0, "eval_seed": 1619}