{"n_seeds": 5, "n_evals_per_seed": 100, "reward_mean": -132.197998046875, "reward_std": 14.47308349609375, "success_mean": 0.73, "success_std": 0.06670832032063168, "episode_seeds": [1619, 1620, 1621, 1622, 1623], "seed_reward_means": [-148.36000061035156, -137.6199951171875, -115.0999984741211, -118.88999938964844, -141.02000427246094], "seed_success_means": [0.65, 0.73, 0.81, 0.78, 0.68], "reward_matrix": [[-58.0, -300.0, -77.0, -59.0, -53.0, -300.0, -95.0, -54.0, -300.0, -66.0, -56.0, -66.0, -48.0, -68.0, -56.0, -80.0, -59.0, -300.0, -59.0, -63.0, -79.0, -300.0, -76.0, -56.0, -300.0, -300.0, -47.0, -63.0, -300.0, -300.0, -52.0, -72.0, -152.0, -215.0, -95.0, -60.0, -58.0, -300.0, -67.0, -51.0, -295.0, -300.0, -300.0, -300.0, -300.0, -300.0, -300.0, -78.0, -49.0, -74.0, -49.0, -75.0, -300.0, -300.0, -300.0, -48.0, -300.0, -66.0, -300.0, -300.0, -54.0, -56.0, -58.0, -300.0, -57.0, -64.0, -57.0, -69.0, -135.0, -300.0, -300.0, -54.0, -53.0, -53.0, -300.0, -57.0, -70.0, -59.0, -300.0, -51.0, -300.0, -74.0, -49.0, -300.0, -300.0, -63.0, -51.0, -300.0, -86.0, -76.0, -300.0, -77.0, -300.0, -47.0, -59.0, -50.0, -62.0, -50.0, -51.0, -300.0], [-50.0, -55.0, -300.0, -77.0, -300.0, -70.0, -68.0, -58.0, -300.0, -300.0, -52.0, -118.0, -52.0, -300.0, -62.0, -63.0, -55.0, -120.0, -58.0, -56.0, -300.0, -46.0, -130.0, -300.0, -300.0, -233.0, -70.0, -57.0, -65.0, -55.0, -300.0, -300.0, -137.0, -300.0, -52.0, -300.0, -58.0, -78.0, -51.0, -53.0, -106.0, -179.0, -48.0, -58.0, -54.0, -85.0, -64.0, -114.0, -60.0, -59.0, -300.0, -67.0, -300.0, -300.0, -59.0, -60.0, -55.0, -51.0, -53.0, -63.0, -164.0, -55.0, -300.0, -56.0, -111.0, -300.0, -167.0, -60.0, -170.0, -66.0, -300.0, -58.0, -75.0, -300.0, -63.0, -300.0, -62.0, -55.0, -63.0, -54.0, -300.0, -54.0, -56.0, -57.0, -64.0, -233.0, -62.0, -300.0, -300.0, -55.0, -58.0, -126.0, -115.0, -300.0, -300.0, -61.0, -300.0, -44.0, -64.0, -300.0], [-90.0, -65.0, -80.0, -55.0, -82.0, -59.0, -74.0, -300.0, -55.0, -60.0, -51.0, -300.0, -55.0, -67.0, -51.0, -58.0, -60.0, -53.0, -64.0, -56.0, -56.0, -116.0, -55.0, -300.0, -300.0, -122.0, -66.0, -66.0, -300.0, -57.0, -128.0, -51.0, -102.0, -59.0, -50.0, -137.0, -51.0, -300.0, -127.0, -61.0, -57.0, -54.0, -53.0, -59.0, -51.0, -56.0, -60.0, -54.0, -50.0, -51.0, -300.0, -297.0, -50.0, -54.0, -300.0, -65.0, -116.0, -51.0, -297.0, -52.0, -95.0, -48.0, -51.0, -59.0, -55.0, -73.0, -52.0, -58.0, -189.0, -54.0, -211.0, -71.0, -55.0, -300.0, -63.0, -102.0, -45.0, -300.0, -237.0, -59.0, -300.0, -107.0, -64.0, -64.0, -51.0, -55.0, -300.0, -300.0, -55.0, -300.0, -300.0, -69.0, -125.0, -55.0, -300.0, -300.0, -46.0, -63.0, -66.0, -47.0], [-300.0, -298.0, -300.0, -300.0, -77.0, -300.0, -79.0, -58.0, -75.0, -56.0, -59.0, -56.0, -62.0, -300.0, -300.0, -54.0, -300.0, -300.0, -65.0, -68.0, -300.0, -57.0, -67.0, -300.0, -56.0, -296.0, -64.0, -300.0, -63.0, -64.0, -48.0, -62.0, -63.0, -46.0, -98.0, -50.0, -108.0, -69.0, -59.0, -57.0, -55.0, -59.0, -50.0, -59.0, -91.0, -50.0, -61.0, -297.0, -53.0, -53.0, -300.0, -64.0, -62.0, -53.0, -72.0, -50.0, -300.0, -88.0, -300.0, -68.0, -54.0, -52.0, -51.0, -68.0, -300.0, -300.0, -58.0, -66.0, -62.0, -60.0, -64.0, -72.0, -51.0, -74.0, -48.0, -48.0, -72.0, -59.0, -300.0, -49.0, -53.0, -55.0, -51.0, -62.0, -300.0, -62.0, -57.0, -300.0, -58.0, -135.0, -50.0, -58.0, -300.0, -56.0, -137.0, -90.0, -51.0, -115.0, -68.0, -104.0], [-300.0, -153.0, -300.0, -59.0, -300.0, -51.0, -47.0, -55.0, -48.0, -129.0, -300.0, -47.0, -300.0, -63.0, -300.0, -300.0, -55.0, -55.0, -56.0, -300.0, -300.0, -61.0, -61.0, -58.0, -295.0, -300.0, -300.0, -300.0, -300.0, -56.0, -75.0, -64.0, -62.0, -63.0, -63.0, -59.0, -55.0, -58.0, -66.0, -299.0, -51.0, -223.0, -55.0, -55.0, -300.0, -66.0, -47.0, -67.0, -49.0, -300.0, -300.0, -300.0, -51.0, -300.0, -61.0, -61.0, -71.0, -61.0, -56.0, -81.0, -59.0, -53.0, -45.0, -55.0, -300.0, -47.0, -102.0, -300.0, -300.0, -300.0, -58.0, -102.0, -54.0, -51.0, -300.0, -52.0, -54.0, -300.0, -300.0, -300.0, -300.0, -71.0, -66.0, -95.0, -51.0, -84.0, -51.0, -51.0, -300.0, -75.0, -62.0, -300.0, -48.0, -57.0, -55.0, -53.0, -138.0, -300.0, -74.0, -71.0]], "success_matrix": [[true, false, true, true, true, false, true, true, false, true, true, true, true, true, true, true, true, false, true, true, true, false, true, true, false, false, true, true, false, false, true, true, true, true, true, true, true, false, true, true, false, false, false, false, false, false, false, true, true, true, true, true, false, false, false, true, false, true, false, false, true, true, true, false, true, true, true, true, true, false, false, true, true, true, false, true, true, true, false, true, false, true, true, false, false, true, true, false, true, true, false, true, false, true, true, true, true, true, true, false], [true, true, false, true, false, true, true, true, false, false, true, true, true, false, true, true, true, true, true, true, false, true, true, false, false, true, true, true, true, true, false, false, true, false, true, false, true, true, true, true, true, true, true, true, true, true, true, true, true, true, false, true, false, false, true, true, true, true, true, true, true, true, false, true, true, false, true, true, true, true, false, true, true, false, true, false, true, true, true, true, false, true, true, true, true, true, true, false, false, true, true, true, true, false, false, true, false, true, true, false], [true, true, true, true, true, true, true, false, true, true, true, false, true, true, true, true, true, true, true, true, true, true, true, false, false, true, true, true, false, true, true, true, true, true, true, true, true, false, true, true, true, true, true, true, true, true, true, true, true, true, false, false, true, true, false, true, true, true, false, true, true, true, true, true, true, true, true, true, true, true, true, true, true, false, true, true, true, false, true, true, false, true, true, true, true, true, false, false, true, false, false, true, true, true, false, false, true, true, true, true], [false, false, false, false, true, false, true, true, true, true, true, true, true, false, false, true, false, false, true, true, false, true, true, false, true, true, true, false, true, true, true, true, true, true, true, true, true, true, true, true, true, true, true, true, true, true, true, false, true, true, false, true, true, true, true, true, false, true, false, true, true, true, true, true, false, false, true, true, true, true, true, true, true, true, true, true, true, true, false, true, true, true, true, true, false, true, true, false, true, true, true, true, false, true, true, true, true, true, true, true], [false, true, false, true, false, true, true, true, true, true, false, true, false, true, false, false, true, true, true, false, false, true, true, true, false, false, false, false, false, true, true, true, true, true, true, true, true, true, true, false, true, true, true, true, false, true, true, true, true, false, false, false, true, false, true, true, true, true, true, true, true, true, true, true, false, true, true, false, false, false, true, true, true, true, false, true, true, false, false, false, false, true, true, true, true, true, true, true, false, true, true, false, true, true, true, true, true, false, true, true]], "ticket_name": "zo_envs10_iter100_cand10_lambda2.0_seed666_ddim8_20251212_061609/seed_672", "eval_noise_idx": 0, "eval_seed": 1619}