{"n_seeds": 5, "n_evals_per_seed": 100, "reward_mean": -111.12800598144531, "reward_std": 12.020722389221191, "success_mean": 0.7360000000000001, "success_std": 0.043931765272977596, "episode_seeds": [1619, 1620, 1621, 1622, 1623], "seed_reward_means": [-127.41000366210938, -112.2300033569336, -117.18000030517578, -98.94999694824219, -99.87000274658203], "seed_success_means": [0.68, 0.73, 0.71, 0.78, 0.78], "reward_matrix": [[-300.0, -46.0, -300.0, -40.0, -44.0, -40.0, -300.0, -41.0, -300.0, -45.0, -46.0, -42.0, -42.0, -46.0, -37.0, -45.0, -39.0, -300.0, -46.0, -300.0, -300.0, -45.0, -49.0, -38.0, -111.0, -41.0, -45.0, -300.0, -40.0, -40.0, -42.0, -45.0, -300.0, -41.0, -45.0, -44.0, -116.0, -300.0, -300.0, -36.0, -43.0, -43.0, -44.0, -43.0, -40.0, -49.0, -300.0, -41.0, -300.0, -300.0, -41.0, -45.0, -44.0, -44.0, -41.0, -300.0, -42.0, -300.0, -43.0, -46.0, -300.0, -46.0, -42.0, -300.0, -40.0, -44.0, -40.0, -300.0, -300.0, -44.0, -43.0, -131.0, -44.0, -41.0, -37.0, -41.0, -40.0, -40.0, -43.0, -300.0, -49.0, -42.0, -40.0, -300.0, -300.0, -42.0, -300.0, -300.0, -45.0, -300.0, -300.0, -300.0, -300.0, -300.0, -300.0, -300.0, -48.0, -46.0, -41.0, -46.0], [-124.0, -38.0, -36.0, -45.0, -300.0, -42.0, -39.0, -41.0, -38.0, -41.0, -42.0, -40.0, -44.0, -49.0, -41.0, -50.0, -44.0, -42.0, -42.0, -41.0, -57.0, -37.0, -38.0, -42.0, -42.0, -300.0, -46.0, -44.0, -42.0, -300.0, -38.0, -38.0, -41.0, -300.0, -40.0, -42.0, -42.0, -300.0, -38.0, -300.0, -300.0, -300.0, -300.0, -42.0, -300.0, -42.0, -39.0, -41.0, -300.0, -300.0, -42.0, -41.0, -41.0, -47.0, -57.0, -39.0, -300.0, -38.0, -40.0, -38.0, -45.0, -39.0, -300.0, -42.0, -40.0, -300.0, -38.0, -43.0, -42.0, -38.0, -300.0, -38.0, -47.0, -300.0, -300.0, -39.0, -39.0, -42.0, -42.0, -38.0, -300.0, -300.0, -38.0, -42.0, -41.0, -44.0, -300.0, -300.0, -300.0, -300.0, -40.0, -44.0, -300.0, -42.0, -49.0, -37.0, -300.0, -300.0, -39.0, -42.0], [-300.0, -42.0, -300.0, -300.0, -300.0, -45.0, -50.0, -48.0, -42.0, -300.0, -40.0, -300.0, -45.0, -36.0, -42.0, -42.0, -300.0, -36.0, -45.0, -41.0, -40.0, -45.0, -298.0, -41.0, -300.0, -41.0, -300.0, -41.0, -46.0, -300.0, -40.0, -41.0, -43.0, -42.0, -38.0, -42.0, -41.0, -300.0, -135.0, -44.0, -38.0, -39.0, -43.0, -39.0, -300.0, -41.0, -46.0, -300.0, -300.0, -42.0, -42.0, -300.0, -38.0, -300.0, -42.0, -300.0, -300.0, -300.0, -300.0, -300.0, -39.0, -39.0, -40.0, -43.0, -36.0, -41.0, -40.0, -45.0, -38.0, -34.0, -42.0, -38.0, -38.0, -300.0, -42.0, -41.0, -40.0, -45.0, -38.0, -42.0, -300.0, -300.0, -42.0, -41.0, -300.0, -38.0, -42.0, -36.0, -42.0, -300.0, -44.0, -39.0, -40.0, -49.0, -43.0, -300.0, -300.0, -42.0, -38.0, -39.0], [-49.0, -41.0, -300.0, -300.0, -40.0, -300.0, -294.0, -300.0, -45.0, -43.0, -44.0, -48.0, -41.0, -300.0, -45.0, -42.0, -300.0, -300.0, -44.0, -300.0, -41.0, -43.0, -300.0, -42.0, -40.0, -37.0, -300.0, -47.0, -300.0, -45.0, -40.0, -41.0, -37.0, -40.0, -300.0, -38.0, -53.0, -300.0, -36.0, -38.0, -51.0, -43.0, -300.0, -40.0, -45.0, -42.0, -300.0, -300.0, -300.0, -35.0, -42.0, -50.0, -38.0, -40.0, -48.0, -300.0, -41.0, -42.0, -41.0, -42.0, -46.0, -38.0, -44.0, -40.0, -39.0, -44.0, -47.0, -46.0, -42.0, -41.0, -45.0, -41.0, -40.0, -300.0, -40.0, -37.0, -38.0, -38.0, -44.0, -40.0, -42.0, -42.0, -47.0, -300.0, -41.0, -41.0, -42.0, -300.0, -45.0, -44.0, -43.0, -46.0, -42.0, -38.0, -41.0, -45.0, -49.0, -41.0, -38.0, -44.0], [-39.0, -46.0, -45.0, -47.0, -40.0, -37.0, -300.0, -38.0, -40.0, -41.0, -300.0, -38.0, -300.0, -42.0, -44.0, -47.0, -38.0, -42.0, -38.0, -300.0, -300.0, -300.0, -44.0, -37.0, -44.0, -45.0, -41.0, -300.0, -38.0, -40.0, -44.0, -40.0, -46.0, -44.0, -300.0, -42.0, -41.0, -45.0, -45.0, -50.0, -40.0, -296.0, -40.0, -38.0, -41.0, -38.0, -38.0, -39.0, -38.0, -300.0, -49.0, -42.0, -38.0, -39.0, -300.0, -49.0, -44.0, -41.0, -41.0, -300.0, -300.0, -41.0, -300.0, -42.0, -46.0, -38.0, -51.0, -43.0, -300.0, -44.0, -300.0, -39.0, -119.0, -38.0, -120.0, -40.0, -298.0, -46.0, -300.0, -300.0, -43.0, -41.0, -46.0, -300.0, -40.0, -40.0, -300.0, -38.0, -40.0, -40.0, -40.0, -38.0, -40.0, -38.0, -36.0, -46.0, -38.0, -295.0, -44.0, -40.0]], "success_matrix": [[false, true, false, true, true, true, false, true, false, true, true, true, true, true, true, true, true, false, true, false, false, true, true, true, true, true, true, false, true, true, true, true, false, true, true, true, true, false, false, true, true, true, true, true, true, true, false, true, false, false, true, true, true, true, true, false, true, false, true, true, false, true, true, false, true, true, true, false, false, true, true, true, true, true, true, true, true, true, true, false, true, true, true, false, false, true, false, false, true, false, false, false, false, false, false, false, true, true, true, true], [true, true, true, true, false, true, true, true, true, true, true, true, true, true, true, true, true, true, true, true, true, true, true, true, true, false, true, true, true, false, true, true, true, false, true, true, true, false, true, false, false, false, false, true, false, true, true, true, false, false, true, true, true, true, true, true, false, true, true, true, true, true, false, true, true, false, true, true, true, true, false, true, true, false, false, true, true, true, true, true, false, false, true, true, true, true, false, false, false, false, true, true, false, true, true, true, false, false, true, true], [false, true, false, false, false, true, true, true, true, false, true, false, true, true, true, true, false, true, true, true, true, true, false, true, false, true, false, true, true, false, true, true, true, true, true, true, true, false, true, true, true, true, true, true, false, true, true, false, false, true, true, false, true, false, true, false, false, false, false, false, true, true, true, true, true, true, true, true, true, true, true, true, true, false, true, true, true, true, true, true, false, false, true, true, false, true, true, true, true, false, true, true, true, true, true, false, false, true, true, true], [true, true, false, false, true, false, false, false, true, true, true, true, true, false, true, true, false, false, true, false, true, true, false, true, true, true, false, true, false, true, true, true, true, true, false, true, true, false, true, true, true, true, false, true, true, true, false, false, false, true, true, true, true, true, true, false, true, true, true, true, true, true, true, true, true, true, true, true, true, true, true, true, true, false, true, true, true, true, true, true, true, true, true, false, true, true, true, false, true, true, true, true, true, true, true, true, true, true, true, true], [true, true, true, true, true, true, false, true, true, true, false, true, false, true, true, true, true, true, true, false, false, false, true, true, true, true, true, false, true, true, true, true, true, true, false, true, true, true, true, true, true, false, true, true, true, true, true, true, true, false, true, true, true, true, false, true, true, true, true, false, false, true, false, true, true, true, true, true, false, true, false, true, true, true, true, true, false, true, false, false, true, true, true, false, true, true, false, true, true, true, true, true, true, true, true, true, true, false, true, true]], "ticket_name": "zo_envs10_iter500_cand2_lambda2.0_seed666_ddim2_20251215_221920/seed_670", "eval_noise_idx": 0, "eval_seed": 1619}