{"n_seeds": 5, "n_evals_per_seed": 100, "reward_mean": -132.989990234375, "reward_std": 7.729563236236572, "success_mean": 0.82, "success_std": 0.051478150704934986, "episode_seeds": [1619, 1620, 1621, 1622, 1623], "seed_reward_means": [-138.47000122070312, -125.48999786376953, -140.1999969482422, -123.79000091552734, -137.0], "seed_success_means": [0.8, 0.87, 0.77, 0.88, 0.78], "reward_matrix": [[-100.0, -63.0, -91.0, -90.0, -96.0, -66.0, -281.0, -57.0, -83.0, -149.0, -82.0, -57.0, -54.0, -300.0, -58.0, -59.0, -78.0, -300.0, -224.0, -53.0, -75.0, -300.0, -164.0, -60.0, -78.0, -300.0, -67.0, -297.0, -83.0, -66.0, -300.0, -165.0, -205.0, -68.0, -201.0, -124.0, -57.0, -300.0, -154.0, -69.0, -300.0, -75.0, -300.0, -75.0, -280.0, -300.0, -77.0, -88.0, -300.0, -96.0, -300.0, -140.0, -91.0, -300.0, -75.0, -62.0, -75.0, -84.0, -86.0, -300.0, -75.0, -73.0, -74.0, -164.0, -64.0, -108.0, -188.0, -300.0, -137.0, -300.0, -96.0, -300.0, -56.0, -60.0, -74.0, -100.0, -70.0, -70.0, -80.0, -105.0, -79.0, -96.0, -60.0, -62.0, -149.0, -160.0, -54.0, -300.0, -86.0, -127.0, -58.0, -189.0, -72.0, -59.0, -113.0, -300.0, -84.0, -300.0, -63.0, -64.0], [-55.0, -71.0, -66.0, -188.0, -177.0, -147.0, -57.0, -61.0, -300.0, -154.0, -63.0, -183.0, -300.0, -300.0, -201.0, -107.0, -112.0, -52.0, -88.0, -78.0, -274.0, -48.0, -114.0, -54.0, -99.0, -300.0, -177.0, -121.0, -96.0, -70.0, -57.0, -300.0, -78.0, -70.0, -52.0, -74.0, -73.0, -95.0, -300.0, -81.0, -174.0, -295.0, -91.0, -100.0, -81.0, -156.0, -85.0, -56.0, -70.0, -90.0, -61.0, -89.0, -52.0, -116.0, -300.0, -88.0, -61.0, -67.0, -71.0, -74.0, -160.0, -57.0, -297.0, -77.0, -124.0, -126.0, -60.0, -73.0, -151.0, -67.0, -300.0, -65.0, -129.0, -76.0, -80.0, -159.0, -300.0, -79.0, -71.0, -73.0, -134.0, -64.0, -84.0, -66.0, -60.0, -181.0, -113.0, -55.0, -300.0, -110.0, -84.0, -141.0, -198.0, -59.0, -106.0, -77.0, -63.0, -300.0, -60.0, -300.0], [-153.0, -300.0, -122.0, -300.0, -109.0, -75.0, -78.0, -300.0, -64.0, -70.0, -300.0, -64.0, -67.0, -300.0, -54.0, -68.0, -300.0, -60.0, -202.0, -73.0, -88.0, -140.0, -66.0, -84.0, -300.0, -115.0, -112.0, -55.0, -107.0, -300.0, -77.0, -60.0, -177.0, -106.0, -300.0, -169.0, -68.0, -83.0, -205.0, -109.0, -296.0, -87.0, -300.0, -67.0, -294.0, -80.0, -300.0, -300.0, -57.0, -64.0, -80.0, -61.0, -61.0, -51.0, -61.0, -300.0, -169.0, -300.0, -60.0, -67.0, -73.0, -300.0, -53.0, -105.0, -46.0, -72.0, -70.0, -76.0, -62.0, -70.0, -166.0, -52.0, -63.0, -72.0, -300.0, -144.0, -300.0, -300.0, -206.0, -72.0, -88.0, -136.0, -80.0, -151.0, -69.0, -51.0, -65.0, -61.0, -300.0, -300.0, -142.0, -73.0, -202.0, -178.0, -300.0, -60.0, -76.0, -65.0, -129.0, -57.0], [-120.0, -63.0, -297.0, -145.0, -78.0, -168.0, -77.0, -65.0, -200.0, -146.0, -97.0, -300.0, -85.0, -73.0, -100.0, -82.0, -300.0, -98.0, -241.0, -80.0, -71.0, -81.0, -87.0, -87.0, -75.0, -83.0, -300.0, -296.0, -76.0, -300.0, -49.0, -105.0, -300.0, -300.0, -100.0, -61.0, -280.0, -76.0, -58.0, -61.0, -180.0, -72.0, -52.0, -69.0, -132.0, -69.0, -51.0, -68.0, -90.0, -65.0, -300.0, -90.0, -70.0, -71.0, -176.0, -65.0, -58.0, -226.0, -74.0, -181.0, -61.0, -69.0, -65.0, -97.0, -56.0, -63.0, -112.0, -300.0, -87.0, -87.0, -228.0, -300.0, -64.0, -180.0, -90.0, -63.0, -109.0, -75.0, -178.0, -64.0, -72.0, -83.0, -70.0, -75.0, -59.0, -63.0, -103.0, -97.0, -99.0, -87.0, -300.0, -116.0, -84.0, -47.0, -109.0, -234.0, -102.0, -84.0, -96.0, -231.0], [-55.0, -112.0, -300.0, -177.0, -92.0, -59.0, -56.0, -70.0, -62.0, -94.0, -92.0, -300.0, -64.0, -300.0, -73.0, -84.0, -300.0, -62.0, -73.0, -73.0, -64.0, -68.0, -146.0, -52.0, -83.0, -77.0, -162.0, -62.0, -300.0, -72.0, -300.0, -143.0, -78.0, -129.0, -80.0, -76.0, -68.0, -81.0, -81.0, -71.0, -56.0, -300.0, -70.0, -72.0, -79.0, -62.0, -53.0, -167.0, -300.0, -85.0, -300.0, -300.0, -61.0, -69.0, -300.0, -99.0, -109.0, -83.0, -76.0, -190.0, -68.0, -81.0, -300.0, -75.0, -300.0, -300.0, -300.0, -92.0, -51.0, -300.0, -174.0, -300.0, -68.0, -56.0, -158.0, -72.0, -72.0, -292.0, -56.0, -67.0, -71.0, -127.0, -98.0, -91.0, -300.0, -237.0, -48.0, -296.0, -300.0, -70.0, -140.0, -68.0, -56.0, -62.0, -300.0, -160.0, -51.0, -300.0, -97.0, -124.0]], "success_matrix": [[true, true, true, true, true, true, true, true, true, true, true, true, true, false, true, true, true, false, true, true, true, false, true, true, true, false, true, false, true, true, false, true, true, true, true, true, true, false, true, true, false, true, false, true, true, false, true, true, false, true, false, true, true, false, true, true, true, true, true, false, true, true, true, true, true, true, true, false, true, false, true, false, true, true, true, true, true, true, true, true, true, true, true, true, true, true, true, false, true, true, true, true, true, true, true, false, true, false, true, true], [true, true, true, true, true, true, true, true, false, true, true, true, false, false, true, true, true, true, true, true, true, true, true, true, true, false, true, true, true, true, true, false, true, true, true, true, true, true, false, true, true, true, true, true, true, true, true, true, true, true, true, true, true, true, false, true, true, true, true, true, true, true, false, true, true, true, true, true, true, true, false, true, true, true, true, true, false, true, true, true, true, true, true, true, true, true, true, true, false, true, true, true, true, true, true, true, true, false, true, false], [true, false, true, false, true, true, true, false, true, true, false, true, true, false, true, true, false, true, true, true, true, true, true, true, false, true, true, true, true, false, true, true, true, true, false, true, true, true, true, true, false, true, false, true, false, true, false, false, true, true, true, true, true, true, true, false, true, false, true, true, true, false, true, true, true, true, true, true, true, true, true, true, true, true, false, true, false, false, true, true, true, true, true, true, true, true, true, true, false, false, true, true, true, true, false, true, true, true, true, true], [true, true, false, true, true, true, true, true, true, true, true, false, true, true, true, true, false, true, true, true, true, true, true, true, true, true, false, false, true, false, true, true, false, false, true, true, true, true, true, true, true, true, true, true, true, true, true, true, true, true, false, true, true, true, true, true, true, true, true, true, true, true, true, true, true, true, true, false, true, true, true, false, true, true, true, true, true, true, true, true, true, true, true, true, true, true, true, true, true, true, false, true, true, true, true, true, true, true, true, true], [true, true, false, true, true, true, true, true, true, true, true, false, true, false, true, true, false, true, true, true, true, true, true, true, true, true, true, true, false, true, false, true, true, true, true, true, true, true, true, true, true, false, true, true, true, true, true, true, false, true, false, false, true, true, false, true, true, true, true, true, true, true, false, true, false, false, false, true, true, false, true, false, true, true, true, true, true, true, true, true, true, true, true, true, false, true, true, false, false, true, true, true, true, true, false, true, true, false, true, true]], "ticket_name": "zo_envs10_iter100_cand10_lambda0.5_seed666_ddim8_20251212_061251/seed_671", "eval_noise_idx": 0, "eval_seed": 1619}