{"n_seeds": 5, "n_evals_per_seed": 100, "reward_mean": -339.88800048828125, "reward_std": 13.467183113098145, "success_mean": 0.352, "success_std": 0.06685805860178712, "episode_seeds": [1619, 1620, 1621, 1622, 1623], "seed_reward_means": [-354.32000732421875, -337.69000244140625, -336.30999755859375, -350.760009765625, -320.3599853515625], "seed_success_means": [0.26, 0.37, 0.37, 0.32, 0.44], "reward_matrix": [[-400.0, -287.0, -400.0, -400.0, -400.0, -400.0, -400.0, -400.0, -209.0, -400.0, -150.0, -400.0, -162.0, -400.0, -162.0, -400.0, -178.0, -400.0, -400.0, -400.0, -400.0, -400.0, -400.0, -194.0, -400.0, -400.0, -400.0, -400.0, -400.0, -400.0, -400.0, -400.0, -400.0, -400.0, -400.0, -400.0, -400.0, -400.0, -400.0, -400.0, -400.0, -400.0, -400.0, -400.0, -400.0, -400.0, -400.0, -400.0, -400.0, -400.0, -183.0, -400.0, -400.0, -400.0, -240.0, -400.0, -400.0, -400.0, -400.0, -179.0, -400.0, -187.0, -298.0, -221.0, -158.0, -400.0, -400.0, -400.0, -241.0, -400.0, -218.0, -270.0, -400.0, -400.0, -400.0, -400.0, -400.0, -266.0, -186.0, -400.0, -400.0, -234.0, -145.0, -400.0, -400.0, -400.0, -387.0, -400.0, -400.0, -165.0, -400.0, -400.0, -400.0, -400.0, -400.0, -400.0, -267.0, -254.0, -391.0, -400.0], [-400.0, -146.0, -400.0, -259.0, -213.0, -400.0, -286.0, -400.0, -192.0, -400.0, -400.0, -204.0, -400.0, -363.0, -400.0, -176.0, -382.0, -232.0, -400.0, -400.0, -400.0, -400.0, -182.0, -397.0, -400.0, -167.0, -378.0, -306.0, -400.0, -400.0, -400.0, -400.0, -400.0, -400.0, -210.0, -166.0, -400.0, -400.0, -400.0, -400.0, -400.0, -400.0, -400.0, -201.0, -400.0, -400.0, -400.0, -400.0, -400.0, -400.0, -400.0, -400.0, -400.0, -400.0, -400.0, -192.0, -336.0, -250.0, -400.0, -400.0, -400.0, -400.0, -237.0, -400.0, -178.0, -400.0, -203.0, -400.0, -400.0, -400.0, -139.0, -212.0, -400.0, -400.0, -400.0, -232.0, -400.0, -206.0, -400.0, -400.0, -334.0, -303.0, -198.0, -400.0, -212.0, -158.0, -400.0, -400.0, -400.0, -183.0, -400.0, -192.0, -400.0, -213.0, -400.0, -184.0, -400.0, -400.0, -400.0, -347.0], [-311.0, -400.0, -242.0, -400.0, -162.0, -400.0, -400.0, -164.0, -183.0, -183.0, -400.0, -158.0, -400.0, -400.0, -316.0, -400.0, -400.0, -400.0, -400.0, -400.0, -322.0, -218.0, -400.0, -400.0, -333.0, -321.0, -400.0, -199.0, -400.0, -207.0, -400.0, -342.0, -400.0, -400.0, -400.0, -400.0, -400.0, -199.0, -219.0, -400.0, -400.0, -174.0, -400.0, -400.0, -400.0, -195.0, -400.0, -400.0, -237.0, -400.0, -196.0, -400.0, -400.0, -156.0, -400.0, -348.0, -400.0, -400.0, -400.0, -400.0, -400.0, -155.0, -400.0, -188.0, -398.0, -229.0, -400.0, -400.0, -400.0, -400.0, -164.0, -166.0, -157.0, -400.0, -400.0, -400.0, -327.0, -400.0, -400.0, -400.0, -400.0, -244.0, -400.0, -233.0, -400.0, -400.0, -217.0, -164.0, -400.0, -400.0, -400.0, -261.0, -321.0, -400.0, -400.0, -222.0, -400.0, -400.0, -400.0, -400.0], [-400.0, -400.0, -256.0, -198.0, -169.0, -400.0, -400.0, -400.0, -400.0, -400.0, -400.0, -400.0, -288.0, -400.0, -325.0, -167.0, -380.0, -400.0, -400.0, -242.0, -400.0, -161.0, -400.0, -259.0, -266.0, -400.0, -400.0, -400.0, -400.0, -400.0, -194.0, -400.0, -400.0, -262.0, -400.0, -227.0, -400.0, -400.0, -400.0, -400.0, -400.0, -400.0, -400.0, -400.0, -400.0, -400.0, -400.0, -400.0, -400.0, -400.0, -252.0, -400.0, -223.0, -400.0, -267.0, -400.0, -193.0, -192.0, -400.0, -400.0, -400.0, -311.0, -400.0, -400.0, -400.0, -400.0, -400.0, -264.0, -400.0, -361.0, -342.0, -400.0, -400.0, -400.0, -400.0, -400.0, -400.0, -400.0, -400.0, -292.0, -153.0, -170.0, -400.0, -162.0, -254.0, -400.0, -216.0, -400.0, -400.0, -217.0, -400.0, -400.0, -400.0, -400.0, -400.0, -340.0, -400.0, -400.0, -400.0, -273.0], [-292.0, -196.0, -158.0, -400.0, -208.0, -400.0, -400.0, -400.0, -400.0, -400.0, -195.0, -400.0, -175.0, -157.0, -400.0, -240.0, -201.0, -170.0, -338.0, -400.0, -400.0, -195.0, -400.0, -400.0, -400.0, -400.0, -400.0, -198.0, -400.0, -400.0, -400.0, -146.0, -204.0, -400.0, -400.0, -400.0, -193.0, -261.0, -400.0, -266.0, -181.0, -400.0, -400.0, -400.0, -400.0, -232.0, -400.0, -188.0, -400.0, -178.0, -400.0, -400.0, -400.0, -400.0, -199.0, -400.0, -376.0, -190.0, -190.0, -253.0, -202.0, -274.0, -154.0, -400.0, -400.0, -400.0, -254.0, -217.0, -400.0, -194.0, -400.0, -400.0, -400.0, -190.0, -299.0, -400.0, -400.0, -154.0, -250.0, -365.0, -178.0, -400.0, -167.0, -400.0, -265.0, -400.0, -400.0, -400.0, -400.0, -400.0, -400.0, -400.0, -188.0, -400.0, -299.0, -400.0, -400.0, -400.0, -206.0, -400.0]], "success_matrix": [[false, true, false, false, false, false, false, false, true, false, true, false, true, false, true, false, true, false, false, false, false, false, false, true, false, false, false, false, false, false, false, false, false, false, false, false, false, false, false, false, false, false, false, false, false, false, false, false, false, false, true, false, false, false, true, false, false, false, false, true, false, true, true, true, true, false, false, false, true, false, true, true, false, false, false, false, false, true, true, false, false, true, true, false, false, false, true, false, false, true, false, false, false, false, false, false, true, true, true, false], [false, true, false, true, true, false, true, false, true, false, false, true, false, true, false, true, true, true, false, false, false, false, true, false, false, true, true, true, false, false, false, false, false, false, true, true, false, false, false, false, false, false, false, true, false, false, false, false, false, false, false, false, false, false, false, true, true, true, false, false, false, false, true, false, true, false, true, false, false, false, true, true, false, false, false, true, false, true, false, false, true, true, true, false, true, true, false, false, false, true, false, true, false, true, false, true, false, false, false, true], [true, false, true, false, true, false, false, true, true, true, false, true, false, false, true, false, false, false, false, false, true, true, false, false, true, true, false, true, false, true, false, true, false, false, false, false, false, true, true, false, false, true, false, false, false, true, false, false, true, false, true, false, false, true, false, true, false, false, false, false, false, true, false, true, false, true, false, false, false, false, true, true, true, false, false, false, true, false, false, false, false, true, false, true, false, false, true, true, false, false, false, true, true, false, false, true, false, false, false, false], [false, false, true, true, true, false, false, false, false, false, false, false, true, false, true, true, true, false, false, true, false, true, false, true, true, false, false, false, false, false, true, false, false, true, false, true, false, false, false, false, false, false, false, false, false, false, false, false, false, false, true, false, true, false, true, false, true, true, false, false, false, true, false, false, false, false, false, true, false, true, true, false, false, false, false, false, false, false, false, true, true, true, false, true, true, false, true, false, false, true, false, false, false, false, false, true, false, false, false, true], [true, true, true, false, true, false, false, false, false, false, true, false, true, true, false, true, true, true, true, false, false, true, false, false, false, false, false, true, false, false, false, true, true, false, false, false, true, true, false, true, true, false, false, false, false, true, false, true, false, true, false, false, false, false, true, false, true, true, true, true, true, true, true, false, false, false, true, true, false, true, false, false, false, true, true, false, false, true, true, true, true, false, true, false, true, false, false, false, false, false, false, false, true, false, true, false, false, false, true, false]], "ticket_name": "envs100_samples5000_seed999_20251127_043752_ddim2", "eval_noise_idx": 0, "eval_seed": 1619}