{"n_seeds": 5, "n_evals_per_seed": 100, "reward_mean": -276.34173583984375, "reward_std": 8.443805694580078, "success_mean": 0.42000000000000004, "success_std": 0.037947331922020544, "episode_seeds": [1619, 1620, 1621, 1622, 1623], "seed_reward_means": [-284.92645263671875, -280.5495910644531, -261.9239501953125, -282.4407958984375, -271.8679504394531], "seed_success_means": [0.38, 0.42, 0.48, 0.38, 0.44], "reward_matrix": [[-382.4850158691406, -175.37562561035156, -189.08094787597656, -198.17710876464844, -391.1337585449219, -202.65115356445312, -197.6726837158203, -373.9573974609375, -240.35926818847656, -189.31927490234375, -129.87791442871094, -151.58316040039062, -187.2081756591797, -155.3104248046875, -325.68890380859375, -109.87074279785156, -153.8310089111328, -389.156494140625, -366.3243103027344, -378.82208251953125, -210.9119110107422, -138.32705688476562, -372.3375244140625, -130.7212371826172, -391.17047119140625, -162.9082794189453, -150.42645263671875, -224.65139770507812, -381.42877197265625, -352.2407531738281, -385.7051086425781, -267.9310302734375, -387.21954345703125, -249.23724365234375, -268.1961364746094, -229.78614807128906, -346.061279296875, -391.8011474609375, -302.5198974609375, -136.01995849609375, -387.8634033203125, -197.16163635253906, -389.4790954589844, -212.33843994140625, -386.98431396484375, -160.09812927246094, -159.60171508789062, -359.5850524902344, -194.03042602539062, -349.9421081542969, -236.6984100341797, -338.3785705566406, -275.6103210449219, -371.01544189453125, -242.2660675048828, -205.55116271972656, -381.0628967285156, -347.7674255371094, -370.69921875, -391.2367858886719, -381.2900085449219, -131.7333984375, -388.0783996582031, -227.55703735351562, -220.4409942626953, -110.89564514160156, -375.6360778808594, -164.974365234375, -399.8732604980469, -392.7671203613281, -379.7789611816406, -397.82623291015625, -272.9544982910156, -275.3282775878906, -177.36566162109375, -393.0594177246094, -392.5840148925781, -398.5622253417969, -240.20108032226562, -381.7337341308594, -360.6653137207031, -122.46644592285156, -374.6374816894531, -379.4311218261719, -141.4457550048828, -383.52203369140625, -364.89630126953125, -166.33555603027344, -256.8796691894531, -373.7326354980469, -395.3912353515625, -387.07208251953125, -125.06893920898438, -382.7677917480469, -200.98641967773438, -282.9044189453125, -241.7471923828125, -339.2624206542969, -394.7848205566406, -391.1483154296875], [-396.5865173339844, -376.098388671875, -338.82440185546875, -332.0177001953125, -222.595458984375, -385.7631530761719, -154.593994140625, -148.22244262695312, -179.03237915039062, -246.18153381347656, -148.26329040527344, -205.61851501464844, -192.5486297607422, -352.2706298828125, -392.7857360839844, -142.23046875, -134.5376434326172, -385.7489318847656, -348.5256042480469, -160.12953186035156, -372.3428039550781, -369.8759765625, -202.4032440185547, -320.7913818359375, -385.32171630859375, -371.75018310546875, -296.6131286621094, -277.0654296875, -355.83660888671875, -363.1831359863281, -379.4339904785156, -314.39794921875, -380.056640625, -384.2951965332031, -161.5797119140625, -172.6929168701172, -382.0107727050781, -376.3628234863281, -111.58936309814453, -385.0069274902344, -385.34588623046875, -124.8232421875, -316.0048522949219, -310.8741760253906, -156.5167999267578, -377.1446533203125, -210.4213104248047, -342.65631103515625, -374.12420654296875, -395.5246887207031, -382.50823974609375, -141.40089416503906, -170.82904052734375, -306.0543518066406, -378.04296875, -386.1164245605469, -379.76312255859375, -118.46897888183594, -141.8980255126953, -392.9430236816406, -393.44036865234375, -142.25991821289062, -395.6737365722656, -205.3308563232422, -118.92070007324219, -361.6390380859375, -393.8103332519531, -241.51036071777344, -163.9051971435547, -379.6954345703125, -155.68247985839844, -174.0845489501953, -390.2330627441406, -149.11325073242188, -398.5126953125, -386.059814453125, -179.02842712402344, -223.23497009277344, -378.0744323730469, -166.87464904785156, -336.84625244140625, -278.7176513671875, -359.81341552734375, -396.76678466796875, -165.41165161132812, -150.37977600097656, -128.17373657226562, -142.34048461914062, -396.89569091796875, -188.73243713378906, -138.33242797851562, -155.54592895507812, -349.59320068359375, -380.0188293457031, -99.03290557861328, -355.217529296875, -145.8817901611328, -395.5596923828125, -312.0922546386719, -385.87548828125], [-179.8148956298828, -231.02621459960938, -398.26251220703125, -219.31312561035156, -138.6958770751953, -380.58502197265625, -139.904296875, -395.1730041503906, -246.96115112304688, -137.2946319580078, -123.5281753540039, -390.6816711425781, -312.8638000488281, -385.8233642578125, -305.4794006347656, -253.3705596923828, -239.76284790039062, -387.822998046875, -196.80580139160156, -141.36514282226562, -143.3349151611328, -118.87157440185547, -148.30386352539062, -390.810302734375, -392.1414489746094, -158.89195251464844, -182.21160888671875, -217.7617950439453, -384.9214782714844, -154.45150756835938, -385.1977233886719, -398.41583251953125, -150.751953125, -134.79208374023438, -248.2667236328125, -358.5937194824219, -244.9925994873047, -383.1758728027344, -381.06707763671875, -180.18080139160156, -238.63507080078125, -186.1002960205078, -294.2489318847656, -390.6861267089844, -368.0733642578125, -166.17941284179688, -172.49844360351562, -391.93951416015625, -389.2137451171875, -330.27880859375, -240.4513397216797, -318.9952697753906, -165.6172637939453, -109.94920349121094, -219.5623016357422, -345.50970458984375, -392.8720703125, -126.60478973388672, -253.87457275390625, -399.0503234863281, -144.45123291015625, -383.3858337402344, -388.2120666503906, -152.3361053466797, -396.59185791015625, -258.591552734375, -323.9244079589844, -393.75390625, -336.791015625, -227.57505798339844, -366.7313537597656, -321.6687927246094, -135.08670043945312, -126.82149505615234, -175.51963806152344, -362.1585693359375, -259.6263122558594, -225.3719024658203, -360.5347595214844, -130.70037841796875, -165.72007751464844, -378.90728759765625, -269.9022521972656, -284.2000427246094, -383.9613952636719, -128.4666748046875, -380.3828125, -193.82064819335938, -124.35157012939453, -145.3619384765625, -385.45751953125, -339.7445373535156, -300.1452941894531, -226.66587829589844, -182.0376739501953, -133.31602478027344, -274.1366271972656, -172.97190856933594, -156.81472778320312, -234.1865234375], [-345.87939453125, -382.890380859375, -139.43353271484375, -269.8011169433594, -141.4286346435547, -297.3965148925781, -379.552734375, -121.57723236083984, -386.10174560546875, -389.7615051269531, -140.00982666015625, -397.3188781738281, -166.98829650878906, -155.59869384765625, -156.95428466796875, -152.95542907714844, -391.3028259277344, -390.9754333496094, -375.06719970703125, -278.40380859375, -124.83963012695312, -123.78687286376953, -119.38796997070312, -394.35186767578125, -266.2480163574219, -249.7235565185547, -239.35922241210938, -388.2452087402344, -223.73968505859375, -175.23423767089844, -391.3650817871094, -233.19134521484375, -281.5973815917969, -386.30804443359375, -155.4267578125, -370.79974365234375, -381.7720642089844, -219.21249389648438, -238.8164520263672, -243.55409240722656, -384.1235046386719, -193.505859375, -143.37107849121094, -379.75335693359375, -397.6382751464844, -245.07928466796875, -138.2698211669922, -394.60906982421875, -291.0145263671875, -397.7823791503906, -309.4421081542969, -231.88284301757812, -384.12939453125, -340.2517395019531, -134.9027862548828, -355.95111083984375, -194.07327270507812, -149.11660766601562, -316.7475891113281, -238.24371337890625, -389.5670166015625, -267.0749206542969, -361.9532775878906, -123.02122497558594, -194.41050720214844, -396.1703186035156, -369.03924560546875, -205.05177307128906, -124.93787384033203, -382.6138916015625, -192.33328247070312, -389.6186828613281, -372.84326171875, -227.7165069580078, -309.553955078125, 