{"n_seeds": 5, "n_evals_per_seed": 100, "reward_mean": -102.33999633789062, "reward_std": 4.403861999511719, "success_mean": 0.78, "success_std": 0.01581138830084191, "episode_seeds": [1619, 1620, 1621, 1622, 1623], "seed_reward_means": [-107.3499984741211, -105.88999938964844, -99.91000366210938, -102.02999877929688, -96.5199966430664], "seed_success_means": [0.76, 0.77, 0.79, 0.78, 0.8], "reward_matrix": [[-300.0, -47.0, -54.0, -49.0, -46.0, -43.0, -49.0, -43.0, -53.0, -47.0, -44.0, -44.0, -47.0, -48.0, -44.0, -44.0, -300.0, -47.0, -47.0, -40.0, -300.0, -44.0, -48.0, -43.0, -300.0, -46.0, -46.0, -44.0, -300.0, -47.0, -46.0, -44.0, -300.0, -300.0, -52.0, -300.0, -40.0, -44.0, -300.0, -42.0, -45.0, -48.0, -42.0, -44.0, -299.0, -300.0, -64.0, -56.0, -41.0, -300.0, -43.0, -50.0, -45.0, -300.0, -300.0, -42.0, -44.0, -51.0, -300.0, -47.0, -47.0, -48.0, -44.0, -300.0, -47.0, -46.0, -48.0, -56.0, -51.0, -45.0, -47.0, -300.0, -44.0, -41.0, -50.0, -45.0, -43.0, -300.0, -55.0, -52.0, -48.0, -44.0, -43.0, -300.0, -53.0, -46.0, -41.0, -300.0, -300.0, -300.0, -300.0, -300.0, -48.0, -43.0, -43.0, -44.0, -51.0, -44.0, -48.0, -47.0], [-300.0, -45.0, -300.0, -45.0, -44.0, -53.0, -40.0, -49.0, -46.0, -43.0, -45.0, -51.0, -44.0, -132.0, -44.0, -55.0, -47.0, -39.0, -47.0, -47.0, -51.0, -37.0, -51.0, -48.0, -49.0, -45.0, -55.0, -48.0, -300.0, -48.0, -39.0, -42.0, -39.0, -49.0, -39.0, -47.0, -47.0, -300.0, -49.0, -47.0, -300.0, -300.0, -48.0, -43.0, -52.0, -300.0, -55.0, -41.0, -300.0, -47.0, -61.0, -300.0, -43.0, -51.0, -50.0, -47.0, -47.0, -43.0, -47.0, -300.0, -300.0, -43.0, -300.0, -47.0, -300.0, -52.0, -40.0, -46.0, -300.0, -300.0, -300.0, -45.0, -57.0, -298.0, -46.0, -300.0, -42.0, -47.0, -49.0, -295.0, -44.0, -52.0, -43.0, -300.0, -44.0, -45.0, -51.0, -47.0, -300.0, -56.0, -44.0, -61.0, -300.0, -48.0, -52.0, -47.0, -300.0, -42.0, -44.0, -41.0], [-300.0, -48.0, -300.0, -47.0, -47.0, -51.0, -52.0, -48.0, -43.0, -65.0, -43.0, -46.0, -46.0, -44.0, -43.0, -47.0, -64.0, -300.0, -47.0, -56.0, -43.0, -44.0, -46.0, -300.0, -47.0, -300.0, -300.0, -44.0, -50.0, -47.0, -48.0, -47.0, -55.0, -43.0, -43.0, -50.0, -43.0, -44.0, -300.0, -44.0, -46.0, -300.0, -43.0, -40.0, -43.0, -45.0, -51.0, -47.0, -42.0, -300.0, -44.0, -300.0, -43.0, -300.0, -44.0, -300.0, -300.0, -46.0, -300.0, -46.0, -43.0, -42.0, -43.0, -49.0, -300.0, -47.0, -300.0, -50.0, -41.0, -300.0, -46.0, -47.0, -43.0, -55.0, -50.0, -44.0, -41.0, -48.0, -62.0, -42.0, -52.0, -300.0, -44.0, -300.0, -47.0, -44.0, -41.0, -39.0, -46.0, -49.0, -60.0, -44.0, -300.0, -46.0, -47.0, -300.0, -46.0, -47.0, -47.0, -44.0], [-43.0, -45.0, -300.0, -52.0, -40.0, -61.0, -51.0, -43.0, -300.0, -46.0, -47.0, -47.0, -42.0, -48.0, -48.0, -43.0, -57.0, -50.0, -48.0, -45.0, -48.0, -47.0, -300.0, -50.0, -44.0, -42.0, -300.0, -42.0, -300.0, -48.0, -40.0, -45.0, -39.0, -42.0, -300.0, -42.0, -300.0, -300.0, -47.0, -52.0, -47.0, -43.0, -300.0, -52.0, -300.0, -300.0, -38.0, -47.0, -40.0, -49.0, -47.0, -51.0, -47.0, -40.0, -300.0, -48.0, -48.0, -300.0, -300.0, -52.0, -45.0, -43.0, -45.0, -44.0, -54.0, -44.0, -51.0, -51.0, -42.0, -47.0, -44.0, -300.0, -42.0, -52.0, -43.0, -41.0, -46.0, -45.0, -51.0, -43.0, -44.0, -44.0, -47.0, -48.0, -300.0, -40.0, -300.0, -52.0, -45.0, -300.0, -45.0, -300.0, -48.0, -41.0, -51.0, -300.0, -44.0, -300.0, -300.0, -48.0], [-43.0, -300.0, -43.0, -47.0, -49.0, -43.0, -44.0, -41.0, -40.0, -300.0, -300.0, -44.0, -45.0, -47.0, -300.0, -45.0, -42.0, -44.0, -45.0, -48.0, -45.0, -300.0, -44.0, -300.0, -48.0, -52.0, -47.0, -47.0, -46.0, -44.0, -48.0, -50.0, -49.0, -300.0, -46.0, -45.0, -43.0, -48.0, -300.0, -48.0, -44.0, -51.0, -42.0, -41.0, -48.0, -40.0, -44.0, -300.0, -43.0, -300.0, -300.0, -300.0, -43.0, -42.0, -54.0, -45.0, -300.0, -43.0, -45.0, -52.0, -48.0, -39.0, -41.0, -46.0, -51.0, -41.0, -52.0, -51.0, -300.0, -47.0, -53.0, -47.0, -300.0, -43.0, -300.0, -43.0, -300.0, -51.0, -44.0, -47.0, -40.0, -54.0, -51.0, -46.0, -46.0, -46.0, -43.0, -43.0, -300.0, -300.0, -48.0, -45.0, -39.0, -40.0, -45.0, -44.0, -300.0, -46.0, -48.0, -47.0]], "success_matrix": [[false, true, true, true, true, true, true, true, true, true, true, true, true, true, true, true, false, true, true, true, false, true, true, true, false, true, true, true, false, true, true, true, false, false, true, false, true, true, false, true, true, true, true, true, false, false, true, true, true, false, true, true, true, false, false, true, true, true, false, true, true, true, true, false, true, true, true, true, true, true, true, false, true, true, true, true, true, false, true, true, true, true, true, false, true, true, true, false, false, false, false, false, true, true, true, true, true, true, true, true], [false, true, false, true, true, true, true, true, true, true, true, true, true, true, true, true, true, true, true, true, true, true, true, true, true, true, true, true, false, true, true, true, true, true, true, true, true, false, true, true, false, false, true, true, true, false, true, true, false, true, true, false, true, true, true, true, true, true, true, false, false, true, false, true, false, true, true, true, false, false, false, true, true, false, true, false, true, true, true, false, true, true, true, false, true, true, true, true, false, true, true, true, false, true, true, true, false, true, true, true], [false, true, false, true, true, true, true, true, true, true, true, true, true, true, true, true, true, false, true, true, true, true, true, false, true, false, false, true, true, true, true, true, true, true, true, true, true, true, false, true, true, false, true, true, true, true, true, true, true, false, true, false, true, false, true, false, false, true, false, true, true, true, true, true, false, true, false, true, true, false, true, true, true, true, true, true, true, true, true, true, true, false, true, false, true, true, true, true, true, true, true, true, false, true, true, false, true, true, true, true], [true, true, false, true, true, true, true, true, false, true, true, true, true, true, true, true, true, true, true, true, true, true, false, true, true, true, false, true, false, true, true, true, true, true, false, true, false, false, true, true, true, true, false, true, false, false, true, true, true, true, true, true, true, true, false, true, true, false, false, true, true, true, true, true, true, true, true, true, true, true, true, false, true, true, true, true, true, true, true, true, true, true, true, true, false, true, false, true, true, false, true, false, true, true, true, false, true, false, false, true], [true, false, true, true, true, true, true, true, true, false, false, true, true, true, false, true, true, true, true, true, true, false, true, false, true, true, true, true, true, true, true, true, true, false, true, true, true, true, false, true, true, true, true, true, true, true, true, false, true, false, false, false, true, true, true, true, false, true, true, true, true, true, true, true, true, true, true, true, false, true, true, true, false, true, false, true, false, true, true, true, true, true, true, true, true, true, true, true, false, false, true, true, true, true, true, true, false, true, true, true]], "ticket_name": "zo_envs10_iter100_cand10_lambda2.0_seed666_ddim2_20251215_221703/seed_674", "eval_noise_idx": 0, "eval_seed": 1619}