{"n_seeds": 5, "n_evals_per_seed": 100, "reward_mean": -230.38400268554688, "reward_std": 3.550119161605835, "success_mean": 0.556, "success_std": 0.022449944320643633, "episode_seeds": [1619, 1620, 1621, 1622, 1623], "seed_reward_means": [-228.25, -235.14999389648438, -232.0500030517578, -231.67999267578125, -224.7899932861328], "seed_success_means": [0.56, 0.52, 0.56, 0.55, 0.59], "reward_matrix": [[-300.0, -169.0, -300.0, -300.0, -300.0, -300.0, -156.0, -162.0, -161.0, -300.0, -200.0, -151.0, -156.0, -156.0, -168.0, -180.0, -300.0, -300.0, -182.0, -300.0, -291.0, -300.0, -300.0, -211.0, -300.0, -187.0, -163.0, -296.0, -300.0, -300.0, -155.0, -204.0, -300.0, -142.0, -300.0, -138.0, -300.0, -300.0, -162.0, -210.0, -300.0, -300.0, -300.0, -300.0, -222.0, -160.0, -157.0, -300.0, -300.0, -152.0, -144.0, -130.0, -142.0, -170.0, -300.0, -300.0, -300.0, -300.0, -300.0, -168.0, -300.0, -300.0, -141.0, -131.0, -172.0, -162.0, -154.0, -159.0, -141.0, -300.0, -300.0, -165.0, -164.0, -300.0, -300.0, -300.0, -300.0, -300.0, -300.0, -144.0, -185.0, -167.0, -300.0, -300.0, -300.0, -172.0, -174.0, -300.0, -147.0, -206.0, -203.0, -165.0, -231.0, -173.0, -146.0, -175.0, -145.0, -221.0, -300.0, -137.0], [-166.0, -157.0, -299.0, -173.0, -154.0, -300.0, -300.0, -300.0, -300.0, -300.0, -278.0, -158.0, -300.0, -300.0, -162.0, -300.0, -286.0, -175.0, -158.0, -168.0, -300.0, -187.0, -300.0, -162.0, -200.0, -167.0, -146.0, -183.0, -136.0, -300.0, -300.0, -162.0, -300.0, -175.0, -300.0, -300.0, -300.0, -168.0, -170.0, -170.0, -300.0, -164.0, -168.0, -300.0, -300.0, -141.0, -300.0, -166.0, -300.0, -300.0, -257.0, -190.0, -300.0, -300.0, -300.0, -229.0, -144.0, -155.0, -152.0, -146.0, -174.0, -300.0, -300.0, -300.0, -300.0, -151.0, -300.0, -174.0, -244.0, -261.0, -300.0, -300.0, -300.0, -146.0, -135.0, -300.0, -300.0, -300.0, -174.0, -300.0, -300.0, -300.0, -300.0, -300.0, -158.0, -179.0, -300.0, -174.0, -300.0, -300.0, -300.0, -300.0, -174.0, -147.0, -300.0, -175.0, -148.0, -144.0, -132.0, -253.0], [-168.0, -300.0, -193.0, -300.0, -300.0, -300.0, -300.0, -300.0, -147.0, -167.0, -148.0, -162.0, -300.0, -148.0, -144.0, -153.0, -163.0, -300.0, -151.0, -300.0, -189.0, -300.0, -300.0, -300.0, -300.0, -196.0, -300.0, -222.0, -300.0, -300.0, -174.0, -206.0, -203.0, -160.0, -173.0, -153.0, -155.0, -138.0, -176.0, -274.0, -165.0, -300.0, -174.0, -152.0, -261.0, -156.0, -300.0, -160.0, -300.0, -300.0, -269.0, -162.0, -148.0, -169.0, -150.0, -208.0, -300.0, -160.0, -156.0, -300.0, -151.0, -300.0, -300.0, -231.0, -154.0, -220.0, -300.0, -300.0, -154.0, -300.0, -300.0, -300.0, -300.0, -215.0, -155.0, -300.0, -161.0, -300.0, -147.0, -170.0, -300.0, -188.0, -300.0, -137.0, -295.0, -171.0, -300.0, -164.0, -300.0, -300.0, -300.0, -300.0, -300.0, -300.0, -300.0, -300.0, -300.0, -287.0, -202.0, -150.0], [-211.0, -238.0, -300.0, -185.0, -300.0, -145.0, -300.0, -300.0, -143.0, -167.0, -163.0, -300.0, -300.0, -300.0, -300.0, -166.0, -300.0, -140.0, -300.0, -300.0, -172.0, -214.0, -300.0, -300.0, -171.0, -300.0, -144.0, -269.0, -300.0, -159.0, -130.0, -300.0, -300.0, -300.0, -137.0, -300.0, -300.0, -300.0, -275.0, -300.0, -173.0, -300.0, -254.0, -159.0, -234.0, -157.0, -300.0, -300.0, -300.0, -300.0, -230.0, -300.0, -150.0, -159.0, -300.0, -176.0, -168.0, -194.0, -139.0, -167.0, -162.0, -177.0, -143.0, -165.0, -300.0, -142.0, -300.0, -160.0, -300.0, -300.0, -191.0, -193.0, -300.0, -300.0, -144.0, -300.0, -300.0, -274.0, -155.0, -300.0, -164.0, -214.0, -153.0, -194.0, -165.0, -300.0, -300.0, -195.0, -135.0, -300.0, -300.0, -174.0, -159.0, -148.0, -151.0, -300.0, -300.0, -300.0, -162.0, -159.0], [-143.0, -300.0, -125.0, -139.0, -147.0, -300.0, -300.0, -146.0, -190.0, -133.0, -156.0, -300.0, -300.0, -300.0, -300.0, -157.0, -300.0, -300.0, -215.0, -300.0, -164.0, -300.0, -179.0, -196.0, -156.0, -166.0, -297.0, -300.0, -300.0, -145.0, -143.0, -155.0, -300.0, -291.0, -300.0, -151.0, -247.0, -300.0, -149.0, -156.0, -149.0, -300.0, -136.0, -300.0, -175.0, -156.0, -184.0, -300.0, -300.0, -233.0, -151.0, -148.0, -300.0, -151.0, -300.0, -142.0, -300.0, -300.0, -300.0, -300.0, -300.0, -176.0, -184.0, -300.0, -300.0, -152.0, -300.0, -300.0, -214.0, -173.0, -162.0, -159.0, -165.0, -276.0, -155.0, -300.0, -261.0, -165.0, -184.0, -300.0, -180.0, -300.0, -300.0, -199.0, -300.0, -300.0, -286.0, -167.0, -155.0, -154.0, -300.0, -174.0, -171.0, -175.0, -136.0, -166.0, -300.0, -300.0, -172.0, -147.0]], "success_matrix": [[false, true, false, false, false, false, true, true, true, false, true, true, true, true, true, true, false, false, true, false, true, false, false, true, false, true, true, true, false, false, true, true, false, true, false, true, false, false, true, true, false, false, false, false, true, true, true, false, false, true, true, true, true, true, false, false, false, false, false, true, false, false, true, true, true, true, true, true, true, false, false, true, true, false, false, false, false, false, false, true, true, true, false, false, false, true, true, false, true, true, true, true, true, true, true, true, true, true, false, true], [true, true, false, true, true, false, false, false, false, false, true, true, false, false, true, false, true, true, true, true, false, true, false, true, true, true, true, true, true, false, false, true, false, true, false, false, false, true, true, true, false, true, true, false, false, true, false, true, false, false, true, true, false, false, false, true, true, true, true, true, true, false, false, false, false, true, false, true, true, true, false, false, false, true, true, false, false, false, true, false, false, false, false, false, true, true, false, true, false, false, false, false, true, true, false, true, true, true, true, true], [true, false, true, false, false, false, false, false, true, true, true, true, false, true, true, true, true, false, true, false, true, false, false, false, false, true, false, true, false, false, true, true, true, true, true, true, true, true, true, true, true, false, true, true, true, true, false, true, false, false, true, true, true, true, true, true, false, true, true, false, true, false, false, true, true, true, false, false, true, false, false, false, false, true, true, false, true, false, true, true, false, true, false, true, true, true, false, true, false, false, false, false, false, false, false, false, false, true, true, true], [true, true, false, true, false, true, false, false, true, true, true, false, false, false, false, true, false, true, false, false, true, true, false, false, true, false, true, true, false, true, true, false, false, false, true, false, false, false, true, false, true, false, true, true, true, true, false, false, false, false, true, false, true, true, false, true, true, true, true, true, true, true, true, true, false, true, false, true, false, false, true, true, false, false, true, false, false, true, true, false, true, true, true, true, true, false, false, true, true, false, false, true, true, true, true, false, false, false, true, true], [true, false, true, true, true, false, false, true, true, true, true, false, false, false, false, true, false, false, true, false, true, false, true, true, true, true, false, false, false, true, true, true, false, true, false, true, true, false, true, true, true, false, true, false, true, true, true, false, false, true, true, true, false, true, false, true, false, false, false, false, false, true, true, false, false, true, false, false, true, true, true, true, true, true, true, false, true, true, true, false, true, false, false, true, false, false, true, true, true, true, false, true, true, true, true, true, false, false, true, true]], "ticket_name": "envs100_samples5000_seed999_ddim8_20251130_221846_ddim8", "eval_noise_idx": 40, "eval_seed": 1619}