{"n_seeds": 5, "n_evals_per_seed": 100, "reward_mean": -95.06999969482422, "reward_std": 4.563347816467285, "success_mean": 0.8119999999999999, "success_std": 0.017888543819998284, "episode_seeds": [1619, 1620, 1621, 1622, 1623], "seed_reward_means": [-92.2699966430664, -92.73999786376953, -99.05999755859375, -90.47000122070312, -100.80999755859375], "seed_success_means": [0.82, 0.82, 0.82, 0.82, 0.78], "reward_matrix": [[-39.0, -300.0, -300.0, -42.0, -42.0, -38.0, -43.0, -41.0, -300.0, -54.0, -44.0, -37.0, -40.0, -56.0, -39.0, -49.0, -42.0, -300.0, -43.0, -47.0, -40.0, -39.0, -55.0, -41.0, -300.0, -300.0, -42.0, -44.0, -122.0, -40.0, -43.0, -41.0, -300.0, -300.0, -49.0, -40.0, -36.0, -38.0, -47.0, -300.0, -41.0, -44.0, -41.0, -189.0, -49.0, -300.0, -47.0, -48.0, -41.0, -300.0, -41.0, -44.0, -65.0, -300.0, -56.0, -39.0, -41.0, -300.0, -42.0, -300.0, -44.0, -42.0, -40.0, -300.0, -40.0, -42.0, -43.0, -46.0, -41.0, -41.0, -104.0, -41.0, -40.0, -40.0, -42.0, -42.0, -45.0, -40.0, -49.0, -48.0, -40.0, -49.0, -40.0, -38.0, -300.0, -51.0, -40.0, -47.0, -40.0, -300.0, -300.0, -43.0, -44.0, -42.0, -39.0, -41.0, -42.0, -41.0, -41.0, -38.0], [-36.0, -42.0, -38.0, -41.0, -44.0, -43.0, -66.0, -40.0, -39.0, -42.0, -47.0, -40.0, -300.0, -300.0, -300.0, -44.0, -42.0, -44.0, -43.0, -44.0, -137.0, -40.0, -73.0, -38.0, -300.0, -296.0, -46.0, -45.0, -41.0, -61.0, -138.0, -40.0, -46.0, -300.0, -44.0, -300.0, -54.0, -300.0, -38.0, -44.0, -300.0, -300.0, -39.0, -45.0, -43.0, -46.0, -41.0, -59.0, -300.0, -44.0, -38.0, -50.0, -57.0, -44.0, -44.0, -300.0, -40.0, -36.0, -49.0, -45.0, -39.0, -43.0, -37.0, -45.0, -37.0, -300.0, -43.0, -42.0, -46.0, -36.0, -300.0, -41.0, -55.0, -300.0, -300.0, -39.0, -39.0, -41.0, -41.0, -40.0, -44.0, -45.0, -41.0, -48.0, -41.0, -150.0, -43.0, -40.0, -38.0, -296.0, -39.0, -45.0, -61.0, -40.0, -44.0, -39.0, -38.0, -300.0, -43.0, -39.0], [-300.0, -45.0, -36.0, -300.0, -42.0, -42.0, -43.0, -44.0, -43.0, -48.0, -39.0, -300.0, -41.0, -49.0, -41.0, -84.0, -44.0, -40.0, -40.0, -38.0, -44.0, -92.0, -43.0, -45.0, -300.0, -100.0, -300.0, -47.0, -44.0, -43.0, -221.0, -41.0, -47.0, -44.0, -298.0, -50.0, -40.0, -43.0, -44.0, -45.0, -38.0, -37.0, -38.0, -73.0, -39.0, -300.0, -300.0, -300.0, -36.0, -136.0, -43.0, -300.0, -38.0, -300.0, -130.0, -42.0, -36.0, -39.0, -300.0, -39.0, -52.0, -37.0, -42.0, -68.0, -48.0, -159.0, -50.0, -41.0, -75.0, -37.0, -117.0, -44.0, -40.0, -45.0, -300.0, -296.0, -37.0, -300.0, -300.0, -40.0, -300.0, -300.0, -45.0, -44.0, -44.0, -38.0, -37.0, -45.0, -300.0, -42.0, -44.0, -40.0, -45.0, -47.0, -44.0, -37.0, -45.0, -44.0, -41.0, -42.0], [-41.0, -43.0, -300.0, -300.0, -38.0, -63.0, -46.0, -300.0, -53.0, -39.0, -39.0, -48.0, -44.0, -58.0, -51.0, -43.0, -47.0, -300.0, -42.0, -39.0, -300.0, -44.0, -300.0, -40.0, -45.0, -49.0, -300.0, -43.0, -300.0, -52.0, -43.0, -41.0, -44.0, -36.0, -300.0, -38.0, -46.0, -39.0, -44.0, -41.0, -47.0, -38.0, -39.0, -42.0, -58.0, -102.0, -35.0, -300.0, -38.0, -43.0, -300.0, -300.0, -41.0, -40.0, -40.0, -43.0, -40.0, -41.0, -300.0, -300.0, -43.0, -40.0, -47.0, -44.0, -41.0, -44.0, -40.0, -42.0, -45.0, -50.0, -44.0, -300.0, -40.0, -49.0, -41.0, -41.0, -298.0, -42.0, -300.0, -40.0, -39.0, -40.0, -48.0, -65.0, -39.0, -46.0, -43.0, -300.0, -44.0, -38.0, -39.0, -47.0, -51.0, -42.0, -36.0, -57.0, -42.0, -43.0, -43.0, -48.0], [-41.0, -42.0, -42.0, -44.0, -300.0, -40.0, -40.0, -37.0, -43.0, -47.0, -300.0, -52.0, -43.0, -300.0, -300.0, -49.0, -40.0, -43.0, -300.0, -300.0, -40.0, -41.0, -41.0, -52.0, -125.0, -300.0, -40.0, -41.0, -45.0, -46.0, -53.0, -42.0, -300.0, -64.0, -300.0, -39.0, -40.0, -61.0, -38.0, -43.0, -36.0, -52.0, -41.0, -40.0, -300.0, -47.0, -39.0, -41.0, -300.0, -300.0, -43.0, -300.0, -39.0, -300.0, -300.0, -42.0, -300.0, -45.0, -41.0, -44.0, -41.0, -40.0, -37.0, -40.0, -300.0, -37.0, -88.0, -42.0, -37.0, -40.0, -44.0, -44.0, -300.0, -37.0, -300.0, -44.0, -41.0, -300.0, -45.0, -46.0, -48.0, -300.0, -49.0, -44.0, -43.0, -39.0, -41.0, -41.0, -39.0, -38.0, -41.0, -39.0, -39.0, -46.0, -42.0, -43.0, -51.0, -300.0, -53.0, -38.0]], "success_matrix": [[true, false, false, true, true, true, true, true, false, true, true, true, true, true, true, true, true, false, true, true, true, true, true, true, false, false, true, true, true, true, true, true, false, false, true, true, true, true, true, false, true, true, true, true, true, false, true, true, true, false, true, true, true, false, true, true, true, false, true, false, true, true, true, false, true, true, true, true, true, true, true, true, true, true, true, true, true, true, true, true, true, true, true, true, false, true, true, true, true, false, false, true, true, true, true, true, true, true, true, true], [true, true, true, true, true, true, true, true, true, true, true, true, false, false, false, true, true, true, true, true, true, true, true, true, false, false, true, true, true, true, true, true, true, false, true, false, true, false, true, true, false, false, true, true, true, true, true, true, false, true, true, true, true, true, true, false, true, true, true, true, true, true, true, true, true, false, true, true, true, true, false, true, true, false, false, true, true, true, true, true, true, true, true, true, true, true, true, true, true, false, true, true, true, true, true, true, true, false, true, true], [false, true, true, false, true, true, true, true, true, true, true, false, true, true, true, true, true, true, true, true, true, true, true, true, false, true, false, true, true, true, true, true, true, true, false, true, true, true, true, true, true, true, true, true, true, false, false, false, true, true, true, false, true, false, true, true, true, true, false, true, true, true, true, true, true, true, true, true, true, true, true, true, true, true, false, true, true, false, false, true, false, false, true, true, true, true, true, true, false, true, true, true, true, true, true, true, true, true, true, true], [true, true, false, false, true, true, true, false, true, true, true, true, true, true, true, true, true, false, true, true, false, true, false, true, true, true, false, true, false, true, true, true, true, true, false, true, true, true, true, true, true, true, true, true, true, true, true, false, true, true, false, false, true, true, true, true, true, true, false, false, true, true, true, true, true, true, true, true, true, true, true, false, true, true, true, true, false, true, false, true, true, true, true, true, true, true, true, false, true, true, true, true, true, true, true, true, true, true, true, true], [true, true, true, true, false, true, true, true, true, true, false, true, true, false, false, true, true, true, false, false, true, true, true, true, true, false, true, true, true, true, true, true, false, true, false, true, true, true, true, true, true, true, true, true, false, true, true, true, false, false, true, false, true, false, false, true, false, true, true, true, true, true, true, true, false, true, true, true, true, true, true, true, false, true, false, true, true, false, true, true, true, false, true, true, true, true, true, true, true, true, true, true, true, true, true, true, true, false, true, true]], "ticket_name": "zo_envs10_iter100_cand10_lambda2.0_seed666_ddim2_20251215_221703/seed_670", "eval_noise_idx": 0, "eval_seed": 1619}