{"n_seeds": 5, "n_evals_per_seed": 100, "reward_mean": -254.30044555664062, "reward_std": 7.530087947845459, "success_mean": 0.454, "success_std": 0.04159326868617084, "episode_seeds": [1619, 1620, 1621, 1622, 1623], "seed_reward_means": [-257.4693603515625, -261.1490173339844, -244.19512939453125, -260.16424560546875, -248.52442932128906], "seed_success_means": [0.45, 0.4, 0.49, 0.43, 0.5], "reward_matrix": [[-342.3182678222656, -243.3968963623047, -382.3899841308594, -184.78085327148438, -218.89080810546875, -149.9960174560547, -370.5856018066406, -117.71258544921875, -144.76422119140625, -141.96453857421875, -124.09478759765625, -162.25003051757812, -342.3521423339844, -165.246826171875, -139.39105224609375, -117.4433364868164, -119.096435546875, -350.36749267578125, -370.7744140625, -147.36439514160156, -390.1601867675781, -267.3607482910156, -345.1968688964844, -133.2074432373047, -360.6719970703125, -218.5385284423828, -292.9410095214844, -301.1781005859375, -359.03125, -129.68711853027344, -294.1287841796875, -330.93731689453125, -378.5248107910156, -396.9158935546875, -320.28961181640625, -177.9197998046875, -146.7807159423828, -396.7828063964844, -119.70826721191406, -320.7442626953125, -395.8490295410156, -146.51695251464844, -390.5472412109375, -185.18556213378906, -383.69317626953125, -381.21771240234375, -152.27685546875, -264.9541931152344, -226.7533416748047, -374.64715576171875, -203.29953002929688, -311.8003845214844, -298.8238220214844, -329.48248291015625, -372.5779724121094, -319.46600341796875, -376.6932678222656, -218.22190856933594, -274.2476806640625, -308.3637390136719, -377.7325744628906, -111.9665756225586, -148.46273803710938, -264.4858703613281, -122.2028579711914, -99.77232360839844, -336.8204040527344, -134.53811645507812, -399.8503112792969, -354.4204406738281, -130.55465698242188, -387.6089172363281, -302.22357177734375, -345.7666015625, -310.5173034667969, -385.6984558105469, -134.2120361328125, -377.3885498046875, -147.6468963623047, -151.83045959472656, -196.87396240234375, -123.09418487548828, -237.7584228515625, -262.98193359375, -125.00640106201172, -302.30426025390625, -374.45294189453125, -205.46881103515625, -233.43609619140625, -323.3341369628906, -339.5083923339844, -308.5028076171875, -119.5806884765625, -117.26473999023438, -289.50958251953125, -180.00485229492188, -238.2088623046875, -271.6595153808594, -332.3162841796875, -211.46664428710938], [-392.6084899902344, -143.07275390625, -345.7976379394531, -161.67578125, -227.17100524902344, -176.1883087158203, -144.29945373535156, -183.6112823486328, -390.3625183105469, -146.11988830566406, -258.8400573730469, -393.066650390625, -254.10752868652344, -358.96337890625, -192.13156127929688, -129.3938751220703, -205.34210205078125, -252.51901245117188, -377.0224609375, -148.7890167236328, -145.3210906982422, -227.00723266601562, -318.16632080078125, -181.41497802734375, -239.84957885742188, -308.251220703125, -152.96514892578125, -137.393310546875, -332.8660888671875, -253.66908264160156, -377.0183410644531, -382.09320068359375, -229.14222717285156, -240.74295043945312, -355.77056884765625, -157.50845336914062, -141.92257690429688, -154.85472106933594, -153.08322143554688, -336.8059997558594, -153.2229461669922, -202.48326110839844, -266.4230041503906, -236.44613647460938, -204.51890563964844, -213.28677368164062, -308.4500427246094, -328.6283264160156, -328.69464111328125, -317.7015686035156, -192.1221466064453, -210.11611938476562, -354.4555969238281, -394.3246765136719, -374.3955383300781, -373.00469970703125, -396.4570007324219, -123.88126373291016, -238.84324645996094, -383.0975341796875, -369.5908508300781, -117.46456909179688, -197.02542114257812, -371.0477600097656, -114.63300323486328, -198.24679565429688, -382.7347106933594, -146.528076171875, -321.8256530761719, -184.68711853027344, -117.89132690429688, -114.29071044921875, -186.35882568359375, -229.70867919921875, -397.6651916503906, -389.01788330078125, -389.6834716796875, -129.8108367919922, -331.3195495605469, -356.6202392578125, -372.2667236328125, -341.3404235839844, -249.66009521484375, -380.5937805175781, -373.8503112792969, -342.7845458984375, -115.60476684570312, -370.42462158203125, -389.0536193847656, -154.24127197265625, -141.52581787109375, -341.1338806152344, -386.25677490234375, -241.7763671875, -92.39530944824219, -212.87640380859375, -131.7262725830078, -383.89410400390625, -361.9974060058594, -377.8645935058594], [-148.00271606445312, -129.541748046875, -338.9752502441406, -136.2510528564453, -133.0921173095703, -136.5601348876953, -120.18387603759766, -380.2477111816406, -125.98148345947266, -196.42709350585938, -150.42811584472656, -373.6722106933594, -275.9407043457031, -397.2801818847656, -206.13868713378906, -246.87496948242188, -237.55726623535156, -159.16957092285156, -313.5916748046875, -213.90696716308594, -221.49343872070312, -113.11138916015625, -375.29119873046875, -269.8243713378906, -378.9815368652344, -111.33430480957031, -352.7369689941406, -379.5419006347656, -391.08721923828125, -146.6070098876953, -270.90618896484375, -129.446533203125, -137.11058044433594, -279.7030944824219, -197.74905395507812, -154.22361755371094, -274.3631286621094, -175.24107360839844, -211.01339721679688, -212.5669403076172, -322.7655029296875, -115.14280700683594, -384.9600524902344, -332.5283508300781, -194.50108337402344, -296.9359130859375, -264.0520935058594, -338.9894104003906, -364.12255859375, -343.24078369140625, -355.41607666015625, -174.02053833007812, -124.59706115722656, -105.05282592773438, -250.01641845703125, -284.5450134277344, -383.6288146972656, -112.7071762084961, -387.2571716308594, -270.40185546875, -116.27869415283203, -376.0195007324219, -350.99627685546875, -143.86172485351562, -201.67007446289062, -128.45240783691406, -368.7113952636719, -354.2852783203125, -355.63299560546875, -124.05757141113281, -343.7507629394531, -120.55916595458984, -128.50527954101562, -203.7220458984375, -369.2220153808594, -377.4609680175781, -377.1982421875, -397.5374755859375, -276.45111083984375, -122.82527160644531, -133.12794494628906, -380.0876770019531, -252.11634826660156, -145.00448608398438, -312.5118713378906, -122.11554718017578, -300.874267578125, -164.24734497070312, -124.99536895751953, -131.11212158203125, -127.1490478515625, -380.8703918457031, -278.4730224609375, -271.5143127441406, -320.875244140625, -116.17593383789062, -215.8344268798828, -140.81871032714844, -323.8381652832031, -333.5363464355469], [-326.49542236328125, -388.0537109375, -145.40988159179688, -200.21437072753906, -122.61160278320312, -280.6512756347656, -149.30064392089844, -106.58959197998047, -381.6141052246094, -384.0971984863281, -331.3958435058594, -316.62738037109375, -135.49508666992188, -359.08392333984375, -143.4778289794922, -351.2395324707031, -244.0560302734375, -372.880859375, -159.32212829589844, -317.1977233886719, -201.5030975341797, -126.87396240234375, -114.46304321289062, -182.95852661132812, -238.1033477783203, -176.22352600097656, -348.3487243652344, -162.3493194580078, -322.28668212890625, -371.8042297363281, -372.7899475097656, -172.71380615234375, -346.325927734375, -321.36492919921875, -151.2932891845703, -165.36561584472656, -354.2431640625, -363.11773681640625, -264.947998046875, -358.8870544433594, -340.0096130371094, -211.00833129882812, -169.63229370117188, -321.7685546875, -388.9061584472656, -212.0126953125, -375.3440856933594, -388.2069396972656, -354.8124694824219, -128.0599822998047, -284.4578857421875, -272.9682312011719, -289.7578430175781, -278.1950378417969, -124.85587310791016, -184.88711547851562, -262.8258361816406, -114.4699478149414, -372.96630859375, -144.628173828125, -217.90399169921875, -330.6148376464844, -384.53814697265625, -114.32427215576172, -325.5824890136719, -362.1120300292969, -188.7779083251953, -206.72647094726562, -118.8782958984375, -136.19528198242188, -368.8985290527344, -345.62420654296875, -326.2701721191406, -254.83514404296875, 