{"num_noise_samples": 101, "num_envs": 10, "success_rate_mean": 0.12970298528671265, "success_rate_std": 0.0480511300265789, "best_success_rate": 0.3, "best_original_index": 86, "success_rates_sorted": [0.3, 0.2, 0.2, 0.2, 0.2, 0.2, 0.2, 0.2, 0.2, 0.2, 0.2, 0.2, 0.2, 0.2, 0.2, 0.2, 0.2, 0.2, 0.2, 0.2, 0.2, 0.2, 0.2, 0.2, 0.2, 0.2, 0.2, 0.2, 0.2, 0.1, 0.1, 0.1, 0.1, 0.1, 0.1, 0.1, 0.1, 0.1, 0.1, 0.1, 0.1, 0.1, 0.1, 0.1, 0.1, 0.1, 0.1, 0.1, 0.1, 0.1, 0.1, 0.1, 0.1, 0.1, 0.1, 0.1, 0.1, 0.1, 0.1, 0.1, 0.1, 0.1, 0.1, 0.1, 0.1, 0.1, 0.1, 0.1, 0.1, 0.1, 0.1, 0.1, 0.1, 0.1, 0.1, 0.1, 0.1, 0.1, 0.1, 0.1, 0.1, 0.1, 0.1, 0.1, 0.1, 0.1, 0.1, 0.1, 0.1, 0.1, 0.1, 0.1, 0.1, 0.1, 0.1, 0.1, 0.1, 0.1, 0.1, 0.1, 0.1], "original_success_rates": [0.1, 0.1, 0.1, 0.1, 0.1, 0.1, 0.1, 0.1, 0.1, 0.2, 0.1, 0.1, 0.2, 0.1, 0.1, 0.2, 0.1, 0.1, 0.1, 0.2, 0.1, 0.2, 0.2, 0.2, 0.1, 0.1, 0.1, 0.1, 0.2, 0.1, 0.1, 0.2, 0.1, 0.2, 0.1, 0.2, 0.1, 0.1, 0.2, 0.2, 0.1, 0.2, 0.1, 0.1, 0.2, 0.1, 0.1, 0.1, 0.2, 0.1, 0.1, 0.1, 0.1, 0.1, 0.1, 0.1, 0.1, 0.2, 0.2, 0.1, 0.1, 0.1, 0.1, 0.1, 0.1, 0.1, 0.1, 0.2, 0.2, 0.1, 0.1, 0.1, 0.1, 0.1, 0.1, 0.1, 0.1, 0.1, 0.1, 0.2, 0.1, 0.2, 0.1, 0.1, 0.2, 0.1, 0.3, 0.1, 0.1, 0.1, 0.1, 0.1, 0.1, 0.2, 0.2, 0.1, 0.2, 0.2, 0.2, 0.1, 0.1], "seed": 673, "env_seeds": [131916502, 1120285282, 3270920569, 1797448701, 2446857065, 63907189, 331298150, 4154167822, 3502642190, 577869134]}