{"num_noise_samples": 501, "num_envs": 10, "success_rate_mean": 0.43073856830596924, "success_rate_std": 0.09106729924678802, "best_success_rate": 0.6, "best_original_index": 482, "success_rates_sorted": [0.6, 0.6, 0.6, 0.6, 0.6, 0.6, 0.6, 0.6, 0.6, 0.6, 0.6, 0.6, 0.6, 0.6, 0.6, 0.6, 0.6, 0.6, 0.6, 0.6, 0.6, 0.6, 0.6, 0.6, 0.6, 0.5, 0.5, 0.5, 0.5, 0.5, 0.5, 0.5, 0.5, 0.5, 0.5, 0.5, 0.5, 0.5, 0.5, 0.5, 0.5, 0.5, 0.5, 0.5, 0.5, 0.5, 0.5, 0.5, 0.5, 0.5, 0.5, 0.5, 0.5, 0.5, 0.5, 0.5, 0.5, 0.5, 0.5, 0.5, 0.5, 0.5, 0.5, 0.5, 0.5, 0.5, 0.5, 0.5, 0.5, 0.5, 0.5, 0.5, 0.5, 0.5, 0.5, 0.5, 0.5, 0.5, 0.5, 0.5, 0.5, 0.5, 0.5, 0.5, 0.5, 0.5, 0.5, 0.5, 0.5, 0.5, 0.5, 0.5, 0.5, 0.5, 0.5, 0.5, 0.5, 0.5, 0.5, 0.5, 0.5, 0.5, 0.5, 0.5, 0.5, 0.5, 0.5, 0.5, 0.5, 0.5, 0.5, 0.5, 0.5, 0.5, 0.5, 0.5, 0.5, 0.5, 0.5, 0.5, 0.5, 0.5, 0.5, 0.5, 0.5, 0.5, 0.5, 0.5, 0.5, 0.5, 0.5, 0.5, 0.5, 0.5, 0.5, 0.5, 0.5, 0.5, 0.5, 0.5, 0.5, 0.5, 0.5, 0.5, 0.5, 0.5, 0.5, 0.5, 0.5, 0.5, 0.5, 0.5, 0.5, 0.5, 0.5, 0.5, 0.5, 0.5, 0.5, 0.5, 0.5, 0.5, 0.5, 0.5, 0.5, 0.5, 0.5, 0.5, 0.5, 0.5, 0.5, 0.5, 0.5, 0.5, 0.5, 0.5, 0.5, 0.5, 0.5, 0.5, 0.5, 0.5, 0.5, 0.5, 0.5, 0.5, 0.5, 0.5, 0.5, 0.5, 0.5, 0.5, 0.5, 0.5, 0.5, 0.5, 0.5, 0.5, 0.5, 0.5, 0.5, 0.5, 0.5, 0.5, 0.5, 0.5, 0.5, 0.5, 0.5, 0.5, 0.5, 0.5, 0.5, 0.5, 0.5, 0.5, 0.5, 0.5, 0.5, 0.5, 0.5, 0.5, 0.5, 0.5, 0.5, 0.5, 0.5, 0.5, 0.5, 0.5, 0.5, 0.5, 0.5, 0.5, 0.5, 0.5, 0.5, 0.5, 0.4, 0.4, 0.4, 0.4, 0.4, 0.4, 0.4, 0.4, 0.4, 0.4, 0.4, 0.4, 0.4, 0.4, 0.4, 0.4, 0.4, 0.4, 0.4, 0.4, 0.4, 0.4, 0.4, 0.4, 0.4, 0.4, 0.4, 0.4, 0.4, 0.4, 0.4, 0.4, 0.4, 0.4, 0.4, 0.4, 0.4, 0.4, 0.4, 0.4, 0.4, 0.4, 0.4, 0.4, 0.4, 0.4, 0.4, 0.4, 0.4, 0.4, 0.4, 0.4, 0.4, 0.4, 0.4, 0.4, 0.4, 0.4, 0.4, 0.4, 0.4, 0.4, 0.4, 0.4, 0.4, 0.4, 0.4, 0.4, 0.4, 0.4, 0.4, 0.4, 0.4, 0.4, 0.4, 0.4, 0.4, 0.4, 0.4, 0.4, 0.4, 0.4, 0.4, 0.4, 0.4, 0.4, 0.4, 0.4, 0.4, 0.4, 0.4, 0.4, 0.4, 0.4, 0.4, 0.4, 0.4, 0.4, 0.4, 0.4, 0.4, 0.4, 0.4, 0.4, 0.4, 0.4, 0.4, 0.4, 0.4, 0.4, 0.4, 0.4, 0.4, 0.4, 0.4, 0.4, 0.4, 0.4, 0.4, 0.4, 0.4, 0.4, 0.4, 0.4, 0.4, 0.4, 0.4, 0.4, 0.4, 0.4, 0.4, 0.4, 0.4, 0.4, 0.4, 0.4, 0.4, 0.4, 0.4, 0.4, 0.4, 0.4, 0.4, 0.4, 0.4, 0.4, 0.4, 0.4, 0.4, 0.4, 0.4, 0.4, 0.4, 0.4, 0.4, 0.4, 0.4, 0.4, 0.4, 0.4, 0.4, 0.4, 0.4, 0.4, 0.4, 0.4, 0.4, 0.4, 0.4, 0.4, 0.4, 0.4, 0.4, 0.4, 0.3, 0.3, 0.3, 0.3, 0.3, 0.3, 0.3, 0.3, 0.3, 0.3, 0.3, 0.3, 0.3, 0.3, 0.3, 0.3, 0.3, 0.3, 0.3, 0.3, 0.3, 0.3, 0.3, 0.3, 0.3, 0.3, 0.3, 0.3, 0.3, 0.3, 0.3, 0.3, 0.3, 0.3, 0.3, 0.3, 0.3, 0.3, 0.3, 0.3, 0.3, 0.3, 0.3, 0.3, 0.3, 0.3, 0.3, 0.3, 0.3, 0.3, 0.3, 0.3, 0.3, 0.3, 0.3, 0.3, 0.3, 0.3, 0.3, 0.3, 0.3, 0.3, 0.3, 0.3, 0.3, 0.3, 0.3, 0.3, 0.3, 0.2, 0.2, 0.2, 0.2, 0.2, 0.2, 0.2, 0.2, 0.2, 0.2, 0.2, 0.2, 0.2, 0.2, 0.2, 0.2, 0.2, 0.2, 0.2, 0.2], "original_success_rates": [0.3, 0.2, 0.3, 0.3, 0.3, 0.3, 0.3, 0.2, 0.3, 0.2, 0.3, 0.2, 0.3, 0.3, 0.3, 0.3, 0.2, 0.3, 0.3, 0.3, 0.3, 0.3, 0.3, 0.3, 0.3, 0.2, 0.3, 0.3, 0.3, 0.2, 0.3, 0.2, 0.2, 0.3, 0.2, 0.3, 0.2, 0.2, 0.3, 0.3, 0.2, 0.3, 0.3, 0.2, 0.3, 0.2, 0.3, 0.2, 0.3, 0.4, 0.2, 0.4, 0.4, 0.4, 0.4, 0.4, 0.4, 0.4, 0.4, 0.4, 0.4, 0.4, 0.4, 0.4, 0.3, 0.3, 0.3, 0.5, 0.2, 0.4, 0.4, 0.5, 0.3, 0.5, 0.5, 0.4, 0.3, 0.5, 0.5, 0.4, 0.4, 0.4, 0.5, 0.4, 0.4, 0.4, 0.5, 0.4, 0.4, 0.3, 0.5, 0.3, 0.4, 0.5, 0.3, 0.4, 0.4, 0.4, 0.4, 0.4, 0.4, 0.5, 0.5, 0.4, 0.5, 0.5, 0.5, 0.4, 0.4, 0.4, 0.3, 0.4, 0.5, 0.3, 0.5, 0.4, 0.3, 0.4, 0.4, 0.4, 0.4, 0.4, 0.3, 0.4, 0.4, 0.4, 0.4, 0.4, 0.5, 0.3, 0.5, 0.4, 0.4, 0.5, 0.4, 0.4, 0.5, 0.4, 0.3, 0.3, 0.5, 0.4, 0.5, 0.4, 0.5, 0.5, 0.5, 0.4, 0.5, 0.3, 0.3, 0.5, 0.5, 0.5, 0.5, 0.4, 0.5, 0.5, 0.4, 0.5, 0.5, 0.4, 0.4, 0.4, 0.5, 0.4, 0.4, 0.5, 0.3, 0.5, 0.4, 0.4, 0.4, 0.5, 0.4, 0.3, 0.4, 0.4, 0.4, 0.4, 0.3, 0.3, 0.3, 0.4, 0.4, 0.5, 0.2, 0.4, 0.5, 0.3, 0.4, 0.4, 0.3, 0.4, 0.3, 0.4, 0.3, 0.4, 0.4, 0.4, 0.5, 0.4, 0.5, 0.4, 0.5, 0.4, 0.3, 0.4, 0.3, 0.4, 0.4, 0.5, 0.5, 0.4, 0.5, 0.4, 0.3, 0.5, 0.4, 0.4, 0.5, 0.4, 0.5, 0.4, 0.4, 0.5, 0.5, 0.4, 0.5, 0.4, 0.4, 0.5, 0.4, 0.5, 0.5, 0.5, 0.4, 0.5, 0.3, 0.3, 0.5, 0.4, 0.4, 0.4, 0.4, 0.4, 0.4, 0.4, 0.5, 0.5, 0.4, 0.5, 0.5, 0.5, 0.5, 0.5, 0.5, 0.4, 0.5, 0.5, 0.4, 0.5, 0.5, 0.4, 0.5, 0.4, 0.5, 0.4, 0.4, 0.5, 0.5, 0.4, 0.5, 0.4, 0.5, 0.4, 0.4, 0.4, 0.4, 0.5, 0.5, 0.5, 0.5, 0.2, 0.4, 0.4, 0.5, 0.4, 0.5, 0.4, 0.4, 0.3, 0.4, 0.3, 0.4, 0.5, 0.5, 0.5, 0.4, 0.5, 0.3, 0.5, 0.5, 0.5, 0.5, 0.4, 0.4, 0.4, 0.4, 0.5, 0.5, 0.4, 0.3, 0.5, 0.5, 0.5, 0.5, 0.5, 0.5, 0.4, 0.4, 0.5, 0.4, 0.5, 0.5, 0.5, 0.5, 0.5, 0.5, 0.5, 0.5, 0.5, 0.5, 0.4, 0.4, 0.5, 0.5, 0.5, 0.5, 0.5, 0.5, 0.5, 0.5, 0.4, 0.4, 0.4, 0.5, 0.4, 0.4, 0.4, 0.4, 0.5, 0.4, 0.5, 0.5, 0.5, 0.5, 0.5, 0.5, 0.5, 0.5, 0.5, 0.5, 0.5, 0.5, 0.5, 0.5, 0.5, 0.5, 0.5, 0.5, 0.4, 0.5, 0.4, 0.5, 0.4, 0.3, 0.4, 0.5, 0.5, 0.4, 0.5, 0.5, 0.5, 0.5, 0.5, 0.5, 0.5, 0.5, 0.5, 0.5, 0.5, 0.5, 0.5, 0.4, 0.5, 0.5, 0.5, 0.5, 0.6, 0.6, 0.6, 0.5, 0.4, 0.4, 0.5, 0.5, 0.4, 0.5, 0.4, 0.5, 0.5, 0.5, 0.5, 0.5, 0.4, 0.5, 0.6, 0.5, 0.4, 0.4, 0.5, 0.4, 0.6, 0.4, 0.5, 0.5, 0.6, 0.4, 0.6, 0.6, 0.5, 0.5, 0.4, 0.5, 0.4, 0.4, 0.6, 0.4, 0.4, 0.5, 0.5, 0.5, 0.5, 0.5, 0.5, 0.4, 0.5, 0.5, 0.6, 0.5, 0.5, 0.5, 0.6, 0.6, 0.4, 0.5, 0.5, 0.5, 0.6, 0.4, 0.5, 0.6, 0.5, 0.5, 0.5, 0.5, 0.5, 0.6, 0.6, 0.6, 0.6, 0.5, 0.6, 0.5, 0.6, 0.5, 0.5, 0.5, 0.6, 0.5, 0.5, 0.6, 0.4, 0.5, 0.6, 0.5, 0.5, 0.5, 0.4, 0.5, 0.6, 0.6, 0.5, 0.4, 0.5, 0.4, 0.5, 0.4, 0.5, 0.5], "seed": 671, "env_seeds": [3486481337, 2739043926, 3901804811, 1328174473, 831101528, 1667653760, 2141788608, 1947105403, 2192165193, 3689610497]}