{"n_seeds": 5, "n_evals_per_seed": 100, "reward_mean": -296.6045837402344, "reward_std": 12.499267578125, "success_mean": 0.202, "success_std": 0.04658325879540846, "episode_seeds": [1619, 1620, 1621, 1622, 1623], "seed_reward_means": [-315.28387451171875, -303.44415283203125, -286.62530517578125, -286.7246398925781, -290.9449157714844], "seed_success_means": [0.14, 0.21, 0.25, 0.24, 0.17], "reward_matrix": [[-360.25347900390625, -369.2667541503906, -372.6722717285156, -373.83233642578125, -248.5955810546875, -374.98876953125, -336.727783203125, -253.34214782714844, -218.9449920654297, -367.0152587890625, -136.11471557617188, -386.56005859375, -371.6236267089844, -377.1731872558594, -377.22967529296875, -332.0552978515625, -131.69500732421875, -262.77130126953125, -275.7571716308594, -348.49481201171875, -354.1565856933594, -232.88027954101562, -384.71746826171875, -102.7747802734375, -281.8475646972656, -369.6185607910156, -329.0270080566406, -138.854736328125, -377.9910888671875, -190.251708984375, -388.1367492675781, -369.36334228515625, -351.6780700683594, -374.6317138671875, -337.5999450683594, -273.6637878417969, -370.4588623046875, -397.3871765136719, -153.9676055908203, -352.1461181640625, -394.0072937011719, -381.05853271484375, -377.26568603515625, -362.44940185546875, -388.7680358886719, -389.2857360839844, -360.99932861328125, -359.83526611328125, -131.8842010498047, -379.1847839355469, -338.17852783203125, -179.42042541503906, -194.14013671875, -365.1902770996094, -136.83489990234375, -387.3854675292969, -384.8005065917969, -381.3874816894531, -321.6085205078125, -374.098876953125, -292.7796936035156, -371.9534606933594, -376.3511657714844, -295.7427062988281, -347.0938415527344, -306.7572021484375, -291.6679992675781, -367.4804382324219, -292.2023010253906, -358.9252624511719, -379.6492004394531, -390.94940185546875, -346.1087341308594, -373.34075927734375, -397.4974670410156, -315.1612243652344, -243.21775817871094, -246.01577758789062, -351.7601013183594, -329.76141357421875, -243.2803192138672, -384.0539855957031, -122.07433319091797, -213.50491333007812, -372.9183044433594, -321.2132263183594, -278.4678955078125, -342.15008544921875, -140.7410888671875, -326.8846435546875, -391.09259033203125, -371.5673828125, -383.6927490234375, -350.9045715332031, -153.3027801513672, -387.744384765625, -258.32440185546875, -242.5218963623047, -239.2703094482422, -336.2138366699219], [-316.3504943847656, -369.00665283203125, -151.22805786132812, -234.71754455566406, -166.92739868164062, -381.041748046875, -374.81103515625, -389.7668762207031, -345.2797546386719, -377.1766662597656, -317.90045166015625, -394.9231872558594, -340.4391784667969, -165.57542419433594, -393.68212890625, -155.97802734375, -133.30101013183594, -366.96588134765625, -363.9556884765625, -250.97735595703125, -116.74366760253906, -317.3763122558594, -358.4831237792969, -311.6564025878906, -373.77960205078125, -198.93714904785156, -357.09014892578125, -378.42498779296875, -382.25927734375, -369.2523193359375, -388.4490966796875, -274.65338134765625, -386.45220947265625, -376.49517822265625, -372.82781982421875, -256.48760986328125, -156.80018615722656, -303.5538635253906, -376.9288330078125, -114.80998229980469, -392.169921875, -377.9518127441406, -375.213134765625, -365.39892578125, -374.7325134277344, -167.53076171875, -377.2464904785156, -378.0462951660156, -318.1162109375, -355.9812316894531, -324.69122314453125, -293.1252136230469, -317.89202880859375, -399.2784118652344, -269.5843505859375, -122.94933319091797, -267.54522705078125, -247.06016540527344, -281.0120849609375, -396.9115905761719, -353.02069091796875, -234.92079162597656, -379.80023193359375, -354.1790466308594, -348.3896789550781, -390.6112365722656, -323.5360412597656, -371.3065490722656, -135.08621215820312, -374.09716796875, -375.26031494140625, -117.47466278076172, -381.8580627441406, -372.6592712402344, -334.26055908203125, -267.9266357421875, -326.49066162109375, -181.83932495117188, -380.7102966308594, -313.7240905761719, -274.91937255859375, -139.87353515625, -362.3042297363281, -357.3454284667969, -122.78854370117188, -298.6896057128906, -114.32319641113281, -371.49774169921875, -229.77841186523438, -366.46502685546875, -320.5588073730469, -173.927490234375, -373.4211120605469, -326.002685546875, -315.0864562988281, -111.66102600097656, -365.35711669921875, -172.5789337158203, -395.0035095214844, -271.7755126953125], [-184.8977813720703, -329.2636413574219, -208.67654418945312, -260.7403259277344, -369.84722900390625, -387.91961669921875, -344.18389892578125, -370.67193603515625, -264.71307373046875, -181.09864807128906, -185.50930786132812, -246.71417236328125, -248.7942352294922, -376.04254150390625, -197.22738647460938, -293.4317626953125, -372.3352966308594, -355.5928955078125, -385.44317626953125, -322.8130798339844, -139.23904418945312, -251.02310180664062, -317.3446350097656, -119.45999145507812, -274.68438720703125, -368.6301574707031, -283.02398681640625, -387.1506652832031, -301.72259521484375, -116.40532684326172, -343.3672180175781, -229.12234497070312, -378.6661682128906, -332.0589599609375, -386.9084167480469, -192.73831176757812, -396.7997131347656, -266.2316589355469, -122.86793518066406, -230.38241577148438, -383.3927917480469, -311.9114074707031, -399.63116455078125, -378.66204833984375, -385.5549011230469, -374.6084899902344, -321.7296142578125, -212.98651123046875, -345.90106201171875, -390.5003967285156, -119.94153594970703, -386.3280029296875, -380.4114074707031, -352.9007263183594, -388.3517761230469, -239.5928955078125, -221.1600341796875, -106.20380401611328, -319.8465576171875, -391.96795654296875, -229.13812255859375, -315.3625183105469, -346.01348876953125, -270.61932373046875, -208.78826904296875, -350.3824157714844, -371.107666015625, -363.6806945800781, -385.55645751953125, -349.9963073730469, -108.17277526855469, -106.92512512207031, -243.6681671142578, -152.2860565185547, -289.8212585449219, -382.27777099609375, -342.96966552734375, -247.3669891357422, -388.2591857910156, -334.15301513671875, -355.4939880371094, -280.7778625488281, -245.4608154296875, -295.74822998046875, -246.72113037109375, -244.9402618408203, -356.5884704589844, -98.92244720458984, -385.95855712890625, -231.02108764648438, -375.0316467285156, -172.43936157226562, -109.05227661132812, -149.85302734375, -305.0027160644531, -134.65524291992188, -307.4421081542969, -325.72564697265625, -249.93972778320312, -269.882080078125], [-380.83526611328125, -384.85784912109375, -264.8655090332031, -122.1752700805664, -247.38583374023438, -133.7901611328125, -230.65817260742188, -287.61474609375, -259.0382080078125, -375.634521484375, -389.2887268066406, -258.3130187988281, -168.31866455078125, -272.96478271484375, -268.4015808105469, -327.38232421875, -342.22698974609375, -380.4583435058594, -170.56954956054688, -157.36749267578125, -313.1470947265625, -121.020751953125, -235.76185607910156, -389.6112060546875, -130.22225952148438, -354.8566589355469, -238.68614196777344, -111.13069152832031, -375.3382263183594, -386.3387451171875, -120.48574829101562, -375.022216796875, -181.26817321777344, -302.14013671875, -105.99018096923828, -143.87954711914062, -381.2168273925781, -285.7218017578125, -282.408935546875, -246.36788940429688, -348.2470397949219, -281.78173828125, -319.0469665527344, -379.0331726074219, -391.3171691894531, -375.1092529296875, -363.97418212890625, -396.1954345703125, -315.4112854003906, -382.6749572753906, -139.3135528564453, -243.44586181640625, -374.35504150390625, -295.6239318847656, -199.5746307373047, -232.3656768798828, -230.95614624023438, -372.1192932128906, -229.32997131347656, -322.28399658203125, -255.85948181152344, -223.13992309570312, -277.8198547363281, -290.7118835449219, -375.9311218261719, -392.1161804199219, -162.62307739257812, -359.47991943359375, -108.58578491210938, -331.1476745605469, -327.5731506347656, -240.27577209472656, -160.10855102539062, -337.38507080078125, 