{"n_seeds": 5, "n_evals_per_seed": 100, "reward_mean": -203.32400512695312, "reward_std": 13.157669067382812, "success_mean": 0.364, "success_std": 0.05029910535983718, "episode_seeds": [1619, 1620, 1621, 1622, 1623], "seed_reward_means": [-188.92999267578125, -204.3699951171875, -206.8000030517578, -222.80999755859375, -193.7100067138672], "seed_success_means": [0.42, 0.36, 0.35, 0.29, 0.4], "reward_matrix": [[-300.0, -38.0, -300.0, -33.0, -300.0, -34.0, -300.0, -34.0, -40.0, -32.0, -32.0, -32.0, -36.0, -32.0, -300.0, -300.0, -297.0, -300.0, -36.0, -300.0, -300.0, -36.0, -33.0, -37.0, -35.0, -300.0, -34.0, -37.0, -300.0, -294.0, -294.0, -300.0, -300.0, -300.0, -35.0, -300.0, -300.0, -294.0, -300.0, -300.0, -40.0, -300.0, -300.0, -32.0, -300.0, -36.0, -300.0, -300.0, -300.0, -29.0, -300.0, -294.0, -32.0, -300.0, -300.0, -300.0, -34.0, -300.0, -300.0, -32.0, -300.0, -35.0, -300.0, -300.0, -300.0, -300.0, -38.0, -36.0, -37.0, -34.0, -36.0, -300.0, -300.0, -36.0, -300.0, -32.0, -300.0, -300.0, -34.0, -300.0, -36.0, -300.0, -56.0, -300.0, -300.0, -32.0, -300.0, -300.0, -300.0, -300.0, -300.0, -300.0, -300.0, -37.0, -66.0, -42.0, -38.0, -300.0, -34.0, -300.0], [-300.0, -32.0, -34.0, -300.0, -300.0, -300.0, -300.0, -36.0, -36.0, -35.0, -41.0, -300.0, -33.0, -300.0, -300.0, -33.0, -48.0, -300.0, -300.0, -300.0, -36.0, -35.0, -35.0, -300.0, -300.0, -300.0, -300.0, -300.0, -300.0, -300.0, -300.0, -300.0, -32.0, -300.0, -300.0, -300.0, -300.0, -300.0, -300.0, -40.0, -32.0, -31.0, -300.0, -35.0, -300.0, -34.0, -300.0, -300.0, -300.0, -300.0, -37.0, -34.0, -300.0, -300.0, -300.0, -32.0, -300.0, -298.0, -299.0, -300.0, -300.0, -30.0, -36.0, -35.0, -300.0, -300.0, -300.0, -299.0, -300.0, -300.0, -32.0, -34.0, -36.0, -300.0, -300.0, -300.0, -32.0, -300.0, -32.0, -33.0, -300.0, -300.0, -300.0, -300.0, -300.0, -34.0, -35.0, -35.0, -294.0, -300.0, -36.0, -300.0, -300.0, -35.0, -32.0, -300.0, -299.0, -300.0, -300.0, -300.0], [-33.0, -32.0, -300.0, -300.0, -34.0, -36.0, -294.0, -32.0, -39.0, -300.0, -294.0, -300.0, -300.0, -300.0, -36.0, -300.0, -39.0, -300.0, -36.0, -300.0, -300.0, -36.0, -300.0, -300.0, -300.0, -300.0, -33.0, -300.0, -299.0, -300.0, -35.0, -36.0, -31.0, -32.0, -37.0, -300.0, -300.0, -300.0, -300.0, -32.0, -36.0, -300.0, -294.0, -300.0, -300.0, -34.0, -300.0, -36.0, -33.0, -300.0, -300.0, -300.0, -41.0, -300.0, -38.0, -34.0, -300.0, -300.0, -300.0, -33.0, -300.0, -300.0, -300.0, -35.0, -300.0, -34.0, -300.0, -33.0, -300.0, -33.0, -300.0, -300.0, -300.0, -300.0, -31.0, -300.0, -300.0, -296.0, -300.0, -294.0, -300.0, -34.0, -300.0, -300.0, -300.0, -300.0, -300.0, -300.0, -300.0, -300.0, -300.0, -300.0, -300.0, -300.0, -35.0, -33.0, -300.0, -33.0, -300.0, -34.0], [-300.0, -300.0, -300.0, -300.0, -31.0, -298.0, -296.0, -300.0, -300.0, -34.0, -300.0, -300.0, -300.0, -36.0, -300.0, -300.0, -36.0, -36.0, -300.0, -32.0, -300.0, -300.0, -300.0, -300.0, -296.0, -300.0, -32.0, -300.0, -34.0, -300.0, -300.0, -300.0, -37.0, -300.0, -28.0, -298.0, -31.0, -300.0, -300.0, -300.0, -300.0, -295.0, -66.0, -297.0, -35.0, -33.0, -32.0, -300.0, -31.0, -300.0, -300.0, -32.0, -37.0, -300.0, -300.0, -39.0, -300.0, -300.0, -297.0, -300.0, -41.0, -36.0, -300.0, -300.0, -300.0, -33.0, -300.0, -300.0, -36.0, -300.0, -294.0, -300.0, -32.0, -300.0, -300.0, -300.0, -32.0, -32.0, -300.0, -298.0, -297.0, -300.0, -300.0, -300.0, -300.0, -300.0, -300.0, -300.0, -300.0, -300.0, -35.0, -300.0, -35.0, -300.0, -300.0, -299.0, -300.0, -300.0, -300.0, -32.0], [-300.0, -300.0, -37.0, -36.0, -34.0, -300.0, -36.0, -300.0, -32.0, -300.0, -300.0, -300.0, -300.0, -33.0, -300.0, -300.0, -36.0, -34.0, -300.0, -39.0, -300.0, -300.0, -300.0, -300.0, -34.0, -300.0, -34.0, -300.0, -300.0, -32.0, -36.0, -300.0, -300.0, -35.0, -294.0, -37.0, -300.0, -35.0, -300.0, -300.0, -294.0, -300.0, -34.0, -32.0, -35.0, -300.0, -34.0, -300.0, -300.0, -300.0, -300.0, -31.0, -32.0, -300.0, -37.0, -300.0, -34.0, -35.0, -300.0, -33.0, -32.0, -300.0, -300.0, -300.0, -35.0, -39.0, -35.0, -35.0, -300.0, -35.0, -300.0, -300.0, -300.0, -300.0, -300.0, -300.0, -300.0, -300.0, -300.0, -34.0, -300.0, -300.0, -300.0, -300.0, -300.0, -300.0, -300.0, -35.0, -300.0, -300.0, -300.0, -32.0, -298.0, -36.0, -32.0, -300.0, -300.0, -36.0, -36.0, -36.0]], "success_matrix": [[false, true, false, true, false, true, false, true, true, true, true, true, true, true, false, false, false, false, true, false, false, true, true, true, true, false, true, true, false, false, false, false, false, false, true, false, false, false, false, false, true, false, false, true, false, true, false, false, false, true, false, false, true, false, false, false, true, false, false, true, false, true, false, false, false, false, true, true, true, true, true, false, false, true, false, true, false, false, true, false, true, false, true, false, false, true, false, false, false, false, false, false, false, true, true, true, true, false, true, false], [false, true, true, false, false, false, false, true, true, true, true, false, true, false, false, true, true, false, false, false, true, true, true, false, false, false, false, false, false, false, false, false, true, false, false, false, false, false, false, true, true, true, false, true, false, true, false, false, false, false, true, true, false, false, false, true, false, false, false, false, false, true, true, true, false, false, false, false, false, false, true, true, true, false, false, false, true, false, true, true, false, false, false, false, false, true, true, true, false, false, true, false, false, true, true, false, false, false, false, false], [true, true, false, false, true, true, false, true, true, false, false, false, false, false, true, false, true, false, true, false, false, true, false, false, false, false, true, false, false, false, true, true, true, true, true, false, false, false, false, true, true, false, false, false, false, true, false, true, true, false, false, false, true, false, true, true, false, false, false, true, false, false, false, true, false, true, false, true, false, true, false, false, false, false, true, false, false, false, false, false, false, true, false, false, false, false, false, false, false, false, false, false, false, false, true, true, false, true, false, true], [false, false, false, false, true, false, false, false, false, true, false, false, false, true, false, false, true, true, false, true, false, false, false, false, false, false, true, false, true, false, false, false, true, false, true, false, true, false, false, false, false, false, true, false, true, true, true, false, true, false, false, true, true, false, false, true, false, false, false, false, true, true, false, false, false, true, false, false, true, false, false, false, true, false, false, false, true, true, false, false, false, false, false, false, false, false, false, false, false, false, true, false, true, false, false, false, false, false, false, true], [false, false, true, true, true, false, true, false, true, false, false, false, false, true, false, false, true, true, false, true, false, false, false, false, true, false, true, false, false, true, true, false, false, true, false, true, false, true, false, false, false, false, true, true, true, false, true, false, false, false, false, true, true, false, true, false, true, true, false, true, true, false, false, false, true, true, true, true, false, true, false, false, false, false, false, false, false, false, false, true, false, false, false, false, false, false, false, true, false, false, false, true, false, true, true, false, false, true, true, true]], "ticket_name": "zo_envs10_iter100_cand10_lambda10.0_seed666_ddim8_20251213_183951/seed_674", "eval_noise_idx": 0, "eval_seed": 1619}