{"n_seeds": 5, "n_evals_per_seed": 100, "reward_mean": -184.83401489257812, "reward_std": 4.506424903869629, "success_mean": 0.916, "success_std": 0.025099800796022264, "episode_seeds": [1619, 1620, 1621, 1622, 1623], "seed_reward_means": [-188.22000122070312, -190.0500030517578, -184.4600067138672, -182.7899932861328, -178.64999389648438], "seed_success_means": [0.88, 0.9, 0.93, 0.94, 0.93], "reward_matrix": [[-171.0, -300.0, -168.0, -156.0, -191.0, -156.0, -172.0, -168.0, -173.0, -176.0, -176.0, -156.0, -165.0, -148.0, -184.0, -207.0, -184.0, -206.0, -179.0, -184.0, -144.0, -157.0, -148.0, -216.0, -170.0, -213.0, -164.0, -152.0, -176.0, -148.0, -164.0, -179.0, -185.0, -144.0, -174.0, -152.0, -212.0, -157.0, -156.0, -254.0, -180.0, -185.0, -170.0, -172.0, -300.0, -168.0, -164.0, -172.0, -207.0, -156.0, -148.0, -300.0, -152.0, -168.0, -300.0, -152.0, -158.0, -160.0, -300.0, -300.0, -180.0, -176.0, -300.0, -144.0, -174.0, -168.0, -170.0, -167.0, -189.0, -203.0, -300.0, -164.0, -182.0, -300.0, -164.0, -188.0, -164.0, -184.0, -180.0, -300.0, -164.0, -152.0, -207.0, -215.0, -132.0, -160.0, -168.0, -198.0, -180.0, -166.0, -298.0, -172.0, -187.0, -197.0, -152.0, -176.0, -147.0, -203.0, -300.0, -154.0], [-152.0, -152.0, -185.0, -181.0, -171.0, -168.0, -152.0, -194.0, -272.0, -164.0, -184.0, -177.0, -157.0, -213.0, -164.0, -207.0, -194.0, -156.0, -215.0, -168.0, -165.0, -160.0, -300.0, -178.0, -156.0, -217.0, -152.0, -168.0, -150.0, -300.0, -300.0, -168.0, -187.0, -161.0, -188.0, -300.0, -198.0, -168.0, -175.0, -164.0, -177.0, -181.0, -229.0, -169.0, -172.0, -300.0, -164.0, -199.0, -188.0, -220.0, -224.0, -176.0, -300.0, -168.0, -217.0, -188.0, -300.0, -153.0, -144.0, -128.0, -169.0, -184.0, -180.0, -156.0, -195.0, -172.0, -215.0, -176.0, -144.0, -176.0, -185.0, -176.0, -300.0, -152.0, -300.0, -181.0, -188.0, -167.0, -160.0, -300.0, -172.0, -168.0, -192.0, -193.0, -173.0, -164.0, -198.0, -190.0, -198.0, -206.0, -172.0, -188.0, -168.0, -138.0, -168.0, -168.0, -207.0, -152.0, -144.0, -192.0], [-165.0, -300.0, -209.0, -182.0, -191.0, -280.0, -176.0, -165.0, -152.0, -170.0, -153.0, -169.0, -204.0, -144.0, -144.0, -179.0, -177.0, -192.0, -151.0, -152.0, -157.0, -212.0, -148.0, -164.0, -185.0, -181.0, -148.0, -300.0, -198.0, -204.0, -171.0, -185.0, -170.0, -173.0, -194.0, -172.0, -160.0, -191.0, -179.0, -189.0, -178.0, -192.0, -178.0, -171.0, -185.0, -179.0, -188.0, -166.0, -184.0, -167.0, -174.0, -170.0, -164.0, -209.0, -160.0, -144.0, -206.0, -144.0, -160.0, -300.0, -144.0, -164.0, -176.0, -188.0, -172.0, -175.0, -179.0, -231.0, -156.0, -180.0, -148.0, -156.0, -168.0, -209.0, -160.0, -172.0, -168.0, -300.0, -132.0, -164.0, -132.0, -184.0, -300.0, -163.0, -300.0, -176.0, -202.0, -176.0, -152.0, -210.0, -156.0, -192.0, -202.0, -168.0, -199.0, -178.0, -180.0, -176.0, -203.0, -300.0], [-156.0, -176.0, -168.0, -203.0, -168.0, -132.0, -171.0, -190.0, -187.0, -185.0, -164.0, -183.0, -300.0, -168.0, -182.0, -150.0, -168.0, -148.0, -169.0, -203.0, -164.0, -168.0, -164.0, -183.0, -164.0, -180.0, -143.0, -196.0, -180.0, -178.0, -300.0, -162.0, -179.0, -190.0, -148.0, -205.0, -205.0, -175.0, -195.0, -260.0, -170.0, -164.0, -178.0, -152.0, -168.0, -167.0, -195.0, -184.0, -188.0, -162.0, -239.0, -212.0, -169.0, -156.0, -262.0, -205.0, -195.0, -176.0, -140.0, -154.0, -156.0, -164.0, -156.0, -186.0, -168.0, -172.0, -178.0, -159.0, -164.0, -190.0, -214.0, -179.0, -160.0, -284.0, -160.0, -132.0, -300.0, -164.0, -146.0, -160.0, -160.0, -300.0, -163.0, -177.0, -300.0, -152.0, -176.0, -181.0, -136.0, -148.0, -168.0, -156.0, -176.0, -156.0, -153.0, -263.0, -149.0, -300.0, -171.0, -156.0], [-188.0, -184.0, -136.0, -174.0, -145.0, -156.0, -180.0, -136.0, -182.0, -169.0, -174.0, -148.0, -152.0, -171.0, -158.0, -164.0, -152.0, -140.0, -179.0, -181.0, -172.0, -300.0, -162.0, -193.0, -152.0, -164.0, -243.0, -176.0, -172.0, -200.0, -150.0, -156.0, -171.0, -156.0, -156.0, -175.0, -160.0, -160.0, -148.0, -156.0, -181.0, -178.0, -158.0, -220.0, -174.0, -172.0, -177.0, -154.0, -202.0, -144.0, -147.0, -161.0, -207.0, -300.0, -196.0, -148.0, -185.0, -300.0, -300.0, -192.0, -184.0, -160.0, -186.0, -192.0, -300.0, -154.0, -164.0, -169.0, -183.0, -148.0, -160.0, -183.0, -195.0, -166.0, -183.0, -169.0, -152.0, -173.0, -188.0, -184.0, -194.0, -300.0, -173.0, -191.0, -300.0, -180.0, -148.0, -178.0, -146.0, -164.0, -191.0, -169.0, -181.0, -144.0, -156.0, -168.0, -148.0, -132.0, -166.0, -156.0]], "success_matrix": [[true, false, true, true, true, true, true, true, true, true, true, true, true, true, true, true, true, true, true, true, true, true, true, true, true, true, true, true, true, true, true, true, true, true, true, true, true, true, true, true, true, true, true, true, false, true, true, true, true, true, true, false, true, true, false, true, true, true, false, false, true, true, false, true, true, true, true, true, true, true, false, true, true, false, true, true, true, true, true, false, true, true, true, true, true, true, true, true, true, true, false, true, true, true, true, true, true, true, false, true], [true, true, true, true, true, true, true, true, true, true, true, true, true, true, true, true, true, true, true, true, true, true, false, true, true, true, true, true, true, false, false, true, true, true, true, false, true, true, true, true, true, true, true, true, true, false, true, true, true, true, true, true, false, true, true, true, false, true, true, true, true, true, true, true, true, true, true, true, true, true, true, true, false, true, false, true, true, true, true, false, true, true, true, true, true, true, true, true, true, true, true, true, true, true, true, true, true, true, true, true], [true, false, true, true, true, true, true, true, true, true, true, true, true, true, true, true, true, true, true, true, true, true, true, true, true, true, true, false, true, true, true, true, true, true, true, true, true, true, true, true, true, true, true, true, true, true, true, true, true, true, true, true, true, true, true, true, true, true, true, false, true, true, true, true, true, true, true, true, true, true, true, true, true, true, true, true, true, false, true, true, true, true, false, true, false, true, true, true, true, true, true, true, true, true, true, true, true, true, true, false], [true, true, true, true, true, true, true, true, true, true, true, true, false, true, true, true, true, true, true, true, true, true, true, true, true, true, true, true, true, true, false, true, true, true, true, true, true, true, true, true, true, true, true, true, true, true, true, true, true, true, true, true, true, true, true, true, true, true, true, true, true, true, true, true, true, true, true, true, true, true, true, true, true, true, true, true, false, true, true, true, true, false, true, true, false, true, true, true, true, true, true, true, true, true, true, true, true, false, true, true], [true, true, true, true, true, true, true, true, true, true, true, true, true, true, true, true, true, true, true, true, true, false, true, true, true, true, true, true, true, true, true, true, true, true, true, true, true, true, true, true, true, true, true, true, true, true, true, true, true, true, true, true, true, false, true, true, true, false, false, true, true, true, true, true, false, true, true, true, true, true, true, true, true, true, true, true, true, true, true, true, true, false, true, true, false, true, true, true, true, true, true, true, true, true, true, true, true, true, true, true]], "ticket_name": "zo_envs10_iter500_cand2_lambda2.0_seed666_ddim8_20251213_183610/seed_673", "eval_noise_idx": 0, "eval_seed": 1619}