{"n_seeds": 5, "n_evals_per_seed": 100, "reward_mean": -247.9239959716797, "reward_std": 7.9904890060424805, "success_mean": 0.38, "success_std": 0.041231056256176596, "episode_seeds": [1619, 1620, 1621, 1622, 1623], "seed_reward_means": [-255.5399932861328, -242.41000366210938, -252.60000610351562, -252.35000610351562, -236.72000122070312], "seed_success_means": [0.38, 0.41, 0.33, 0.35, 0.43], "reward_matrix": [[-300.0, -121.0, -300.0, -300.0, -142.0, -300.0, -300.0, -300.0, -300.0, -300.0, -300.0, -164.0, -129.0, -300.0, -120.0, -300.0, -300.0, -300.0, -265.0, -143.0, -300.0, -300.0, -286.0, -300.0, -300.0, -120.0, -298.0, -214.0, -239.0, -124.0, -300.0, -227.0, -300.0, -130.0, -300.0, -271.0, -300.0, -300.0, -287.0, -131.0, -300.0, -132.0, -300.0, -300.0, -300.0, -300.0, -300.0, -279.0, -300.0, -300.0, -100.0, -207.0, -137.0, -300.0, -300.0, -115.0, -138.0, -147.0, -300.0, -300.0, -300.0, -199.0, -300.0, -256.0, -300.0, -300.0, -300.0, -300.0, -264.0, -226.0, -300.0, -300.0, -161.0, -300.0, -300.0, -300.0, -300.0, -300.0, -300.0, -139.0, -300.0, -300.0, -124.0, -300.0, -300.0, -291.0, -80.0, -300.0, -213.0, -300.0, -300.0, -300.0, -300.0, -139.0, -300.0, -300.0, -247.0, -300.0, -249.0, -300.0], [-300.0, -300.0, -300.0, -284.0, -118.0, -300.0, -152.0, -300.0, -115.0, -229.0, -119.0, -300.0, -300.0, -300.0, -300.0, -300.0, -169.0, -69.0, -172.0, -170.0, -300.0, -104.0, -300.0, -118.0, -300.0, -191.0, -300.0, -300.0, -300.0, -300.0, -251.0, -115.0, -300.0, -300.0, -115.0, -300.0, -300.0, -300.0, -300.0, -149.0, -300.0, -300.0, -300.0, -300.0, -193.0, -300.0, -227.0, -125.0, -119.0, -300.0, -222.0, -300.0, -300.0, -300.0, -300.0, -300.0, -116.0, -300.0, -300.0, -300.0, -275.0, -123.0, -300.0, -300.0, -214.0, -300.0, -99.0, -300.0, -300.0, -267.0, -300.0, -300.0, -300.0, -123.0, -300.0, -127.0, -108.0, -300.0, -300.0, -300.0, -300.0, -300.0, -187.0, -300.0, -125.0, -225.0, -300.0, -300.0, -300.0, -300.0, -300.0, -179.0, -300.0, -144.0, -300.0, -120.0, -193.0, -96.0, -175.0, -119.0], [-300.0, -300.0, -300.0, -300.0, -300.0, -300.0, -300.0, -128.0, -208.0, -300.0, -300.0, -300.0, -195.0, -93.0, -148.0, -300.0, -202.0, -117.0, -300.0, -235.0, -300.0, -300.0, -300.0, -300.0, -300.0, -216.0, -300.0, -300.0, -300.0, -300.0, -300.0, -127.0, -300.0, -129.0, -109.0, -300.0, -300.0, -164.0, -300.0, -289.0, -300.0, -300.0, -300.0, -196.0, -106.0, -300.0, -300.0, -300.0, -110.0, -300.0, -300.0, -300.0, -300.0, -300.0, -155.0, -300.0, -300.0, -300.0, -182.0, -300.0, -300.0, -300.0, -101.0, -300.0, -82.0, -300.0, -300.0, -187.0, -300.0, -176.0, -300.0, -113.0, -300.0, -300.0, -300.0, -300.0, -99.0, -300.0, -300.0, -115.0, -300.0, -300.0, -135.0, -300.0, -300.0, -135.0, -300.0, -117.0, -300.0, -300.0, -300.0, -176.0, -300.0, -248.0, -300.0, -300.0, -300.0, -300.0, -199.0, -168.0], [-300.0, -300.0, -300.0, -225.0, -102.0, -300.0, -300.0, -300.0, -300.0, -176.0, -300.0, -300.0, -300.0, -300.0, -300.0, -300.0, -300.0, -300.0, -300.0, -243.0, -212.0, -137.0, -300.0, -300.0, -206.0, -300.0, -131.0, -300.0, -145.0, -300.0, -83.0, -300.0, -192.0, -114.0, -300.0, -114.0, -300.0, -191.0, -79.0, -220.0, -300.0, -300.0, -300.0, -232.0, -300.0, -158.0, -300.0, -300.0, -300.0, -181.0, -300.0, -300.0, -300.0, -300.0, -300.0, -163.0, -153.0, -300.0, -300.0, -300.0, -300.0, -121.0, -300.0, -300.0, -106.0, -300.0, -300.0, -300.0, -249.0, -127.0, -300.0, -300.0, -297.0, -300.0, -120.0, -104.0, -142.0, -300.0, -300.0, -300.0, -151.0, -300.0, -158.0, -120.0, -300.0, -209.0, -300.0, -300.0, -300.0, -279.0, -300.0, -300.0, -300.0, -112.0, -283.0, -300.0, -300.0, -300.0, -300.0, -300.0], [-300.0, -97.0, -300.0, -300.0, -300.0, -113.0, -104.0, -300.0, -143.0, -229.0, -300.0, -117.0, -300.0, -300.0, -180.0, -300.0, -300.0, -300.0, -300.0, -300.0, -138.0, -300.0, -228.0, -107.0, -300.0, -300.0, -171.0, -117.0, -300.0, -300.0, -134.0, -128.0, -155.0, -300.0, -300.0, -300.0, -300.0, -209.0, -300.0, -154.0, -144.0, -250.0, -146.0, -300.0, -300.0, -79.0, -115.0, -300.0, -300.0, -300.0, -300.0, -300.0, -194.0, -159.0, -300.0, -264.0, -300.0, -300.0, -300.0, -300.0, -300.0, -300.0, -122.0, -300.0, -300.0, -110.0, -300.0, -300.0, -300.0, -300.0, -300.0, -148.0, -300.0, -105.0, -300.0, -121.0, -300.0, -300.0, -108.0, -131.0, -300.0, -175.0, -300.0, -300.0, -300.0, -189.0, -143.0, -112.0, -202.0, -178.0, -244.0, -300.0, -111.0, -300.0, -191.0, -300.0, -96.0, -300.0, -211.0, -300.0]], "success_matrix": [[false, true, false, false, true, false, false, false, false, false, false, true, true, false, true, false, false, false, true, true, false, false, true, false, false, true, false, true, true, true, false, true, false, true, false, true, false, false, true, true, false, true, false, false, false, false, false, true, false, false, true, true, true, false, false, true, true, true, false, false, false, true, false, true, false, false, false, false, true, true, false, false, true, false, false, false, false, false, false, true, false, false, true, false, false, true, true, false, true, false, false, false, false, true, false, false, true, false, true, false], [false, false, false, true, true, false, true, false, true, true, true, false, false, false, false, false, true, true, true, true, false, true, false, true, false, true, false, false, false, false, true, true, false, false, true, false, false, false, false, true, false, false, false, false, true, false, true, true, true, false, true, false, false, false, false, false, true, false, false, false, true, true, false, false, true, false, true, false, false, true, false, false, false, true, false, true, true, false, false, false, false, false, true, false, true, true, false, false, false, false, false, true, false, true, false, true, true, true, true, true], [false, false, false, false, false, false, false, true, true, false, false, false, true, true, true, false, true, true, false, true, false, false, false, false, false, true, false, false, false, false, false, true, false, true, true, false, false, true, false, true, false, false, false, true, true, false, false, false, true, false, false, false, false, false, true, false, false, false, true, false, false, false, true, false, true, false, false, true, false, true, false, true, false, false, false, false, true, false, false, true, false, false, true, false, false, true, false, true, false, false, false, true, false, true, false, false, false, false, true, true], [false, false, false, true, true, false, false, false, false, true, false, false, false, false, false, false, false, false, false, true, true, true, false, false, true, false, true, false, true, false, true, false, true, true, false, true, false, true, true, true, false, false, false, true, false, true, false, false, false, true, false, false, false, false, false, true, true, false, false, false, false, true, false, false, true, false, false, false, true, true, false, false, false, false, true, true, true, false, false, false, true, false, true, true, false, true, false, false, false, true, false, false, false, true, true, false, false, false, false, false], [false, true, false, false, false, true, true, false, true, true, false, true, false, false, true, false, false, false, false, false, true, false, true, true, false, false, true, true, false, false, true, true, true, false, false, false, false, true, false, true, true, true, true, false, false, true, true, false, false, false, false, false, true, true, false, true, false, false, false, false, false, false, true, false, false, true, false, false, false, false, false, true, false, true, false, true, false, false, true, true, false, true, false, false, false, true, true, true, true, true, true, false, true, false, true, false, true, false, true, false]], "ticket_name": "zo_envs10_iter100_cand10_lambda0.5_seed666_ddim8_20251212_061251/seed_668", "eval_noise_idx": 0, "eval_seed": 1619}