{"num_noise_samples": 101, "num_envs": 10, "success_rate_mean": 0.2524752616882324, "success_rate_std": 0.050187770277261734, "best_success_rate": 0.3, "best_original_index": 98, "success_rates_sorted": [0.3, 0.3, 0.3, 0.3, 0.3, 0.3, 0.3, 0.3, 0.3, 0.3, 0.3, 0.3, 0.3, 0.3, 0.3, 0.3, 0.3, 0.3, 0.3, 0.3, 0.3, 0.3, 0.3, 0.3, 0.3, 0.3, 0.3, 0.3, 0.3, 0.3, 0.3, 0.3, 0.3, 0.3, 0.3, 0.3, 0.3, 0.3, 0.3, 0.3, 0.3, 0.3, 0.3, 0.3, 0.3, 0.3, 0.3, 0.3, 0.3, 0.3, 0.3, 0.3, 0.3, 0.2, 0.2, 0.2, 0.2, 0.2, 0.2, 0.2, 0.2, 0.2, 0.2, 0.2, 0.2, 0.2, 0.2, 0.2, 0.2, 0.2, 0.2, 0.2, 0.2, 0.2, 0.2, 0.2, 0.2, 0.2, 0.2, 0.2, 0.2, 0.2, 0.2, 0.2, 0.2, 0.2, 0.2, 0.2, 0.2, 0.2, 0.2, 0.2, 0.2, 0.2, 0.2, 0.2, 0.2, 0.2, 0.2, 0.2, 0.2], "original_success_rates": [0.2, 0.2, 0.2, 0.2, 0.3, 0.3, 0.3, 0.2, 0.3, 0.3, 0.3, 0.3, 0.3, 0.3, 0.2, 0.2, 0.3, 0.3, 0.2, 0.3, 0.2, 0.2, 0.3, 0.2, 0.3, 0.3, 0.2, 0.3, 0.2, 0.2, 0.3, 0.2, 0.2, 0.2, 0.3, 0.3, 0.2, 0.2, 0.2, 0.2, 0.2, 0.2, 0.2, 0.2, 0.3, 0.2, 0.2, 0.3, 0.2, 0.2, 0.2, 0.3, 0.3, 0.3, 0.3, 0.2, 0.3, 0.2, 0.3, 0.3, 0.2, 0.3, 0.2, 0.2, 0.2, 0.3, 0.2, 0.3, 0.3, 0.2, 0.3, 0.3, 0.3, 0.3, 0.2, 0.3, 0.3, 0.3, 0.3, 0.3, 0.3, 0.3, 0.2, 0.3, 0.3, 0.3, 0.3, 0.3, 0.2, 0.3, 0.2, 0.2, 0.3, 0.2, 0.2, 0.2, 0.3, 0.3, 0.3, 0.2, 0.2], "seed": 671, "env_seeds": [3486481337, 2739043926, 3901804811, 1328174473, 831101528, 1667653760, 2141788608, 1947105403, 2192165193, 3689610497]}