{"n_seeds": 5, "n_evals_per_seed": 100, "reward_mean": -113.6919937133789, "reward_std": 5.261837005615234, "success_mean": 0.8800000000000001, "success_std": 0.028284271247461926, "episode_seeds": [1619, 1620, 1621, 1622, 1623], "seed_reward_means": [-120.75, -106.48999786376953, -115.93000030517578, -111.68000030517578, -113.61000061035156], "seed_success_means": [0.85, 0.91, 0.87, 0.91, 0.86], "reward_matrix": [[-80.0, -65.0, -96.0, -84.0, -81.0, -300.0, -182.0, -69.0, -86.0, -114.0, -300.0, -78.0, -67.0, -300.0, -63.0, -72.0, -87.0, -300.0, -91.0, -61.0, -300.0, -300.0, -232.0, -61.0, -77.0, -300.0, -64.0, -69.0, -260.0, -70.0, -61.0, -103.0, -107.0, -83.0, -137.0, -78.0, -61.0, -69.0, -145.0, -300.0, -300.0, -91.0, -300.0, -113.0, -300.0, -81.0, -84.0, -99.0, -62.0, -110.0, -300.0, -109.0, -72.0, -87.0, -112.0, -68.0, -300.0, -99.0, -93.0, -64.0, -76.0, -78.0, -74.0, -123.0, -62.0, -87.0, -88.0, -83.0, -222.0, -300.0, -76.0, -70.0, -63.0, -300.0, -70.0, -98.0, -64.0, -69.0, -82.0, -100.0, -80.0, -78.0, -73.0, -62.0, -97.0, -82.0, -88.0, -82.0, -75.0, -142.0, -60.0, -94.0, -75.0, -67.0, -83.0, -67.0, -90.0, -60.0, -71.0, -67.0], [-54.0, -69.0, -300.0, -90.0, -300.0, -106.0, -64.0, -70.0, -300.0, -300.0, -79.0, -201.0, -66.0, -150.0, -103.0, -126.0, -82.0, -64.0, -81.0, -77.0, -198.0, -58.0, -112.0, -64.0, -79.0, -82.0, -114.0, -90.0, -65.0, -76.0, -61.0, -74.0, -80.0, -67.0, -58.0, -65.0, -68.0, -76.0, -61.0, -82.0, -133.0, -159.0, -66.0, -85.0, -129.0, -145.0, -72.0, -69.0, -66.0, -92.0, -64.0, -77.0, -300.0, -90.0, -101.0, -73.0, -64.0, -67.0, -73.0, -77.0, -134.0, -69.0, -297.0, -77.0, -70.0, -87.0, -65.0, -84.0, -75.0, -72.0, -300.0, -70.0, -205.0, -77.0, -86.0, -79.0, -300.0, -77.0, -77.0, -73.0, -104.0, -70.0, -71.0, -71.0, -59.0, -87.0, -87.0, -59.0, -59.0, -139.0, -76.0, -274.0, -75.0, -70.0, -97.0, -76.0, -66.0, -54.0, -67.0, -300.0], [-154.0, -104.0, -70.0, -300.0, -130.0, -80.0, -90.0, -73.0, -69.0, -91.0, -68.0, -64.0, -74.0, -61.0, -62.0, -74.0, -166.0, -62.0, -103.0, -76.0, -88.0, -132.0, -300.0, -84.0, -300.0, -86.0, -79.0, -72.0, -70.0, -81.0, -70.0, -63.0, -95.0, -81.0, -300.0, -216.0, -300.0, -80.0, -166.0, -97.0, -72.0, -78.0, -300.0, -300.0, -70.0, -75.0, -300.0, -294.0, -58.0, -79.0, -79.0, -60.0, -67.0, -64.0, -62.0, -122.0, -196.0, -64.0, -60.0, -73.0, -119.0, -59.0, -60.0, -82.0, -52.0, -88.0, -82.0, -99.0, -84.0, -70.0, -162.0, -53.0, -72.0, -85.0, -76.0, -126.0, -300.0, -74.0, -192.0, -300.0, -109.0, -114.0, -75.0, -71.0, -300.0, -61.0, -65.0, -62.0, -60.0, -70.0, -153.0, -70.0, -99.0, -160.0, -300.0, -56.0, -106.0, -78.0, -80.0, -65.0], [-300.0, -300.0, -61.0, -231.0, -67.0, -256.0, -89.0, -71.0, -86.0, -87.0, -85.0, -134.0, -79.0, -94.0, -94.0, -62.0, -90.0, -93.0, -115.0, -77.0, -88.0, -69.0, -87.0, -75.0, -76.0, -102.0, -82.0, -55.0, -74.0, -119.0, -56.0, -94.0, -122.0, -55.0, -193.0, -62.0, -190.0, -72.0, -58.0, -68.0, -134.0, -108.0, -60.0, -76.0, -117.0, -62.0, -68.0, -86.0, -74.0, -300.0, -66.0, -93.0, -78.0, -68.0, -86.0, -78.0, -63.0, -90.0, -60.0, -106.0, -73.0, -70.0, -74.0, -80.0, -300.0, -75.0, -105.0, -79.0, -298.0, -80.0, -87.0, -134.0, -300.0, -139.0, -300.0, -300.0, -98.0, -80.0, -92.0, -65.0, -67.0, -80.0, -77.0, -181.0, -78.0, -210.0, -79.0, -300.0, -79.0, -80.0, -75.0, -80.0, -85.0, -112.0, -97.0, -110.0, -67.0, -76.0, -75.0, -190.0], [-55.0, -105.0, -59.0, -91.0, -72.0, -65.0, -67.0, -69.0, -71.0, -85.0, -80.0, -300.0, -75.0, -72.0, -70.0, -300.0, -55.0, -73.0, -68.0, -72.0, -75.0, -73.0, -81.0, -54.0, -93.0, -300.0, -71.0, -68.0, -81.0, -72.0, -112.0, -121.0, -86.0, -89.0, -82.0, -71.0, -68.0, -102.0, -78.0, -84.0, -59.0, -300.0, -300.0, -74.0, -74.0, -152.0, -55.0, -74.0, -300.0, -77.0, -175.0, -300.0, -65.0, -64.0, -84.0, -86.0, -94.0, -82.0, -71.0, -149.0, -75.0, -69.0, -300.0, -79.0, -300.0, -300.0, -260.0, -86.0, -52.0, -300.0, -114.0, -66.0, -65.0, -60.0, -101.0, -72.0, -71.0, -104.0, -61.0, -300.0, -300.0, -113.0, -140.0, -93.0, -62.0, -141.0, -51.0, -57.0, -68.0, -70.0, -65.0, -69.0, -61.0, -63.0, -66.0, -88.0, -62.0, -300.0, -139.0, -118.0]], "success_matrix": [[true, true, true, true, true, false, true, true, true, true, false, true, true, false, true, true, true, false, true, true, false, false, true, true, true, false, true, true, true, true, true, true, true, true, true, true, true, true, true, false, false, true, false, true, false, true, true, true, true, true, false, true, true, true, true, true, false, true, true, true, true, true, true, true, true, true, true, true, true, false, true, true, true, false, true, true, true, true, true, true, true, true, true, true, true, true, true, true, true, true, true, true, true, true, true, true, true, true, true, true], [true, true, false, true, false, true, true, true, false, false, true, true, true, true, true, true, true, true, true, true, true, true, true, true, true, true, true, true, true, true, true, true, true, true, true, true, true, true, true, true, true, true, true, true, true, true, true, true, true, true, true, true, false, true, true, true, true, true, true, true, true, true, false, true, true, true, true, true, true, true, false, true, true, true, true, true, false, true, true, true, true, true, true, true, true, true, true, true, true, true, true, true, true, true, true, true, true, true, true, false], [true, true, true, false, true, true, true, true, true, true, true, true, true, true, true, true, true, true, true, true, true, true, false, true, false, true, true, true, true, true, true, true, true, true, false, true, false, true, true, true, true, true, false, false, true, true, false, false, true, true, true, true, true, true, true, true, true, true, true, true, true, true, true, true, true, true, true, true, true, true, true, true, true, true, true, true, false, true, true, false, true, true, true, true, false, true, true, true, true, true, true, true, true, true, false, true, true, true, true, true], [false, false, true, true, true, true, true, true, true, true, true, true, true, true, true, true, true, true, true, true, true, true, true, true, true, true, true, true, true, true, true, true, true, true, true, true, true, true, true, true, true, true, true, true, true, true, true, true, true, false, true, true, true, true, true, true, true, true, true, true, true, true, true, true, false, true, true, true, false, true, true, true, false, true, false, false, true, true, true, true, true, true, true, true, true, true, true, false, true, true, true, true, true, true, true, true, true, true, true, true], [true, true, true, true, true, true, true, true, true, true, true, false, true, true, true, false, true, true, true, true, true, true, true, true, true, false, true, true, true, true, true, true, true, true, true, true, true, true, true, true, true, false, false, true, true, true, true, true, false, true, true, false, true, true, true, true, true, true, true, true, true, true, false, true, false, false, true, true, true, false, true, true, true, true, true, true, true, true, true, false, false, true, true, true, true, true, true, true, true, true, true, true, true, true, true, true, true, false, true, true]], "ticket_name": "zo_envs10_iter500_cand2_lambda0.5_seed666_ddim8_20251212_061325/seed_673", "eval_noise_idx": 0, "eval_seed": 1619}