{"n_seeds": 5, "n_evals_per_seed": 100, "reward_mean": -88.45999908447266, "reward_std": 6.658688545227051, "success_mean": 0.9099999999999999, "success_std": 0.03316624790355398, "episode_seeds": [1619, 1620, 1621, 1622, 1623], "seed_reward_means": [-87.76000213623047, -90.18000030517578, -84.29000091552734, -98.73999786376953, -81.33000183105469], "seed_success_means": [0.91, 0.9, 0.94, 0.86, 0.94], "reward_matrix": [[-62.0, -60.0, -83.0, -67.0, -59.0, -66.0, -77.0, -62.0, -69.0, -82.0, -71.0, -59.0, -54.0, -72.0, -55.0, -300.0, -55.0, -66.0, -63.0, -57.0, -54.0, -63.0, -72.0, -59.0, -66.0, -300.0, -300.0, -61.0, -52.0, -62.0, -58.0, -71.0, -61.0, -143.0, -79.0, -60.0, -55.0, -58.0, -67.0, -53.0, -58.0, -66.0, -300.0, -172.0, -300.0, -70.0, -117.0, -66.0, -60.0, -300.0, -58.0, -71.0, -62.0, -300.0, -64.0, -51.0, -55.0, -300.0, -63.0, -62.0, -63.0, -64.0, -60.0, -83.0, -59.0, -60.0, -63.0, -76.0, -82.0, -100.0, -63.0, -62.0, -55.0, -79.0, -66.0, -63.0, -56.0, -58.0, -74.0, -58.0, -64.0, -63.0, -54.0, -59.0, -63.0, -71.0, -59.0, -64.0, -59.0, -300.0, -57.0, -55.0, -62.0, -103.0, -55.0, -62.0, -75.0, -58.0, -59.0, -62.0], [-54.0, -59.0, -61.0, -70.0, -300.0, -80.0, -59.0, -63.0, -66.0, -57.0, -55.0, -134.0, -55.0, -84.0, -64.0, -71.0, -64.0, -63.0, -59.0, -57.0, -300.0, -52.0, -82.0, -57.0, -62.0, -300.0, -75.0, -63.0, -53.0, -300.0, -300.0, -300.0, -63.0, -62.0, -60.0, -62.0, -100.0, -66.0, -63.0, -59.0, -116.0, -62.0, -59.0, -58.0, -64.0, -83.0, -57.0, -63.0, -67.0, -78.0, -59.0, -60.0, -300.0, -64.0, -67.0, -69.0, -61.0, -56.0, -59.0, -57.0, -75.0, -58.0, -56.0, -63.0, -58.0, -128.0, -62.0, -59.0, -61.0, -57.0, -64.0, -61.0, -74.0, -61.0, -70.0, -59.0, -300.0, -67.0, -65.0, -61.0, -69.0, -63.0, -59.0, -55.0, -55.0, -210.0, -67.0, -59.0, -56.0, -68.0, -56.0, -300.0, -62.0, -56.0, -80.0, -66.0, -59.0, -51.0, -55.0, -300.0], [-103.0, -64.0, -61.0, -76.0, -152.0, -65.0, -68.0, -62.0, -60.0, -63.0, -54.0, -63.0, -62.0, -300.0, -55.0, -68.0, -68.0, -52.0, -70.0, -61.0, -60.0, -99.0, -63.0, -60.0, -69.0, -70.0, -80.0, -58.0, -59.0, -74.0, -186.0, -300.0, -70.0, -63.0, -55.0, -226.0, -55.0, -300.0, -109.0, -61.0, -68.0, -57.0, -91.0, -72.0, -61.0, -65.0, -300.0, -62.0, -56.0, -300.0, -59.0, -58.0, -56.0, -52.0, -100.0, -84.0, -52.0, -62.0, -56.0, -65.0, -67.0, -59.0, -51.0, -64.0, -50.0, -84.0, -58.0, -60.0, -71.0, -62.0, -162.0, -54.0, -60.0, -63.0, -75.0, -91.0, -51.0, -63.0, -106.0, -64.0, -79.0, -95.0, -63.0, -58.0, -63.0, -55.0, -59.0, -55.0, -58.0, -63.0, -70.0, -60.0, -66.0, -66.0, -61.0, -54.0, -56.0, -300.0, -59.0, -54.0], [-59.0, -59.0, -103.0, -71.0, -54.0, -139.0, -62.0, -66.0, -58.0, -60.0, -62.0, -72.0, -58.0, -300.0, -64.0, -57.0, -78.0, -72.0, -67.0, -68.0, -300.0, -59.0, -75.0, -63.0, -300.0, -57.0, -300.0, -300.0, -70.0, -71.0, -51.0, -64.0, -58.0, -52.0, -81.0, -55.0, -71.0, -68.0, -52.0, -300.0, -71.0, -71.0, -54.0, -59.0, -63.0, -58.0, -56.0, -62.0, -55.0, -103.0, -300.0, -75.0, -72.0, -55.0, -68.0, -300.0, -59.0, -70.0, -300.0, -80.0, -102.0, -58.0, -60.0, -66.0, -52.0, -70.0, -67.0, -66.0, -61.0, -300.0, -67.0, -65.0, -55.0, -75.0, -55.0, -53.0, -78.0, -67.0, -60.0, -55.0, -58.0, -59.0, -59.0, -61.0, -60.0, -300.0, -59.0, -71.0, -63.0, -60.0, -60.0, -300.0, -75.0, -300.0, -79.0, -71.0, -300.0, -63.0, -59.0, -78.0], [-55.0, -67.0, -104.0, -67.0, -77.0, -58.0, -56.0, -59.0, -52.0, -61.0, -67.0, -59.0, -107.0, -70.0, -64.0, -82.0, -60.0, -56.0, -62.0, -64.0, -300.0, -64.0, -57.0, -55.0, -93.0, -67.0, -61.0, -108.0, -300.0, -62.0, -71.0, -90.0, -80.0, -68.0, -73.0, -70.0, -57.0, -62.0, -62.0, -300.0, -56.0, -300.0, -55.0, -60.0, -70.0, -56.0, -52.0, -58.0, -58.0, -64.0, -77.0, -67.0, -54.0, -60.0, -78.0, -64.0, -79.0, -67.0, -59.0, -75.0, -65.0, -53.0, -52.0, -67.0, -67.0, -55.0, -147.0, -63.0, -50.0, -63.0, -64.0, -63.0, -62.0, -58.0, -93.0, -58.0, -58.0, -70.0, -62.0, -55.0, -300.0, -97.0, -67.0, -75.0, -300.0, -93.0, -52.0, -58.0, -62.0, -58.0, -63.0, -62.0, -55.0, -58.0, -111.0, -64.0, -59.0, -68.0, -71.0, -79.0]], "success_matrix": [[true, true, true, true, true, true, true, true, true, true, true, true, true, true, true, false, true, true, true, true, true, true, true, true, true, false, false, true, true, true, true, true, true, true, true, true, true, true, true, true, true, true, false, true, false, true, true, true, true, false, true, true, true, false, true, true, true, false, true, true, true, true, true, true, true, true, true, true, true, true, true, true, true, true, true, true, true, true, true, true, true, true, true, true, true, true, true, true, true, false, true, true, true, true, true, true, true, true, true, true], [true, true, true, true, false, true, true, true, true, true, true, true, true, true, true, true, true, true, true, true, false, true, true, true, true, false, true, true, true, false, false, false, true, true, true, true, true, true, true, true, true, true, true, true, true, true, true, true, true, true, true, true, false, true, true, true, true, true, true, true, true, true, true, true, true, true, true, true, true, true, true, true, true, true, true, true, false, true, true, true, true, true, true, true, true, true, true, true, true, true, true, false, true, true, true, true, true, true, true, false], [true, true, true, true, true, true, true, true, true, true, true, true, true, false, true, true, true, true, true, true, true, true, true, true, true, true, true, true, true, true, true, false, true, true, true, true, true, false, true, true, true, true, true, true, true, true, false, true, true, false, true, true, true, true, true, true, true, true, true, true, true, true, true, true, true, true, true, true, true, true, true, true, true, true, true, true, true, true, true, true, true, true, true, true, true, true, true, true, true, true, true, true, true, true, true, true, true, false, true, true], [true, true, true, true, true, true, true, true, true, true, true, true, true, false, true, true, true, true, true, true, false, true, true, true, false, true, false, false, true, true, true, true, true, true, true, true, true, true, true, false, true, true, true, true, true, true, true, true, true, true, false, true, true, true, true, false, true, true, false, true, true, true, true, true, true, true, true, true, true, false, true, true, true, true, true, true, true, true, true, true, true, true, true, true, true, false, true, true, true, true, true, false, true, false, true, true, false, true, true, true], [true, true, true, true, true, true, true, true, true, true, true, true, true, true, true, true, true, true, true, true, false, true, true, true, true, true, true, true, false, true, true, true, true, true, true, true, true, true, true, false, true, false, true, true, true, true, true, true, true, true, true, true, true, true, true, true, true, true, true, true, true, true, true, true, true, true, true, true, true, true, true, true, true, true, true, true, true, true, true, true, false, true, true, true, false, true, true, true, true, true, true, true, true, true, true, true, true, true, true, true]], "ticket_name": "zo_envs10_iter500_cand2_lambda2.0_seed666_ddim8_20251213_183635/seed_673", "eval_noise_idx": 0, "eval_seed": 1619}