{"n_seeds": 5, "n_evals_per_seed": 100, "reward_mean": -93.44200134277344, "reward_std": 10.63785171508789, "success_mean": 0.842, "success_std": 0.03962322551231789, "episode_seeds": [1619, 1620, 1621, 1622, 1623], "seed_reward_means": [-102.1500015258789, -100.3499984741211, -101.08999633789062, -81.75, -81.87000274658203], "seed_success_means": [0.81, 0.81, 0.82, 0.89, 0.88], "reward_matrix": [[-60.0, -300.0, -77.0, -48.0, -48.0, -47.0, -52.0, -55.0, -55.0, -300.0, -48.0, -52.0, -46.0, -52.0, -44.0, -64.0, -52.0, -59.0, -47.0, -47.0, -300.0, -64.0, -55.0, -60.0, -64.0, -52.0, -52.0, -47.0, -55.0, -51.0, -59.0, -48.0, -91.0, -59.0, -53.0, -47.0, -98.0, -62.0, -51.0, -300.0, -51.0, -47.0, -56.0, -63.0, -63.0, -61.0, -60.0, -55.0, -300.0, -300.0, -300.0, -52.0, -51.0, -300.0, -48.0, -300.0, -47.0, -48.0, -49.0, -48.0, -300.0, -50.0, -48.0, -300.0, -47.0, -48.0, -51.0, -57.0, -49.0, -48.0, -55.0, -64.0, -48.0, -48.0, -56.0, -47.0, -56.0, -48.0, -79.0, -55.0, -48.0, -55.0, -49.0, -170.0, -67.0, -50.0, -300.0, -298.0, -300.0, -48.0, -52.0, -300.0, -300.0, -56.0, -41.0, -300.0, -56.0, -300.0, -51.0, -300.0], [-52.0, -45.0, -48.0, -47.0, -300.0, -49.0, -56.0, -51.0, -47.0, -43.0, -52.0, -55.0, -49.0, -300.0, -43.0, -59.0, -48.0, -300.0, -49.0, -52.0, -52.0, -45.0, -52.0, -44.0, -50.0, -300.0, -56.0, -50.0, -51.0, -49.0, -52.0, -67.0, -48.0, -76.0, -300.0, -52.0, -52.0, -300.0, -55.0, -48.0, -56.0, -51.0, -52.0, -55.0, -56.0, -56.0, -52.0, -300.0, -48.0, -96.0, -60.0, -48.0, -300.0, -47.0, -49.0, -52.0, -300.0, -52.0, -55.0, -300.0, -86.0, -300.0, -300.0, -49.0, -300.0, -300.0, -51.0, -52.0, -300.0, -56.0, -45.0, -47.0, -68.0, -300.0, -50.0, -300.0, -45.0, -48.0, -52.0, -48.0, -60.0, -51.0, -93.0, -52.0, -51.0, -49.0, -57.0, -60.0, -298.0, -60.0, -47.0, -53.0, -43.0, -63.0, -79.0, -47.0, -51.0, -300.0, -52.0, -43.0], [-55.0, -59.0, -56.0, -55.0, -56.0, -300.0, -56.0, -64.0, -48.0, -79.0, -48.0, -300.0, -48.0, -44.0, -300.0, -55.0, -300.0, -44.0, -55.0, -79.0, -47.0, -56.0, -52.0, -48.0, -52.0, -300.0, -53.0, -48.0, -48.0, -300.0, -80.0, -71.0, -56.0, -51.0, -48.0, -60.0, -55.0, -300.0, -56.0, -48.0, -211.0, -47.0, -52.0, -300.0, -52.0, -48.0, -59.0, -60.0, -299.0, -51.0, -50.0, -84.0, -51.0, -300.0, -80.0, -64.0, -43.0, -52.0, -51.0, -300.0, -44.0, -100.0, -52.0, -55.0, -300.0, -53.0, -53.0, -49.0, -41.0, -76.0, -55.0, -44.0, -51.0, -300.0, -51.0, -47.0, -46.0, -61.0, -56.0, -51.0, -300.0, -63.0, -65.0, -48.0, -65.0, -47.0, -56.0, -300.0, -55.0, -300.0, -72.0, -48.0, -300.0, -50.0, -52.0, -300.0, -72.0, -48.0, -48.0, -51.0], [-59.0, -55.0, -56.0, -47.0, -44.0, -296.0, -61.0, -52.0, -47.0, -48.0, -48.0, -55.0, -51.0, -84.0, -68.0, -52.0, -300.0, -300.0, -56.0, -44.0, -53.0, -51.0, -55.0, -55.0, -56.0, -300.0, -47.0, -300.0, -51.0, -52.0, -44.0, -52.0, -52.0, -300.0, -73.0, -45.0, -51.0, -51.0, -40.0, -60.0, -49.0, -300.0, -300.0, -60.0, -47.0, -64.0, -52.0, -56.0, -40.0, -64.0, -52.0, -55.0, -56.0, -47.0, -60.0, -108.0, -52.0, -60.0, -68.0, -48.0, -63.0, -47.0, -75.0, -52.0, -52.0, -56.0, -76.0, -56.0, -43.0, -48.0, -56.0, -51.0, -47.0, -51.0, -300.0, -48.0, -52.0, -47.0, -52.0, -51.0, -51.0, -56.0, -56.0, -52.0, -59.0, -300.0, -48.0, -52.0, -58.0, -98.0, -52.0, -52.0, -51.0, -55.0, -52.0, -56.0, -56.0, -300.0, -43.0, -56.0], [-52.0, -48.0, -300.0, -48.0, -48.0, -51.0, -300.0, -44.0, -46.0, -44.0, -52.0, -45.0, -300.0, -48.0, -44.0, -59.0, -51.0, -60.0, -48.0, -51.0, -300.0, -51.0, -45.0, -49.0, -48.0, -296.0, -47.0, -116.0, -55.0, -48.0, -50.0, -47.0, -300.0, -51.0, -52.0, -51.0, -52.0, -48.0, -53.0, -300.0, -72.0, -44.0, -46.0, -48.0, -51.0, -56.0, -63.0, -48.0, -52.0, -47.0, -54.0, -52.0, -49.0, -44.0, -300.0, -46.0, -47.0, -50.0, -51.0, -51.0, -64.0, -44.0, -48.0, -52.0, -51.0, -44.0, -63.0, -52.0, -300.0, -52.0, -53.0, -300.0, -47.0, -57.0, -47.0, -55.0, -59.0, -47.0, -300.0, -55.0, -51.0, -47.0, -67.0, -92.0, -59.0, -49.0, -52.0, -52.0, -41.0, -52.0, -55.0, -47.0, -56.0, -47.0, -52.0, -48.0, -300.0, -51.0, -56.0, -54.0]], "success_matrix": [[true, false, true, true, true, true, true, true, true, false, true, true, true, true, true, true, true, true, true, true, false, true, true, true, true, true, true, true, true, true, true, true, true, true, true, true, true, true, true, false, true, true, true, true, true, true, true, true, false, false, false, true, true, false, true, false, true, true, true, true, false, true, true, false, true, true, true, true, true, true, true, true, true, true, true, true, true, true, true, true, true, true, true, true, true, true, false, false, false, true, true, false, false, true, true, false, true, false, true, false], [true, true, true, true, false, true, true, true, true, true, true, true, true, false, true, true, true, false, true, true, true, true, true, true, true, false, true, true, true, true, true, true, true, true, false, true, true, false, true, true, true, true, true, true, true, true, true, false, true, true, true, true, false, true, true, true, false, true, true, false, true, false, false, true, false, false, true, true, false, true, true, true, true, false, true, false, true, true, true, true, true, true, true, true, true, true, true, true, false, true, true, true, true, true, true, true, true, false, true, true], [true, true, true, true, true, false, true, true, true, true, true, false, true, true, false, true, false, true, true, true, true, true, true, true, true, false, true, true, true, false, true, true, true, true, true, true, true, false, true, true, true, true, true, false, true, true, true, true, false, true, true, true, true, false, true, true, true, true, true, false, true, true, true, true, false, true, true, true, true, true, true, true, true, false, true, true, true, true, true, true, false, true, true, true, true, true, true, false, true, false, true, true, false, true, true, false, true, true, true, true], [true, true, true, true, true, false, true, true, true, true, true, true, true, true, true, true, false, false, true, true, true, true, true, true, true, false, true, false, true, true, true, true, true, false, true, true, true, true, true, true, true, false, false, true, true, true, true, true, true, true, true, true, true, true, true, true, true, true, true, true, true, true, true, true, true, true, true, true, true, true, true, true, true, true, false, true, true, true, true, true, true, true, true, true, true, false, true, true, true, true, true, true, true, true, true, true, true, false, true, true], [true, true, false, true, true, true, false, true, true, true, true, true, false, true, true, true, true, true, true, true, false, true, true, true, true, false, true, true, true, true, true, true, false, true, true, true, true, true, true, false, true, true, true, true, true, true, true, true, true, true, true, true, true, true, false, true, true, true, true, true, true, true, true, true, true, true, true, true, false, true, true, false, true, true, true, true, true, true, false, true, true, true, true, true, true, true, true, true, true, true, true, true, true, true, true, true, false, true, true, true]], "ticket_name": "zo_envs10_iter100_cand10_lambda2.0_seed666_ddim8_20251212_061609/seed_668", "eval_noise_idx": 0, "eval_seed": 1619}