{"n_seeds": 5, "n_evals_per_seed": 100, "reward_mean": -259.3960266113281, "reward_std": 5.157357215881348, "success_mean": 0.34800000000000003, "success_std": 0.02588435821108957, "episode_seeds": [1619, 1620, 1621, 1622, 1623], "seed_reward_means": [-257.0199890136719, -254.7899932861328, -264.1000061035156, -265.7699890136719, -255.3000030517578], "seed_success_means": [0.36, 0.35, 0.34, 0.31, 0.38], "reward_matrix": [[-258.0, -300.0, -300.0, -208.0, -109.0, -120.0, -300.0, -300.0, -300.0, -300.0, -300.0, -300.0, -96.0, -300.0, -300.0, -300.0, -157.0, -300.0, -300.0, -300.0, -300.0, -141.0, -300.0, -300.0, -149.0, -164.0, -300.0, -116.0, -152.0, -185.0, -300.0, -300.0, -300.0, -300.0, -300.0, -145.0, -300.0, -230.0, -300.0, -300.0, -99.0, -300.0, -300.0, -300.0, -300.0, -227.0, -300.0, -300.0, -300.0, -283.0, -212.0, -266.0, -300.0, -300.0, -300.0, -269.0, -112.0, -300.0, -295.0, -300.0, -300.0, -300.0, -300.0, -115.0, -244.0, -300.0, -300.0, -300.0, -300.0, -104.0, -300.0, -230.0, -177.0, -300.0, -300.0, -300.0, -300.0, -300.0, -300.0, -300.0, -300.0, -300.0, -117.0, -260.0, -123.0, -135.0, -300.0, -300.0, -300.0, -300.0, -155.0, -293.0, -300.0, -300.0, -118.0, -300.0, -274.0, -300.0, -300.0, -164.0], [-140.0, -300.0, -155.0, -116.0, -300.0, -300.0, -300.0, -300.0, -300.0, -108.0, -300.0, -300.0, -300.0, -300.0, -124.0, -300.0, -300.0, -300.0, -300.0, -300.0, -300.0, -141.0, -300.0, -300.0, -288.0, -300.0, -300.0, -220.0, -300.0, -300.0, -300.0, -300.0, -247.0, -115.0, -164.0, -288.0, -300.0, -300.0, -300.0, -110.0, -300.0, -300.0, -238.0, -300.0, -300.0, -300.0, -161.0, -300.0, -245.0, -300.0, -300.0, -300.0, -300.0, -300.0, -300.0, -203.0, -300.0, -146.0, -300.0, -300.0, -300.0, -300.0, -140.0, -300.0, -143.0, -300.0, -140.0, -253.0, -300.0, -160.0, -300.0, -195.0, -300.0, -300.0, -300.0, -300.0, -207.0, -197.0, -300.0, -234.0, -300.0, -300.0, -300.0, -300.0, -300.0, -300.0, -300.0, -300.0, -163.0, -129.0, -121.0, -300.0, -135.0, -157.0, -300.0, -300.0, -144.0, -300.0, -154.0, -98.0], [-300.0, -230.0, -300.0, -300.0, -212.0, -300.0, -300.0, -300.0, -124.0, -300.0, -300.0, -300.0, -300.0, -153.0, -300.0, -300.0, -300.0, -239.0, -300.0, -255.0, -300.0, -300.0, -162.0, -300.0, -300.0, -300.0, -300.0, -300.0, -300.0, -300.0, -234.0, -300.0, -300.0, -300.0, -280.0, -300.0, -300.0, -300.0, -300.0, -300.0, -211.0, -114.0, -112.0, -188.0, -300.0, -224.0, -300.0, -265.0, -117.0, -300.0, -136.0, -221.0, -300.0, -141.0, -300.0, -300.0, -300.0, -300.0, -300.0, -300.0, -300.0, -293.0, -160.0, -300.0, -300.0, -133.0, -300.0, -300.0, -281.0, -300.0, -300.0, -300.0, -206.0, -300.0, -194.0, -300.0, -157.0, -248.0, -300.0, -300.0, -300.0, -300.0, -300.0, -300.0, -300.0, -131.0, -164.0, -300.0, -300.0, -300.0, -300.0, -265.0, -300.0, -157.0, -300.0, -264.0, -300.0, -300.0, -208.0, -131.0], [-300.0, -300.0, -300.0, -300.0, -300.0, -300.0, -300.0, -143.0, -300.0, -300.0, -128.0, -300.0, -300.0, -300.0, -300.0, -119.0, -300.0, -300.0, -294.0, -232.0, -300.0, -300.0, -231.0, -300.0, -300.0, -300.0, -300.0, -300.0, -232.0, -300.0, -144.0, -300.0, -300.0, -240.0, -300.0, -149.0, -300.0, -280.0, -300.0, -300.0, -300.0, -300.0, -300.0, -236.0, -300.0, -300.0, -300.0, -300.0, -98.0, -180.0, -293.0, -300.0, -205.0, -300.0, -300.0, -300.0, -192.0, -300.0, -140.0, -115.0, -300.0, -300.0, -300.0, -300.0, -300.0, -300.0, -237.0, -300.0, -115.0, -300.0, -300.0, -293.0, -117.0, -300.0, -153.0, -137.0, -300.0, -204.0, -300.0, -160.0, -152.0, -300.0, -300.0, -300.0, -300.0, -300.0, -300.0, -125.0, -300.0, -300.0, -269.0, -300.0, -300.0, -300.0, -264.0, -300.0, -300.0, -300.0, -300.0, -300.0], [-157.0, -300.0, -102.0, -300.0, -300.0, -168.0, -300.0, -230.0, -300.0, -216.0, -204.0, -300.0, -300.0, -300.0, -300.0, -300.0, -300.0, -300.0, -236.0, -120.0, -299.0, -243.0, -159.0, -300.0, -300.0, -116.0, -126.0, -300.0, -300.0, -300.0, -300.0, -300.0, -300.0, -300.0, -300.0, -194.0, -300.0, -300.0, -300.0, -300.0, -164.0, -300.0, -300.0, -236.0, -300.0, -300.0, -112.0, -300.0, -300.0, -120.0, -300.0, -227.0, -124.0, -300.0, -300.0, -145.0, -300.0, -300.0, -300.0, -300.0, -300.0, -300.0, -180.0, -204.0, -237.0, -131.0, -300.0, -300.0, -124.0, -216.0, -300.0, -300.0, -264.0, -113.0, -239.0, -181.0, -296.0, -300.0, -300.0, -300.0, -300.0, -300.0, -300.0, -300.0, -253.0, -300.0, -172.0, -300.0, -300.0, -300.0, -134.0, -223.0, -245.0, -300.0, -300.0, -300.0, -300.0, -129.0, -300.0, -191.0]], "success_matrix": [[true, false, false, true, true, true, false, false, false, false, false, false, true, false, false, false, true, false, false, false, false, true, false, false, true, true, false, true, true, true, false, false, false, false, false, true, false, true, false, false, true, false, false, false, false, true, false, false, false, true, true, true, false, false, false, true, true, false, true, false, false, false, false, true, true, false, false, false, false, true, false, true, true, false, false, false, false, false, false, false, false, false, true, true, true, true, false, false, false, false, true, true, false, false, true, false, true, false, false, true], [true, false, true, true, false, false, false, false, false, true, false, false, false, false, true, false, false, false, false, false, false, true, false, false, true, false, false, true, false, false, false, false, true, true, true, true, false, false, false, true, false, false, true, false, false, false, true, false, true, false, false, false, false, false, false, true, false, true, false, false, false, false, true, false, true, false, true, true, false, true, false, true, false, false, false, false, true, true, false, true, false, false, false, false, false, false, false, false, true, true, true, false, true, true, false, false, true, false, true, true], [false, true, false, false, true, false, false, false, true, false, false, false, false, true, false, false, false, true, false, true, false, false, true, false, false, false, false, false, false, false, true, false, false, false, true, false, false, false, false, false, true, true, true, true, false, true, false, true, true, false, true, true, false, true, false, false, false, false, false, false, false, true, true, false, false, true, false, false, true, false, false, false, true, false, true, false, true, true, false, false, false, false, false, false, false, true, true, false, false, false, false, true, false, true, false, true, false, false, true, true], [false, false, false, false, false, false, false, true, false, false, true, false, false, false, false, true, false, false, true, true, false, false, true, false, false, false, false, false, true, false, true, false, false, true, false, true, false, true, false, false, false, false, false, true, false, false, false, false, true, true, true, false, true, false, false, false, true, false, true, true, false, false, false, false, false, false, true, false, true, false, false, true, true, false, true, true, false, true, false, true, true, false, false, false, false, false, false, true, false, false, true, false, false, false, true, false, false, false, false, false], [true, false, true, false, false, true, false, true, false, true, true, false, false, false, false, false, false, false, true, true, false, true, true, false, false, true, true, false, false, false, false, false, false, false, false, true, false, false, false, false, true, false, false, true, false, false, true, false, false, true, false, true, true, false, false, true, false, false, false, false, false, false, true, true, true, true, false, false, true, true, false, false, true, true, true, true, true, false, false, false, false, false, false, false, true, false, true, false, false, false, true, true, true, false, false, false, false, true, false, true]], "ticket_name": "zo_envs10_iter500_cand2_lambda5.0_seed666_ddim8_20251213_184046/seed_667", "eval_noise_idx": 0, "eval_seed": 1619}