{"n_seeds": 5, "n_evals_per_seed": 100, "reward_mean": -109.80599212646484, "reward_std": 5.179409980773926, "success_mean": 0.9380000000000001, "success_std": 0.023151673805580426, "episode_seeds": [1619, 1620, 1621, 1622, 1623], "seed_reward_means": [-101.72000122070312, -111.81999969482422, -115.88999938964844, -113.5199966430664, -106.08000183105469], "seed_success_means": [0.97, 0.94, 0.9, 0.93, 0.95], "reward_matrix": [[-112.0, -94.0, -115.0, -103.0, -91.0, -98.0, -127.0, -84.0, -124.0, -156.0, -102.0, -82.0, -74.0, -140.0, -76.0, -300.0, -68.0, -106.0, -98.0, -56.0, -68.0, -96.0, -173.0, -76.0, -131.0, -94.0, -79.0, -90.0, -80.0, -95.0, -78.0, -119.0, -71.0, -63.0, -135.0, -92.0, -70.0, -79.0, -138.0, -70.0, -83.0, -87.0, -78.0, -94.0, -300.0, -111.0, -116.0, -82.0, -79.0, -300.0, -82.0, -123.0, -85.0, -107.0, -65.0, -67.0, -79.0, -113.0, -102.0, -106.0, -119.0, -107.0, -87.0, -115.0, -95.0, -100.0, -98.0, -167.0, -118.0, -86.0, -91.0, -106.0, -78.0, -71.0, -90.0, -92.0, -75.0, -79.0, -119.0, -91.0, -99.0, -96.0, -78.0, -87.0, -101.0, -92.0, -65.0, -95.0, -84.0, -146.0, -95.0, -78.0, -86.0, -82.0, -77.0, -80.0, -132.0, -76.0, -86.0, -91.0], [-300.0, -82.0, -89.0, -99.0, -86.0, -147.0, -70.0, -93.0, -93.0, -81.0, -83.0, -204.0, -88.0, -194.0, -105.0, -148.0, -100.0, -59.0, -91.0, -84.0, -128.0, -300.0, -144.0, -77.0, -99.0, -103.0, -180.0, -99.0, -75.0, -97.0, -71.0, -85.0, -84.0, -102.0, -66.0, -102.0, -88.0, -114.0, -300.0, -87.0, -207.0, -92.0, -87.0, -84.0, -101.0, -300.0, -83.0, -77.0, -105.0, -119.0, -88.0, -82.0, -77.0, -99.0, -110.0, -111.0, -82.0, -77.0, -91.0, -71.0, -99.0, -82.0, -81.0, -91.0, -84.0, -116.0, -82.0, -95.0, -83.0, -300.0, -92.0, -86.0, -169.0, -84.0, -125.0, -74.0, -106.0, -101.0, -118.0, -90.0, -93.0, -92.0, -82.0, -86.0, -64.0, -107.0, -140.0, -72.0, -85.0, -159.0, -81.0, -182.0, -78.0, -78.0, -141.0, -100.0, -95.0, -300.0, -77.0, -72.0], [-158.0, -124.0, -81.0, -300.0, -300.0, -145.0, -300.0, -94.0, -91.0, -95.0, -76.0, -87.0, -95.0, -95.0, -81.0, -74.0, -106.0, -65.0, -138.0, -94.0, -88.0, -300.0, -99.0, -72.0, -97.0, -116.0, -131.0, -68.0, -101.0, -106.0, -91.0, -82.0, -100.0, -91.0, -80.0, -300.0, -78.0, -89.0, -234.0, -89.0, -103.0, -75.0, -114.0, -69.0, -79.0, -100.0, -300.0, -105.0, -77.0, -81.0, -88.0, -94.0, -71.0, -73.0, -67.0, -152.0, -66.0, -84.0, -89.0, -99.0, -93.0, -73.0, -70.0, -113.0, -60.0, -92.0, -83.0, -91.0, -80.0, -90.0, -300.0, -57.0, -90.0, -97.0, -115.0, -131.0, -67.0, -300.0, -233.0, -83.0, -134.0, -300.0, -84.0, -74.0, -91.0, -73.0, -88.0, -76.0, -81.0, -99.0, -174.0, -77.0, -82.0, -111.0, -300.0, -75.0, -91.0, -111.0, -84.0, -69.0], [-90.0, -84.0, -300.0, -154.0, -74.0, -300.0, -101.0, -99.0, -82.0, -91.0, -98.0, -146.0, -84.0, -103.0, -114.0, -86.0, -300.0, -110.0, -119.0, -100.0, -102.0, -90.0, -166.0, -99.0, -118.0, -67.0, -115.0, -68.0, -108.0, -135.0, -300.0, -109.0, -67.0, -300.0, -130.0, -74.0, -115.0, -96.0, -62.0, -82.0, -110.0, -101.0, -72.0, -123.0, -87.0, -81.0, -74.0, -100.0, -72.0, -86.0, -92.0, -134.0, -110.0, -74.0, -125.0, -92.0, -85.0, -106.0, -83.0, -126.0, -300.0, -82.0, -87.0, -113.0, -68.0, -89.0, -149.0, -145.0, -84.0, -86.0, -104.0, -94.0, -79.0, -132.0, -74.0, -68.0, -125.0, -110.0, -165.0, -70.0, -91.0, -102.0, -96.0, -73.0, -84.0, -70.0, -84.0, -122.0, -100.0, -83.0, -300.0, -134.0, -99.0, -61.0, -122.0, -132.0, -93.0, -82.0, -74.0, -155.0], [-72.0, -71.0, -76.0, -104.0, -105.0, -80.0, -75.0, -86.0, -72.0, -74.0, -118.0, -72.0, -89.0, -102.0, -95.0, -102.0, -82.0, -81.0, -91.0, -110.0, -82.0, -115.0, -83.0, -64.0, -105.0, -106.0, -100.0, -84.0, -300.0, -81.0, -97.0, -116.0, -103.0, -114.0, -110.0, -105.0, -83.0, -95.0, -98.0, -88.0, -75.0, -103.0, -76.0, -90.0, -102.0, -65.0, -71.0, -83.0, -300.0, -110.0, -204.0, -101.0, -83.0, -80.0, -114.0, -94.0, -122.0, -103.0, -88.0, -199.0, -107.0, -70.0, -72.0, -95.0, -300.0, -71.0, -157.0, -115.0, -67.0, -120.0, -112.0, -74.0, -94.0, -77.0, -300.0, -76.0, -100.0, -116.0, -81.0, -77.0, -83.0, -125.0, -125.0, -115.0, -82.0, -163.0, -67.0, -82.0, -85.0, -87.0, -103.0, -93.0, -300.0, -76.0, -89.0, -92.0, -82.0, -111.0, -103.0, -115.0]], "success_matrix": [[true, true, true, true, true, true, true, true, true, true, true, true, true, true, true, false, true, true, true, true, true, true, true, true, true, true, true, true, true, true, true, true, true, true, true, true, true, true, true, true, true, true, true, true, false, true, true, true, true, false, true, true, true, true, true, true, true, true, true, true, true, true, true, true, true, true, true, true, true, true, true, true, true, true, true, true, true, true, true, true, true, true, true, true, true, true, true, true, true, true, true, true, true, true, true, true, true, true, true, true], [false, true, true, true, true, true, true, true, true, true, true, true, true, true, true, true, true, true, true, true, true, false, true, true, true, true, true, true, true, true, true, true, true, true, true, true, true, true, false, true, true, true, true, true, true, false, true, true, true, true, true, true, true, true, true, true, true, true, true, true, true, true, true, true, true, true, true, true, true, false, true, true, true, true, true, true, true, true, true, true, true, true, true, true, true, true, true, true, true, true, true, true, true, true, true, true, true, false, true, true], [true, true, true, false, false, true, false, true, true, true, true, true, true, true, true, true, true, true, true, true, true, false, true, true, true, true, true, true, true, true, true, true, true, true, true, false, true, true, true, true, true, true, true, true, true, true, false, true, true, true, true, true, true, true, true, true, true, true, true, true, true, true, true, true, true, true, true, true, true, true, false, true, true, true, true, true, true, false, true, true, true, false, true, true, true, true, true, true, true, true, true, true, true, true, false, true, true, true, true, true], [true, true, false, true, true, false, true, true, true, true, true, true, true, true, true, true, false, true, true, true, true, true, true, true, true, true, true, true, true, true, false, true, true, false, true, true, true, true, true, true, true, true, true, true, true, true, true, true, true, true, true, true, true, true, true, true, true, true, true, true, false, true, true, true, true, true, true, true, true, true, true, true, true, true, true, true, true, true, true, true, true, true, true, true, true, true, true, true, true, true, false, true, true, true, true, true, true, true, true, true], [true, true, true, true, true, true, true, true, true, true, true, true, true, true, true, true, true, true, true, true, true, true, true, true, true, true, true, true, false, true, true, true, true, true, true, true, true, true, true, true, true, true, true, true, true, true, true, true, false, true, true, true, true, true, true, true, true, true, true, true, true, true, true, true, false, true, true, true, true, true, true, true, true, true, false, true, true, true, true, true, true, true, true, true, true, true, true, true, true, true, true, true, false, true, true, true, true, true, true, true]], "ticket_name": "envs100_samples5000_seed999_20251127_042954_ddim8", "eval_noise_idx": 2, "eval_seed": 1619}