{"n_seeds": 5, "n_evals_per_seed": 100, "reward_mean": -223.89599609375, "reward_std": 5.066673278808594, "success_mean": 0.7060000000000001, "success_std": 0.04159326868617084, "episode_seeds": [1619, 1620, 1621, 1622, 1623], "seed_reward_means": [-216.6300048828125, -226.67999267578125, -221.07000732421875, -225.6199951171875, -229.47999572753906], "seed_success_means": [0.76, 0.65, 0.7, 0.73, 0.69], "reward_matrix": [[-300.0, -192.0, -197.0, -300.0, -271.0, -300.0, -248.0, -177.0, -186.0, -199.0, -208.0, -300.0, -184.0, -210.0, -152.0, -173.0, -300.0, -300.0, -300.0, -192.0, -300.0, -192.0, -258.0, -164.0, -300.0, -255.0, -194.0, -168.0, -204.0, -300.0, -189.0, -221.0, -300.0, -144.0, -300.0, -214.0, -164.0, -280.0, -194.0, -300.0, -202.0, -133.0, -300.0, -201.0, -130.0, -192.0, -181.0, -193.0, -159.0, -202.0, -153.0, -133.0, -203.0, -154.0, -152.0, -188.0, -300.0, -144.0, -300.0, -161.0, -240.0, -300.0, -140.0, -132.0, -250.0, -196.0, -235.0, -202.0, -163.0, -208.0, -218.0, -192.0, -191.0, -176.0, -235.0, -212.0, -300.0, -215.0, -209.0, -228.0, -300.0, -226.0, -156.0, -300.0, -128.0, -229.0, -256.0, -258.0, -126.0, -300.0, -130.0, -165.0, -148.0, -189.0, -164.0, -198.0, -300.0, -300.0, -300.0, -137.0], [-230.0, -240.0, -213.0, -173.0, -300.0, -169.0, -300.0, -300.0, -132.0, -170.0, -140.0, -168.0, -300.0, -300.0, -300.0, -300.0, -144.0, -247.0, -300.0, -147.0, -300.0, -292.0, -149.0, -164.0, -300.0, -300.0, -188.0, -255.0, -300.0, -133.0, -160.0, -241.0, -233.0, -230.0, -300.0, -300.0, -300.0, -183.0, -296.0, -187.0, -259.0, -175.0, -300.0, -181.0, -147.0, -128.0, -300.0, -217.0, -300.0, -300.0, -147.0, -173.0, -128.0, -300.0, -221.0, -136.0, -132.0, -193.0, -195.0, -300.0, -180.0, -300.0, -198.0, -180.0, -300.0, -165.0, -300.0, -214.0, -163.0, -254.0, -300.0, -229.0, -135.0, -221.0, -153.0, -176.0, -300.0, -300.0, -164.0, -300.0, -210.0, -300.0, -265.0, -196.0, -300.0, -300.0, -300.0, -148.0, -300.0, -148.0, -188.0, -204.0, -215.0, -153.0, -300.0, -194.0, -214.0, -135.0, -150.0, -300.0], [-219.0, -143.0, -181.0, -300.0, -174.0, -140.0, -213.0, -201.0, -166.0, -300.0, -178.0, -295.0, -195.0, -300.0, -170.0, -203.0, -186.0, -300.0, -180.0, -300.0, -191.0, -154.0, -300.0, -300.0, -157.0, -300.0, -137.0, -140.0, -182.0, -234.0, -275.0, -220.0, -253.0, -156.0, -156.0, -300.0, -193.0, -300.0, -225.0, -145.0, -213.0, -193.0, -300.0, -262.0, -146.0, -144.0, -300.0, -202.0, -300.0, -300.0, -174.0, -300.0, -238.0, -166.0, -155.0, -300.0, -139.0, -194.0, -226.0, -148.0, -153.0, -205.0, -247.0, -300.0, -201.0, -275.0, -300.0, -164.0, -183.0, -300.0, -210.0, -234.0, -300.0, -300.0, -186.0, -173.0, -169.0, -300.0, -139.0, -235.0, -129.0, -205.0, -136.0, -300.0, -144.0, -174.0, -300.0, -228.0, -234.0, -145.0, -300.0, -300.0, -160.0, -300.0, -300.0, -165.0, -300.0, -300.0, -194.0, -157.0], [-223.0, -202.0, -200.0, -300.0, -184.0, -141.0, -150.0, -153.0, -210.0, -300.0, -263.0, -156.0, -147.0, -300.0, -300.0, -191.0, -300.0, -171.0, -264.0, -300.0, -291.0, -193.0, -300.0, -282.0, -219.0, -216.0, -142.0, -200.0, -254.0, -160.0, -300.0, -181.0, -296.0, -150.0, -300.0, -153.0, -194.0, -178.0, -300.0, -156.0, -300.0, -174.0, -152.0, -192.0, -300.0, -215.0, -297.0, -206.0, -300.0, -136.0, -300.0, -164.0, -174.0, -196.0, -234.0, -190.0, -202.0, -140.0, -300.0, -287.0, -220.0, -242.0, -173.0, -202.0, -238.0, -300.0, -156.0, -281.0, -193.0, -300.0, -250.0, -222.0, -206.0, -300.0, -300.0, -140.0, -300.0, -300.0, -224.0, -163.0, -207.0, -129.0, -194.0, -300.0, -219.0, -194.0, -300.0, -199.0, -300.0, -173.0, -300.0, -250.0, -192.0, -208.0, -242.0, -256.0, -300.0, -146.0, -170.0, -194.0], [-300.0, -166.0, -128.0, -127.0, -300.0, -300.0, -241.0, -141.0, -300.0, -137.0, -248.0, -186.0, -222.0, -169.0, -177.0, -234.0, -300.0, -122.0, -300.0, -300.0, -286.0, -227.0, -209.0, -278.0, -199.0, -198.0, -217.0, -300.0, -245.0, -204.0, -300.0, -194.0, -245.0, -218.0, -138.0, -152.0, -238.0, -156.0, -232.0, -191.0, -237.0, -300.0, -300.0, -300.0, -242.0, -245.0, -300.0, -300.0, -300.0, -300.0, -186.0, -197.0, -300.0, -276.0, -300.0, -300.0, -148.0, -300.0, -139.0, -300.0, -284.0, -272.0, -300.0, -258.0, -300.0, -191.0, -153.0, -300.0, -199.0, -160.0, -263.0, -210.0, -204.0, -145.0, -190.0, -300.0, -300.0, -264.0, -211.0, -155.0, -300.0, -147.0, -170.0, -204.0, -157.0, -157.0, -156.0, -206.0, -192.0, -164.0, -300.0, -239.0, -300.0, -239.0, -300.0, -152.0, -300.0, -137.0, -225.0, -149.0]], "success_matrix": [[false, true, true, false, true, false, true, true, true, true, true, false, true, true, true, true, false, false, false, true, false, true, true, true, false, true, true, true, true, false, true, true, false, true, false, true, true, true, true, false, true, true, false, true, true, true, true, true, true, true, true, true, true, true, true, true, false, true, false, true, true, false, true, true, true, true, true, true, true, true, true, true, true, true, true, true, false, true, true, true, false, true, true, false, true, true, true, true, true, false, true, true, true, true, true, true, false, false, false, true], [true, true, true, true, false, true, false, false, true, true, true, true, false, false, false, false, true, true, false, true, false, true, true, true, false, false, true, true, false, true, true, true, true, true, false, false, false, true, true, true, true, true, false, true, true, true, false, true, false, false, true, true, true, false, true, true, true, true, true, false, true, false, true, true, false, true, false, true, true, true, false, true, true, true, true, true, false, false, true, false, true, false, true, true, false, false, false, true, false, true, true, true, true, true, false, true, true, true, true, false], [true, true, true, false, true, true, true, true, true, false, true, true, true, false, true, true, true, false, true, false, true, true, false, false, true, false, true, true, true, true, true, true, true, true, true, false, true, false, true, true, true, true, false, true, true, true, false, true, false, false, true, false, true, true, true, false, true, true, true, true, true, true, true, false, true, true, false, true, true, false, true, true, false, false, true, true, true, false, true, true, true, true, true, false, true, true, false, true, true, true, false, false, true, false, false, true, false, false, true, true], [true, true, true, false, true, true, true, true, true, false, true, true, true, false, false, true, false, true, true, false, true, true, false, true, true, true, true, true, true, true, false, true, true, true, false, true, true, true, false, true, false, true, true, true, false, true, false, true, false, true, false, true, true, true, true, true, true, true, false, true, true, true, true, true, true, false, true, true, true, false, true, true, true, false, false, true, false, false, true, true, true, true, true, false, true, true, false, true, false, true, false, true, true, true, true, true, false, true, true, true], [false, true, true, true, false, false, true, true, false, true, true, true, true, true, true, true, false, true, false, false, true, true, true, true, true, true, true, false, true, true, false, true, true, true, true, true, true, true, true, true, true, false, false, false, true, true, false, false, false, false, true, true, false, true, false, false, true, false, true, false, true, true, false, true, false, true, true, false, true, true, true, true, true, true, true, false, false, true, true, true, false, true, true, true, true, true, true, true, true, true, false, true, false, true, false, true, false, true, true, true]], "ticket_name": "zo_envs10_iter500_cand2_lambda2.0_seed666_ddim2_20251215_221847/seed_668", "eval_noise_idx": 0, "eval_seed": 1619}