{"n_seeds": 5, "n_evals_per_seed": 100, "reward_mean": -239.7320098876953, "reward_std": 9.163895606994629, "success_mean": 0.514, "success_std": 0.08236504112789601, "episode_seeds": [1619, 1620, 1621, 1622, 1623], "seed_reward_means": [-232.38999938964844, -244.22000122070312, -239.52999877929688, -254.32000732421875, -228.1999969482422], "seed_success_means": [0.54, 0.47, 0.56, 0.38, 0.62], "reward_matrix": [[-300.0, -198.0, -300.0, -145.0, -300.0, -160.0, -300.0, -262.0, -231.0, -300.0, -300.0, -300.0, -184.0, -300.0, -300.0, -232.0, -300.0, -188.0, -300.0, -176.0, -190.0, -300.0, -141.0, -300.0, -167.0, -300.0, -167.0, -159.0, -300.0, -140.0, -167.0, -178.0, -165.0, -149.0, -300.0, -300.0, -300.0, -300.0, -300.0, -300.0, -300.0, -300.0, -300.0, -300.0, -189.0, -157.0, -162.0, -300.0, -148.0, -167.0, -145.0, -150.0, -168.0, -159.0, -145.0, -300.0, -300.0, -145.0, -300.0, -181.0, -300.0, -300.0, -163.0, -200.0, -217.0, -163.0, -201.0, -177.0, -156.0, -300.0, -300.0, -168.0, -300.0, -300.0, -300.0, -201.0, -163.0, -300.0, -300.0, -300.0, -158.0, -300.0, -300.0, -300.0, -126.0, -300.0, -249.0, -300.0, -300.0, -166.0, -224.0, -169.0, -300.0, -181.0, -148.0, -201.0, -181.0, -194.0, -169.0, -149.0], [-173.0, -300.0, -185.0, -166.0, -209.0, -300.0, -148.0, -174.0, -300.0, -300.0, -210.0, -244.0, -300.0, -237.0, -165.0, -181.0, -300.0, -300.0, -204.0, -231.0, -300.0, -300.0, -300.0, -178.0, -152.0, -300.0, -161.0, -300.0, -300.0, -300.0, -173.0, -200.0, -300.0, -165.0, -185.0, -300.0, -165.0, -300.0, -193.0, -169.0, -300.0, -165.0, -300.0, -300.0, -300.0, -300.0, -300.0, -300.0, -300.0, -300.0, -300.0, -189.0, -300.0, -300.0, -300.0, -300.0, -195.0, -165.0, -169.0, -139.0, -159.0, -195.0, -300.0, -300.0, -188.0, -157.0, -300.0, -202.0, -158.0, -300.0, -300.0, -207.0, -300.0, -145.0, -300.0, -195.0, -300.0, -152.0, -162.0, -232.0, -300.0, -300.0, -300.0, -300.0, -226.0, -180.0, -300.0, -300.0, -300.0, -300.0, -300.0, -300.0, -173.0, -168.0, -182.0, -300.0, -300.0, -151.0, -300.0, -300.0], [-194.0, -248.0, -300.0, -300.0, -231.0, -161.0, -300.0, -300.0, -161.0, -300.0, -177.0, -300.0, -268.0, -148.0, -152.0, -193.0, -176.0, -240.0, -300.0, -148.0, -173.0, -300.0, -138.0, -176.0, -242.0, -179.0, -149.0, -235.0, -251.0, -300.0, -300.0, -219.0, -213.0, -191.0, -246.0, -300.0, -300.0, -186.0, -181.0, -227.0, -300.0, -243.0, -300.0, -300.0, -242.0, -182.0, -300.0, -300.0, -300.0, -157.0, -218.0, -300.0, -300.0, -300.0, -167.0, -152.0, -300.0, -173.0, -185.0, -155.0, -153.0, -300.0, -300.0, -177.0, -300.0, -300.0, -300.0, -231.0, -161.0, -176.0, -300.0, -140.0, -300.0, -300.0, -171.0, -300.0, -174.0, -300.0, -153.0, -300.0, -140.0, -300.0, -159.0, -221.0, -239.0, -236.0, -272.0, -300.0, -300.0, -300.0, -300.0, -172.0, -300.0, -300.0, -300.0, -300.0, -300.0, -198.0, -300.0, -203.0], [-300.0, -300.0, -300.0, -194.0, -300.0, -147.0, -161.0, -300.0, -300.0, -161.0, -300.0, -153.0, -300.0, -145.0, -300.0, -161.0, -300.0, -159.0, -300.0, -300.0, -300.0, -300.0, -257.0, -300.0, -179.0, -185.0, -145.0, -300.0, -300.0, -300.0, -300.0, -300.0, -300.0, -300.0, -142.0, -300.0, -300.0, -300.0, -169.0, -231.0, -299.0, -300.0, -300.0, -300.0, -300.0, -195.0, -300.0, -300.0, -173.0, -157.0, -300.0, -162.0, -169.0, -171.0, -300.0, -266.0, -300.0, -220.0, -158.0, -300.0, -163.0, -265.0, -300.0, -300.0, -300.0, -278.0, -157.0, -300.0, -300.0, -300.0, -300.0, -300.0, -300.0, -300.0, -149.0, -148.0, -300.0, -189.0, -164.0, -173.0, -300.0, -227.0, -300.0, -300.0, -300.0, -300.0, -300.0, -300.0, -152.0, -300.0, -300.0, -300.0, -300.0, -164.0, -300.0, -300.0, -300.0, -300.0, -174.0, -170.0], [-300.0, -187.0, -137.0, -300.0, -161.0, -189.0, -193.0, -151.0, -184.0, -141.0, -300.0, -250.0, -300.0, -156.0, -300.0, -300.0, -159.0, -139.0, -300.0, -300.0, -217.0, -145.0, -300.0, -300.0, -184.0, -168.0, -300.0, -171.0, -300.0, -300.0, -177.0, -300.0, -300.0, -192.0, -300.0, -166.0, -300.0, -160.0, -152.0, -163.0, -188.0, -251.0, -300.0, -300.0, -227.0, -300.0, -194.0, -264.0, -192.0, -218.0, -300.0, -172.0, -300.0, -300.0, -300.0, -247.0, -148.0, -300.0, -139.0, -193.0, -152.0, -203.0, -179.0, -300.0, -300.0, -166.0, -300.0, -168.0, -222.0, -164.0, -192.0, -300.0, -300.0, -270.0, -173.0, -300.0, -179.0, -189.0, -300.0, -170.0, -171.0, -300.0, -207.0, -300.0, -147.0, -248.0, -163.0, -300.0, -300.0, -198.0, -300.0, -192.0, -212.0, -300.0, -258.0, -167.0, -204.0, -128.0, -175.0, -148.0]], "success_matrix": [[false, true, false, true, false, true, false, true, true, false, false, false, true, false, false, true, false, true, false, true, true, false, true, false, true, false, true, true, false, true, true, true, true, true, false, false, false, false, false, false, false, false, false, false, true, true, true, false, true, true, true, true, true, true, true, false, false, true, false, true, false, false, true, true, true, true, true, true, true, false, false, true, false, false, false, true, true, false, false, false, true, false, false, false, true, false, true, false, false, true, true, true, false, true, true, true, true, true, true, true], [true, false, true, true, true, false, true, true, false, false, true, true, false, true, true, true, false, false, true, true, false, false, false, true, true, false, true, false, false, false, true, true, false, true, true, false, true, false, true, true, false, true, false, false, false, false, false, false, false, false, false, true, false, false, false, false, true, true, true, true, true, true, false, false, true, true, false, true, true, false, false, true, false, true, false, true, false, true, true, true, false, false, false, false, true, true, false, false, false, false, false, false, true, true, true, false, false, true, false, false], [true, true, false, false, true, true, false, false, true, false, true, false, true, true, true, true, true, true, false, true, true, false, true, true, true, true, true, true, true, false, false, true, true, true, true, false, false, true, true, true, false, true, false, false, true, true, false, false, false, true, true, false, false, false, true, true, false, true, true, true, true, false, false, true, false, false, false, true, true, true, false, true, false, false, true, false, true, false, true, false, true, false, true, true, true, true, true, false, false, false, false, true, false, false, false, false, false, true, false, true], [false, false, false, true, false, true, true, false, false, true, false, true, false, true, false, true, false, true, false, false, false, false, true, false, true, true, true, false, false, false, false, false, false, false, true, false, false, false, true, true, false, false, false, false, false, true, false, false, true, true, false, true, true, true, false, true, false, true, true, false, true, true, false, false, false, true, true, false, false, false, false, false, false, false, true, true, false, true, true, true, false, true, false, false, false, false, false, false, true, false, false, false, false, true, false, false, false, false, true, true], [false, true, true, false, true, true, true, true, true, true, false, true, false, true, false, false, true, true, false, false, true, true, false, false, true, true, false, true, false, false, true, false, false, true, false, true, false, true, true, true, true, true, false, false, true, false, true, true, true, true, false, true, false, false, false, true, true, false, true, true, true, true, true, false, false, true, false, true, true, true, true, false, false, true, true, false, true, true, false, true, true, false, true, false, true, true, true, false, false, true, false, true, true, false, true, true, true, true, true, true]], "ticket_name": "envs50_samples5000_seed999_ddim8_20251130_223116_nenvs_50", "eval_noise_idx": 36, "eval_seed": 1619}