{"n_seeds": 5, "n_evals_per_seed": 100, "reward_mean": -149.1199951171875, "reward_std": 9.078873634338379, "success_mean": 0.8039999999999999, "success_std": 0.034351128074635306, "episode_seeds": [1619, 1620, 1621, 1622, 1623], "seed_reward_means": [-160.5500030517578, -150.6999969482422, -151.67999267578125, -147.1999969482422, -135.47000122070312], "seed_success_means": [0.77, 0.78, 0.79, 0.85, 0.83], "reward_matrix": [[-122.0, -91.0, -300.0, -84.0, -300.0, -80.0, -227.0, -79.0, -300.0, -126.0, -104.0, -123.0, -120.0, -216.0, -60.0, -300.0, -81.0, -300.0, -241.0, -68.0, -300.0, -105.0, -227.0, -67.0, -300.0, -300.0, -300.0, -136.0, -67.0, -116.0, -88.0, -158.0, -71.0, -75.0, -180.0, -118.0, -80.0, -300.0, -143.0, -127.0, -200.0, -175.0, -300.0, -92.0, -300.0, -91.0, -153.0, -107.0, -152.0, -115.0, -68.0, -128.0, -187.0, -300.0, -68.0, -119.0, -87.0, -87.0, -144.0, -170.0, -147.0, -168.0, -299.0, -300.0, -88.0, -126.0, -134.0, -300.0, -167.0, -300.0, -94.0, -88.0, -80.0, -204.0, -70.0, -95.0, -76.0, -99.0, -106.0, -159.0, -96.0, -104.0, -85.0, -148.0, -300.0, -108.0, -103.0, -300.0, -109.0, -99.0, -300.0, -107.0, -300.0, -88.0, -164.0, -300.0, -155.0, -300.0, -76.0, -90.0], [-60.0, -71.0, -300.0, -116.0, -300.0, -112.0, -91.0, -123.0, -300.0, -88.0, -300.0, -148.0, -107.0, -169.0, -163.0, -224.0, -194.0, -56.0, -110.0, -89.0, -300.0, -63.0, -135.0, -80.0, -95.0, -143.0, -300.0, -123.0, -92.0, -84.0, -64.0, -94.0, -84.0, -300.0, -60.0, -93.0, -87.0, -138.0, -67.0, -300.0, -128.0, -111.0, -300.0, -94.0, -151.0, -300.0, -83.0, -134.0, -55.0, -300.0, -119.0, -93.0, -76.0, -300.0, -300.0, -87.0, -67.0, -79.0, -107.0, -190.0, -123.0, -79.0, -99.0, -300.0, -82.0, -300.0, -79.0, -103.0, -126.0, -88.0, -300.0, -72.0, -300.0, -300.0, -178.0, -134.0, -71.0, -300.0, -178.0, -74.0, -252.0, -84.0, -131.0, -80.0, -64.0, -147.0, -111.0, -300.0, -87.0, -119.0, -300.0, -139.0, -116.0, -80.0, -283.0, -75.0, -95.0, -56.0, -68.0, -300.0], [-118.0, -143.0, -130.0, -300.0, -123.0, -135.0, -284.0, -300.0, -118.0, -195.0, -300.0, -135.0, -97.0, -76.0, -99.0, -184.0, -184.0, -59.0, -187.0, -103.0, -111.0, -131.0, -98.0, -80.0, -300.0, -102.0, -84.0, -175.0, -162.0, -83.0, -91.0, -300.0, -148.0, -103.0, -300.0, -300.0, -300.0, -300.0, -300.0, -124.0, -84.0, -300.0, -300.0, -148.0, -91.0, -98.0, -300.0, -100.0, -87.0, -300.0, -99.0, -83.0, -159.0, -79.0, -95.0, -128.0, -82.0, -300.0, -80.0, -75.0, -86.0, -71.0, -62.0, -131.0, -52.0, -95.0, -87.0, -124.0, -151.0, -300.0, -130.0, -49.0, -79.0, -120.0, -88.0, -116.0, -56.0, -120.0, -300.0, -127.0, -300.0, -118.0, -147.0, -91.0, -128.0, -95.0, -76.0, -115.0, -300.0, -300.0, -132.0, -64.0, -191.0, -111.0, -154.0, -71.0, -300.0, -120.0, -94.0, -67.0], [-300.0, -75.0, -300.0, -123.0, -68.0, -220.0, -179.0, -86.0, -104.0, -300.0, -210.0, -143.0, -99.0, -115.0, -114.0, -84.0, -300.0, -136.0, -143.0, -75.0, -132.0, -91.0, -144.0, -106.0, -95.0, -175.0, -86.0, -300.0, -75.0, -240.0, -65.0, -130.0, -67.0, -58.0, -123.0, -68.0, -135.0, -61.0, -67.0, -78.0, -212.0, -113.0, -163.0, -111.0, -135.0, -84.0, -79.0, -167.0, -88.0, -300.0, -82.0, -192.0, -91.0, -80.0, -196.0, -300.0, -74.0, -180.0, -300.0, -122.0, -300.0, -95.0, -148.0, -99.0, -55.0, -118.0, -132.0, -112.0, -99.0, -144.0, -171.0, -100.0, -79.0, -199.0, -63.0, -60.0, -116.0, -90.0, -141.0, -75.0, -91.0, -127.0, -300.0, -191.0, -190.0, -136.0, -300.0, -300.0, -107.0, -98.0, -300.0, -144.0, -96.0, -67.0, -139.0, -174.0, -300.0, -156.0, -300.0, -269.0], [-76.0, -77.0, -300.0, -300.0, -71.0, -131.0, -103.0, -71.0, -68.0, -78.0, -99.0, -68.0, -300.0, -88.0, -211.0, -148.0, -73.0, -87.0, -83.0, -300.0, -300.0, -108.0, -107.0, -56.0, -103.0, -300.0, -90.0, -300.0, -300.0, -75.0, -148.0, -300.0, -87.0, -180.0, -92.0, -80.0, -82.0, -116.0, -95.0, -300.0, -60.0, -124.0, -127.0, -83.0, -83.0, -164.0, -75.0, -113.0, -62.0, -131.0, -244.0, -300.0, -300.0, -79.0, -300.0, -138.0, -80.0, -96.0, -86.0, -148.0, -96.0, -300.0, -56.0, -300.0, -100.0, -63.0, -300.0, -107.0, -70.0, -83.0, -164.0, -82.0, -72.0, -83.0, -75.0, -90.0, -103.0, -135.0, -123.0, -144.0, -74.0, -112.0, -206.0, -101.0, -86.0, -155.0, -55.0, -74.0, -73.0, -85.0, -99.0, -80.0, -67.0, -72.0, -71.0, -236.0, -72.0, -300.0, -139.0, -100.0]], "success_matrix": [[true, true, false, true, false, true, true, true, false, true, true, true, true, true, true, false, true, false, true, true, false, true, true, true, false, false, false, true, true, true, true, true, true, true, true, true, true, false, true, true, true, true, false, true, false, true, true, true, true, true, true, true, true, false, true, true, true, true, true, true, true, true, false, false, true, true, true, false, true, false, true, true, true, true, true, true, true, true, true, true, true, true, true, true, false, true, true, false, true, true, false, true, false, true, true, false, true, false, true, true], [true, true, false, true, false, true, true, true, false, true, false, true, true, true, true, true, true, true, true, true, false, true, true, true, true, true, false, true, true, true, true, true, true, false, true, true, true, true, true, false, true, true, false, true, true, false, true, true, true, false, true, true, true, false, false, true, true, true, true, true, true, true, true, false, true, false, true, true, true, true, false, true, false, false, true, true, true, false, true, true, true, true, true, true, true, true, true, false, true, true, false, true, true, true, true, true, true, true, true, false], [true, true, true, false, true, true, true, false, true, true, false, true, true, true, true, true, true, true, true, true, true, true, true, true, false, true, true, true, true, true, true, false, true, true, false, false, false, false, false, true, true, false, false, true, true, true, false, true, true, false, true, true, true, true, true, true, true, false, true, true, true, true, true, true, true, true, true, true, true, false, true, true, true, true, true, true, true, true, false, true, false, true, true, true, true, true, true, true, false, false, true, true, true, true, true, true, false, true, true, true], [false, true, false, true, true, true, true, true, true, false, true, true, true, true, true, true, false, true, true, true, true, true, true, true, true, true, true, false, true, true, true, true, true, true, true, true, true, true, true, true, true, true, true, true, true, true, true, true, true, false, true, true, true, true, true, false, true, true, false, true, false, true, true, true, true, true, true, true, true, true, true, true, true, true, true, true, true, true, true, true, true, true, false, true, true, true, false, false, true, true, false, true, true, true, true, true, false, true, false, true], [true, true, false, false, true, true, true, true, true, true, true, true, false, true, true, true, true, true, true, false, false, true, true, true, true, false, true, false, false, true, true, false, true, true, true, true, true, true, true, false, true, true, true, true, true, true, true, true, true, true, true, false, false, true, false, true, true, true, true, true, true, false, true, false, true, true, false, true, true, true, true, true, true, true, true, true, true, true, true, true, true, true, true, true, true, true, true, true, true, true, true, true, true, true, true, true, true, false, true, true]], "ticket_name": "zo_envs10_iter100_cand10_lambda2.0_seed666_ddim8_20251212_061609/seed_667", "eval_noise_idx": 0, "eval_seed": 1619}