{"n_seeds": 5, "n_evals_per_seed": 100, "reward_mean": -227.968017578125, "reward_std": 13.561800956726074, "success_mean": 0.6359999999999999, "success_std": 0.08822698000045111, "episode_seeds": [1619, 1620, 1621, 1622, 1623], "seed_reward_means": [-220.10000610351562, -227.30999755859375, -235.3000030517578, -248.60000610351562, -208.52999877929688], "seed_success_means": [0.7, 0.6, 0.59, 0.52, 0.77], "reward_matrix": [[-300.0, -108.0, -170.0, -292.0, -209.0, -111.0, -300.0, -254.0, -228.0, -300.0, -300.0, -286.0, -99.0, -300.0, -80.0, -216.0, -300.0, -232.0, -300.0, -145.0, -101.0, -300.0, -300.0, -92.0, -184.0, -131.0, -288.0, -207.0, -197.0, -154.0, -180.0, -300.0, -230.0, -295.0, -300.0, -256.0, -159.0, -103.0, -269.0, -111.0, -100.0, -252.0, -124.0, -300.0, -300.0, -294.0, -249.0, -186.0, -81.0, -160.0, -104.0, -285.0, -255.0, -86.0, -300.0, -94.0, -252.0, -191.0, -300.0, -232.0, -300.0, -300.0, -300.0, -208.0, -300.0, -300.0, -296.0, -300.0, -290.0, -158.0, -244.0, -300.0, -175.0, -134.0, -123.0, -300.0, -300.0, -287.0, -281.0, -219.0, -300.0, -300.0, -108.0, -150.0, -300.0, -268.0, -124.0, -220.0, -218.0, -300.0, -169.0, -243.0, -104.0, -234.0, -147.0, -120.0, -300.0, -109.0, -211.0, -138.0], [-157.0, -114.0, -104.0, -242.0, -300.0, -300.0, -177.0, -194.0, -105.0, -218.0, -210.0, -300.0, -244.0, -300.0, -211.0, -300.0, -220.0, -300.0, -300.0, -300.0, -300.0, -199.0, -277.0, -135.0, -300.0, -250.0, -300.0, -285.0, -300.0, -203.0, -295.0, -100.0, -257.0, -300.0, -300.0, -300.0, -281.0, -208.0, -132.0, -141.0, -300.0, -300.0, -300.0, -300.0, -190.0, -300.0, -223.0, -213.0, -89.0, -154.0, -232.0, -300.0, -152.0, -160.0, -300.0, -189.0, -136.0, -300.0, -164.0, -300.0, -247.0, -300.0, -140.0, -300.0, -220.0, -132.0, -135.0, -300.0, -300.0, -171.0, -79.0, -169.0, -300.0, -98.0, -251.0, -300.0, -187.0, -191.0, -300.0, -300.0, -300.0, -300.0, -170.0, -197.0, -300.0, -300.0, -300.0, -109.0, -98.0, -300.0, -173.0, -300.0, -160.0, -241.0, -300.0, -160.0, -171.0, -72.0, -212.0, -87.0], [-257.0, -300.0, -167.0, -104.0, -300.0, -300.0, -300.0, -300.0, -247.0, -300.0, -160.0, -107.0, -262.0, -138.0, -188.0, -267.0, -257.0, -300.0, -258.0, -266.0, -300.0, -300.0, -143.0, -300.0, -99.0, -268.0, -266.0, -251.0, -300.0, -189.0, -300.0, -187.0, -300.0, -300.0, -105.0, -300.0, -129.0, -127.0, -300.0, -300.0, -173.0, -300.0, -300.0, -199.0, -91.0, -184.0, -176.0, -220.0, -143.0, -300.0, -300.0, -187.0, -128.0, -264.0, -273.0, -300.0, -219.0, -156.0, -123.0, -176.0, -138.0, -258.0, -190.0, -300.0, -94.0, -300.0, -300.0, -249.0, -188.0, -161.0, -300.0, -104.0, -251.0, -300.0, -169.0, -262.0, -76.0, -300.0, -300.0, -300.0, -300.0, -300.0, -291.0, -300.0, -257.0, -200.0, -300.0, -130.0, -300.0, -124.0, -300.0, -196.0, -300.0, -262.0, -300.0, -300.0, -244.0, -232.0, -300.0, -300.0], [-244.0, -274.0, -72.0, -300.0, -300.0, -300.0, -300.0, -157.0, -300.0, -241.0, -189.0, -300.0, -300.0, -300.0, -300.0, -255.0, -300.0, -122.0, -252.0, -181.0, -300.0, -300.0, -300.0, -300.0, -239.0, -300.0, -132.0, -144.0, -175.0, -300.0, -227.0, -300.0, -175.0, -91.0, -300.0, -165.0, -300.0, -152.0, -159.0, -183.0, -300.0, -300.0, -103.0, -264.0, -267.0, -267.0, -252.0, -300.0, -131.0, -226.0, -300.0, -300.0, -175.0, -300.0, -300.0, -186.0, -196.0, -246.0, -300.0, -250.0, -223.0, -157.0, -225.0, -300.0, -97.0, -284.0, -300.0, -300.0, -188.0, -270.0, -300.0, -298.0, -300.0, -283.0, -147.0, -103.0, -275.0, -202.0, -300.0, -300.0, -300.0, -300.0, -300.0, -158.0, -300.0, -224.0, -300.0, -300.0, -300.0, -220.0, -300.0, -300.0, -300.0, -192.0, -279.0, -258.0, -285.0, -300.0, -300.0, -300.0], [-181.0, -212.0, -128.0, -227.0, -106.0, -182.0, -104.0, -257.0, -300.0, -187.0, -240.0, -300.0, -218.0, -154.0, -168.0, -259.0, -136.0, -234.0, -167.0, -300.0, -122.0, -300.0, -251.0, -300.0, -300.0, -90.0, -235.0, -98.0, -168.0, -300.0, -232.0, -264.0, -191.0, -300.0, -199.0, -154.0, -300.0, -260.0, -232.0, -207.0, -108.0, -262.0, -273.0, -205.0, -123.0, -91.0, -82.0, -300.0, -95.0, -142.0, -300.0, -204.0, -212.0, -82.0, -168.0, -211.0, -225.0, -214.0, -300.0, -300.0, -243.0, -292.0, -92.0, -199.0, -300.0, -78.0, -300.0, -300.0, -123.0, -300.0, -260.0, -271.0, -116.0, -180.0, -162.0, -300.0, -300.0, -235.0, -116.0, -219.0, -249.0, -231.0, -300.0, -154.0, -216.0, -300.0, -111.0, -145.0, -203.0, -168.0, -219.0, -220.0, -213.0, -89.0, -168.0, -300.0, -123.0, -94.0, -206.0, -298.0]], "success_matrix": [[false, true, true, true, true, true, false, true, true, false, false, true, true, false, true, true, false, true, false, true, true, false, false, true, true, true, true, true, true, true, true, false, true, false, false, true, true, true, true, true, true, true, true, false, false, true, true, true, true, true, true, true, true, true, false, true, true, true, false, true, false, false, false, true, false, false, true, false, true, true, true, false, true, true, true, false, false, true, true, true, false, false, true, true, false, true, true, true, true, false, true, true, true, true, true, true, false, true, true, true], [true, true, true, true, false, false, true, true, true, true, true, false, true, false, true, false, true, false, false, false, false, true, true, true, false, true, false, true, false, true, true, true, true, false, false, false, true, true, true, true, false, false, false, false, true, false, true, true, true, true, true, false, true, true, false, true, true, false, true, false, true, false, true, false, true, true, true, false, false, true, true, true, false, true, true, false, true, true, false, false, false, false, true, true, false, false, false, true, true, false, true, false, true, true, false, true, true, true, true, true], [true, false, true, true, false, false, false, false, true, false, true, true, true, true, true, true, true, false, true, true, false, false, true, false, true, true, true, true, false, true, false, true, false, false, true, false, true, true, false, false, true, false, false, true, true, true, true, true, true, false, false, true, true, true, true, false, true, true, true, true, true, true, true, false, true, false, false, true, true, true, false, true, true, false, true, true, true, false, false, false, false, false, true, false, true, true, false, true, false, true, false, true, false, true, false, false, true, true, false, false], [true, true, true, false, false, false, false, true, false, true, true, false, false, false, false, true, false, true, true, true, false, false, false, false, true, false, true, true, true, false, true, false, true, true, false, true, false, true, true, true, false, false, true, true, true, true, true, false, true, true, false, false, true, false, false, true, true, true, false, true, true, true, true, false, true, true, false, false, true, true, false, false, false, true, true, true, true, true, false, false, false, false, false, true, false, true, false, false, false, true, false, false, false, true, true, true, true, false, false, false], [true, true, true, true, true, true, true, true, false, true, true, false, true, true, true, true, true, true, true, false, true, false, true, false, false, true, true, true, true, false, true, true, true, false, true, true, false, true, true, true, true, true, true, true, true, true, true, false, true, true, false, true, true, true, true, true, true, true, false, false, true, true, true, true, false, true, false, false, true, false, true, true, true, true, true, false, false, true, true, true, true, true, false, true, true, false, true, true, true, true, true, true, true, true, true, false, true, true, true, false]], "ticket_name": "envs100_samples1000_seeds999_1000_1001_1002_1003_1004_1005_1006_1007_1008_ddim8_20251208_041639/seed_1001", "eval_noise_idx": 0, "eval_seed": 1619}