{"n_seeds": 5, "n_evals_per_seed": 100, "reward_mean": -264.6499938964844, "reward_std": 3.1475181579589844, "success_mean": 0.382, "success_std": 0.023151673805580458, "episode_seeds": [1619, 1620, 1621, 1622, 1623], "seed_reward_means": [-261.2300109863281, -269.4700012207031, -261.5899963378906, -266.8699951171875, -264.0899963378906], "seed_success_means": [0.41, 0.36, 0.39, 0.35, 0.4], "reward_matrix": [[-300.0, -300.0, -300.0, -300.0, -300.0, -300.0, -204.0, -168.0, -195.0, -300.0, -300.0, -172.0, -176.0, -300.0, -204.0, -170.0, -300.0, -300.0, -300.0, -283.0, -300.0, -300.0, -173.0, -226.0, -300.0, -300.0, -187.0, -296.0, -169.0, -300.0, -197.0, -300.0, -300.0, -300.0, -300.0, -300.0, -300.0, -300.0, -300.0, -300.0, -300.0, -300.0, -300.0, -188.0, -192.0, -300.0, -183.0, -220.0, -187.0, -213.0, -183.0, -151.0, -254.0, -180.0, -300.0, -277.0, -300.0, -300.0, -300.0, -182.0, -300.0, -300.0, -208.0, -204.0, -300.0, -300.0, -232.0, -221.0, -300.0, -300.0, -300.0, -278.0, -300.0, -300.0, -261.0, -300.0, -186.0, -300.0, -300.0, -300.0, -300.0, -300.0, -300.0, -230.0, -300.0, -300.0, -244.0, -300.0, -176.0, -300.0, -200.0, -194.0, -196.0, -300.0, -300.0, -201.0, -300.0, -300.0, -300.0, -162.0], [-300.0, -300.0, -300.0, -297.0, -300.0, -300.0, -187.0, -300.0, -300.0, -300.0, -300.0, -187.0, -262.0, -300.0, -300.0, -300.0, -300.0, -300.0, -300.0, -300.0, -300.0, -299.0, -300.0, -188.0, -300.0, -208.0, -256.0, -300.0, -300.0, -300.0, -300.0, -242.0, -300.0, -300.0, -300.0, -227.0, -190.0, -300.0, -300.0, -300.0, -300.0, -220.0, -300.0, -300.0, -191.0, -153.0, -200.0, -227.0, -274.0, -273.0, -300.0, -300.0, -177.0, -300.0, -300.0, -194.0, -300.0, -192.0, -261.0, -300.0, -300.0, -300.0, -300.0, -300.0, -300.0, -212.0, -248.0, -300.0, -204.0, -286.0, -224.0, -213.0, -300.0, -300.0, -182.0, -221.0, -240.0, -300.0, -300.0, -178.0, -300.0, -300.0, -288.0, -300.0, -172.0, -300.0, -300.0, -170.0, -300.0, -230.0, -300.0, -194.0, -300.0, -300.0, -300.0, -300.0, -300.0, -180.0, -300.0, -300.0], [-300.0, -300.0, -300.0, -300.0, -300.0, -146.0, -300.0, -300.0, -186.0, -300.0, -300.0, -300.0, -300.0, -300.0, -300.0, -230.0, -189.0, -239.0, -300.0, -300.0, -300.0, -184.0, -158.0, -300.0, -211.0, -191.0, -150.0, -241.0, -195.0, -170.0, -258.0, -194.0, -300.0, -184.0, -300.0, -300.0, -300.0, -300.0, -300.0, -300.0, -300.0, -300.0, -224.0, -300.0, -300.0, -279.0, -300.0, -300.0, -300.0, -300.0, -177.0, -191.0, -300.0, -190.0, -300.0, -192.0, -179.0, -198.0, -248.0, -177.0, -297.0, -196.0, -300.0, -300.0, -300.0, -300.0, -300.0, -193.0, -281.0, -300.0, -300.0, -192.0, -300.0, -300.0, -229.0, -300.0, -206.0, -300.0, -300.0, -300.0, -300.0, -300.0, -182.0, -300.0, -300.0, -180.0, -174.0, -300.0, -300.0, -205.0, -300.0, -300.0, -208.0, -300.0, -274.0, -161.0, -300.0, -300.0, -300.0, -300.0], [-300.0, -266.0, -190.0, -300.0, -300.0, -193.0, -170.0, -300.0, -300.0, -182.0, -300.0, -202.0, -300.0, -300.0, -300.0, -300.0, -300.0, -192.0, -300.0, -300.0, -300.0, -300.0, -300.0, -300.0, -300.0, -282.0, -174.0, -198.0, -300.0, -188.0, -300.0, -201.0, -300.0, -206.0, -300.0, -174.0, -300.0, -300.0, -300.0, -300.0, -300.0, -300.0, -192.0, -184.0, -300.0, -300.0, -300.0, -300.0, -300.0, -156.0, -300.0, -204.0, -197.0, -229.0, -300.0, -187.0, -300.0, -183.0, -300.0, -289.0, -300.0, -230.0, -300.0, -300.0, -300.0, -300.0, -300.0, -300.0, -300.0, -300.0, -300.0, -300.0, -237.0, -300.0, -300.0, -168.0, -300.0, -300.0, -300.0, -300.0, -300.0, -188.0, -300.0, -300.0, -199.0, -265.0, -198.0, -300.0, -300.0, -300.0, -300.0, -300.0, -300.0, -228.0, -300.0, -196.0, -193.0, -238.0, -300.0, -208.0], [-200.0, -300.0, -158.0, -300.0, -300.0, -300.0, -300.0, -196.0, -300.0, -152.0, -226.0, -213.0, -300.0, -300.0, -300.0, -300.0, -300.0, -158.0, -198.0, -221.0, -273.0, -300.0, -300.0, -259.0, -225.0, -207.0, -300.0, -192.0, -246.0, -228.0, -300.0, -300.0, -162.0, -226.0, -300.0, -197.0, -300.0, -184.0, -300.0, -249.0, -269.0, -300.0, -300.0, -242.0, -300.0, -300.0, -300.0, -300.0, -300.0, -196.0, -300.0, -300.0, -300.0, -300.0, -245.0, -300.0, -160.0, -300.0, -170.0, -300.0, -300.0, -262.0, -300.0, -300.0, -300.0, -257.0, -300.0, -300.0, -300.0, -191.0, -300.0, -211.0, -300.0, -300.0, -265.0, -300.0, -300.0, -234.0, -189.0, -300.0, -300.0, -300.0, -193.0, -300.0, -169.0, -300.0, -300.0, -300.0, -300.0, -183.0, -300.0, -300.0, -300.0, -300.0, -300.0, -241.0, -186.0, -300.0, -300.0, -176.0]], "success_matrix": [[false, false, false, false, false, false, true, true, true, false, false, true, true, false, true, true, false, false, false, true, false, false, true, true, false, false, true, true, true, false, true, false, false, false, false, false, false, false, false, false, false, false, false, true, true, false, true, true, true, true, true, true, true, true, false, true, false, false, false, true, false, false, true, true, false, false, true, true, false, false, false, true, false, false, true, false, true, false, false, false, false, false, false, true, false, false, true, false, true, false, true, true, true, false, false, true, false, false, false, true], [false, false, false, false, false, false, true, false, false, false, false, true, true, false, false, false, false, false, false, false, false, false, false, true, false, true, true, false, false, false, false, true, false, false, false, true, true, false, false, false, false, true, false, false, true, true, true, true, true, true, false, false, true, false, false, true, false, true, true, false, false, false, false, false, false, true, true, false, true, true, true, true, false, false, true, true, true, false, false, true, false, false, true, false, true, false, false, true, false, true, false, true, false, false, false, false, false, true, false, false], [false, false, false, false, false, true, false, false, true, false, false, false, false, false, false, true, true, true, false, false, false, true, true, false, true, true, true, true, true, true, true, true, false, true, false, false, false, false, false, false, false, false, true, false, false, true, false, false, false, false, true, true, false, true, false, true, true, true, true, true, false, true, false, false, false, false, false, true, true, false, false, true, false, false, true, false, true, false, false, false, false, false, true, false, false, true, true, false, false, true, false, false, true, false, true, true, false, false, false, false], [false, true, true, false, false, true, true, false, false, true, false, true, false, false, false, false, false, true, false, false, false, false, false, false, false, true, true, true, false, true, false, true, false, true, false, true, false, false, false, false, false, false, true, true, false, false, false, false, false, true, false, true, true, true, false, true, false, true, false, true, false, true, false, false, false, false, false, false, false, false, false, false, true, false, false, true, false, false, false, false, false, true, false, false, true, true, true, false, false, false, false, false, false, true, false, true, true, true, false, true], [true, false, true, false, false, false, false, true, false, true, true, true, false, false, false, false, false, true, true, true, true, false, false, true, true, true, false, true, true, true, false, false, true, true, false, true, false, true, false, true, true, false, false, true, false, false, false, false, false, true, false, false, false, false, true, false, true, false, true, false, false, true, false, false, false, true, false, false, false, true, false, true, false, false, true, false, false, true, true, false, false, false, true, false, true, false, false, false, false, true, false, false, false, false, false, true, true, false, false, true]], "ticket_name": "envs100_samples1000_seeds999_1000_1001_1002_1003_1004_1005_1006_1007_1008_ddim2_20251208_043402/seed_1008", "eval_noise_idx": 0, "eval_seed": 1619}