{"n_seeds": 5, "n_evals_per_seed": 100, "reward_mean": -109.10398864746094, "reward_std": 11.222721099853516, "success_mean": 0.8400000000000001, "success_std": 0.04123105625617659, "episode_seeds": [1619, 1620, 1621, 1622, 1623], "seed_reward_means": [-128.7100067138672, -106.38999938964844, -105.94999694824219, -100.2699966430664, -104.19999694824219], "seed_success_means": [0.77, 0.85, 0.85, 0.88, 0.85], "reward_matrix": [[-68.0, -55.0, -66.0, -300.0, -66.0, -300.0, -68.0, -68.0, -68.0, -82.0, -300.0, -81.0, -61.0, -128.0, -60.0, -300.0, -83.0, -300.0, -73.0, -110.0, -195.0, -70.0, -121.0, -60.0, -60.0, -300.0, -66.0, -70.0, -178.0, -59.0, -57.0, -68.0, -81.0, -300.0, -80.0, -64.0, -125.0, -300.0, -76.0, -68.0, -65.0, -68.0, -300.0, -300.0, -98.0, -300.0, -70.0, -89.0, -54.0, -300.0, -62.0, -72.0, -300.0, -300.0, -300.0, -77.0, -64.0, -62.0, -265.0, -300.0, -68.0, -69.0, -72.0, -62.0, -57.0, -74.0, -69.0, -73.0, -72.0, -300.0, -300.0, -65.0, -101.0, -300.0, -66.0, -71.0, -300.0, -68.0, -80.0, -69.0, -73.0, -90.0, -60.0, -56.0, -300.0, -92.0, -84.0, -300.0, -68.0, -72.0, -55.0, -85.0, -300.0, -68.0, -64.0, -55.0, -65.0, -58.0, -57.0, -52.0], [-57.0, -64.0, -300.0, -69.0, -300.0, -67.0, -79.0, -62.0, -300.0, -66.0, -61.0, -81.0, -65.0, -80.0, -63.0, -74.0, -67.0, -300.0, -69.0, -70.0, -78.0, -91.0, -78.0, -65.0, -65.0, -300.0, -68.0, -69.0, -70.0, -300.0, -62.0, -300.0, -76.0, -60.0, -300.0, -63.0, -77.0, -62.0, -57.0, -64.0, -74.0, -76.0, -70.0, -82.0, -72.0, -72.0, -62.0, -93.0, -52.0, -61.0, -60.0, -185.0, -300.0, -66.0, -75.0, -61.0, -57.0, -66.0, -78.0, -300.0, -94.0, -73.0, -53.0, -72.0, -65.0, -67.0, -64.0, -113.0, -120.0, -99.0, -300.0, -62.0, -82.0, -62.0, -65.0, -170.0, -60.0, -62.0, -67.0, -300.0, -69.0, -62.0, -61.0, -71.0, -80.0, -300.0, -65.0, -300.0, -52.0, -68.0, -62.0, -91.0, -300.0, -65.0, -83.0, -59.0, -61.0, -49.0, -73.0, -57.0], [-70.0, -76.0, -72.0, -53.0, -65.0, -69.0, -75.0, -70.0, -63.0, -67.0, -58.0, -59.0, -65.0, -61.0, -53.0, -110.0, -69.0, -61.0, -69.0, -66.0, -68.0, -103.0, -81.0, -297.0, -300.0, -139.0, -78.0, -128.0, -64.0, -64.0, -300.0, -60.0, -85.0, -75.0, -54.0, -87.0, -68.0, -300.0, -76.0, -80.0, -59.0, -67.0, -300.0, -300.0, -300.0, -60.0, -300.0, -58.0, -56.0, -300.0, -67.0, -56.0, -64.0, -65.0, -300.0, -65.0, -72.0, -59.0, -300.0, -56.0, -65.0, -74.0, -67.0, -84.0, -58.0, -107.0, -181.0, -67.0, -92.0, -53.0, -89.0, -70.0, -62.0, -300.0, -62.0, -60.0, -300.0, -59.0, -79.0, -58.0, -68.0, -65.0, -76.0, -102.0, -58.0, -60.0, -59.0, -61.0, -55.0, -59.0, -84.0, -80.0, -300.0, -68.0, -66.0, -67.0, -70.0, -300.0, -69.0, -79.0], [-300.0, -68.0, -55.0, -66.0, -71.0, -97.0, -73.0, -54.0, -89.0, -65.0, -65.0, -300.0, -73.0, -77.0, -92.0, -68.0, -72.0, -65.0, -71.0, -60.0, -63.0, -71.0, -64.0, -65.0, -78.0, -300.0, -62.0, -300.0, -59.0, -73.0, -90.0, -69.0, -300.0, -57.0, -300.0, -62.0, -78.0, -59.0, -75.0, -68.0, -70.0, -117.0, -58.0, -64.0, -74.0, -88.0, -99.0, -66.0, -64.0, -57.0, -62.0, -70.0, -61.0, -60.0, -71.0, -61.0, -65.0, -78.0, -300.0, -68.0, -64.0, -60.0, -81.0, -65.0, -69.0, -68.0, -79.0, -63.0, -60.0, -300.0, -70.0, -68.0, -63.0, -73.0, -66.0, -63.0, -64.0, -65.0, -66.0, -82.0, -61.0, -63.0, -72.0, -70.0, -68.0, -300.0, -68.0, -300.0, -67.0, -82.0, -300.0, -153.0, -65.0, -300.0, -177.0, -75.0, -59.0, -120.0, -139.0, -72.0], [-81.0, -185.0, -65.0, -67.0, -298.0, -57.0, -60.0, -59.0, -75.0, -149.0, -57.0, -103.0, -62.0, -58.0, -63.0, -300.0, -58.0, -70.0, -57.0, -59.0, -64.0, -60.0, -62.0, -202.0, -66.0, -300.0, -58.0, -58.0, -300.0, -80.0, -72.0, -73.0, -64.0, -84.0, -300.0, -58.0, -67.0, -89.0, -65.0, -64.0, -53.0, -300.0, -65.0, -65.0, -58.0, -300.0, -53.0, -67.0, -300.0, -59.0, -69.0, -300.0, -58.0, -56.0, -62.0, -64.0, -65.0, -76.0, -64.0, -73.0, -60.0, -68.0, -54.0, -60.0, -63.0, -54.0, -90.0, -68.0, -57.0, -300.0, -68.0, -118.0, -58.0, -57.0, -300.0, -74.0, -67.0, -66.0, -61.0, -70.0, -300.0, -76.0, -76.0, -300.0, -63.0, -76.0, -53.0, -54.0, -60.0, -65.0, -300.0, -57.0, -69.0, -60.0, -58.0, -69.0, -59.0, -300.0, -70.0, -66.0]], "success_matrix": [[true, true, true, false, true, false, true, true, true, true, false, true, true, true, true, false, true, false, true, true, true, true, true, true, true, false, true, true, true, true, true, true, true, false, true, true, true, false, true, true, true, true, false, false, true, false, true, true, true, false, true, true, false, false, false, true, true, true, true, false, true, true, true, true, true, true, true, true, true, false, false, true, true, false, true, true, false, true, true, true, true, true, true, true, false, true, true, false, true, true, true, true, false, true, true, true, true, true, true, true], [true, true, false, true, false, true, true, true, false, true, true, true, true, true, true, true, true, false, true, true, true, true, true, true, true, false, true, true, true, false, true, false, true, true, false, true, true, true, true, true, true, true, true, true, true, true, true, true, true, true, true, true, false, true, true, true, true, true, true, false, true, true, true, true, true, true, true, true, true, true, false, true, true, true, true, true, true, true, true, false, true, true, true, true, true, false, true, false, true, true, true, true, false, true, true, true, true, true, true, true], [true, true, true, true, true, true, true, true, true, true, true, true, true, true, true, true, true, true, true, true, true, true, true, false, false, true, true, true, true, true, false, true, true, true, true, true, true, false, true, true, true, true, false, false, false, true, false, true, true, false, true, true, true, true, false, true, true, true, false, true, true, true, true, true, true, true, true, true, true, true, true, true, true, false, true, true, false, true, true, true, true, true, true, true, true, true, true, true, true, true, true, true, false, true, true, true, true, false, true, true], [false, true, true, true, true, true, true, true, true, true, true, false, true, true, true, true, true, true, true, true, true, true, true, true, true, false, true, false, true, true, true, true, false, true, false, true, true, true, true, true, true, true, true, true, true, true, true, true, true, true, true, true, true, true, true, true, true, true, false, true, true, true, true, true, true, true, true, true, true, false, true, true, true, true, true, true, true, true, true, true, true, true, true, true, true, false, true, false, true, true, false, true, true, false, true, true, true, true, true, true], [true, true, true, true, false, true, true, true, true, true, true, true, true, true, true, false, true, true, true, true, true, true, true, true, true, false, true, true, false, true, true, true, true, true, false, true, true, true, true, true, true, false, true, true, true, false, true, true, false, true, true, false, true, true, true, true, true, true, true, true, true, true, true, true, true, true, true, true, true, false, true, true, true, true, false, true, true, true, true, true, false, true, true, false, true, true, true, true, true, true, false, true, true, true, true, true, true, false, true, true]], "ticket_name": "zo_envs10_iter500_cand2_lambda0.1_seed666_ddim8_20251210_021043/seed_673", "eval_noise_idx": 0, "eval_seed": 1619}