{"n_seeds": 5, "n_evals_per_seed": 100, "reward_mean": -267.60601806640625, "reward_std": 2.3464794158935547, "success_mean": 0.514, "success_std": 0.030066592756745798, "episode_seeds": [1619, 1620, 1621, 1622, 1623], "seed_reward_means": [-266.6099853515625, -271.29998779296875, -267.6400146484375, -264.1000061035156, -268.3800048828125], "seed_success_means": [0.51, 0.48, 0.51, 0.57, 0.5], "reward_matrix": [[-300.0, -300.0, -300.0, -297.0, -300.0, -202.0, -238.0, -188.0, -252.0, -235.0, -249.0, -221.0, -180.0, -260.0, -255.0, -300.0, -300.0, -300.0, -228.0, -209.0, -300.0, -246.0, -239.0, -300.0, -207.0, -239.0, -196.0, -300.0, -271.0, -300.0, -251.0, -300.0, -292.0, -231.0, -268.0, -300.0, -300.0, -267.0, -261.0, -300.0, -300.0, -219.0, -300.0, -222.0, -300.0, -208.0, -187.0, -300.0, -300.0, -255.0, -300.0, -300.0, -300.0, -191.0, -295.0, -226.0, -232.0, -186.0, -300.0, -247.0, -300.0, -236.0, -231.0, -300.0, -300.0, -245.0, -300.0, -300.0, -300.0, -261.0, -300.0, -300.0, -300.0, -300.0, -300.0, -300.0, -194.0, -270.0, -273.0, -300.0, -300.0, -257.0, -300.0, -300.0, -245.0, -300.0, -300.0, -300.0, -300.0, -209.0, -244.0, -233.0, -300.0, -300.0, -287.0, -207.0, -300.0, -300.0, -198.0, -221.0], [-300.0, -300.0, -300.0, -244.0, -280.0, -300.0, -233.0, -221.0, -247.0, -233.0, -300.0, -196.0, -272.0, -300.0, -300.0, -206.0, -260.0, -252.0, -300.0, -248.0, -300.0, -300.0, -236.0, -229.0, -197.0, -300.0, -246.0, -300.0, -300.0, -300.0, -195.0, -268.0, -300.0, -295.0, -300.0, -242.0, -222.0, -300.0, -300.0, -244.0, -276.0, -300.0, -300.0, -227.0, -243.0, -271.0, -300.0, -300.0, -300.0, -300.0, -300.0, -300.0, -284.0, -300.0, -300.0, -214.0, -236.0, -300.0, -300.0, -175.0, -231.0, -300.0, -300.0, -216.0, -300.0, -208.0, -300.0, -300.0, -300.0, -300.0, -300.0, -235.0, -293.0, -229.0, -300.0, -200.0, -300.0, -300.0, -200.0, -300.0, -231.0, -300.0, -300.0, -300.0, -300.0, -300.0, -300.0, -262.0, -300.0, -296.0, -277.0, -242.0, -277.0, -244.0, -228.0, -300.0, -300.0, -300.0, -243.0, -226.0], [-223.0, -288.0, -297.0, -300.0, -257.0, -300.0, -276.0, -226.0, -300.0, -300.0, -300.0, -300.0, -300.0, -244.0, -300.0, -300.0, -246.0, -214.0, -300.0, -300.0, -248.0, -300.0, -253.0, -229.0, -191.0, -188.0, -217.0, -282.0, -244.0, -299.0, -293.0, -300.0, -300.0, -196.0, -236.0, -300.0, -230.0, -300.0, -300.0, -249.0, -300.0, -300.0, -300.0, -300.0, -253.0, -300.0, -234.0, -300.0, -196.0, -300.0, -235.0, -200.0, -272.0, -300.0, -300.0, -198.0, -300.0, -249.0, -300.0, -251.0, -300.0, -226.0, -300.0, -203.0, -264.0, -300.0, -300.0, -215.0, -300.0, -213.0, -269.0, -300.0, -253.0, -300.0, -300.0, -219.0, -235.0, -252.0, -300.0, -300.0, -226.0, -222.0, -229.0, -300.0, -271.0, -192.0, -300.0, -300.0, -249.0, -300.0, -222.0, -300.0, -300.0, -290.0, -300.0, -300.0, -206.0, -300.0, -234.0, -260.0], [-263.0, -300.0, -268.0, -300.0, -226.0, -300.0, -280.0, -300.0, -300.0, -237.0, -291.0, -202.0, -250.0, -239.0, -300.0, -300.0, -300.0, -300.0, -300.0, -300.0, -300.0, -235.0, -195.0, -300.0, -214.0, -271.0, -219.0, -300.0, -295.0, -216.0, -300.0, -230.0, -300.0, -218.0, -259.0, -277.0, -300.0, -258.0, -202.0, -300.0, -232.0, -222.0, -300.0, -300.0, -222.0, -300.0, -300.0, -300.0, -228.0, -235.0, -300.0, -300.0, -208.0, -251.0, -300.0, -228.0, -300.0, -192.0, -300.0, -300.0, -189.0, -283.0, -263.0, -292.0, -259.0, -265.0, -228.0, -300.0, -252.0, -218.0, -300.0, -281.0, -244.0, -200.0, -300.0, -183.0, -222.0, -192.0, -254.0, -300.0, -300.0, -253.0, -246.0, -228.0, -300.0, -218.0, -300.0, -297.0, -269.0, -244.0, -300.0, -300.0, -258.0, -300.0, -300.0, -300.0, -214.0, -300.0, -195.0, -200.0], [-300.0, -300.0, -271.0, -295.0, -248.0, -231.0, -300.0, -292.0, -300.0, -300.0, -300.0, -300.0, -260.0, -264.0, -264.0, -284.0, -198.0, -226.0, -194.0, -300.0, -289.0, -300.0, -265.0, -292.0, -300.0, -205.0, -281.0, -246.0, -300.0, -300.0, -300.0, -261.0, -300.0, -300.0, -291.0, -226.0, -284.0, -204.0, -235.0, -300.0, -300.0, -222.0, -300.0, -300.0, -289.0, -259.0, -208.0, -218.0, -300.0, -300.0, -300.0, -184.0, -300.0, -300.0, -300.0, -300.0, -182.0, -300.0, -300.0, -300.0, -191.0, -300.0, -214.0, -300.0, -300.0, -300.0, -300.0, -300.0, -298.0, -300.0, -300.0, -300.0, -300.0, -300.0, -300.0, -222.0, -235.0, -300.0, -247.0, -179.0, -300.0, -211.0, -188.0, -300.0, -300.0, -195.0, -300.0, -273.0, -300.0, -188.0, -234.0, -187.0, -216.0, -300.0, -300.0, -231.0, -242.0, -269.0, -229.0, -221.0]], "success_matrix": [[false, false, false, false, false, true, true, true, true, true, true, true, true, true, true, false, false, false, true, true, false, true, true, false, true, true, true, false, true, false, true, false, true, true, true, false, false, true, true, false, false, true, false, true, false, true, true, false, false, true, false, false, false, true, true, true, true, true, false, true, false, true, true, false, false, true, false, false, false, true, false, false, false, false, false, false, true, true, true, false, false, true, false, false, true, false, false, false, false, true, true, true, false, false, true, true, false, false, true, true], [false, false, false, true, true, false, true, true, true, true, false, true, true, false, false, true, true, true, false, true, false, false, true, true, true, false, true, false, false, false, true, true, false, true, false, true, true, false, false, true, true, false, false, true, true, true, false, false, false, false, false, false, true, false, false, true, true, false, false, true, true, false, false, true, false, true, false, false, false, false, false, true, true, true, false, true, false, false, true, false, true, false, false, false, false, false, false, true, false, true, true, true, true, true, true, false, false, false, true, true], [true, true, false, false, true, false, true, true, false, false, false, false, false, true, false, false, true, true, false, false, true, false, true, true, true, true, true, true, true, false, true, false, false, true, true, false, true, false, false, true, false, false, false, false, true, false, true, false, true, false, true, true, true, false, false, true, false, true, false, true, false, true, false, true, true, false, false, true, false, true, true, false, true, false, false, true, true, true, false, false, true, true, true, false, true, true, false, false, true, false, true, false, false, true, false, false, true, false, true, true], [true, false, true, false, true, false, true, false, false, true, true, true, true, true, false, false, false, false, false, false, false, true, true, false, true, true, true, false, true, true, false, true, false, true, true, true, false, true, true, false, true, true, false, false, true, false, false, false, true, true, false, false, true, true, false, true, false, true, false, false, true, true, true, true, true, true, true, false, true, true, false, true, true, true, false, true, true, true, true, false, false, true, true, true, false, true, false, false, true, true, false, false, true, false, false, false, true, false, true, true], [false, false, true, true, true, true, false, true, false, false, false, false, true, true, true, true, true, true, true, false, true, false, true, true, false, true, true, true, false, false, false, true, false, false, true, true, true, true, true, false, false, true, false, false, true, true, true, true, false, false, false, true, false, false, false, false, true, false, false, false, true, false, true, false, false, false, false, false, false, false, false, false, false, false, false, true, true, false, true, true, false, true, true, false, false, true, false, true, false, true, true, true, true, false, false, true, true, true, true, true]], "ticket_name": "envs100_samples1000_seeds999_1000_1001_1002_1003_1004_1005_1006_1007_1008_ddim8_20251208_041639/seed_1007", "eval_noise_idx": 0, "eval_seed": 1619}