{"n_seeds": 5, "n_evals_per_seed": 100, "reward_mean": -236.67202758789062, "reward_std": 15.67774486541748, "success_mean": 0.5479999999999999, "success_std": 0.07854934754662193, "episode_seeds": [1619, 1620, 1621, 1622, 1623], "seed_reward_means": [-254.9499969482422, -235.6199951171875, -226.27000427246094, -249.3300018310547, -217.19000244140625], "seed_success_means": [0.48, 0.56, 0.59, 0.46, 0.65], "reward_matrix": [[-300.0, -184.0, -300.0, -201.0, -300.0, -126.0, -300.0, -238.0, -300.0, -300.0, -300.0, -300.0, -182.0, -300.0, -114.0, -300.0, -300.0, -253.0, -300.0, -97.0, -300.0, -192.0, -300.0, -122.0, -227.0, -134.0, -300.0, -300.0, -226.0, -165.0, -300.0, -300.0, -206.0, -237.0, -300.0, -238.0, -196.0, -300.0, -300.0, -110.0, -300.0, -299.0, -296.0, -282.0, -300.0, -300.0, -300.0, -228.0, -300.0, -171.0, -119.0, -300.0, -300.0, -98.0, -208.0, -300.0, -300.0, -183.0, -255.0, -300.0, -300.0, -300.0, -220.0, -194.0, -282.0, -300.0, -300.0, -300.0, -300.0, -296.0, -300.0, -212.0, -151.0, -300.0, -300.0, -300.0, -300.0, -235.0, -300.0, -300.0, -300.0, -262.0, -300.0, -210.0, -298.0, -281.0, -260.0, -300.0, -237.0, -258.0, -217.0, -232.0, -300.0, -256.0, -253.0, -300.0, -300.0, -188.0, -210.0, -156.0], [-107.0, -224.0, -132.0, -268.0, -230.0, -300.0, -128.0, -213.0, -134.0, -226.0, -294.0, -300.0, -300.0, -300.0, -262.0, -300.0, -300.0, -86.0, -300.0, -300.0, -300.0, -99.0, -300.0, -164.0, -300.0, -300.0, -300.0, -300.0, -234.0, -238.0, -214.0, -148.0, -226.0, -219.0, -191.0, -300.0, -300.0, -201.0, -300.0, -300.0, -208.0, -300.0, -272.0, -203.0, -300.0, -300.0, -202.0, -151.0, -119.0, -300.0, -300.0, -300.0, -299.0, -300.0, -300.0, -175.0, -167.0, -293.0, -300.0, -300.0, -300.0, -247.0, -122.0, -300.0, -204.0, -300.0, -117.0, -300.0, -268.0, -215.0, -94.0, -149.0, -300.0, -183.0, -300.0, -186.0, -125.0, -229.0, -300.0, -181.0, -200.0, -300.0, -141.0, -300.0, -111.0, -300.0, -300.0, -277.0, -134.0, -300.0, -235.0, -300.0, -190.0, -300.0, -300.0, -191.0, -232.0, -75.0, -132.0, -97.0], [-196.0, -300.0, -192.0, -121.0, -300.0, -300.0, -300.0, -300.0, -240.0, -300.0, -297.0, -178.0, -238.0, -112.0, -256.0, -300.0, -300.0, -154.0, -300.0, -300.0, -300.0, -300.0, -223.0, -166.0, -300.0, -300.0, -300.0, -236.0, -300.0, -300.0, -180.0, -227.0, -300.0, -300.0, -113.0, -300.0, -203.0, -181.0, -300.0, -300.0, -153.0, -222.0, -202.0, -124.0, -139.0, -150.0, -199.0, -217.0, -136.0, -253.0, -300.0, -136.0, -300.0, -193.0, -119.0, -300.0, -191.0, -150.0, -274.0, -138.0, -136.0, -130.0, -120.0, -300.0, -79.0, -165.0, -300.0, -300.0, -148.0, -175.0, -241.0, -76.0, -169.0, -300.0, -177.0, -300.0, -84.0, -300.0, -300.0, -214.0, -300.0, -192.0, -201.0, -300.0, -300.0, -116.0, -217.0, -125.0, -300.0, -194.0, -300.0, -178.0, -180.0, -300.0, -300.0, -138.0, -280.0, -300.0, -228.0, -155.0], [-300.0, -222.0, -77.0, -300.0, -300.0, -300.0, -300.0, -134.0, -257.0, -300.0, -300.0, -300.0, -300.0, -300.0, -300.0, -300.0, -300.0, -300.0, -300.0, -209.0, -252.0, -300.0, -300.0, -300.0, -300.0, -244.0, -165.0, -300.0, -165.0, -300.0, -156.0, -300.0, -120.0, -90.0, -261.0, -121.0, -300.0, -183.0, -101.0, -201.0, -300.0, -300.0, -229.0, -300.0, -300.0, -300.0, -157.0, -265.0, -212.0, -174.0, -300.0, -300.0, -162.0, -288.0, -300.0, -300.0, -150.0, -300.0, -198.0, -300.0, -300.0, -146.0, -221.0, -300.0, -103.0, -266.0, -300.0, -300.0, -213.0, -210.0, -300.0, -259.0, -269.0, -300.0, -110.0, -101.0, -181.0, -166.0, -300.0, -250.0, -300.0, -233.0, -300.0, -300.0, -300.0, -140.0, -230.0, -206.0, -300.0, -243.0, -201.0, -300.0, -300.0, -300.0, -300.0, -300.0, -300.0, -192.0, -300.0, -300.0], [-163.0, -198.0, -300.0, -300.0, -148.0, -140.0, -169.0, -133.0, -300.0, -189.0, -165.0, -238.0, -300.0, -161.0, -300.0, -300.0, -176.0, -212.0, -144.0, -214.0, -300.0, -300.0, -300.0, -133.0, -300.0, -108.0, -297.0, -202.0, -191.0, -300.0, -300.0, -300.0, -197.0, -300.0, -158.0, -143.0, -300.0, -300.0, -300.0, -260.0, -130.0, -300.0, -262.0, -155.0, -146.0, -88.0, -101.0, -224.0, -118.0, -224.0, -300.0, -131.0, -222.0, -101.0, -211.0, -300.0, -179.0, -300.0, -300.0, -300.0, -241.0, -216.0, -90.0, -168.0, -300.0, -92.0, -300.0, -300.0, -145.0, -283.0, -300.0, -156.0, -131.0, -145.0, -169.0, -294.0, -300.0, -263.0, -162.0, -243.0, -234.0, -300.0, -300.0, -184.0, -190.0, -300.0, -103.0, -184.0, -213.0, -219.0, -300.0, -143.0, -144.0, -111.0, -148.0, -300.0, -128.0, -114.0, -300.0, -175.0]], "success_matrix": [[false, true, false, true, false, true, false, true, false, false, false, false, true, false, true, false, false, true, false, true, false, true, false, true, true, true, false, false, true, true, false, false, true, true, false, true, true, false, false, true, false, false, true, true, false, false, false, true, false, true, true, false, false, true, true, false, false, true, true, false, false, false, true, true, true, false, false, false, false, true, false, true, true, false, false, false, false, true, false, false, false, true, false, true, false, true, true, false, true, true, true, true, false, true, true, false, false, true, true, true], [true, true, true, true, true, false, true, true, true, true, true, false, false, false, true, false, false, true, false, false, false, true, false, true, false, false, false, false, true, true, true, true, true, true, true, false, false, true, false, false, true, false, true, true, false, false, true, true, true, false, false, false, false, false, false, true, true, true, false, false, false, true, true, false, true, false, true, false, true, true, true, true, false, true, false, true, true, true, false, true, true, false, true, false, true, false, false, true, true, false, true, false, true, false, false, true, true, true, true, true], [true, false, true, true, false, false, false, false, true, false, false, true, true, true, true, false, false, true, false, false, false, false, true, true, false, false, false, true, false, false, true, true, false, false, true, false, true, true, false, false, true, true, true, true, true, true, true, true, true, true, false, true, false, true, true, false, true, true, true, true, true, true, true, false, true, true, false, false, true, true, true, true, true, false, true, false, true, false, false, true, false, true, true, false, false, true, true, true, false, true, false, true, true, false, false, true, true, false, true, true], [false, true, true, false, false, false, false, true, true, false, false, false, false, false, false, false, false, false, false, true, true, false, false, false, false, true, true, false, true, false, true, false, true, true, true, true, false, true, true, true, false, false, true, false, false, false, true, true, true, true, false, false, true, true, false, false, true, false, true, false, false, true, true, false, true, true, false, false, true, true, false, true, true, false, true, true, true, true, false, true, false, true, false, false, false, true, true, true, false, true, true, false, false, false, false, false, false, true, false, false], [true, true, false, false, true, true, true, true, false, true, true, true, false, true, false, false, true, true, true, true, false, false, false, true, false, true, false, true, true, false, false, false, true, false, true, true, false, false, false, true, true, false, true, true, true, true, true, true, true, true, false, true, true, true, true, false, true, false, false, false, true, true, true, true, false, true, false, false, true, true, false, true, true, true, true, true, false, true, true, true, true, false, false, true, true, false, true, true, true, true, false, true, true, true, true, false, true, true, false, true]], "ticket_name": "zo_envs10_iter100_cand10_lambda0.1_seed666_ddim8_20251210_022801/seed_673", "eval_noise_idx": 0, "eval_seed": 1619}