{"n_seeds": 5, "n_evals_per_seed": 100, "reward_mean": -209.6680145263672, "reward_std": 3.264817953109741, "success_mean": 0.34400000000000003, "success_std": 0.011401754250991363, "episode_seeds": [1619, 1620, 1621, 1622, 1623], "seed_reward_means": [-213.5800018310547, -210.2899932861328, -209.7100067138672, -204.50999450683594, -210.25], "seed_success_means": [0.33, 0.34, 0.34, 0.36, 0.35], "reward_matrix": [[-299.0, -68.0, -300.0, -50.0, -33.0, -36.0, -300.0, -300.0, -34.0, -37.0, -34.0, -300.0, -43.0, -32.0, -297.0, -300.0, -300.0, -300.0, -300.0, -50.0, -300.0, -33.0, -32.0, -300.0, -32.0, -43.0, -300.0, -300.0, -300.0, -34.0, -34.0, -300.0, -300.0, -300.0, -300.0, -298.0, -300.0, -300.0, -300.0, -300.0, -300.0, -31.0, -300.0, -32.0, -299.0, -300.0, -300.0, -300.0, -300.0, -39.0, -300.0, -300.0, -299.0, -300.0, -300.0, -300.0, -32.0, -300.0, -300.0, -33.0, -300.0, -300.0, -300.0, -300.0, -31.0, -32.0, -42.0, -300.0, -300.0, -33.0, -300.0, -300.0, -300.0, -300.0, -65.0, -31.0, -300.0, -300.0, -32.0, -300.0, -300.0, -300.0, -33.0, -300.0, -300.0, -32.0, -298.0, -300.0, -56.0, -300.0, -300.0, -300.0, -300.0, -300.0, -32.0, -300.0, -300.0, -300.0, -59.0, -298.0], [-300.0, -298.0, -45.0, -300.0, -298.0, -32.0, -300.0, -34.0, -300.0, -31.0, -32.0, -31.0, -33.0, -300.0, -300.0, -34.0, -34.0, -300.0, -300.0, -299.0, -300.0, -300.0, -300.0, -300.0, -300.0, -300.0, -33.0, -298.0, -300.0, -300.0, -300.0, -53.0, -40.0, -300.0, -300.0, -300.0, -300.0, -300.0, -58.0, -300.0, -300.0, -32.0, -300.0, -300.0, -300.0, -32.0, -300.0, -300.0, -300.0, -300.0, -32.0, -300.0, -300.0, -300.0, -300.0, -40.0, -47.0, -300.0, -35.0, -300.0, -38.0, -32.0, -300.0, -41.0, -300.0, -300.0, -37.0, -295.0, -300.0, -300.0, -32.0, -300.0, -34.0, -300.0, -300.0, -300.0, -300.0, -52.0, -32.0, -32.0, -299.0, -300.0, -300.0, -295.0, -300.0, -300.0, -300.0, -33.0, -300.0, -300.0, -32.0, -300.0, -300.0, -300.0, -34.0, -40.0, -298.0, -300.0, -41.0, -31.0], [-32.0, -300.0, -300.0, -300.0, -300.0, -300.0, -32.0, -32.0, -299.0, -300.0, -34.0, -34.0, -300.0, -296.0, -44.0, -300.0, -300.0, -300.0, -34.0, -33.0, -298.0, -300.0, -34.0, -300.0, -32.0, -300.0, -31.0, -300.0, -32.0, -299.0, -37.0, -300.0, -32.0, -33.0, -300.0, -32.0, -34.0, -300.0, -300.0, -300.0, -300.0, -300.0, -32.0, -298.0, -300.0, -33.0, -300.0, -300.0, -32.0, -300.0, -300.0, -300.0, -300.0, -300.0, -300.0, -300.0, -300.0, -300.0, -300.0, -34.0, -300.0, -300.0, -300.0, -300.0, -56.0, -45.0, -300.0, -33.0, -35.0, -33.0, -299.0, -300.0, -40.0, -300.0, -32.0, -300.0, -300.0, -299.0, -300.0, -300.0, -300.0, -300.0, -34.0, -300.0, -300.0, -300.0, -300.0, -300.0, -298.0, -35.0, -33.0, -300.0, -300.0, -300.0, -41.0, -300.0, -300.0, -33.0, -32.0, -300.0], [-300.0, -33.0, -300.0, -300.0, -300.0, -300.0, -32.0, -42.0, -300.0, -32.0, -34.0, -300.0, -300.0, -300.0, -300.0, -32.0, -35.0, -34.0, -300.0, -300.0, -300.0, -32.0, -300.0, -300.0, -300.0, -300.0, -300.0, -300.0, -300.0, -32.0, -300.0, -299.0, -300.0, -300.0, -300.0, -300.0, -31.0, -300.0, -300.0, -297.0, -300.0, -300.0, -33.0, -300.0, -300.0, -300.0, -300.0, -33.0, -32.0, -300.0, -31.0, -300.0, -35.0, -32.0, -299.0, -300.0, -300.0, -300.0, -298.0, -300.0, -300.0, -41.0, -34.0, -32.0, -44.0, -37.0, -300.0, -31.0, -300.0, -33.0, -300.0, -31.0, -300.0, -300.0, -42.0, -46.0, -33.0, -300.0, -31.0, -300.0, -298.0, -34.0, -300.0, -32.0, -299.0, -300.0, -34.0, -53.0, -300.0, -300.0, -33.0, -300.0, -42.0, -300.0, -300.0, -300.0, -300.0, -300.0, -300.0, -33.0], [-300.0, -300.0, -32.0, -52.0, -300.0, -34.0, -300.0, -32.0, -32.0, -76.0, -32.0, -300.0, -300.0, -300.0, -300.0, -300.0, -49.0, -300.0, -300.0, -32.0, -300.0, -300.0, -300.0, -300.0, -296.0, -300.0, -33.0, -300.0, -300.0, -300.0, -300.0, -300.0, -300.0, -300.0, -297.0, -300.0, -300.0, -300.0, -300.0, -248.0, -40.0, -300.0, -33.0, -300.0, -300.0, -300.0, -38.0, -300.0, -297.0, -31.0, -31.0, -32.0, -31.0, -300.0, -299.0, -300.0, -32.0, -300.0, -300.0, -300.0, -46.0, -300.0, -300.0, -300.0, -33.0, -47.0, -33.0, -32.0, -300.0, -50.0, -300.0, -300.0, -300.0, -34.0, -300.0, -300.0, -300.0, -300.0, -300.0, -300.0, -300.0, -300.0, -300.0, -299.0, -300.0, -30.0, -296.0, -300.0, -300.0, -300.0, -41.0, -38.0, -300.0, -40.0, -34.0, -300.0, -45.0, -32.0, -44.0, -42.0]], "success_matrix": [[false, true, false, true, true, true, false, false, true, true, true, false, true, true, false, false, false, false, false, true, false, true, true, false, true, true, false, false, false, true, true, false, false, false, false, false, false, false, false, false, false, true, false, true, false, false, false, false, false, true, false, false, false, false, false, false, true, false, false, true, false, false, false, false, true, true, true, false, false, true, false, false, false, false, true, true, false, false, true, false, false, false, true, false, false, true, false, false, true, false, false, false, false, false, true, false, false, false, true, false], [false, false, true, false, false, true, false, true, false, true, true, true, true, false, false, true, true, false, false, false, false, false, false, false, false, false, true, false, false, false, false, true, true, false, false, false, false, false, true, false, false, true, false, false, false, true, false, false, false, false, true, false, false, false, false, true, true, false, true, false, true, true, false, true, false, false, true, false, false, false, true, false, true, false, false, false, false, true, true, true, false, false, false, false, false, false, false, true, false, false, true, false, false, false, true, true, false, false, true, true], [true, false, false, false, false, false, true, true, false, false, true, true, false, false, true, false, false, false, true, true, false, false, true, false, true, false, true, false, true, false, true, false, true, true, false, true, true, false, false, false, false, false, true, false, false, true, false, false, true, false, false, false, false, false, false, false, false, false, false, true, false, false, false, false, true, true, false, true, true, true, false, false, true, false, true, false, false, false, false, false, false, false, true, false, false, false, false, false, false, true, true, false, false, false, true, false, false, true, true, false], [false, true, false, false, false, false, true, true, false, true, true, false, false, false, false, true, true, true, false, false, false, true, false, false, false, false, false, false, false, true, false, false, false, false, false, false, true, false, false, false, false, false, true, false, false, false, false, true, true, false, true, false, true, true, false, false, false, false, false, false, false, true, true, true, true, true, false, true, false, true, false, true, false, false, true, true, true, false, true, false, false, true, false, true, false, false, true, true, false, false, true, false, true, false, false, false, false, false, false, true], [false, false, true, true, false, true, false, true, true, true, true, false, false, false, false, false, true, false, false, true, false, false, false, false, false, false, true, false, false, false, false, false, false, false, false, false, false, false, false, true, true, false, true, false, false, false, true, false, false, true, true, true, true, false, false, false, true, false, false, false, true, false, false, false, true, true, true, true, false, true, false, false, false, true, false, false, false, false, false, false, false, false, false, false, false, true, false, false, false, false, true, true, false, true, true, false, true, true, true, true]], "ticket_name": "zo_envs10_iter500_cand2_lambda10.0_seed666_ddim8_20251213_183924/seed_675", "eval_noise_idx": 0, "eval_seed": 1619}