{"n_seeds": 5, "n_evals_per_seed": 100, "reward_mean": -131.76600646972656, "reward_std": 2.765615463256836, "success_mean": 0.938, "success_std": 0.019235384061671315, "episode_seeds": [1619, 1620, 1621, 1622, 1623], "seed_reward_means": [-132.11000061035156, -133.25999450683594, -132.6999969482422, -133.80999755859375, -126.94999694824219], "seed_success_means": [0.93, 0.93, 0.94, 0.97, 0.92], "reward_matrix": [[-162.0, -107.0, -300.0, -148.0, -110.0, -300.0, -186.0, -85.0, -94.0, -194.0, -128.0, -109.0, -111.0, -300.0, -96.0, -102.0, -83.0, -103.0, -135.0, -144.0, -85.0, -94.0, -163.0, -70.0, -104.0, -72.0, -94.0, -169.0, -300.0, -111.0, -104.0, -137.0, -276.0, -55.0, -247.0, -79.0, -78.0, -77.0, -196.0, -100.0, -108.0, -201.0, -74.0, -194.0, -300.0, -108.0, -101.0, -144.0, -64.0, -102.0, -82.0, -146.0, -300.0, -300.0, -108.0, -76.0, -171.0, -89.0, -194.0, -81.0, -132.0, -196.0, -112.0, -83.0, -86.0, -160.0, -104.0, -216.0, -124.0, -61.0, -113.0, -80.0, -85.0, -116.0, -87.0, -134.0, -224.0, -93.0, -136.0, -98.0, -96.0, -136.0, -94.0, -137.0, -91.0, -133.0, -76.0, -119.0, -97.0, -204.0, -86.0, -91.0, -98.0, -125.0, -71.0, -117.0, -155.0, -79.0, -129.0, -86.0], [-84.0, -96.0, -78.0, -200.0, -72.0, -122.0, -91.0, -87.0, -75.0, -167.0, -127.0, -170.0, -107.0, -103.0, -104.0, -129.0, -124.0, -211.0, -119.0, -128.0, -183.0, -93.0, -100.0, -300.0, -98.0, -163.0, -300.0, -184.0, -206.0, -99.0, -83.0, -72.0, -114.0, -300.0, -89.0, -134.0, -154.0, -98.0, -75.0, -74.0, -300.0, -159.0, -146.0, -207.0, -87.0, -203.0, -150.0, -85.0, -188.0, -88.0, -87.0, -236.0, -94.0, -66.0, -150.0, -155.0, -108.0, -72.0, -131.0, -299.0, -120.0, -300.0, -61.0, -212.0, -76.0, -69.0, -142.0, -132.0, -133.0, -100.0, -72.0, -116.0, -136.0, -89.0, -100.0, -152.0, -82.0, -85.0, -160.0, -102.0, -108.0, -158.0, -83.0, -201.0, -116.0, -130.0, -121.0, -85.0, -73.0, -155.0, -144.0, -300.0, -160.0, -136.0, -190.0, -102.0, -102.0, -52.0, -84.0, -63.0], [-156.0, -127.0, -87.0, -54.0, -104.0, -81.0, -147.0, -140.0, -201.0, -129.0, -72.0, -300.0, -90.0, -62.0, -70.0, -140.0, -156.0, -153.0, -108.0, -146.0, -300.0, -101.0, -104.0, -108.0, -98.0, -107.0, -143.0, -131.0, -145.0, -113.0, -233.0, -91.0, -218.0, -127.0, -64.0, -300.0, -76.0, -88.0, -254.0, -276.0, -75.0, -143.0, -89.0, -171.0, -72.0, -92.0, -104.0, -135.0, -131.0, -300.0, -112.0, -62.0, -103.0, -300.0, -123.0, -192.0, -176.0, -136.0, -86.0, -82.0, -134.0, -94.0, -107.0, -189.0, -94.0, -161.0, -120.0, -114.0, -90.0, -83.0, -124.0, -68.0, -83.0, -219.0, -84.0, -192.0, -61.0, -142.0, -286.0, -89.0, -161.0, -106.0, -98.0, -140.0, -91.0, -96.0, -94.0, -77.0, -82.0, -90.0, -300.0, -94.0, -131.0, -180.0, -133.0, -79.0, -130.0, -101.0, -158.0, -111.0], [-148.0, -86.0, -59.0, -225.0, -94.0, -300.0, -176.0, -71.0, -188.0, -96.0, -81.0, -228.0, -75.0, -174.0, -101.0, -134.0, -240.0, -86.0, -111.0, -160.0, -176.0, -176.0, -132.0, -132.0, -163.0, -217.0, -83.0, -63.0, -139.0, -228.0, -103.0, -300.0, -82.0, -68.0, -300.0, -91.0, -158.0, -135.0, -62.0, -185.0, -124.0, -182.0, -76.0, -98.0, -186.0, -168.0, -82.0, -111.0, -100.0, -82.0, -143.0, -102.0, -78.0, -133.0, -104.0, -94.0, -74.0, -108.0, -176.0, -115.0, -82.0, -99.0, -118.0, -183.0, -97.0, -126.0, -125.0, -243.0, -78.0, -145.0, -124.0, -118.0, -136.0, -168.0, -94.0, -82.0, -110.0, -114.0, -258.0, -182.0, -77.0, -160.0, -167.0, -91.0, -128.0, -97.0, -78.0, -96.0, -116.0, -133.0, -95.0, -193.0, -148.0, -85.0, -142.0, -175.0, -87.0, -128.0, -187.0, -154.0], [-124.0, -137.0, -91.0, -89.0, -71.0, -77.0, -66.0, -102.0, -133.0, -114.0, -92.0, -140.0, -89.0, -71.0, -99.0, -143.0, -79.0, -147.0, -112.0, -300.0, -92.0, -122.0, -105.0, -156.0, -126.0, -300.0, -104.0, -164.0, -118.0, -300.0, -105.0, -147.0, -110.0, -212.0, -74.0, -74.0, -100.0, -143.0, -202.0, -92.0, -56.0, -97.0, -135.0, -95.0, -297.0, -66.0, -88.0, -176.0, -300.0, -60.0, -300.0, -57.0, -118.0, -73.0, -80.0, -88.0, -99.0, -96.0, -101.0, -144.0, -112.0, -118.0, -67.0, -92.0, -96.0, -65.0, -176.0, -204.0, -48.0, -137.0, -132.0, -78.0, -93.0, -77.0, -68.0, -126.0, -109.0, -184.0, -72.0, -92.0, -115.0, -184.0, -242.0, -135.0, -275.0, -300.0, -60.0, -75.0, -55.0, -103.0, -232.0, -70.0, -151.0, -74.0, -296.0, -157.0, -75.0, -59.0, -136.0, -107.0]], "success_matrix": [[true, true, false, true, true, false, true, true, true, true, true, true, true, false, true, true, true, true, true, true, true, true, true, true, true, true, true, true, false, true, true, true, true, true, true, true, true, true, true, true, true, true, true, true, false, true, true, true, true, true, true, true, false, false, true, true, true, true, true, true, true, true, true, true, true, true, true, true, true, true, true, true, true, true, true, true, true, true, true, true, true, true, true, true, true, true, true, true, true, true, true, true, true, true, true, true, true, true, true, true], [true, true, true, true, true, true, true, true, true, true, true, true, true, true, true, true, true, true, true, true, true, true, true, false, true, true, false, true, true, true, true, true, true, false, true, true, true, true, true, true, false, true, true, true, true, true, true, true, true, true, true, true, true, true, true, true, true, true, true, false, true, false, true, true, true, true, true, true, true, true, true, true, true, true, true, true, true, true, true, true, true, true, true, true, true, true, true, true, true, true, true, false, true, true, true, true, true, true, true, true], [true, true, true, true, true, true, true, true, true, true, true, false, true, true, true, true, true, true, true, true, false, true, true, true, true, true, true, true, true, true, true, true, true, true, true, false, true, true, true, true, true, true, true, true, true, true, true, true, true, false, true, true, true, false, true, true, true, true, true, true, true, true, true, true, true, true, true, true, true, true, true, true, true, true, true, true, true, true, true, true, true, true, true, true, true, true, true, true, true, true, false, true, true, true, true, true, true, true, true, true], [true, true, true, true, true, false, true, true, true, true, true, true, true, true, true, true, true, true, true, true, true, true, true, true, true, true, true, true, true, true, true, false, true, true, false, true, true, true, true, true, true, true, true, true, true, true, true, true, true, true, true, true, true, true, true, true, true, true, true, true, true, true, true, true, true, true, true, true, true, true, true, true, true, true, true, true, true, true, true, true, true, true, true, true, true, true, true, true, true, true, true, true, true, true, true, true, true, true, true, true], [true, true, true, true, true, true, true, true, true, true, true, true, true, true, true, true, true, true, true, false, true, true, true, true, true, false, true, true, true, false, true, true, true, true, true, true, true, true, true, true, true, true, true, true, false, true, true, true, false, true, false, true, true, true, true, true, true, true, true, true, true, true, true, true, true, true, true, true, true, true, true, true, true, true, true, true, true, true, true, true, true, true, true, true, true, false, true, true, true, true, true, true, true, true, false, true, true, true, true, true]], "ticket_name": "envs100_samples5000_seed999_20251127_042954_ddim8", "eval_noise_idx": 0, "eval_seed": 1619}