{"n_seeds": 5, "n_evals_per_seed": 100, "reward_mean": -257.3599853515625, "reward_std": 12.860217094421387, "success_mean": 0.43400000000000005, "success_std": 0.10990905331227269, "episode_seeds": [1619, 1620, 1621, 1622, 1623], "seed_reward_means": [-268.6099853515625, -257.0799865722656, -260.92999267578125, -264.5199890136719, -235.66000366210938], "seed_success_means": [0.39, 0.44, 0.34, 0.38, 0.62], "reward_matrix": [[-300.0, -300.0, -300.0, -209.0, -223.0, -140.0, -300.0, -149.0, -300.0, -300.0, -300.0, -241.0, -227.0, -300.0, -215.0, -300.0, -300.0, -300.0, -300.0, -300.0, -300.0, -187.0, -300.0, -300.0, -200.0, -161.0, -293.0, -300.0, -270.0, -173.0, -300.0, -300.0, -300.0, -276.0, -300.0, -223.0, -300.0, -300.0, -300.0, -300.0, -284.0, -300.0, -300.0, -265.0, -300.0, -300.0, -300.0, -300.0, -300.0, -146.0, -144.0, -300.0, -300.0, -260.0, -300.0, -300.0, -275.0, -300.0, -173.0, -300.0, -300.0, -300.0, -160.0, -232.0, -300.0, -300.0, -204.0, -300.0, -269.0, -300.0, -300.0, -300.0, -163.0, -266.0, -249.0, -300.0, -236.0, -300.0, -300.0, -243.0, -300.0, -198.0, -300.0, -180.0, -300.0, -263.0, -300.0, -275.0, -230.0, -300.0, -252.0, -300.0, -300.0, -300.0, -300.0, -300.0, -300.0, -300.0, -246.0, -161.0], [-195.0, -200.0, -172.0, -287.0, -300.0, -300.0, -125.0, -192.0, -170.0, -250.0, -300.0, -300.0, -300.0, -300.0, -225.0, -300.0, -300.0, -300.0, -300.0, -300.0, -300.0, -300.0, -300.0, -300.0, -298.0, -163.0, -300.0, -252.0, -300.0, -300.0, -300.0, -153.0, -144.0, -210.0, -300.0, -300.0, -300.0, -237.0, -136.0, -300.0, -294.0, -300.0, -300.0, -201.0, -300.0, -300.0, -300.0, -150.0, -300.0, -256.0, -300.0, -182.0, -300.0, -300.0, -300.0, -300.0, -300.0, -279.0, -219.0, -300.0, -300.0, -176.0, -161.0, -237.0, -251.0, -300.0, -116.0, -252.0, -262.0, -295.0, -227.0, -300.0, -300.0, -157.0, -300.0, -300.0, -137.0, -206.0, -300.0, -204.0, -300.0, -300.0, -149.0, -300.0, -300.0, -300.0, -300.0, -296.0, -180.0, -235.0, -218.0, -300.0, -300.0, -300.0, -300.0, -300.0, -202.0, -96.0, -161.0, -300.0], [-200.0, -300.0, -224.0, -300.0, -214.0, -300.0, -300.0, -300.0, -230.0, -300.0, -300.0, -300.0, -267.0, -120.0, -300.0, -300.0, -300.0, -300.0, -300.0, -300.0, -300.0, -300.0, -240.0, -181.0, -300.0, -300.0, -300.0, -300.0, -300.0, -300.0, -300.0, -300.0, -300.0, -300.0, -193.0, -300.0, -300.0, -300.0, -300.0, -300.0, -142.0, -251.0, -158.0, -300.0, -300.0, -175.0, -300.0, -300.0, -141.0, -300.0, -300.0, -144.0, -300.0, -273.0, -300.0, -300.0, -300.0, -300.0, -300.0, -152.0, -128.0, -140.0, -300.0, -300.0, -101.0, -152.0, -300.0, -271.0, -138.0, -183.0, -300.0, -101.0, -188.0, -300.0, -212.0, -300.0, -300.0, -300.0, -300.0, -157.0, -300.0, -198.0, -300.0, -300.0, -300.0, -104.0, -285.0, -300.0, -300.0, -300.0, -300.0, -300.0, -300.0, -297.0, -300.0, -159.0, -300.0, -300.0, -258.0, -216.0], [-300.0, -300.0, -122.0, -300.0, -164.0, -300.0, -300.0, -130.0, -192.0, -253.0, -300.0, -300.0, -272.0, -300.0, -300.0, -300.0, -300.0, -300.0, -232.0, -300.0, -300.0, -300.0, -300.0, -300.0, -300.0, -300.0, -224.0, -300.0, -300.0, -300.0, -300.0, -300.0, -300.0, -133.0, -300.0, -158.0, -300.0, -281.0, -139.0, -300.0, -300.0, -300.0, -300.0, -300.0, -300.0, -300.0, -300.0, -230.0, -208.0, -300.0, -254.0, -300.0, -200.0, -236.0, -300.0, -300.0, -149.0, -300.0, -212.0, -225.0, -300.0, -146.0, -230.0, -300.0, -300.0, -300.0, -300.0, -300.0, -237.0, -264.0, -300.0, -293.0, -250.0, -286.0, -127.0, -130.0, -211.0, -180.0, -300.0, -250.0, -300.0, -300.0, -285.0, -300.0, -300.0, -144.0, -300.0, -191.0, -300.0, -300.0, -172.0, -300.0, -300.0, -197.0, -245.0, -300.0, -300.0, -300.0, -300.0, -300.0], [-173.0, -300.0, -299.0, -276.0, -177.0, -162.0, -190.0, -136.0, -176.0, -208.0, -202.0, -195.0, -218.0, -164.0, -300.0, -300.0, -180.0, -263.0, -161.0, -184.0, -234.0, -300.0, -186.0, -300.0, -300.0, -276.0, -244.0, -300.0, -172.0, -300.0, -300.0, -300.0, -300.0, -300.0, -300.0, -147.0, -228.0, -300.0, -269.0, -300.0, -179.0, -300.0, -234.0, -156.0, -165.0, -300.0, -300.0, -300.0, -300.0, -189.0, -300.0, -149.0, -247.0, -163.0, -300.0, -196.0, -300.0, -256.0, -300.0, -300.0, -300.0, -237.0, -121.0, -161.0, -300.0, -300.0, -300.0, -300.0, -255.0, -230.0, -260.0, -155.0, -186.0, -124.0, -171.0, -176.0, -300.0, -213.0, -300.0, -300.0, -300.0, -300.0, -300.0, -222.0, -229.0, -300.0, -178.0, -156.0, -232.0, -244.0, -281.0, -154.0, -136.0, -184.0, -178.0, -249.0, -132.0, -133.0, -239.0, -176.0]], "success_matrix": [[false, false, false, true, true, true, false, true, false, false, false, true, true, false, true, false, false, false, false, false, false, true, false, false, true, true, true, false, true, true, false, false, false, true, false, true, false, false, false, false, true, false, false, true, false, false, false, false, false, true, true, false, false, true, false, false, true, false, true, false, false, false, true, true, false, false, true, false, true, false, false, false, true, true, true, false, true, false, false, true, false, true, false, true, false, true, false, true, true, false, true, false, false, false, false, false, false, false, true, true], [true, true, true, true, false, false, true, true, true, true, false, false, false, false, true, false, false, false, false, false, false, false, false, false, false, true, false, true, false, false, false, true, true, true, false, false, false, true, true, false, true, false, false, true, false, false, false, true, false, true, false, true, false, false, false, false, false, true, true, false, false, true, true, true, true, false, true, true, true, true, true, false, false, true, false, false, true, true, false, true, false, false, true, false, false, false, false, true, true, true, true, false, false, false, false, false, true, true, true, false], [true, false, true, false, true, false, false, false, true, false, false, false, true, true, false, false, false, false, false, false, false, false, true, true, false, false, false, false, false, false, false, false, false, false, true, false, false, false, false, false, true, true, true, false, false, true, false, false, true, false, false, true, false, true, false, false, false, false, false, true, true, true, false, false, true, true, false, true, true, true, false, true, true, false, true, false, false, false, false, true, false, true, false, false, false, true, true, false, false, false, false, false, false, false, false, true, false, false, true, true], [false, false, true, false, true, false, false, true, true, true, false, false, true, false, false, false, false, false, true, false, false, false, false, false, false, false, true, false, false, false, false, false, false, true, false, true, false, true, true, false, false, false, false, false, false, false, false, true, true, false, true, false, true, true, false, false, true, false, true, true, false, true, true, false, false, false, false, false, true, true, false, true, true, true, true, true, true, true, false, true, false, false, true, false, false, true, false, true, false, false, true, false, false, true, true, false, false, false, false, false], [true, false, false, true, true, true, true, true, true, true, true, true, true, true, false, false, true, true, true, true, true, false, true, false, false, true, true, false, true, false, false, false, false, false, false, true, true, false, true, false, true, false, true, true, true, false, false, false, false, true, false, true, true, true, false, true, false, true, false, false, false, true, true, true, false, false, false, false, true, true, true, true, true, true, true, true, false, true, false, false, false, false, false, true, true, false, true, true, true, true, true, true, true, true, true, true, true, true, true, true]], "ticket_name": "zo_envs10_iter500_cand2_lambda0.1_seed666_ddim8_20251210_021043/seed_671", "eval_noise_idx": 0, "eval_seed": 1619}