{"n_seeds": 5, "n_evals_per_seed": 100, "reward_mean": -198.1719970703125, "reward_std": 6.878126621246338, "success_mean": 0.646, "success_std": 0.04127953488110059, "episode_seeds": [1619, 1620, 1621, 1622, 1623], "seed_reward_means": [-186.55999755859375, -202.74000549316406, -199.61000061035156, -206.58999633789062, -195.36000061035156], "seed_success_means": [0.71, 0.65, 0.65, 0.58, 0.64], "reward_matrix": [[-300.0, -127.0, -146.0, -300.0, -300.0, -300.0, -180.0, -157.0, -122.0, -300.0, -157.0, -300.0, -249.0, -114.0, -124.0, -115.0, -113.0, -300.0, -300.0, -131.0, -300.0, -132.0, -115.0, -116.0, -300.0, -203.0, -300.0, -114.0, -153.0, -300.0, -115.0, -136.0, -139.0, -108.0, -134.0, -300.0, -128.0, -191.0, -300.0, -140.0, -155.0, -300.0, -141.0, -248.0, -107.0, -131.0, -127.0, -166.0, -126.0, -117.0, -112.0, -103.0, -116.0, -127.0, -128.0, -300.0, -300.0, -120.0, -300.0, -131.0, -153.0, -292.0, -108.0, -121.0, -126.0, -126.0, -119.0, -126.0, -111.0, -182.0, -300.0, -195.0, -210.0, -300.0, -127.0, -151.0, -300.0, -300.0, -182.0, -300.0, -300.0, -123.0, -124.0, -300.0, -300.0, -196.0, -123.0, -169.0, -112.0, -127.0, -108.0, -115.0, -115.0, -144.0, -115.0, -138.0, -300.0, -300.0, -300.0, -104.0], [-123.0, -187.0, -181.0, -300.0, -300.0, -300.0, -300.0, -300.0, -117.0, -181.0, -300.0, -300.0, -300.0, -154.0, -300.0, -140.0, -125.0, -173.0, -300.0, -116.0, -300.0, -176.0, -300.0, -119.0, -123.0, -208.0, -114.0, -182.0, -300.0, -179.0, -300.0, -130.0, -215.0, -130.0, -300.0, -300.0, -261.0, -202.0, -131.0, -125.0, -157.0, -126.0, -300.0, -263.0, -122.0, -107.0, -115.0, -300.0, -153.0, -300.0, -138.0, -300.0, -115.0, -120.0, -269.0, -119.0, -107.0, -233.0, -111.0, -104.0, -300.0, -143.0, -149.0, -148.0, -143.0, -116.0, -300.0, -300.0, -107.0, -135.0, -184.0, -139.0, -300.0, -111.0, -111.0, -300.0, -159.0, -123.0, -300.0, -300.0, -300.0, -300.0, -166.0, -117.0, -186.0, -300.0, -300.0, -115.0, -300.0, -116.0, -150.0, -210.0, -131.0, -300.0, -182.0, -208.0, -168.0, -106.0, -300.0, -300.0], [-300.0, -300.0, -119.0, -300.0, -152.0, -300.0, -211.0, -300.0, -115.0, -300.0, -111.0, -300.0, -178.0, -300.0, -115.0, -300.0, -115.0, -300.0, -211.0, -300.0, -131.0, -244.0, -300.0, -168.0, -300.0, -300.0, -106.0, -111.0, -138.0, -300.0, -139.0, -300.0, -300.0, -205.0, -142.0, -300.0, -169.0, -115.0, -138.0, -140.0, -300.0, -158.0, -150.0, -197.0, -124.0, -110.0, -154.0, -177.0, -300.0, -300.0, -300.0, -300.0, -126.0, -300.0, -115.0, -122.0, -116.0, -110.0, -115.0, -136.0, -116.0, -253.0, -154.0, -145.0, -143.0, -192.0, -300.0, -300.0, -119.0, -147.0, -201.0, -109.0, -178.0, -300.0, -122.0, -140.0, -129.0, -300.0, -151.0, -122.0, -300.0, -189.0, -115.0, -300.0, -114.0, -145.0, -132.0, -300.0, -134.0, -116.0, -300.0, -139.0, -120.0, -178.0, -151.0, -300.0, -300.0, -300.0, -206.0, -118.0], [-227.0, -154.0, -182.0, -300.0, -197.0, -103.0, -115.0, -164.0, -300.0, -300.0, -134.0, -120.0, -123.0, -300.0, -300.0, -123.0, -300.0, -110.0, -132.0, -300.0, -192.0, -183.0, -300.0, -148.0, -139.0, -119.0, -107.0, -300.0, -151.0, -300.0, -300.0, -300.0, -176.0, -128.0, -300.0, -148.0, -300.0, -300.0, -144.0, -300.0, -300.0, -198.0, -113.0, -300.0, -300.0, -138.0, -156.0, -152.0, -300.0, -111.0, -300.0, -134.0, -122.0, -119.0, -300.0, -300.0, -300.0, -127.0, -300.0, -123.0, -300.0, -119.0, -121.0, -137.0, -186.0, -126.0, -120.0, -300.0, -126.0, -300.0, -300.0, -300.0, -300.0, -300.0, -115.0, -112.0, -300.0, -300.0, -107.0, -131.0, -300.0, -109.0, -265.0, -300.0, -300.0, -147.0, -113.0, -150.0, -300.0, -122.0, -300.0, -123.0, -134.0, -115.0, -119.0, -300.0, -300.0, -124.0, -300.0, -126.0], [-111.0, -168.0, -106.0, -112.0, -300.0, -300.0, -300.0, -105.0, -300.0, -107.0, -168.0, -300.0, -300.0, -300.0, -143.0, -129.0, -125.0, -107.0, -300.0, -300.0, -129.0, -118.0, -161.0, -171.0, -114.0, -130.0, -300.0, -127.0, -149.0, -112.0, -300.0, -160.0, -160.0, -115.0, -114.0, -115.0, -239.0, -138.0, -111.0, -123.0, -126.0, -300.0, -300.0, -115.0, -143.0, -191.0, -300.0, -118.0, -150.0, -120.0, -146.0, -170.0, -300.0, -300.0, -300.0, -300.0, -115.0, -300.0, -300.0, -300.0, -127.0, -126.0, -127.0, -155.0, -119.0, -114.0, -300.0, -144.0, -300.0, -107.0, -119.0, -300.0, -300.0, -110.0, -123.0, -300.0, -124.0, -257.0, -139.0, -130.0, -300.0, -300.0, -300.0, -148.0, -128.0, -230.0, -111.0, -184.0, -167.0, -300.0, -298.0, -300.0, -300.0, -122.0, -300.0, -114.0, -300.0, -300.0, -138.0, -114.0]], "success_matrix": [[false, true, true, false, false, false, true, true, true, false, true, false, true, true, true, true, true, false, false, true, false, true, true, true, false, true, false, true, true, false, true, true, true, true, true, false, true, true, false, true, true, false, true, true, true, true, true, true, true, true, true, true, true, true, true, false, false, true, false, true, true, true, true, true, true, true, true, true, true, true, false, true, true, false, true, true, false, false, true, false, false, true, true, false, false, true, true, true, true, true, true, true, true, true, true, true, false, false, false, true], [true, true, true, false, false, false, false, false, true, true, false, false, false, true, false, true, true, true, false, true, false, true, false, true, true, true, true, true, false, true, false, true, true, true, false, false, true, true, true, true, true, true, false, true, true, true, true, false, true, false, true, false, true, true, true, true, true, true, true, true, false, true, true, true, true, true, false, false, true, true, true, true, false, true, true, false, true, true, false, false, false, false, true, true, true, false, false, true, false, true, true, true, true, false, true, true, true, true, false, false], [false, false, true, false, true, false, true, false, true, false, true, false, true, false, true, false, true, false, true, false, true, true, false, true, false, false, true, true, true, false, true, false, false, true, true, false, true, true, true, true, false, true, true, true, true, true, true, true, false, false, false, false, true, false, true, true, true, true, true, true, true, true, true, true, true, true, false, false, true, true, true, true, true, false, true, true, true, false, true, true, false, true, true, false, true, true, true, false, true, true, false, true, true, true, true, false, false, false, true, true], [true, true, true, false, true, true, true, true, false, false, true, true, true, false, false, true, false, true, true, false, true, true, false, true, true, true, true, false, true, false, false, false, true, true, false, true, false, false, true, false, false, true, true, false, false, true, true, true, false, true, false, true, true, true, false, false, false, true, false, true, false, true, true, true, true, true, true, false, true, false, false, false, false, false, true, true, false, false, true, true, false, true, true, false, false, true, true, true, false, true, false, true, true, true, true, false, false, true, false, true], [true, true, true, true, false, false, false, true, false, true, true, false, false, false, true, true, true, true, false, false, true, true, true, true, true, true, false, true, true, true, false, true, true, true, true, true, true, true, true, true, true, false, false, true, true, true, false, true, true, true, true, true, false, false, false, false, true, false, false, false, true, true, true, true, true, true, false, true, false, true, true, false, false, true, true, false, true, true, true, true, false, false, false, true, true, true, true, true, true, false, false, false, false, true, false, true, false, false, true, true]], "ticket_name": "envs100_samples5000_seed999_20251127_043633_ddim2", "eval_noise_idx": 2, "eval_seed": 1619}