{"n_seeds": 5, "n_evals_per_seed": 100, "reward_mean": -100.0719985961914, "reward_std": 10.49041748046875, "success_mean": 0.7779999999999999, "success_std": 0.0443846820423443, "episode_seeds": [1619, 1620, 1621, 1622, 1623], "seed_reward_means": [-116.62999725341797, -92.06999969482422, -96.08000183105469, -91.63999938964844, -103.94000244140625], "seed_success_means": [0.71, 0.82, 0.79, 0.81, 0.76], "reward_matrix": [[-43.0, -37.0, -43.0, -39.0, -39.0, -39.0, -55.0, -39.0, -300.0, -39.0, -37.0, -37.0, -37.0, -39.0, -44.0, -41.0, -40.0, -300.0, -43.0, -45.0, -298.0, -38.0, -40.0, -39.0, -300.0, -39.0, -40.0, -44.0, -47.0, -39.0, -40.0, -46.0, -300.0, -40.0, -47.0, -43.0, -40.0, -50.0, -45.0, -300.0, -37.0, -300.0, -300.0, -38.0, -54.0, -300.0, -300.0, -47.0, -48.0, -300.0, -40.0, -47.0, -38.0, -300.0, -43.0, -44.0, -38.0, -44.0, -41.0, -300.0, -40.0, -44.0, -39.0, -300.0, -300.0, -38.0, -40.0, -300.0, -55.0, -300.0, -37.0, -300.0, -37.0, -33.0, -37.0, -44.0, -38.0, -40.0, -38.0, -300.0, -300.0, -39.0, -39.0, -300.0, -300.0, -43.0, -300.0, -300.0, -48.0, -300.0, -47.0, -41.0, -300.0, -53.0, -40.0, -300.0, -44.0, -300.0, -39.0, -300.0], [-39.0, -37.0, -39.0, -43.0, -300.0, -300.0, -37.0, -39.0, -38.0, -40.0, -39.0, -43.0, -39.0, -208.0, -45.0, -43.0, -40.0, -36.0, -39.0, -42.0, -48.0, -35.0, -47.0, -43.0, -300.0, -45.0, -300.0, -39.0, -39.0, -39.0, -36.0, -294.0, -37.0, -300.0, -40.0, -300.0, -38.0, -56.0, -51.0, -48.0, -300.0, -47.0, -295.0, -36.0, -300.0, -43.0, -45.0, -41.0, -47.0, -300.0, -40.0, -38.0, -36.0, -300.0, -37.0, -43.0, -43.0, -43.0, -39.0, -36.0, -48.0, -37.0, -38.0, -36.0, -44.0, -300.0, -51.0, -37.0, -39.0, -41.0, -300.0, -43.0, -41.0, -300.0, -48.0, -39.0, -39.0, -38.0, -44.0, -39.0, -300.0, -37.0, -52.0, -39.0, -37.0, -41.0, -300.0, -45.0, -300.0, -45.0, -39.0, -46.0, -43.0, -37.0, -41.0, -44.0, -47.0, -42.0, -40.0, -300.0], [-300.0, -43.0, -42.0, -39.0, -300.0, -42.0, -38.0, -300.0, -300.0, -300.0, -36.0, -300.0, -43.0, -48.0, -38.0, -39.0, -96.0, -44.0, -43.0, -44.0, -38.0, -39.0, -37.0, -36.0, -300.0, -53.0, -300.0, -37.0, -300.0, -45.0, -40.0, -45.0, -45.0, -37.0, -39.0, -43.0, -37.0, -300.0, -300.0, -37.0, -39.0, -39.0, -37.0, -39.0, -40.0, -41.0, -41.0, -43.0, -36.0, -36.0, -41.0, -298.0, -37.0, -43.0, -52.0, -300.0, -40.0, -38.0, -51.0, -39.0, -40.0, -37.0, -40.0, -36.0, -39.0, -38.0, -37.0, -38.0, -40.0, -39.0, -59.0, -43.0, -55.0, -300.0, -300.0, -49.0, -37.0, -300.0, -49.0, -37.0, -300.0, -300.0, -39.0, -39.0, -44.0, -44.0, -43.0, -37.0, -300.0, -48.0, -42.0, -45.0, -40.0, -300.0, -37.0, -39.0, -300.0, -43.0, -44.0, -38.0], [-300.0, -300.0, -300.0, -300.0, -35.0, -43.0, -44.0, -45.0, -43.0, -39.0, -40.0, -48.0, -39.0, -44.0, -37.0, -42.0, -300.0, -300.0, -45.0, -44.0, -300.0, -300.0, -61.0, -46.0, -52.0, -35.0, -43.0, -44.0, -47.0, -42.0, -39.0, -42.0, -32.0, -49.0, -300.0, -38.0, -47.0, -47.0, -36.0, -48.0, -300.0, -39.0, -47.0, -48.0, -42.0, -46.0, -35.0, -36.0, -40.0, -48.0, -39.0, -300.0, -43.0, -41.0, -44.0, -44.0, -56.0, -40.0, -300.0, -53.0, -48.0, -37.0, -37.0, -49.0, -41.0, -38.0, -300.0, -39.0, -40.0, -48.0, -56.0, -45.0, -39.0, -43.0, -40.0, -38.0, -40.0, -39.0, -300.0, -36.0, -41.0, -41.0, -45.0, -39.0, -300.0, -300.0, -39.0, -300.0, -300.0, -300.0, -37.0, -36.0, -39.0, -40.0, -54.0, -47.0, -47.0, -39.0, -39.0, -51.0], [-37.0, -44.0, -52.0, -41.0, -300.0, -38.0, -44.0, -38.0, -34.0, -44.0, -300.0, -35.0, -300.0, -300.0, -43.0, -37.0, -37.0, -37.0, -39.0, -300.0, -36.0, -52.0, -41.0, -35.0, -39.0, -300.0, -45.0, -40.0, -36.0, -38.0, -39.0, -300.0, -42.0, -38.0, -300.0, -39.0, -38.0, -39.0, -45.0, -52.0, -40.0, -44.0, -37.0, -38.0, -300.0, -56.0, -37.0, -39.0, -39.0, -300.0, -300.0, -300.0, -43.0, -300.0, -300.0, -45.0, -39.0, -39.0, -300.0, -47.0, -39.0, -39.0, -55.0, -38.0, -37.0, -37.0, -43.0, -300.0, -300.0, -300.0, -52.0, -40.0, -300.0, -36.0, -97.0, -36.0, -300.0, -300.0, -40.0, -67.0, -44.0, -300.0, -43.0, -300.0, -37.0, -40.0, -44.0, -38.0, -300.0, -45.0, -45.0, -38.0, -42.0, -37.0, -38.0, -37.0, -48.0, -38.0, -44.0, -43.0]], "success_matrix": [[true, true, true, true, true, true, true, true, false, true, true, true, true, true, true, true, true, false, true, true, false, true, true, true, false, true, true, true, true, true, true, true, false, true, true, true, true, true, true, false, true, false, false, true, true, false, false, true, true, false, true, true, true, false, true, true, true, true, true, false, true, true, true, false, false, true, true, false, true, false, true, false, true, true, true, true, true, true, true, false, false, true, true, false, false, true, false, false, true, false, true, true, false, true, true, false, true, false, true, false], [true, true, true, true, false, false, true, true, true, true, true, true, true, true, true, true, true, true, true, true, true, true, true, true, false, true, false, true, true, true, true, false, true, false, true, false, true, true, true, true, false, true, true, true, false, true, true, true, true, false, true, true, true, false, true, true, true, true, true, true, true, true, true, true, true, false, true, true, true, true, false, true, true, false, true, true, true, true, true, true, false, true, true, true, true, true, false, true, false, true, true, true, true, true, true, true, true, true, true, false], [false, true, true, true, false, true, true, false, false, false, true, false, true, true, true, true, true, true, true, true, true, true, true, true, false, true, false, true, false, true, true, true, true, true, true, true, true, false, false, true, true, true, true, true, true, true, true, true, true, true, true, false, true, true, true, false, true, true, true, true, true, true, true, true, true, true, true, true, true, true, true, true, true, false, false, true, true, false, true, true, false, false, true, true, true, true, true, true, false, true, true, true, true, false, true, true, false, true, true, true], [false, false, false, false, true, true, true, true, true, true, true, true, true, true, true, true, false, false, true, true, false, false, true, true, true, true, true, true, true, true, true, true, true, true, false, true, true, true, true, true, false, true, true, true, true, true, true, true, true, true, true, false, true, true, true, true, true, true, false, true, true, true, true, true, true, true, false, true, true, true, true, true, true, true, true, true, true, true, false, true, true, true, true, true, false, false, true, false, false, false, true, true, true, true, true, true, true, true, true, true], [true, true, true, true, false, true, true, true, true, true, false, true, false, false, true, true, true, true, true, false, true, true, true, true, true, false, true, true, true, true, true, false, true, true, false, true, true, true, true, true, true, true, true, true, false, true, true, true, true, false, false, false, true, false, false, true, true, true, false, true, true, true, true, true, true, true, true, false, false, false, true, true, false, true, true, true, false, false, true, true, true, false, true, false, true, true, true, true, false, true, true, true, true, true, true, true, true, true, true, true]], "ticket_name": "zo_envs10_iter500_cand2_lambda2.0_seed666_ddim8_20251213_183635/seed_666", "eval_noise_idx": 0, "eval_seed": 1619}