{
  "checkpoint": "checkpoint_499",
  "n_seed_folders": 10,
  "seed_folders": [
    "seed_1000",
    "seed_1001",
    "seed_1002",
    "seed_1003",
    "seed_1004",
    "seed_1005",
    "seed_1006",
    "seed_1007",
    "seed_1008",
    "seed_999"
  ],
  "reward_mean_across_seeds": -236.38600006103516,
  "reward_std_across_seeds": 17.787543684583156,
  "success_mean_across_seeds": 0.48179999999999995,
  "success_std_across_seeds": 0.1177056592616609,
  "per_seed_results": {
    "seed_1000": {
      "ticket_seed": "1000",
      "reward_mean": -236.8820037841797,
      "reward_std": 8.571282386779785,
      "success_mean": 0.476,
      "success_std": 0.059866518188383074
    },
    "seed_1001": {
      "ticket_seed": "1001",
      "reward_mean": -281.0019836425781,
      "reward_std": 2.4968032836914062,
      "success_mean": 0.20400000000000001,
      "success_std": 0.02939387691339813
    },
    "seed_1002": {
      "ticket_seed": "1002",
      "reward_mean": -238.53201293945312,
      "reward_std": 7.2421698570251465,
      "success_mean": 0.44400000000000006,
      "success_std": 0.038262252939417984
    },
    "seed_1003": {
      "ticket_seed": "1003",
      "reward_mean": -226.0079803466797,
      "reward_std": 5.1691813468933105,
      "success_mean": 0.542,
      "success_std": 0.03429285639896449
    },
    "seed_1004": {
      "ticket_seed": "1004",
      "reward_mean": -244.05599975585938,
      "reward_std": 6.402381420135498,
      "success_mean": 0.458,
      "success_std": 0.047916594202843776
    },
    "seed_1005": {
      "ticket_seed": "1005",
      "reward_mean": -229.0240020751953,
      "reward_std": 8.791175842285156,
      "success_mean": 0.43,
      "success_std": 0.048166378315169185
    },
    "seed_1006": {
      "ticket_seed": "1006",
      "reward_mean": -222.0500030517578,
      "reward_std": 9.911356925964355,
      "success_mean": 0.476,
      "success_std": 0.058855755878248664
    },
    "seed_1007": {
      "ticket_seed": "1007",
      "reward_mean": -233.9300079345703,
      "reward_std": 4.083462715148926,
      "success_mean": 0.594,
      "success_std": 0.020591260281973982
    },
    "seed_1008": {
      "ticket_seed": "1008",
      "reward_mean": -215.89599609375,
      "reward_std": 5.413448810577393,
      "success_mean": 0.6,
      "success_std": 0.03346640106136302
    },
    "seed_999": {
      "ticket_seed": "999",
      "reward_mean": -236.48001098632812,
      "reward_std": 6.985076904296875,
      "success_mean": 0.594,
      "success_std": 0.04498888751680798
    }
  }
}