{"n_seeds": 5, "n_evals_per_seed": 100, "reward_mean": -122.0739974975586, "reward_std": 10.582740783691406, "success_mean": 0.882, "success_std": 0.03346640106136305, "episode_seeds": [1619, 1620, 1621, 1622, 1623], "seed_reward_means": [-121.83999633789062, -122.37000274658203, -135.22000122070312, -125.16000366210938, -105.77999877929688], "seed_success_means": [0.89, 0.87, 0.83, 0.91, 0.91], "reward_matrix": [[-160.0, -58.0, -66.0, -68.0, -84.0, -68.0, -216.0, -79.0, -68.0, -108.0, -300.0, -109.0, -57.0, -295.0, -56.0, -78.0, -79.0, -68.0, -91.0, -57.0, -300.0, -83.0, -173.0, -65.0, -63.0, -63.0, -91.0, -80.0, -99.0, -72.0, -67.0, -152.0, -87.0, -60.0, -224.0, -112.0, -115.0, -64.0, -202.0, -76.0, -66.0, -84.0, -68.0, -133.0, -244.0, -88.0, -83.0, -300.0, -60.0, -300.0, -69.0, -154.0, -108.0, -300.0, -300.0, -74.0, -67.0, -69.0, -300.0, -82.0, -300.0, -94.0, -300.0, -92.0, -92.0, -116.0, -156.0, -128.0, -270.0, -68.0, -149.0, -74.0, -77.0, -64.0, -63.0, -85.0, -300.0, -117.0, -94.0, -130.0, -63.0, -116.0, -69.0, -58.0, -67.0, -142.0, -115.0, -82.0, -123.0, -81.0, -60.0, -196.0, -67.0, -137.0, -123.0, -56.0, -74.0, -300.0, -68.0, -56.0], [-54.0, -66.0, -59.0, -137.0, -300.0, -94.0, -104.0, -97.0, -60.0, -68.0, -64.0, -110.0, -80.0, -92.0, -80.0, -179.0, -105.0, -300.0, -89.0, -80.0, -167.0, -79.0, -171.0, -64.0, -68.0, -300.0, -87.0, -211.0, -130.0, -132.0, -300.0, -60.0, -104.0, -62.0, -101.0, -86.0, -89.0, -121.0, -65.0, -70.0, -87.0, -102.0, -68.0, -232.0, -77.0, -100.0, -76.0, -297.0, -55.0, -82.0, -75.0, -300.0, -116.0, -75.0, -139.0, -74.0, -59.0, -83.0, -83.0, -300.0, -112.0, -97.0, -52.0, -79.0, -87.0, -80.0, -300.0, -102.0, -300.0, -93.0, -300.0, -62.0, -292.0, -58.0, -155.0, -300.0, -67.0, -77.0, -177.0, -62.0, -300.0, -167.0, -74.0, -71.0, -80.0, -163.0, -75.0, -59.0, -55.0, -103.0, -102.0, -300.0, -96.0, -67.0, -207.0, -63.0, -67.0, -46.0, -68.0, -57.0], [-90.0, -106.0, -95.0, -64.0, -113.0, -137.0, -300.0, -92.0, -185.0, -98.0, -69.0, -59.0, -65.0, -240.0, -73.0, -141.0, -195.0, -55.0, -161.0, -90.0, -79.0, -300.0, -84.0, -300.0, -300.0, -125.0, -73.0, -178.0, -83.0, -71.0, -163.0, -66.0, -113.0, -224.0, -55.0, -155.0, -88.0, -300.0, -230.0, -127.0, -60.0, -122.0, -74.0, -169.0, -300.0, -67.0, -95.0, -87.0, -54.0, -300.0, -90.0, -57.0, -89.0, -56.0, -68.0, -130.0, -189.0, -67.0, -59.0, -300.0, -75.0, -76.0, -66.0, -300.0, -60.0, -163.0, -300.0, -76.0, -142.0, -52.0, -300.0, -57.0, -77.0, -74.0, -76.0, -156.0, -50.0, -96.0, -300.0, -300.0, -75.0, -91.0, -300.0, -160.0, -73.0, -81.0, -80.0, -295.0, -300.0, -60.0, -143.0, -73.0, -300.0, -156.0, -91.0, -51.0, -121.0, -121.0, -104.0, -76.0], [-90.0, -85.0, -52.0, -83.0, -96.0, -300.0, -300.0, -64.0, -202.0, -81.0, -92.0, -98.0, -259.0, -116.0, -101.0, -84.0, -225.0, -67.0, -113.0, -72.0, -69.0, -82.0, -300.0, -74.0, -124.0, -300.0, -67.0, -64.0, -62.0, -292.0, -91.0, -210.0, -83.0, -52.0, -93.0, -74.0, -230.0, -55.0, -157.0, -94.0, -92.0, -139.0, -59.0, -94.0, -223.0, -126.0, -92.0, -68.0, -62.0, -69.0, -72.0, -78.0, -79.0, -72.0, -208.0, -62.0, -71.0, -137.0, -52.0, -102.0, -59.0, -67.0, -96.0, -137.0, -57.0, -300.0, -128.0, -87.0, -88.0, -115.0, -300.0, -132.0, -73.0, -136.0, -75.0, -62.0, -67.0, -79.0, -81.0, -83.0, -74.0, -104.0, -90.0, -182.0, -70.0, -259.0, -214.0, -300.0, -95.0, -75.0, -85.0, -300.0, -121.0, -88.0, -144.0, -180.0, -101.0, -300.0, -205.0, -197.0], [-73.0, -137.0, -71.0, -100.0, -69.0, -73.0, -55.0, -68.0, -72.0, -127.0, -67.0, -77.0, -76.0, -69.0, -63.0, -300.0, -69.0, -80.0, -75.0, -65.0, -65.0, -84.0, -132.0, -300.0, -104.0, -300.0, -87.0, -58.0, -76.0, -78.0, -262.0, -71.0, -66.0, -300.0, -64.0, -71.0, -84.0, -96.0, -75.0, -60.0, -53.0, -173.0, -70.0, -83.0, -68.0, -64.0, -54.0, -300.0, -59.0, -63.0, -94.0, -63.0, -55.0, -300.0, -300.0, -95.0, -69.0, -91.0, -76.0, -184.0, -67.0, -180.0, -55.0, -66.0, -89.0, -56.0, -255.0, -114.0, -53.0, -68.0, -179.0, -300.0, -65.0, -58.0, -67.0, -105.0, -62.0, -67.0, -82.0, -75.0, -67.0, -75.0, -296.0, -88.0, -73.0, -77.0, -50.0, -58.0, -56.0, -71.0, -80.0, -67.0, -74.0, -64.0, -67.0, -188.0, -300.0, -60.0, -97.0, -74.0]], "success_matrix": [[true, true, true, true, true, true, true, true, true, true, false, true, true, true, true, true, true, true, true, true, false, true, true, true, true, true, true, true, true, true, true, true, true, true, true, true, true, true, true, true, true, true, true, true, true, true, true, false, true, false, true, true, true, false, false, true, true, true, false, true, false, true, false, true, true, true, true, true, true, true, true, true, true, true, true, true, false, true, true, true, true, true, true, true, true, true, true, true, true, true, true, true, true, true, true, true, true, false, true, true], [true, true, true, true, false, true, true, true, true, true, true, true, true, true, true, true, true, false, true, true, true, true, true, true, true, false, true, true, true, true, false, true, true, true, true, true, true, true, true, true, true, true, true, true, true, true, true, false, true, true, true, false, true, true, true, true, true, true, true, false, true, true, true, true, true, true, false, true, false, true, false, true, true, true, true, false, true, true, true, true, false, true, true, true, true, true, true, true, true, true, true, false, true, true, true, true, true, true, true, true], [true, true, true, true, true, true, false, true, true, true, true, true, true, true, true, true, true, true, true, true, true, false, true, false, false, true, true, true, true, true, true, true, true, true, true, true, true, false, true, true, true, true, true, true, false, true, true, true, true, false, true, true, true, true, true, true, true, true, true, false, true, true, true, false, true, true, false, true, true, true, false, true, true, true, true, true, true, true, false, false, true, true, false, true, true, true, true, false, false, true, true, true, false, true, true, true, true, true, true, true], [true, true, true, true, true, false, false, true, true, true, true, true, true, true, true, true, true, true, true, true, true, true, false, true, true, false, true, true, true, true, true, true, true, true, true, true, true, true, true, true, true, true, true, true, true, true, true, true, true, true, true, true, true, true, true, true, true, true, true, true, true, true, true, true, true, false, true, true, true, true, false, true, true, true, true, true, true, true, true, true, true, true, true, true, true, true, true, false, true, true, true, false, true, true, true, true, true, false, true, true], [true, true, true, true, true, true, true, true, true, true, true, true, true, true, true, false, true, true, true, true, true, true, true, false, true, false, true, true, true, true, true, true, true, false, true, true, true, true, true, true, true, true, true, true, true, true, true, false, true, true, true, true, true, false, false, true, true, true, true, true, true, true, true, true, true, true, true, true, true, true, true, false, true, true, true, true, true, true, true, true, true, true, true, true, true, true, true, true, true, true, true, true, true, true, true, true, false, true, true, true]], "ticket_name": "zo_envs10_iter500_cand2_lambda0.5_seed666_ddim8_20251212_061325/seed_671", "eval_noise_idx": 0, "eval_seed": 1619}