{"num_noise_samples": 101, "num_envs": 10, "success_rate_mean": 0.4495049715042114, "success_rate_std": 0.3491772413253784, "best_success_rate": 1.0, "best_original_index": 84, "success_rates_sorted": [1.0, 1.0, 1.0, 1.0, 1.0, 1.0, 1.0, 1.0, 1.0, 1.0, 1.0, 0.9, 0.9, 0.9, 0.9, 0.9, 0.9, 0.9, 0.9, 0.9, 0.9, 0.9, 0.8, 0.8, 0.8, 0.8, 0.8, 0.8, 0.8, 0.8, 0.8, 0.7, 0.7, 0.7, 0.7, 0.7, 0.7, 0.6, 0.6, 0.6, 0.6, 0.6, 0.4, 0.4, 0.3, 0.3, 0.3, 0.3, 0.3, 0.3, 0.2, 0.2, 0.2, 0.2, 0.2, 0.2, 0.2, 0.2, 0.2, 0.2, 0.2, 0.2, 0.2, 0.2, 0.2, 0.2, 0.2, 0.2, 0.2, 0.2, 0.2, 0.2, 0.2, 0.2, 0.2, 0.2, 0.2, 0.2, 0.2, 0.1, 0.1, 0.1, 0.1, 0.1, 0.1, 0.1, 0.1, 0.1, 0.1, 0.1, 0.1, 0.1, 0.1, 0.1, 0.1, 0.1, 0.0, 0.0, 0.0, 0.0, 0.0], "original_success_rates": [0.0, 0.0, 0.1, 0.1, 0.0, 0.0, 0.1, 0.1, 0.1, 0.1, 0.1, 0.1, 0.1, 0.0, 0.1, 0.1, 0.1, 0.3, 0.3, 0.2, 0.2, 0.2, 0.2, 0.1, 0.2, 0.2, 0.2, 0.2, 0.2, 0.3, 0.1, 0.2, 0.2, 0.2, 0.2, 0.1, 0.2, 0.2, 0.2, 0.2, 0.2, 0.2, 0.2, 0.2, 0.3, 0.3, 0.3, 0.2, 0.2, 0.2, 0.2, 0.2, 0.2, 0.1, 0.2, 0.4, 0.1, 0.6, 0.2, 0.4, 0.6, 0.8, 0.8, 0.9, 0.7, 0.8, 0.9, 0.8, 0.7, 0.6, 0.6, 0.8, 0.7, 0.6, 0.8, 0.8, 0.7, 0.7, 0.9, 0.8, 0.9, 0.8, 0.9, 0.9, 1.0, 1.0, 1.0, 0.9, 0.9, 0.9, 1.0, 1.0, 1.0, 0.7, 1.0, 1.0, 1.0, 0.9, 0.9, 1.0, 1.0], "seed": 667, "env_seeds": [1279210531, 2533947519, 651333539, 2682199990, 3062084648, 3720096172, 1904366938, 355586718, 802809159, 173678539]}