{"n_seeds": 5, "n_evals_per_seed": 100, "reward_mean": -338.84002685546875, "reward_std": 13.585862159729004, "success_mean": 0.354, "success_std": 0.06542170893518451, "episode_seeds": [1619, 1620, 1621, 1622, 1623], "seed_reward_means": [-356.6499938964844, -342.1400146484375, -324.1300048828125, -344.95001220703125, -326.3299865722656], "seed_success_means": [0.28, 0.34, 0.44, 0.31, 0.4], "reward_matrix": [[-400.0, -340.0, -400.0, -400.0, -400.0, -400.0, -400.0, -400.0, -400.0, -400.0, -138.0, -400.0, -218.0, -400.0, -400.0, -400.0, -200.0, -400.0, -400.0, -293.0, -400.0, -400.0, -400.0, -182.0, -162.0, -306.0, -232.0, -400.0, -400.0, -400.0, -400.0, -400.0, -326.0, -400.0, -286.0, -269.0, -400.0, -400.0, -400.0, -400.0, -400.0, -380.0, -400.0, -297.0, -400.0, -308.0, -160.0, -400.0, -210.0, -400.0, -400.0, -400.0, -400.0, -154.0, -400.0, -400.0, -400.0, -400.0, -400.0, -400.0, -400.0, -362.0, -400.0, -400.0, -194.0, -400.0, -400.0, -261.0, -400.0, -400.0, -230.0, -400.0, -400.0, -203.0, -400.0, -400.0, -274.0, -400.0, -400.0, -400.0, -400.0, -400.0, -400.0, -173.0, -213.0, -400.0, -331.0, -400.0, -400.0, -163.0, -400.0, -400.0, -400.0, -400.0, -400.0, -400.0, -400.0, -400.0, -400.0, -400.0], [-400.0, -242.0, -174.0, -286.0, -269.0, -400.0, -233.0, -400.0, -158.0, -206.0, -400.0, -400.0, -271.0, -400.0, -400.0, -400.0, -400.0, -400.0, -400.0, -171.0, -176.0, -400.0, -400.0, -400.0, -400.0, -212.0, -400.0, -400.0, -400.0, -400.0, -400.0, -400.0, -400.0, -334.0, -400.0, -170.0, -400.0, -400.0, -400.0, -229.0, -400.0, -372.0, -400.0, -400.0, -400.0, -400.0, -400.0, -400.0, -277.0, -400.0, -400.0, -400.0, -400.0, -400.0, -400.0, -206.0, -400.0, -222.0, -400.0, -400.0, -400.0, -400.0, -211.0, -288.0, -166.0, -400.0, -168.0, -400.0, -296.0, -400.0, -153.0, -207.0, -400.0, -400.0, -400.0, -400.0, -400.0, -400.0, -400.0, -400.0, -326.0, -282.0, -400.0, -242.0, -235.0, -400.0, -178.0, -224.0, -400.0, -400.0, -400.0, -210.0, -400.0, -226.0, -400.0, -194.0, -400.0, -400.0, -400.0, -400.0], [-267.0, -186.0, -294.0, -235.0, -201.0, -400.0, -255.0, -400.0, -400.0, -173.0, -182.0, -161.0, -400.0, -400.0, -400.0, -400.0, -400.0, -400.0, -400.0, -245.0, -400.0, -170.0, -400.0, -400.0, -400.0, -217.0, -159.0, -348.0, -400.0, -400.0, -400.0, -400.0, -400.0, -311.0, -400.0, -400.0, -400.0, -225.0, -206.0, -400.0, -256.0, -196.0, -229.0, -400.0, -400.0, -238.0, -400.0, -400.0, -400.0, -281.0, -170.0, -400.0, -161.0, -400.0, -325.0, -400.0, -400.0, -301.0, -400.0, -400.0, -169.0, -166.0, -400.0, -184.0, -258.0, -400.0, -400.0, -400.0, -369.0, -400.0, -182.0, -158.0, -346.0, -224.0, -400.0, -400.0, -400.0, -400.0, -400.0, -400.0, -400.0, -400.0, -311.0, -285.0, -162.0, -174.0, -298.0, -186.0, -400.0, -182.0, -400.0, -400.0, -400.0, -197.0, -400.0, -170.0, -400.0, -400.0, -400.0, -400.0], [-199.0, -400.0, -215.0, -170.0, -181.0, -400.0, -229.0, -165.0, -400.0, -400.0, -222.0, -400.0, -240.0, -269.0, -400.0, -288.0, -400.0, -400.0, -400.0, -400.0, -154.0, -154.0, -314.0, -400.0, -234.0, -400.0, -206.0, -400.0, -400.0, -400.0, -400.0, -400.0, -400.0, -263.0, -400.0, -258.0, -262.0, -400.0, -400.0, -161.0, -400.0, -400.0, -400.0, -400.0, -400.0, -400.0, -400.0, -400.0, -400.0, -400.0, -400.0, -400.0, -400.0, -400.0, -400.0, -400.0, -400.0, -241.0, -400.0, -400.0, -205.0, -275.0, -400.0, -400.0, -400.0, -400.0, -222.0, -400.0, -400.0, -400.0, -400.0, -400.0, -400.0, -400.0, -400.0, -400.0, -238.0, -400.0, -400.0, -400.0, -381.0, -198.0, -194.0, -174.0, -400.0, -400.0, -221.0, -400.0, -212.0, -400.0, -400.0, -400.0, -150.0, -400.0, -400.0, -400.0, -400.0, -400.0, -400.0, -400.0], [-400.0, -201.0, -400.0, -238.0, -400.0, -400.0, -400.0, -378.0, -400.0, -400.0, -163.0, -400.0, -198.0, -201.0, -204.0, -201.0, -400.0, -182.0, -303.0, -143.0, -400.0, -253.0, -400.0, -400.0, -158.0, -400.0, -400.0, -274.0, -400.0, -225.0, -243.0, -400.0, -400.0, -400.0, -400.0, -179.0, -400.0, -400.0, -149.0, -400.0, -189.0, -400.0, -400.0, -400.0, -400.0, -197.0, -400.0, -400.0, -400.0, -400.0, -400.0, -400.0, -400.0, -400.0, -176.0, -400.0, -400.0, -319.0, -185.0, -200.0, -232.0, -400.0, -142.0, -400.0, -179.0, -400.0, -188.0, -182.0, -400.0, -400.0, -400.0, -400.0, -400.0, -258.0, -310.0, -400.0, -400.0, -195.0, -318.0, -400.0, -257.0, -303.0, -154.0, -400.0, -400.0, -400.0, -400.0, -400.0, -400.0, -400.0, -400.0, -400.0, -185.0, -164.0, -400.0, -400.0, -400.0, -218.0, -189.0, -400.0]], "success_matrix": [[false, true, false, false, false, false, false, false, false, false, true, false, true, false, false, false, true, false, false, true, false, false, false, true, true, true, true, false, false, false, false, false, true, false, true, true, false, false, false, false, false, true, false, true, false, true, true, false, true, false, false, false, false, true, false, false, false, false, false, false, false, true, false, false, true, false, false, true, false, false, true, false, false, true, false, false, true, false, false, false, false, false, false, true, true, false, true, false, false, true, false, false, false, false, false, false, false, false, false, false], [false, true, true, true, true, false, true, false, true, true, false, false, true, false, false, false, false, false, false, true, true, false, false, false, false, true, false, false, false, false, false, false, false, true, false, true, false, false, false, true, false, true, false, false, false, false, false, false, true, false, false, false, false, false, false, true, false, true, false, false, false, false, true, true, true, false, true, false, true, false, true, true, false, false, false, false, false, false, false, false, true, true, false, true, true, false, true, true, false, false, false, true, false, true, false, true, false, false, false, false], [true, true, true, true, true, false, true, false, false, true, true, true, false, false, false, false, false, false, false, true, false, true, false, false, false, true, true, true, false, false, false, false, false, true, false, false, false, true, true, false, true, true, true, false, false, true, false, false, false, true, true, false, true, false, true, false, false, true, false, false, true, true, false, true, true, false, false, false, true, false, true, true, true, true, false, false, false, false, false, false, false, false, true, true, true, true, true, true, false, true, false, false, false, true, false, true, false, false, false, false], [true, false, true, true, true, false, true, true, false, false, true, false, true, true, false, true, false, false, false, false, true, true, true, false, true, false, true, false, false, false, false, false, false, true, false, true, true, false, false, true, false, false, false, false, false, false, false, false, false, false, false, false, false, false, false, false, false, true, false, false, true, true, false, false, false, false, true, false, false, false, false, false, false, false, false, false, true, false, false, false, true, true, true, true, false, false, true, false, true, false, false, false, true, false, false, false, false, false, false, false], [false, true, false, true, false, false, false, true, false, false, true, false, true, true, true, true, false, true, true, true, false, true, false, false, true, false, false, true, false, true, true, false, false, false, false, true, false, false, true, false, true, false, false, false, false, true, false, false, false, false, false, false, false, false, true, false, false, true, true, true, true, false, true, false, true, false, true, true, false, false, false, false, false, true, true, false, false, true, true, false, true, true, true, false, false, false, false, false, false, false, false, false, true, true, false, false, false, true, true, false]], "ticket_name": "envs100_samples5000_seed999_20251127_043752_ddim2", "eval_noise_idx": 0, "eval_seed": 1619}