{"n_seeds": 5, "n_evals_per_seed": 100, "reward_mean": -216.2480010986328, "reward_std": 5.472194671630859, "success_mean": 0.696, "success_std": 0.01496662954709574, "episode_seeds": [1619, 1620, 1621, 1622, 1623], "seed_reward_means": [-218.64999389648438, -225.10000610351562, -212.2100067138672, -209.22999572753906, -216.0500030517578], "seed_success_means": [0.7, 0.67, 0.71, 0.71, 0.69], "reward_matrix": [[-183.0, -161.0, -176.0, -300.0, -220.0, -300.0, -140.0, -272.0, -223.0, -300.0, -173.0, -300.0, -300.0, -151.0, -300.0, -300.0, -300.0, -153.0, -212.0, -300.0, -231.0, -131.0, -300.0, -300.0, -247.0, -226.0, -236.0, -151.0, -184.0, -136.0, -163.0, -192.0, -184.0, -179.0, -300.0, -138.0, -300.0, -140.0, -147.0, -300.0, -210.0, -300.0, -172.0, -300.0, -217.0, -259.0, -279.0, -136.0, -300.0, -176.0, -143.0, -183.0, -139.0, -300.0, -300.0, -148.0, -300.0, -185.0, -300.0, -176.0, -192.0, -159.0, -216.0, -205.0, -217.0, -172.0, -147.0, -164.0, -156.0, -179.0, -139.0, -300.0, -300.0, -300.0, -160.0, -223.0, -272.0, -146.0, -176.0, -139.0, -176.0, -158.0, -300.0, -207.0, -300.0, -176.0, -163.0, -229.0, -300.0, -236.0, -300.0, -176.0, -300.0, -180.0, -143.0, -232.0, -140.0, -272.0, -300.0, -143.0], [-147.0, -152.0, -200.0, -260.0, -155.0, -195.0, -300.0, -300.0, -300.0, -168.0, -177.0, -300.0, -250.0, -212.0, -175.0, -300.0, -254.0, -166.0, -164.0, -245.0, -136.0, -176.0, -300.0, -300.0, -256.0, -197.0, -147.0, -192.0, -139.0, -300.0, -300.0, -159.0, -133.0, -168.0, -192.0, -300.0, -300.0, -300.0, -155.0, -163.0, -183.0, -160.0, -300.0, -181.0, -300.0, -300.0, -300.0, -300.0, -183.0, -300.0, -300.0, -196.0, -300.0, -300.0, -203.0, -253.0, -207.0, -147.0, -147.0, -127.0, -191.0, -300.0, -300.0, -218.0, -236.0, -164.0, -300.0, -224.0, -141.0, -176.0, -234.0, -300.0, -300.0, -140.0, -300.0, -279.0, -209.0, -300.0, -221.0, -204.0, -163.0, -259.0, -216.0, -231.0, -263.0, -238.0, -216.0, -300.0, -137.0, -300.0, -195.0, -300.0, -167.0, -131.0, -184.0, -300.0, -141.0, -180.0, -132.0, -300.0], [-176.0, -300.0, -300.0, -253.0, -181.0, -300.0, -300.0, -300.0, -144.0, -144.0, -144.0, -154.0, -191.0, -135.0, -139.0, -155.0, -176.0, -300.0, -144.0, -163.0, -175.0, -300.0, -300.0, -300.0, -296.0, -300.0, -147.0, -300.0, -157.0, -188.0, -155.0, -175.0, -163.0, -289.0, -196.0, -152.0, -143.0, -204.0, -168.0, -218.0, -143.0, -188.0, -171.0, -156.0, -209.0, -208.0, -180.0, -160.0, -300.0, -145.0, -216.0, -197.0, -164.0, -175.0, -221.0, -179.0, -300.0, -159.0, -155.0, -300.0, -143.0, -147.0, -205.0, -217.0, -300.0, -200.0, -148.0, -300.0, -147.0, -300.0, -167.0, -300.0, -170.0, -223.0, -152.0, -300.0, -233.0, -300.0, -169.0, -198.0, -300.0, -168.0, -300.0, -143.0, -247.0, -297.0, -300.0, -161.0, -148.0, -300.0, -160.0, -191.0, -300.0, -148.0, -181.0, -128.0, -300.0, -179.0, -300.0, -300.0], [-168.0, -188.0, -143.0, -300.0, -160.0, -139.0, -171.0, -300.0, -139.0, -300.0, -151.0, -236.0, -300.0, -300.0, -144.0, -151.0, -300.0, -139.0, -168.0, -137.0, -172.0, -160.0, -241.0, -228.0, -200.0, -168.0, -141.0, -300.0, -198.0, -300.0, -121.0, -144.0, -196.0, -300.0, -131.0, -300.0, -133.0, -196.0, -300.0, -300.0, -169.0, -163.0, -300.0, -144.0, -167.0, -151.0, -128.0, -300.0, -199.0, -220.0, -300.0, -300.0, -192.0, -170.0, -227.0, -300.0, -184.0, -300.0, -300.0, -158.0, -228.0, -264.0, -199.0, -180.0, -166.0, -165.0, -198.0, -133.0, -156.0, -300.0, -300.0, -215.0, -135.0, -153.0, -165.0, -300.0, -300.0, -168.0, -143.0, -172.0, -147.0, -300.0, -143.0, -238.0, -300.0, -152.0, -300.0, -159.0, -189.0, -148.0, -300.0, -300.0, -196.0, -135.0, -150.0, -250.0, -144.0, -300.0, -221.0, -176.0], [-300.0, -300.0, -131.0, -300.0, -139.0, -206.0, -171.0, -165.0, -180.0, -147.0, -148.0, -141.0, -156.0, -146.0, -204.0, -155.0, -300.0, -153.0, -300.0, -203.0, -156.0, -300.0, -188.0, -199.0, -151.0, -190.0, -216.0, -300.0, -188.0, -300.0, -143.0, -151.0, -133.0, -231.0, -300.0, -300.0, -196.0, -244.0, -132.0, -147.0, -151.0, -173.0, -124.0, -210.0, -159.0, -143.0, -242.0, -300.0, -204.0, -222.0, -147.0, -214.0, -189.0, -300.0, -300.0, -184.0, -300.0, -300.0, -300.0, -227.0, -300.0, -167.0, -300.0, -192.0, -300.0, -143.0, -300.0, -300.0, -211.0, -159.0, -160.0, -150.0, -300.0, -189.0, -156.0, -300.0, -148.0, -160.0, -163.0, -300.0, -300.0, -300.0, -270.0, -300.0, -300.0, -300.0, -194.0, -170.0, -144.0, -268.0, -300.0, -249.0, -163.0, -152.0, -236.0, -253.0, -182.0, -300.0, -176.0, -151.0]], "success_matrix": [[true, true, true, false, true, false, true, true, true, false, true, false, false, true, false, false, false, true, true, false, true, true, false, false, true, true, true, true, true, true, true, true, true, true, false, true, false, true, true, false, true, false, true, false, true, true, true, true, false, true, true, true, true, false, false, true, false, true, false, true, true, true, true, true, true, true, true, true, true, true, true, false, false, false, true, true, true, true, true, true, true, true, false, true, false, true, true, true, false, true, false, true, false, true, true, true, true, true, false, true], [true, true, true, true, true, true, false, false, false, true, true, false, true, true, true, false, true, true, true, true, true, true, false, false, true, true, true, true, true, false, false, true, true, true, true, false, false, false, true, true, true, true, false, true, false, false, false, false, true, false, false, true, false, false, true, true, true, true, true, true, true, false, false, true, true, true, false, true, true, true, true, false, false, true, false, true, true, false, true, true, true, true, true, true, true, true, true, false, true, false, true, false, true, true, true, false, true, true, true, false], [true, false, false, true, true, false, false, false, true, true, true, true, true, true, true, true, true, false, true, true, true, false, false, false, true, false, true, false, true, true, true, true, true, true, true, true, true, true, true, true, true, true, true, true, true, true, true, true, false, true, true, true, true, true, true, true, false, true, true, false, true, true, true, true, false, true, true, false, true, false, true, false, true, true, true, false, true, false, true, true, false, true, false, true, true, false, false, true, true, false, true, true, false, true, true, true, false, true, false, false], [true, true, true, false, true, true, true, false, true, false, true, true, false, false, true, true, false, true, true, true, true, true, true, true, true, true, true, false, true, false, true, true, true, false, true, false, true, true, false, false, true, true, false, true, true, true, true, false, true, true, false, false, true, true, true, false, true, false, false, true, true, true, true, true, true, true, true, true, true, false, false, true, true, true, true, false, false, true, true, true, true, false, true, true, false, true, false, true, true, true, false, false, true, true, true, true, true, false, true, true], [false, false, true, false, true, true, true, true, true, true, true, true, true, true, true, true, false, true, false, true, true, false, true, true, true, true, true, false, true, false, true, true, true, true, false, false, true, true, true, true, true, true, true, true, true, true, true, false, true, true, true, true, true, false, false, true, false, false, false, true, false, true, false, true, false, true, false, false, true, true, true, true, false, true, true, false, true, true, true, false, false, false, true, false, false, false, true, true, true, true, false, true, true, true, true, true, true, false, true, true]], "ticket_name": "envs100_samples5000_seed999_ddim8_20251130_221846_ddim8", "eval_noise_idx": 8, "eval_seed": 1619}