{"n_seeds": 5, "n_evals_per_seed": 100, "reward_mean": -193.6280059814453, "reward_std": 5.971858024597168, "success_mean": 0.746, "success_std": 0.027018512172212617, "episode_seeds": [1619, 1620, 1621, 1622, 1623], "seed_reward_means": [-184.42999267578125, -193.99000549316406, -198.22000122070312, -199.47999572753906, -192.02000427246094], "seed_success_means": [0.79, 0.74, 0.72, 0.73, 0.75], "reward_matrix": [[-152.0, -300.0, -155.0, -300.0, -151.0, -156.0, -300.0, -143.0, -135.0, -300.0, -178.0, -144.0, -143.0, -300.0, -140.0, -211.0, -300.0, -151.0, -174.0, -147.0, -135.0, -195.0, -129.0, -299.0, -140.0, -154.0, -147.0, -127.0, -166.0, -300.0, -127.0, -175.0, -140.0, -127.0, -146.0, -300.0, -231.0, -168.0, -174.0, -300.0, -163.0, -300.0, -147.0, -179.0, -132.0, -135.0, -143.0, -151.0, -137.0, -127.0, -123.0, -132.0, -134.0, -144.0, -138.0, -181.0, -300.0, -129.0, -300.0, -200.0, -189.0, -300.0, -132.0, -136.0, -142.0, -131.0, -138.0, -139.0, -131.0, -176.0, -300.0, -300.0, -182.0, -300.0, -155.0, -167.0, -147.0, -262.0, -162.0, -300.0, -144.0, -158.0, -153.0, -247.0, -149.0, -162.0, -143.0, -162.0, -148.0, -132.0, -137.0, -151.0, -146.0, -147.0, -123.0, -158.0, -300.0, -300.0, -300.0, -139.0], [-131.0, -300.0, -300.0, -300.0, -300.0, -141.0, -142.0, -300.0, -300.0, -155.0, -140.0, -159.0, -144.0, -300.0, -144.0, -151.0, -138.0, -177.0, -243.0, -136.0, -300.0, -189.0, -300.0, -147.0, -131.0, -300.0, -123.0, -170.0, -300.0, -300.0, -300.0, -139.0, -227.0, -235.0, -160.0, -139.0, -300.0, -167.0, -146.0, -180.0, -178.0, -162.0, -155.0, -158.0, -300.0, -149.0, -147.0, -300.0, -154.0, -205.0, -300.0, -132.0, -156.0, -300.0, -163.0, -300.0, -128.0, -151.0, -131.0, -127.0, -131.0, -300.0, -155.0, -158.0, -159.0, -127.0, -209.0, -143.0, -127.0, -151.0, -166.0, -154.0, -300.0, -127.0, -136.0, -183.0, -155.0, -157.0, -131.0, -156.0, -166.0, -160.0, -158.0, -300.0, -139.0, -152.0, -162.0, -145.0, -300.0, -300.0, -159.0, -194.0, -139.0, -300.0, -155.0, -166.0, -230.0, -123.0, -300.0, -176.0], [-135.0, -300.0, -141.0, -162.0, -135.0, -152.0, -158.0, -172.0, -123.0, -300.0, -300.0, -206.0, -262.0, -151.0, -123.0, -300.0, -256.0, -155.0, -300.0, -132.0, -184.0, -300.0, -140.0, -164.0, -248.0, -163.0, -167.0, -145.0, -139.0, -186.0, -166.0, -300.0, -139.0, -143.0, -137.0, -300.0, -187.0, -144.0, -142.0, -136.0, -300.0, -167.0, -154.0, -169.0, -137.0, -132.0, -151.0, -300.0, -156.0, -153.0, -135.0, -139.0, -300.0, -300.0, -132.0, -128.0, -300.0, -199.0, -300.0, -142.0, -171.0, -191.0, -171.0, -140.0, -300.0, -166.0, -300.0, -160.0, -131.0, -152.0, -185.0, -129.0, -300.0, -300.0, -300.0, -150.0, -131.0, -300.0, -135.0, -300.0, -300.0, -173.0, -129.0, -300.0, -137.0, -159.0, -300.0, -300.0, -300.0, -300.0, -160.0, -141.0, -300.0, -185.0, -162.0, -255.0, -167.0, -147.0, -172.0, -136.0], [-220.0, -159.0, -190.0, -167.0, -160.0, -123.0, -132.0, -300.0, -300.0, -280.0, -166.0, -128.0, -300.0, -300.0, -218.0, -171.0, -300.0, -123.0, -187.0, -300.0, -183.0, -166.0, -155.0, -151.0, -135.0, -135.0, -123.0, -152.0, -154.0, -145.0, -300.0, -167.0, -190.0, -146.0, -143.0, -170.0, -300.0, -148.0, -151.0, -300.0, -147.0, -169.0, -300.0, -203.0, -175.0, -300.0, -300.0, -300.0, -300.0, -300.0, -300.0, -145.0, -127.0, -131.0, -285.0, -300.0, -189.0, -153.0, -131.0, -143.0, -146.0, -143.0, -300.0, -187.0, -162.0, -140.0, -137.0, -300.0, -300.0, -300.0, -186.0, -158.0, -199.0, -195.0, -131.0, -133.0, -167.0, -147.0, -300.0, -183.0, -300.0, -136.0, -300.0, -196.0, -300.0, -162.0, -157.0, -170.0, -182.0, -161.0, -300.0, -150.0, -300.0, -138.0, -150.0, -182.0, -187.0, -149.0, -139.0, -139.0], [-153.0, -167.0, -123.0, -140.0, -300.0, -166.0, -143.0, -123.0, -149.0, -120.0, -184.0, -131.0, -205.0, -218.0, -158.0, -166.0, -140.0, -133.0, -159.0, -162.0, -146.0, -133.0, -168.0, -166.0, -300.0, -139.0, -171.0, -147.0, -159.0, -300.0, -300.0, -175.0, -300.0, -139.0, -300.0, -162.0, -234.0, -139.0, -123.0, -127.0, -142.0, -207.0, -300.0, -150.0, -146.0, -300.0, -158.0, -137.0, -300.0, -128.0, -300.0, -150.0, -205.0, -300.0, -205.0, -135.0, -129.0, -300.0, -134.0, -300.0, -132.0, -139.0, -140.0, -163.0, -300.0, -131.0, -300.0, -186.0, -180.0, -300.0, -151.0, -300.0, -300.0, -131.0, -135.0, -300.0, -128.0, -300.0, -219.0, -164.0, -300.0, -300.0, -163.0, -155.0, -137.0, -300.0, -186.0, -199.0, -300.0, -159.0, -194.0, -162.0, -159.0, -300.0, -148.0, -135.0, -143.0, -203.0, -143.0, -123.0]], "success_matrix": [[true, false, true, false, true, true, false, true, true, false, true, true, true, false, true, true, false, true, true, true, true, true, true, false, true, true, true, true, true, false, true, true, true, true, true, false, true, true, true, false, true, false, true, true, true, true, true, true, true, true, true, true, true, true, true, true, false, true, false, true, true, false, true, true, true, true, true, true, true, true, false, false, true, false, true, true, true, true, true, false, true, true, true, true, true, true, true, true, true, true, true, true, true, true, true, true, false, false, false, true], [true, false, false, false, false, true, true, false, false, true, true, true, true, false, true, true, true, true, true, true, false, true, false, true, true, false, true, true, false, false, false, true, true, true, true, true, false, true, true, true, true, true, true, true, false, true, true, false, true, true, false, true, true, false, true, false, true, true, true, true, true, false, true, true, true, true, true, true, true, true, true, true, false, true, true, true, true, true, true, true, true, true, true, false, true, true, true, true, false, false, true, true, true, false, true, true, true, true, false, true], [true, false, true, true, true, true, true, true, true, false, false, true, true, true, true, false, true, true, false, true, true, false, true, true, true, true, true, true, true, true, true, false, true, true, true, false, true, true, true, true, false, true, true, true, true, true, true, false, true, true, true, true, false, false, true, true, false, true, false, true, true, true, true, true, false, true, false, true, true, true, true, true, false, false, false, true, true, false, true, false, false, true, true, false, true, true, false, false, false, false, true, true, false, true, true, true, true, true, true, true], [true, true, true, true, true, true, true, false, false, true, true, true, false, false, true, true, false, true, true, false, true, true, true, true, true, true, true, true, true, true, false, true, true, true, true, true, false, true, true, false, true, true, false, true, true, false, false, false, false, false, false, true, true, true, true, false, true, true, true, true, true, true, false, true, true, true, true, false, false, false, true, true, true, true, true, true, true, true, false, true, false, true, false, true, false, true, true, true, true, true, false, true, false, true, true, true, true, true, true, true], [true, true, true, true, false, true, true, true, true, true, true, true, true, true, true, true, true, true, true, true, true, true, true, true, false, true, true, true, true, false, false, true, false, true, false, true, true, true, true, true, true, true, false, true, true, false, true, true, false, true, false, true, true, false, true, true, true, false, true, false, true, true, true, true, false, true, false, true, true, false, true, false, false, true, true, false, true, false, true, true, false, false, true, true, true, false, true, true, false, true, true, true, true, false, true, true, true, true, true, true]], "ticket_name": "zo_envs10_iter500_cand2_lambda2.0_seed666_ddim2_20251215_221847/seed_675", "eval_noise_idx": 0, "eval_seed": 1619}