{"n_seeds": 5, "n_evals_per_seed": 100, "reward_mean": -100.97799682617188, "reward_std": 13.057234764099121, "success_mean": 0.8280000000000001, "success_std": 0.05718391382198318, "episode_seeds": [1619, 1620, 1621, 1622, 1623], "seed_reward_means": [-112.66000366210938, -110.27999877929688, -87.23999786376953, -86.30999755859375, -108.4000015258789], "seed_success_means": [0.78, 0.79, 0.88, 0.9, 0.79], "reward_matrix": [[-68.0, -61.0, -300.0, -59.0, -64.0, -52.0, -58.0, -52.0, -63.0, -62.0, -59.0, -60.0, -52.0, -65.0, -54.0, -300.0, -64.0, -63.0, -63.0, -300.0, -300.0, -55.0, -72.0, -49.0, -300.0, -53.0, -64.0, -65.0, -62.0, -57.0, -53.0, -300.0, -300.0, -298.0, -168.0, -64.0, -55.0, -300.0, -300.0, -300.0, -56.0, -300.0, -59.0, -300.0, -300.0, -59.0, -67.0, -60.0, -55.0, -54.0, -52.0, -69.0, -55.0, -300.0, -51.0, -52.0, -55.0, -300.0, -59.0, -58.0, -60.0, -69.0, -57.0, -300.0, -52.0, -53.0, -59.0, -73.0, -55.0, -56.0, -56.0, -55.0, -60.0, -51.0, -55.0, -52.0, -51.0, -57.0, -61.0, -62.0, -63.0, -57.0, -56.0, -60.0, -61.0, -61.0, -49.0, -300.0, -300.0, -300.0, -300.0, -55.0, -67.0, -57.0, -52.0, -300.0, -71.0, -48.0, -61.0, -59.0], [-56.0, -51.0, -49.0, -104.0, -300.0, -59.0, -50.0, -59.0, -300.0, -300.0, -62.0, -99.0, -54.0, -300.0, -300.0, -83.0, -60.0, -48.0, -52.0, -52.0, -300.0, -56.0, -61.0, -55.0, -52.0, -59.0, -300.0, -68.0, -59.0, -56.0, -56.0, -55.0, -50.0, -64.0, -55.0, -52.0, -53.0, -300.0, -55.0, -60.0, -300.0, -300.0, -59.0, -61.0, -78.0, -64.0, -56.0, -53.0, -300.0, -300.0, -69.0, -53.0, -56.0, -300.0, -73.0, -57.0, -57.0, -55.0, -60.0, -51.0, -59.0, -56.0, -56.0, -52.0, -52.0, -300.0, -52.0, -68.0, -60.0, -60.0, -300.0, -48.0, -69.0, -300.0, -65.0, -300.0, -56.0, -300.0, -64.0, -300.0, -71.0, -60.0, -56.0, -56.0, -49.0, -75.0, -68.0, -300.0, -63.0, -68.0, -63.0, -71.0, -300.0, -60.0, -68.0, -67.0, -64.0, -47.0, -52.0, -47.0], [-51.0, -72.0, -63.0, -65.0, -300.0, -67.0, -73.0, -60.0, -60.0, -58.0, -56.0, -61.0, -55.0, -53.0, -60.0, -55.0, -60.0, -49.0, -72.0, -61.0, -53.0, -64.0, -53.0, -60.0, -300.0, -71.0, -300.0, -56.0, -55.0, -60.0, -56.0, -61.0, -63.0, -52.0, -51.0, -64.0, -60.0, -60.0, -300.0, -54.0, -62.0, -72.0, -56.0, -52.0, -300.0, -60.0, -64.0, -55.0, -64.0, -63.0, -52.0, -56.0, -55.0, -55.0, -55.0, -61.0, -50.0, -61.0, -58.0, -61.0, -300.0, -55.0, -52.0, -64.0, -48.0, -60.0, -60.0, -68.0, -51.0, -51.0, -300.0, -46.0, -55.0, -300.0, -57.0, -64.0, -48.0, -58.0, -300.0, -56.0, -300.0, -300.0, -55.0, -61.0, -63.0, -57.0, -55.0, -51.0, -48.0, -64.0, -300.0, -57.0, -50.0, -67.0, -59.0, -55.0, -64.0, -63.0, -57.0, -49.0], [-300.0, -53.0, -300.0, -92.0, -46.0, -83.0, -61.0, -63.0, -67.0, -68.0, -56.0, -67.0, -51.0, -65.0, -72.0, -49.0, -73.0, -300.0, -63.0, -52.0, -56.0, -51.0, -58.0, -53.0, -91.0, -300.0, -300.0, -53.0, -58.0, -59.0, -56.0, -53.0, -49.0, -56.0, -300.0, -59.0, -77.0, -300.0, -56.0, -61.0, -75.0, -63.0, -53.0, -69.0, -166.0, -56.0, -61.0, -79.0, -52.0, -300.0, -52.0, -71.0, -60.0, -49.0, -72.0, -78.0, -71.0, -57.0, -300.0, -60.0, -69.0, -56.0, -65.0, -70.0, -52.0, -60.0, -76.0, -63.0, -52.0, -55.0, -59.0, -50.0, -52.0, -88.0, -52.0, -55.0, -298.0, -55.0, -68.0, -52.0, -60.0, -63.0, -64.0, -55.0, -65.0, -51.0, -64.0, -59.0, -52.0, -54.0, -56.0, -73.0, -57.0, -49.0, -63.0, -76.0, -60.0, -54.0, -57.0, -81.0], [-56.0, -50.0, -59.0, -65.0, -300.0, -61.0, -53.0, -49.0, -48.0, -300.0, -56.0, -54.0, -300.0, -59.0, -300.0, -64.0, -50.0, -64.0, -52.0, -64.0, -300.0, -52.0, -63.0, -49.0, -64.0, -52.0, -64.0, -58.0, -300.0, -48.0, -56.0, -300.0, -61.0, -61.0, -60.0, -55.0, -48.0, -68.0, -56.0, -65.0, -56.0, -300.0, -56.0, -53.0, -57.0, -300.0, -299.0, -297.0, -51.0, -300.0, -300.0, -300.0, -52.0, -51.0, -56.0, -73.0, -300.0, -63.0, -49.0, -69.0, -60.0, -56.0, -48.0, -300.0, -59.0, -49.0, -87.0, -300.0, -59.0, -59.0, -66.0, -56.0, -48.0, -56.0, -300.0, -51.0, -55.0, -300.0, -56.0, -56.0, -53.0, -65.0, -55.0, -300.0, -57.0, -78.0, -59.0, -54.0, -52.0, -63.0, -55.0, -51.0, -63.0, -50.0, -57.0, -64.0, -300.0, -52.0, -58.0, -67.0]], "success_matrix": [[true, true, false, true, true, true, true, true, true, true, true, true, true, true, true, false, true, true, true, false, false, true, true, true, false, true, true, true, true, true, true, false, false, false, true, true, true, false, false, false, true, false, true, false, false, true, true, true, true, true, true, true, true, false, true, true, true, false, true, true, true, true, true, false, true, true, true, true, true, true, true, true, true, true, true, true, true, true, true, true, true, true, true, true, true, true, true, false, false, false, false, true, true, true, true, false, true, true, true, true], [true, true, true, true, false, true, true, true, false, false, true, true, true, false, false, true, true, true, true, true, false, true, true, true, true, true, false, true, true, true, true, true, true, true, true, true, true, false, true, true, false, false, true, true, true, true, true, true, false, false, true, true, true, false, true, true, true, true, true, true, true, true, true, true, true, false, true, true, true, true, false, true, true, false, true, false, true, false, true, false, true, true, true, true, true, true, true, false, true, true, true, true, false, true, true, true, true, true, true, true], [true, true, true, true, false, true, true, true, true, true, true, true, true, true, true, true, true, true, true, true, true, true, true, true, false, true, false, true, true, true, true, true, true, true, true, true, true, true, false, true, true, true, true, true, false, true, true, true, true, true, true, true, true, true, true, true, true, true, true, true, false, true, true, true, true, true, true, true, true, true, false, true, true, false, true, true, true, true, false, true, false, false, true, true, true, true, true, true, true, true, false, true, true, true, true, true, true, true, true, true], [false, true, false, true, true, true, true, true, true, true, true, true, true, true, true, true, true, false, true, true, true, true, true, true, true, false, false, true, true, true, true, true, true, true, false, true, true, false, true, true, true, true, true, true, true, true, true, true, true, false, true, true, true, true, true, true, true, true, false, true, true, true, true, true, true, true, true, true, true, true, true, true, true, true, true, true, false, true, true, true, true, true, true, true, true, true, true, true, true, true, true, true, true, true, true, true, true, true, true, true], [true, true, true, true, false, true, true, true, true, false, true, true, false, true, false, true, true, true, true, true, false, true, true, true, true, true, true, true, false, true, true, false, true, true, true, true, true, true, true, true, true, false, true, true, true, false, false, false, true, false, false, false, true, true, true, true, false, true, true, true, true, true, true, false, true, true, true, false, true, true, true, true, true, true, false, true, true, false, true, true, true, true, true, false, true, true, true, true, true, true, true, true, true, true, true, true, false, true, true, true]], "ticket_name": "zo_envs10_iter500_cand2_lambda2.0_seed666_ddim2_20251215_221920/seed_667", "eval_noise_idx": 0, "eval_seed": 1619}