{"n_seeds": 5, "n_evals_per_seed": 100, "reward_mean": -78.06400299072266, "reward_std": 5.079866886138916, "success_mean": 0.9460000000000001, "success_std": 0.023021728866442645, "episode_seeds": [1619, 1620, 1621, 1622, 1623], "seed_reward_means": [-82.13999938964844, -83.44000244140625, -72.27999877929688, -73.2699966430664, -79.19000244140625], "seed_success_means": [0.93, 0.92, 0.97, 0.97, 0.94], "reward_matrix": [[-58.0, -300.0, -71.0, -59.0, -57.0, -58.0, -115.0, -57.0, -65.0, -64.0, -65.0, -61.0, -55.0, -71.0, -53.0, -57.0, -56.0, -300.0, -60.0, -52.0, -54.0, -300.0, -87.0, -55.0, -297.0, -53.0, -64.0, -66.0, -129.0, -56.0, -53.0, -76.0, -82.0, -151.0, -84.0, -60.0, -61.0, -55.0, -108.0, -55.0, -56.0, -63.0, -56.0, -67.0, -96.0, -61.0, -68.0, -71.0, -57.0, -68.0, -56.0, -68.0, -67.0, -300.0, -60.0, -51.0, -57.0, -68.0, -65.0, -59.0, -60.0, -73.0, -56.0, -68.0, -68.0, -61.0, -60.0, -72.0, -300.0, -56.0, -62.0, -54.0, -53.0, -53.0, -300.0, -63.0, -60.0, -55.0, -58.0, -61.0, -62.0, -59.0, -53.0, -52.0, -61.0, -166.0, -54.0, -62.0, -62.0, -75.0, -54.0, -80.0, -64.0, -57.0, -67.0, -61.0, -69.0, -57.0, -57.0, -55.0], [-51.0, -56.0, -300.0, -64.0, -88.0, -67.0, -53.0, -56.0, -59.0, -64.0, -68.0, -82.0, -60.0, -88.0, -62.0, -84.0, -58.0, -73.0, -62.0, -62.0, -300.0, -51.0, -67.0, -52.0, -56.0, -300.0, -67.0, -61.0, -56.0, -64.0, -57.0, -60.0, -60.0, -56.0, -53.0, -61.0, -68.0, -68.0, -55.0, -60.0, -71.0, -163.0, -56.0, -58.0, -84.0, -65.0, -60.0, -57.0, -300.0, -72.0, -60.0, -60.0, -300.0, -65.0, -71.0, -59.0, -55.0, -55.0, -56.0, -57.0, -300.0, -60.0, -50.0, -60.0, -67.0, -84.0, -60.0, -60.0, -65.0, -60.0, -300.0, -56.0, -85.0, -64.0, -74.0, -56.0, -56.0, -60.0, -104.0, -54.0, -61.0, -59.0, -58.0, -57.0, -56.0, -135.0, -58.0, -55.0, -51.0, -64.0, -56.0, -96.0, -300.0, -58.0, -77.0, -56.0, -60.0, -48.0, -57.0, -54.0], [-71.0, -66.0, -56.0, -300.0, -73.0, -64.0, -64.0, -64.0, -66.0, -60.0, -54.0, -59.0, -69.0, -57.0, -55.0, -60.0, -64.0, -61.0, -60.0, -70.0, -64.0, -70.0, -59.0, -64.0, -300.0, -176.0, -295.0, -58.0, -65.0, -68.0, -65.0, -56.0, -170.0, -59.0, -52.0, -222.0, -56.0, -65.0, -72.0, -64.0, -59.0, -58.0, -57.0, -53.0, -55.0, -56.0, -68.0, -57.0, -52.0, -60.0, -62.0, -53.0, -54.0, -55.0, -57.0, -65.0, -73.0, -54.0, -60.0, -56.0, -64.0, -56.0, -53.0, -64.0, -49.0, -64.0, -71.0, -60.0, -64.0, -52.0, -101.0, -52.0, -56.0, -75.0, -62.0, -68.0, -48.0, -58.0, -74.0, -59.0, -80.0, -69.0, -57.0, -59.0, -59.0, -54.0, -54.0, -56.0, -60.0, -60.0, -66.0, -57.0, -60.0, -68.0, -57.0, -51.0, -61.0, -63.0, -74.0, -56.0], [-62.0, -53.0, -55.0, -75.0, -56.0, -87.0, -63.0, -55.0, -73.0, -57.0, -58.0, -69.0, -63.0, -64.0, -60.0, -67.0, -68.0, -71.0, -62.0, -58.0, -62.0, -67.0, -79.0, -60.0, -77.0, -58.0, -63.0, -52.0, -55.0, -70.0, -52.0, -64.0, -56.0, -49.0, -86.0, -52.0, -99.0, -53.0, -53.0, -181.0, -70.0, -75.0, -54.0, -87.0, -85.0, -63.0, -60.0, -59.0, -55.0, -55.0, -300.0, -67.0, -64.0, -56.0, -62.0, -60.0, -53.0, -62.0, -300.0, -64.0, -60.0, -57.0, -60.0, -63.0, -52.0, -63.0, -60.0, -62.0, -61.0, -59.0, -60.0, -199.0, -55.0, -71.0, -53.0, -51.0, -63.0, -60.0, -62.0, -52.0, -55.0, -57.0, -60.0, -67.0, -60.0, -55.0, -59.0, -58.0, -65.0, -108.0, -56.0, -300.0, -73.0, -52.0, -137.0, -76.0, -58.0, -57.0, -61.0, -75.0], [-54.0, -173.0, -56.0, -63.0, -63.0, -53.0, -56.0, -55.0, -56.0, -162.0, -57.0, -59.0, -64.0, -61.0, -63.0, -300.0, -57.0, -56.0, -54.0, -300.0, -59.0, -66.0, -61.0, -57.0, -67.0, -60.0, -61.0, -60.0, -63.0, -62.0, -70.0, -75.0, -66.0, -71.0, -63.0, -60.0, -57.0, -85.0, -72.0, -61.0, -51.0, -300.0, -58.0, -56.0, -63.0, -59.0, -52.0, -58.0, -55.0, -60.0, -66.0, -300.0, -59.0, -56.0, -68.0, -60.0, -64.0, -61.0, -57.0, -101.0, -59.0, -55.0, -49.0, -59.0, -60.0, -52.0, -260.0, -57.0, -51.0, -300.0, -63.0, -60.0, -54.0, -53.0, -56.0, -56.0, -64.0, -65.0, -54.0, -57.0, -59.0, -73.0, -78.0, -64.0, -54.0, -72.0, -48.0, -55.0, -59.0, -62.0, -80.0, -55.0, -54.0, -56.0, -56.0, -59.0, -56.0, -300.0, -68.0, -65.0]], "success_matrix": [[true, false, true, true, true, true, true, true, true, true, true, true, true, true, true, true, true, false, true, true, true, false, true, true, false, true, true, true, true, true, true, true, true, true, true, true, true, true, true, true, true, true, true, true, true, true, true, true, true, true, true, true, true, false, true, true, true, true, true, true, true, true, true, true, true, true, true, true, false, true, true, true, true, true, false, true, true, true, true, true, true, true, true, true, true, true, true, true, true, true, true, true, true, true, true, true, true, true, true, true], [true, true, false, true, true, true, true, true, true, true, true, true, true, true, true, true, true, true, true, true, false, true, true, true, true, false, true, true, true, true, true, true, true, true, true, true, true, true, true, true, true, true, true, true, true, true, true, true, false, true, true, true, false, true, true, true, true, true, true, true, false, true, true, true, true, true, true, true, true, true, false, true, true, true, true, true, true, true, true, true, true, true, true, true, true, true, true, true, true, true, true, true, false, true, true, true, true, true, true, true], [true, true, true, false, true, true, true, true, true, true, true, true, true, true, true, true, true, true, true, true, true, true, true, true, false, true, false, true, true, true, true, true, true, true, true, true, true, true, true, true, true, true, true, true, true, true, true, true, true, true, true, true, true, true, true, true, true, true, true, true, true, true, true, true, true, true, true, true, true, true, true, true, true, true, true, true, true, true, true, true, true, true, true, true, true, true, true, true, true, true, true, true, true, true, true, true, true, true, true, true], [true, true, true, true, true, true, true, true, true, true, true, true, true, true, true, true, true, true, true, true, true, true, true, true, true, true, true, true, true, true, true, true, true, true, true, true, true, true, true, true, true, true, true, true, true, true, true, true, true, true, false, true, true, true, true, true, true, true, false, true, true, true, true, true, true, true, true, true, true, true, true, true, true, true, true, true, true, true, true, true, true, true, true, true, true, true, true, true, true, true, true, false, true, true, true, true, true, true, true, true], [true, true, true, true, true, true, true, true, true, true, true, true, true, true, true, false, true, true, true, false, true, true, true, true, true, true, true, true, true, true, true, true, true, true, true, true, true, true, true, true, true, false, true, true, true, true, true, true, true, true, true, false, true, true, true, true, true, true, true, true, true, true, true, true, true, true, true, true, true, false, true, true, true, true, true, true, true, true, true, true, true, true, true, true, true, true, true, true, true, true, true, true, true, true, true, true, true, false, true, true]], "ticket_name": "zo_envs10_iter500_cand2_lambda2.0_seed666_ddim2_20251215_221920/seed_671", "eval_noise_idx": 0, "eval_seed": 1619}