{
  "n_noise_indices": 3,
  "eval_indices": [
    0,
    1,
    2
  ],
  "reward_mean_across_indices": -200.7053426106771,
  "reward_std_across_indices": 12.983330243557903,
  "success_mean_across_indices": 0.7073333333333333,
  "success_std_across_indices": 0.08764321612842227,
  "per_index_results": {
    "0": {
      "reward_mean": -185.71600341796875,
      "reward_std": 6.985599517822266,
      "success_mean": 0.808,
      "success_std": 0.046647615158762396
    },
    "1": {
      "reward_mean": -207.96200561523438,
      "reward_std": 7.611765384674072,
      "success_mean": 0.648,
      "success_std": 0.03867815921162744
    },
    "2": {
      "reward_mean": -208.43801879882812,
      "reward_std": 7.649878978729248,
      "success_mean": 0.666,
      "success_std": 0.039293765408777
    }
  }
}