{"n_seeds": 5, "n_evals_per_seed": 100, "reward_mean": -115.78800201416016, "reward_std": 11.066186904907227, "success_mean": 0.7619999999999999, "success_std": 0.04604345773288536, "episode_seeds": [1619, 1620, 1621, 1622, 1623], "seed_reward_means": [-118.16000366210938, -125.94000244140625, -104.12999725341797, -104.29000091552734, -126.41999816894531], "seed_success_means": [0.75, 0.72, 0.82, 0.8, 0.72], "reward_matrix": [[-48.0, -42.0, -300.0, -300.0, -48.0, -47.0, -300.0, -45.0, -300.0, -58.0, -54.0, -55.0, -44.0, -59.0, -45.0, -42.0, -52.0, -300.0, -48.0, -78.0, -300.0, -44.0, -64.0, -44.0, -300.0, -300.0, -52.0, -300.0, -207.0, -44.0, -43.0, -50.0, -47.0, -55.0, -55.0, -46.0, -69.0, -44.0, -69.0, -60.0, -47.0, -300.0, -300.0, -48.0, -66.0, -300.0, -54.0, -245.0, -44.0, -300.0, -51.0, -52.0, -300.0, -300.0, -48.0, -50.0, -48.0, -46.0, -68.0, -300.0, -57.0, -43.0, -49.0, -300.0, -300.0, -49.0, -54.0, -300.0, -152.0, -300.0, -63.0, -300.0, -51.0, -46.0, -48.0, -42.0, -60.0, -51.0, -46.0, -51.0, -43.0, -58.0, -45.0, -42.0, -300.0, -61.0, -55.0, -59.0, -55.0, -300.0, -42.0, -67.0, -300.0, -81.0, -47.0, -43.0, -47.0, -300.0, -42.0, -42.0], [-300.0, -46.0, -300.0, -52.0, -103.0, -48.0, -66.0, -52.0, -300.0, -300.0, -48.0, -53.0, -45.0, -300.0, -45.0, -48.0, -50.0, -300.0, -49.0, -49.0, -300.0, -47.0, -57.0, -48.0, -300.0, -300.0, -300.0, -55.0, -63.0, -80.0, -263.0, -43.0, -51.0, -300.0, -85.0, -300.0, -55.0, -51.0, -54.0, -48.0, -300.0, -57.0, -300.0, -51.0, -47.0, -52.0, -50.0, -147.0, -300.0, -300.0, -46.0, -53.0, -300.0, -300.0, -300.0, -43.0, -55.0, -46.0, -51.0, -300.0, -108.0, -43.0, -41.0, -48.0, -68.0, -300.0, -67.0, -59.0, -300.0, -131.0, -300.0, -46.0, -61.0, -300.0, -47.0, -300.0, -47.0, -48.0, -47.0, -44.0, -44.0, -60.0, -47.0, -59.0, -57.0, -300.0, -300.0, -42.0, -41.0, -46.0, -48.0, -57.0, -57.0, -46.0, -51.0, -50.0, -42.0, -38.0, -52.0, -300.0], [-295.0, -54.0, -66.0, -300.0, -50.0, -50.0, -47.0, -47.0, -300.0, -54.0, -44.0, -43.0, -46.0, -103.0, -43.0, -207.0, -300.0, -44.0, -54.0, -49.0, -47.0, -116.0, -49.0, -181.0, -300.0, -231.0, -300.0, -135.0, -300.0, -300.0, -49.0, -300.0, -65.0, -53.0, -44.0, -61.0, -46.0, -51.0, -50.0, -52.0, -42.0, -47.0, -43.0, -75.0, -44.0, -47.0, -47.0, -45.0, -300.0, -54.0, -50.0, -41.0, -47.0, -45.0, -48.0, -46.0, -52.0, -47.0, -45.0, -42.0, -65.0, -45.0, -51.0, -54.0, -50.0, -74.0, -300.0, -48.0, -151.0, -42.0, -183.0, -56.0, -46.0, -300.0, -300.0, -49.0, -40.0, -300.0, -62.0, -48.0, -300.0, -50.0, -57.0, -300.0, -50.0, -55.0, -43.0, -53.0, -45.0, -46.0, -50.0, -60.0, -300.0, -62.0, -300.0, -41.0, -51.0, -59.0, -47.0, -47.0], [-300.0, -46.0, -300.0, -300.0, -50.0, -67.0, -51.0, -46.0, -60.0, -47.0, -53.0, -300.0, -49.0, -53.0, -55.0, -51.0, -300.0, -300.0, -60.0, -48.0, -46.0, -51.0, -50.0, -48.0, -56.0, -88.0, -300.0, -300.0, -300.0, -52.0, -56.0, -50.0, -51.0, -43.0, -54.0, -47.0, -55.0, -47.0, -74.0, -55.0, -300.0, -59.0, -47.0, -51.0, -55.0, -65.0, -51.0, -48.0, -43.0, -44.0, -296.0, -52.0, -56.0, -44.0, -59.0, -47.0, -58.0, -73.0, -300.0, -300.0, -43.0, -46.0, -59.0, -46.0, -60.0, -300.0, -300.0, -300.0, -46.0, -48.0, -52.0, -52.0, -44.0, -54.0, -54.0, -47.0, -54.0, -50.0, -49.0, -44.0, -45.0, -49.0, -52.0, -54.0, -42.0, -100.0, -58.0, -300.0, -49.0, -72.0, -43.0, -57.0, -56.0, -45.0, -233.0, -63.0, -300.0, -300.0, -300.0, -56.0], [-51.0, -151.0, -300.0, -50.0, -300.0, -44.0, -45.0, -44.0, -45.0, -179.0, -300.0, -47.0, -300.0, -300.0, -300.0, -65.0, -47.0, -51.0, -44.0, -300.0, -300.0, -46.0, -47.0, -79.0, -64.0, -300.0, -300.0, -300.0, -48.0, -48.0, -67.0, -46.0, -300.0, -59.0, -41.0, -300.0, -47.0, -56.0, -51.0, -43.0, -46.0, -220.0, -47.0, -45.0, -300.0, -49.0, -44.0, -66.0, -43.0, -300.0, -50.0, -300.0, -42.0, -300.0, -46.0, -47.0, -299.0, -50.0, -44.0, -53.0, -46.0, -51.0, -43.0, -46.0, -300.0, -42.0, -180.0, -300.0, -42.0, -300.0, -52.0, -137.0, -300.0, -297.0, -300.0, -51.0, -45.0, -300.0, -55.0, -69.0, -52.0, -52.0, -57.0, -49.0, -45.0, -55.0, -53.0, -43.0, -300.0, -58.0, -51.0, -43.0, -48.0, -45.0, -300.0, -48.0, -67.0, -300.0, -72.0, -52.0]], "success_matrix": [[true, true, false, false, true, true, false, true, false, true, true, true, true, true, true, true, true, false, true, true, false, true, true, true, false, false, true, false, true, true, true, true, true, true, true, true, true, true, true, true, true, false, false, true, true, false, true, true, true, false, true, true, false, false, true, true, true, true, true, false, true, true, true, false, false, true, true, false, true, false, true, false, true, true, true, true, true, true, true, true, true, true, true, true, false, true, true, true, true, false, true, true, false, true, true, true, true, false, true, true], [false, true, false, true, true, true, true, true, false, false, true, true, true, false, true, true, true, false, true, true, false, true, true, true, false, false, false, true, true, true, true, true, true, false, true, false, true, true, true, true, false, true, false, true, true, true, true, true, false, false, true, true, false, false, false, true, true, true, true, false, true, true, true, true, true, false, true, true, false, true, false, true, true, false, true, false, true, true, true, true, true, true, true, true, true, false, false, true, true, true, true, true, true, true, true, true, true, true, true, false], [false, true, true, false, true, true, true, true, false, true, true, true, true, true, true, true, false, true, true, true, true, true, true, true, false, true, false, true, false, false, true, false, true, true, true, true, true, true, true, true, true, true, true, true, true, true, true, true, false, true, true, true, true, true, true, true, true, true, true, true, true, true, true, true, true, true, false, true, true, true, true, true, true, false, false, true, true, false, true, true, false, true, true, false, true, true, true, true, true, true, true, true, false, true, false, true, true, true, true, true], [false, true, false, false, true, true, true, true, true, true, true, false, true, true, true, true, false, false, true, true, true, true, true, true, true, true, false, false, false, true, true, true, true, true, true, true, true, true, true, true, false, true, true, true, true, true, true, true, true, true, false, true, true, true, true, true, true, true, false, false, true, true, true, true, true, false, false, false, true, true, true, true, true, true, true, true, true, true, true, true, true, true, true, true, true, true, true, false, true, true, true, true, true, true, true, true, false, false, false, true], [true, true, false, true, false, true, true, true, true, true, false, true, false, false, false, true, true, true, true, false, false, true, true, true, true, false, false, false, true, true, true, true, false, true, true, false, true, true, true, true, true, true, true, true, false, true, true, true, true, false, true, false, true, false, true, true, false, true, true, true, true, true, true, true, false, true, true, false, true, false, true, true, false, false, false, true, true, false, true, true, true, true, true, true, true, true, true, true, false, true, true, true, true, true, false, true, true, false, true, true]], "ticket_name": "zo_envs10_iter100_cand10_lambda0.5_seed666_ddim8_20251212_061251/seed_673", "eval_noise_idx": 0, "eval_seed": 1619}