{"n_seeds": 5, "n_evals_per_seed": 100, "reward_mean": -232.4219970703125, "reward_std": 5.263054370880127, "success_mean": 0.304, "success_std": 0.019493588689617928, "episode_seeds": [1619, 1620, 1621, 1622, 1623], "seed_reward_means": [-229.72000122070312, -240.3000030517578, -226.08999633789062, -233.5800018310547, -232.4199981689453], "seed_success_means": [0.33, 0.29, 0.31, 0.28, 0.31], "reward_matrix": [[-300.0, -43.0, -39.0, -42.0, -43.0, -300.0, -43.0, -300.0, -43.0, -300.0, -46.0, -300.0, -300.0, -232.0, -300.0, -300.0, -300.0, -203.0, -300.0, -300.0, -300.0, -235.0, -300.0, -300.0, -300.0, -300.0, -66.0, -300.0, -300.0, -171.0, -296.0, -289.0, -300.0, -300.0, -300.0, -300.0, -300.0, -40.0, -300.0, -300.0, -300.0, -42.0, -193.0, -64.0, -300.0, -300.0, -300.0, -300.0, -172.0, -300.0, -300.0, -182.0, -106.0, -300.0, -300.0, -46.0, -42.0, -300.0, -300.0, -300.0, -300.0, -46.0, -299.0, -300.0, -300.0, -300.0, -300.0, -300.0, -71.0, -300.0, -300.0, -300.0, -300.0, -44.0, -43.0, -48.0, -300.0, -300.0, -98.0, -300.0, -300.0, -300.0, -44.0, -300.0, -300.0, -300.0, -43.0, -300.0, -300.0, -300.0, -300.0, -300.0, -300.0, -207.0, -300.0, -300.0, -44.0, -300.0, -67.0, -40.0], [-300.0, -46.0, -300.0, -44.0, -300.0, -300.0, -300.0, -44.0, -39.0, -43.0, -126.0, -300.0, -40.0, -300.0, -300.0, -256.0, -251.0, -300.0, -58.0, -300.0, -295.0, -300.0, -300.0, -298.0, -300.0, -300.0, -300.0, -130.0, -300.0, -300.0, -300.0, -39.0, -300.0, -300.0, -299.0, -300.0, -52.0, -300.0, -300.0, -44.0, -300.0, -300.0, -43.0, -103.0, -300.0, -42.0, -300.0, -298.0, -300.0, -300.0, -59.0, -300.0, -300.0, -300.0, -300.0, -43.0, -300.0, -300.0, -300.0, -300.0, -300.0, -300.0, -300.0, -285.0, -300.0, -300.0, -300.0, -300.0, -300.0, -300.0, -300.0, -300.0, -284.0, -300.0, -300.0, -300.0, -40.0, -38.0, -64.0, -300.0, -63.0, -300.0, -300.0, -300.0, -300.0, -167.0, -300.0, -300.0, -300.0, -43.0, -300.0, -300.0, -300.0, -202.0, -52.0, -300.0, -300.0, -300.0, -300.0, -300.0], [-300.0, -115.0, -300.0, -39.0, -300.0, -300.0, -300.0, -300.0, -202.0, -43.0, -48.0, -300.0, -44.0, -300.0, -300.0, -300.0, -294.0, -300.0, -179.0, -300.0, -73.0, -52.0, -300.0, -299.0, -300.0, -300.0, -300.0, -300.0, -300.0, -39.0, -72.0, -42.0, -300.0, -300.0, -101.0, -300.0, -42.0, -300.0, -300.0, -160.0, -300.0, -300.0, -40.0, -300.0, -39.0, -300.0, -40.0, -300.0, -300.0, -300.0, -300.0, -300.0, -300.0, -300.0, -44.0, -300.0, -300.0, -43.0, -300.0, -39.0, -40.0, -300.0, -300.0, -300.0, -300.0, -51.0, -300.0, -46.0, -300.0, -39.0, -300.0, -300.0, -300.0, -300.0, -300.0, -300.0, -300.0, -300.0, -300.0, -44.0, -300.0, -300.0, -297.0, -300.0, -300.0, -300.0, -300.0, -40.0, -300.0, -40.0, -300.0, -300.0, -300.0, -44.0, -41.0, -300.0, -298.0, -40.0, -300.0, -300.0], [-42.0, -300.0, -300.0, -300.0, -300.0, -44.0, -300.0, -300.0, -300.0, -300.0, -300.0, -59.0, -300.0, -94.0, -295.0, -300.0, -43.0, -300.0, -294.0, -300.0, -300.0, -300.0, -300.0, -300.0, -300.0, -43.0, -300.0, -42.0, -300.0, -92.0, -300.0, -300.0, -168.0, -299.0, -300.0, -300.0, -300.0, -300.0, -300.0, -300.0, -203.0, -300.0, -35.0, -300.0, -300.0, -300.0, -300.0, -46.0, -38.0, -297.0, -300.0, -300.0, -37.0, -300.0, -300.0, -46.0, -300.0, -300.0, -300.0, -300.0, -300.0, -35.0, -71.0, -300.0, -300.0, -41.0, -300.0, -300.0, -43.0, -43.0, -43.0, -300.0, -146.0, -300.0, -300.0, -300.0, -297.0, -44.0, -300.0, -300.0, -300.0, -300.0, -74.0, -56.0, -300.0, -299.0, -300.0, -300.0, -300.0, -300.0, -300.0, -300.0, -60.0, -42.0, -300.0, -300.0, -47.0, -300.0, -300.0, -300.0], [-300.0, -300.0, -38.0, -47.0, -300.0, -44.0, -300.0, -300.0, -300.0, -300.0, -300.0, -59.0, -44.0, -300.0, -300.0, -48.0, -300.0, -300.0, -300.0, -300.0, -300.0, -300.0, -188.0, -300.0, -55.0, -300.0, -40.0, -43.0, -298.0, -297.0, -239.0, -300.0, -39.0, -300.0, -300.0, -40.0, -300.0, -239.0, -300.0, -44.0, -40.0, -300.0, -55.0, -300.0, -300.0, -295.0, -300.0, -300.0, -39.0, -300.0, -300.0, -300.0, -184.0, -300.0, -39.0, -207.0, -300.0, -51.0, -300.0, -47.0, -300.0, -297.0, -300.0, -39.0, -300.0, -40.0, -295.0, -300.0, -300.0, -295.0, -263.0, -299.0, -300.0, -300.0, -300.0, -300.0, -300.0, -300.0, -300.0, -298.0, -43.0, -300.0, -300.0, -300.0, -300.0, -300.0, -300.0, -300.0, -300.0, -300.0, -300.0, -300.0, -114.0, -40.0, -114.0, -46.0, -300.0, -300.0, -300.0, -300.0]], "success_matrix": [[false, true, true, true, true, false, true, false, true, false, true, false, false, true, false, false, false, true, false, false, false, true, false, false, false, false, true, false, false, true, false, false, false, false, false, false, false, true, false, false, false, true, true, true, false, false, false, false, true, false, false, true, true, false, false, true, true, false, false, false, false, true, false, false, false, false, false, false, true, false, false, false, false, true, true, true, false, false, true, false, false, false, true, false, false, false, true, false, false, false, false, false, false, true, false, false, true, false, true, true], [false, true, false, true, false, false, false, true, true, true, true, false, true, false, false, true, true, false, true, false, false, false, false, false, false, false, false, true, false, false, false, true, false, false, false, false, true, false, false, true, false, false, true, true, false, true, false, false, false, false, true, false, false, false, false, true, false, false, false, false, false, false, false, true, false, false, false, false, false, false, false, false, true, false, false, false, true, true, true, false, true, false, false, false, false, true, false, false, false, true, false, false, false, true, true, false, false, false, false, false], [false, true, false, true, false, false, false, false, true, true, true, false, true, false, false, false, false, false, true, false, true, true, false, false, false, false, false, false, false, true, true, true, false, false, true, false, true, false, false, true, false, false, true, false, true, false, true, false, false, false, false, false, false, false, true, false, false, true, false, true, true, false, false, false, false, true, false, true, false, true, false, false, false, false, false, false, false, false, false, true, false, false, false, false, false, false, false, true, false, true, false, false, false, true, true, false, false, true, false, false], [true, false, false, false, false, true, false, false, false, false, false, true, false, true, false, false, true, false, false, false, false, false, false, false, false, true, false, true, false, true, false, false, true, false, false, false, false, false, false, false, true, false, true, false, false, false, false, true, true, false, false, false, true, false, false, true, false, false, false, false, false, true, true, false, false, true, false, false, true, true, true, false, true, false, false, false, false, true, false, false, false, false, true, true, false, false, false, false, false, false, false, false, true, true, false, false, true, false, false, false], [false, false, true, true, false, true, false, false, false, false, false, true, true, false, false, true, false, false, false, false, false, false, true, false, true, false, true, true, false, false, true, false, true, false, false, true, false, true, false, true, true, false, true, false, false, false, false, false, true, false, false, false, true, false, true, true, false, true, false, true, false, false, false, true, false, true, false, false, false, false, true, false, false, false, false, false, false, false, false, false, true, false, false, false, false, false, false, false, false, false, false, false, true, true, true, true, false, false, false, false]], "ticket_name": "zo_envs10_iter100_cand10_lambda5.0_seed666_ddim8_20251213_184024/seed_666", "eval_noise_idx": 0, "eval_seed": 1619}