{"n_seeds": 5, "n_evals_per_seed": 100, "reward_mean": -108.9939956665039, "reward_std": 10.019733428955078, "success_mean": 0.8620000000000001, "success_std": 0.02588435821108959, "episode_seeds": [1619, 1620, 1621, 1622, 1623], "seed_reward_means": [-122.22000122070312, -108.19000244140625, -112.33000183105469, -107.8499984741211, -94.37999725341797], "seed_success_means": [0.83, 0.86, 0.85, 0.87, 0.9], "reward_matrix": [[-76.0, -63.0, -51.0, -56.0, -119.0, -67.0, -248.0, -60.0, -66.0, -80.0, -71.0, -72.0, -63.0, -124.0, -59.0, -68.0, -68.0, -63.0, -120.0, -300.0, -300.0, -56.0, -110.0, -58.0, -300.0, -52.0, -56.0, -156.0, -66.0, -60.0, -51.0, -300.0, -300.0, -300.0, -140.0, -300.0, -68.0, -66.0, -300.0, -148.0, -72.0, -56.0, -55.0, -56.0, -300.0, -56.0, -101.0, -84.0, -115.0, -300.0, -67.0, -107.0, -64.0, -300.0, -55.0, -85.0, -60.0, -59.0, -84.0, -98.0, -130.0, -138.0, -84.0, -300.0, -66.0, -80.0, -300.0, -271.0, -223.0, -63.0, -70.0, -58.0, -67.0, -54.0, -51.0, -75.0, -62.0, -79.0, -63.0, -300.0, -59.0, -79.0, -99.0, -300.0, -68.0, -74.0, -123.0, -116.0, -90.0, -300.0, -59.0, -300.0, -64.0, -86.0, -283.0, -52.0, -126.0, -48.0, -59.0, -48.0], [-48.0, -52.0, -47.0, -300.0, -300.0, -68.0, -56.0, -80.0, -50.0, -63.0, -62.0, -79.0, -71.0, -300.0, -70.0, -92.0, -300.0, -55.0, -71.0, -69.0, -300.0, -51.0, -82.0, -76.0, -55.0, -139.0, -91.0, -132.0, -75.0, -104.0, -67.0, -56.0, -67.0, -59.0, -60.0, -74.0, -60.0, -87.0, -95.0, -300.0, -74.0, -71.0, -300.0, -72.0, -95.0, -74.0, -76.0, -89.0, -48.0, -72.0, -83.0, -67.0, -64.0, -64.0, -147.0, -62.0, -68.0, -56.0, -60.0, -115.0, -105.0, -56.0, -47.0, -68.0, -300.0, -300.0, -76.0, -91.0, -79.0, -71.0, -47.0, -56.0, -251.0, -47.0, -240.0, -300.0, -56.0, -63.0, -99.0, -52.0, -72.0, -300.0, -300.0, -67.0, -55.0, -86.0, -75.0, -56.0, -51.0, -113.0, -131.0, -72.0, -300.0, -60.0, -135.0, -300.0, -72.0, -47.0, -56.0, -47.0], [-300.0, -84.0, -298.0, -51.0, -76.0, -89.0, -100.0, -67.0, -79.0, -300.0, -64.0, -63.0, -67.0, -79.0, -63.0, -84.0, -300.0, -51.0, -184.0, -76.0, -76.0, -91.0, -84.0, -68.0, -56.0, -95.0, -300.0, -87.0, -111.0, -78.0, -68.0, -55.0, -91.0, -283.0, -51.0, -92.0, -80.0, -300.0, -300.0, -84.0, -62.0, -60.0, -72.0, -115.0, -60.0, -67.0, -91.0, -79.0, -48.0, -60.0, -85.0, -63.0, -71.0, -53.0, -59.0, -86.0, -83.0, -67.0, -64.0, -55.0, -64.0, -55.0, -52.0, -72.0, -62.0, -68.0, -68.0, -120.0, -300.0, -300.0, -84.0, -47.0, -60.0, -300.0, -66.0, -79.0, -47.0, -81.0, -99.0, -83.0, -300.0, -87.0, -300.0, -79.0, -68.0, -78.0, -64.0, -300.0, -58.0, -71.0, -300.0, -300.0, -247.0, -152.0, -66.0, -46.0, -71.0, -87.0, -72.0, -55.0], [-83.0, -60.0, -300.0, -300.0, -56.0, -96.0, -77.0, -58.0, -92.0, -144.0, -300.0, -87.0, -83.0, -68.0, -72.0, -73.0, -191.0, -56.0, -119.0, -60.0, -60.0, -63.0, -153.0, -66.0, -92.0, -79.0, -300.0, -64.0, -55.0, -300.0, -52.0, -68.0, -60.0, -52.0, -99.0, -55.0, -82.0, -48.0, -79.0, -71.0, -112.0, -68.0, -300.0, -82.0, -136.0, -68.0, -48.0, -63.0, -135.0, -51.0, -56.0, -107.0, -71.0, -63.0, -179.0, -55.0, -63.0, -300.0, -44.0, -83.0, -59.0, -72.0, -72.0, -76.0, -55.0, -71.0, -67.0, -70.0, -75.0, -99.0, -300.0, -83.0, -63.0, -300.0, -87.0, -58.0, -63.0, -72.0, -64.0, -55.0, -88.0, -82.0, -63.0, -120.0, -55.0, -124.0, -75.0, -59.0, -108.0, -80.0, -59.0, -120.0, -67.0, -78.0, -121.0, -300.0, -68.0, -300.0, -300.0, -300.0], [-56.0, -83.0, -64.0, -139.0, -300.0, -60.0, -92.0, -55.0, -51.0, -171.0, -58.0, -52.0, -72.0, -64.0, -56.0, -71.0, -64.0, -60.0, -56.0, -55.0, -48.0, -84.0, -119.0, -48.0, -63.0, -55.0, -66.0, -56.0, -66.0, -55.0, -104.0, -300.0, -72.0, -107.0, -59.0, -60.0, -63.0, -67.0, -103.0, -60.0, -56.0, -232.0, -79.0, -52.0, -60.0, -55.0, -59.0, -300.0, -60.0, -300.0, -76.0, -300.0, -53.0, -47.0, -52.0, -142.0, -53.0, -68.0, -59.0, -300.0, -64.0, -79.0, -51.0, -59.0, -64.0, -58.0, -142.0, -63.0, -48.0, -54.0, -300.0, -300.0, -55.0, -63.0, -300.0, -64.0, -64.0, -59.0, -76.0, -71.0, -52.0, -59.0, -115.0, -64.0, -51.0, -62.0, -67.0, -60.0, -300.0, -84.0, -103.0, -60.0, -62.0, -63.0, -55.0, -72.0, -79.0, -51.0, -143.0, -65.0]], "success_matrix": [[true, true, true, true, true, true, true, true, true, true, true, true, true, true, true, true, true, true, true, false, false, true, true, true, false, true, true, true, true, true, true, false, false, false, true, false, true, true, false, true, true, true, true, true, false, true, true, true, true, false, true, true, true, false, true, true, true, true, true, true, true, true, true, false, true, true, false, true, true, true, true, true, true, true, true, true, true, true, true, false, true, true, true, false, true, true, true, true, true, false, true, false, true, true, true, true, true, true, true, true], [true, true, true, false, false, true, true, true, true, true, true, true, true, false, true, true, false, true, true, true, false, true, true, true, true, true, true, true, true, true, true, true, true, true, true, true, true, true, true, false, true, true, false, true, true, true, true, true, true, true, true, true, true, true, true, true, true, true, true, true, true, true, true, true, false, false, true, true, true, true, true, true, true, true, true, false, true, true, true, true, true, false, false, true, true, true, true, true, true, true, true, true, false, true, true, false, true, true, true, true], [false, true, false, true, true, true, true, true, true, false, true, true, true, true, true, true, false, true, true, true, true, true, true, true, true, true, false, true, true, true, true, true, true, true, true, true, true, false, false, true, true, true, true, true, true, true, true, true, true, true, true, true, true, true, true, true, true, true, true, true, true, true, true, true, true, true, true, true, false, false, true, true, true, false, true, true, true, true, true, true, false, true, false, true, true, true, true, false, true, true, false, false, true, true, true, true, true, true, true, true], [true, true, false, false, true, true, true, true, true, true, false, true, true, true, true, true, true, true, true, true, true, true, true, true, true, true, false, true, true, false, true, true, true, true, true, true, true, true, true, true, true, true, false, true, true, true, true, true, true, true, true, true, true, true, true, true, true, false, true, true, true, true, true, true, true, true, true, true, true, true, false, true, true, false, true, true, true, true, true, true, true, true, true, true, true, true, true, true, true, true, true, true, true, true, true, false, true, false, false, false], [true, true, true, true, false, true, true, true, true, true, true, true, true, true, true, true, true, true, true, true, true, true, true, true, true, true, true, true, true, true, true, false, true, true, true, true, true, true, true, true, true, true, true, true, true, true, true, false, true, false, true, false, true, true, true, true, true, true, true, false, true, true, true, true, true, true, true, true, true, true, false, false, true, true, false, true, true, true, true, true, true, true, true, true, true, true, true, true, false, true, true, true, true, true, true, true, true, true, true, true]], "ticket_name": "zo_envs10_iter100_cand10_lambda2.0_seed666_ddim8_20251212_061609/seed_667", "eval_noise_idx": 0, "eval_seed": 1619}