{"n_seeds": 5, "n_evals_per_seed": 100, "reward_mean": -211.11398315429688, "reward_std": 5.240837097167969, "success_mean": 0.704, "success_std": 0.017435595774162666, "episode_seeds": [1619, 1620, 1621, 1622, 1623], "seed_reward_means": [-213.72999572753906, -220.07000732421875, -209.17999267578125, -206.0800018310547, -206.50999450683594], "seed_success_means": [0.72, 0.67, 0.71, 0.71, 0.71], "reward_matrix": [[-175.0, -155.0, -176.0, -300.0, -228.0, -300.0, -134.0, -252.0, -193.0, -300.0, -300.0, -203.0, -219.0, -143.0, -232.0, -180.0, -300.0, -300.0, -177.0, -243.0, -223.0, -128.0, -300.0, -300.0, -167.0, -243.0, -212.0, -147.0, -168.0, -300.0, -159.0, -184.0, -168.0, -151.0, -300.0, -138.0, -300.0, -129.0, -152.0, -213.0, -204.0, -300.0, -164.0, -300.0, -199.0, -171.0, -184.0, -300.0, -300.0, -168.0, -140.0, -159.0, -138.0, -249.0, -300.0, -144.0, -300.0, -154.0, -300.0, -168.0, -193.0, -300.0, -176.0, -200.0, -155.0, -167.0, -147.0, -156.0, -148.0, -180.0, -300.0, -195.0, -300.0, -300.0, -159.0, -192.0, -233.0, -146.0, -168.0, -300.0, -168.0, -157.0, -278.0, -197.0, -300.0, -300.0, -163.0, -207.0, -300.0, -190.0, -236.0, -168.0, -300.0, -176.0, -139.0, -208.0, -136.0, -262.0, -300.0, -139.0], [-144.0, -140.0, -188.0, -247.0, -143.0, -300.0, -300.0, -300.0, -300.0, -300.0, -165.0, -268.0, -188.0, -196.0, -166.0, -250.0, -300.0, -152.0, -155.0, -219.0, -132.0, -160.0, -300.0, -263.0, -191.0, -183.0, -147.0, -187.0, -131.0, -300.0, -300.0, -155.0, -125.0, -160.0, -176.0, -300.0, -300.0, -300.0, -156.0, -156.0, -300.0, -160.0, -300.0, -170.0, -300.0, -262.0, -300.0, -300.0, -180.0, -223.0, -300.0, -187.0, -300.0, -300.0, -192.0, -300.0, -186.0, -140.0, -143.0, -119.0, -165.0, -210.0, -300.0, -300.0, -211.0, -152.0, -253.0, -220.0, -139.0, -180.0, -215.0, -195.0, -300.0, -136.0, -207.0, -246.0, -199.0, -300.0, -197.0, -233.0, -163.0, -300.0, -200.0, -300.0, -208.0, -173.0, -220.0, -300.0, -129.0, -300.0, -186.0, -300.0, -160.0, -131.0, -175.0, -300.0, -146.0, -153.0, -300.0, -300.0], [-149.0, -300.0, -236.0, -191.0, -167.0, -300.0, -300.0, -300.0, -136.0, -140.0, -140.0, -140.0, -188.0, -126.0, -135.0, -152.0, -229.0, -300.0, -136.0, -155.0, -168.0, -300.0, -300.0, -183.0, -300.0, -229.0, -139.0, -254.0, -161.0, -184.0, -156.0, -175.0, -163.0, -250.0, -190.0, -132.0, -144.0, -165.0, -160.0, -203.0, -139.0, -184.0, -163.0, -152.0, -201.0, -185.0, -176.0, -148.0, -300.0, -135.0, -180.0, -192.0, -300.0, -172.0, -174.0, -155.0, -300.0, -151.0, -152.0, -300.0, -136.0, -300.0, -194.0, -231.0, -300.0, -196.0, -300.0, -300.0, -144.0, -300.0, -156.0, -140.0, -300.0, -231.0, -148.0, -300.0, -199.0, -300.0, -149.0, -151.0, -300.0, -300.0, -226.0, -134.0, -224.0, -233.0, -300.0, -151.0, -148.0, -300.0, -300.0, -171.0, -300.0, -143.0, -180.0, -300.0, -300.0, -176.0, -300.0, -222.0], [-162.0, -184.0, -143.0, -300.0, -300.0, -135.0, -159.0, -300.0, -300.0, -300.0, -152.0, -159.0, -300.0, -300.0, -129.0, -148.0, -300.0, -135.0, -164.0, -300.0, -164.0, -159.0, -212.0, -231.0, -167.0, -171.0, -135.0, -300.0, -182.0, -213.0, -117.0, -144.0, -192.0, -300.0, -125.0, -300.0, -125.0, -196.0, -300.0, -300.0, -167.0, -300.0, -300.0, -140.0, -300.0, -147.0, -120.0, -300.0, -198.0, -205.0, -300.0, -300.0, -181.0, -161.0, -234.0, -237.0, -180.0, -279.0, -176.0, -156.0, -195.0, -159.0, -137.0, -300.0, -168.0, -163.0, -300.0, -129.0, -148.0, -300.0, -300.0, -220.0, -135.0, -146.0, -132.0, -172.0, -300.0, -166.0, -140.0, -168.0, -136.0, -242.0, -140.0, -204.0, -300.0, -148.0, -300.0, -163.0, -233.0, -144.0, -300.0, -300.0, -145.0, -135.0, -148.0, -239.0, -140.0, -166.0, -196.0, -167.0], [-300.0, -244.0, -127.0, -300.0, -135.0, -187.0, -167.0, -145.0, -168.0, -139.0, -141.0, -148.0, -152.0, -142.0, -300.0, -156.0, -300.0, -162.0, -300.0, -197.0, -156.0, -152.0, -176.0, -184.0, -148.0, -175.0, -300.0, -300.0, -184.0, -300.0, -143.0, -143.0, -136.0, -195.0, -300.0, -172.0, -188.0, -205.0, -131.0, -143.0, -151.0, -300.0, -120.0, -300.0, -155.0, -144.0, -204.0, -300.0, -204.0, -300.0, -140.0, -192.0, -189.0, -300.0, -227.0, -175.0, -300.0, -300.0, -300.0, -184.0, -194.0, -164.0, -300.0, -192.0, -167.0, -139.0, -300.0, -225.0, -177.0, -155.0, -156.0, -146.0, -300.0, -188.0, -152.0, -300.0, -144.0, -156.0, -162.0, -300.0, -300.0, -300.0, -245.0, -300.0, -300.0, -300.0, -151.0, -157.0, -140.0, -228.0, -300.0, -212.0, -150.0, -148.0, -176.0, -205.0, -183.0, -300.0, -167.0, -146.0]], "success_matrix": [[true, true, true, false, true, false, true, true, true, false, false, true, true, true, true, true, false, false, true, true, true, true, false, false, true, true, true, true, true, false, true, true, true, true, false, true, false, true, true, true, true, false, true, false, true, true, true, false, false, true, true, true, true, true, false, true, false, true, false, true, true, false, true, true, true, true, true, true, true, true, false, true, false, false, true, true, true, true, true, false, true, true, true, true, false, false, true, true, false, true, true, true, false, true, true, true, true, true, false, true], [true, true, true, true, true, false, false, false, false, false, true, true, true, true, true, true, false, true, true, true, true, true, false, true, true, true, true, true, true, false, false, true, true, true, true, false, false, false, true, true, false, true, false, true, false, true, false, false, true, true, false, true, false, false, true, false, true, true, true, true, true, true, false, false, true, true, true, true, true, true, true, true, false, true, true, true, true, false, true, true, true, false, true, false, true, true, true, false, true, false, true, false, true, true, true, false, true, true, false, false], [true, false, true, true, true, false, false, false, true, true, true, true, true, true, true, true, true, false, true, true, true, false, false, true, false, true, true, true, true, true, true, true, true, true, true, true, true, true, true, true, true, true, true, true, true, true, true, true, false, true, true, true, false, true, true, true, false, true, true, false, true, false, true, true, false, true, false, false, true, false, true, true, false, true, true, false, true, false, true, true, false, false, true, true, true, true, false, true, true, false, false, true, false, true, true, false, false, true, false, true], [true, true, true, false, false, true, true, false, false, false, true, true, false, false, true, true, false, true, true, false, true, true, true, true, true, true, true, false, true, true, true, true, true, false, true, false, true, true, false, false, true, false, false, true, false, true, true, false, true, true, false, false, true, true, true, true, true, true, true, true, true, true, true, false, true, true, false, true, true, false, false, true, true, true, true, true, false, true, true, true, true, true, true, true, false, true, false, true, true, true, false, false, true, true, true, true, true, true, true, true], [false, true, true, false, true, true, true, true, true, true, true, true, true, true, false, true, false, true, false, true, true, true, true, true, true, true, false, false, true, false, true, true, true, true, false, true, true, true, true, true, true, false, true, false, true, true, true, false, true, false, true, true, true, false, true, true, false, false, false, true, true, true, false, true, true, true, false, true, true, true, true, true, false, true, true, false, true, true, true, false, false, false, true, false, false, false, true, true, true, true, false, true, true, true, true, true, true, false, true, true]], "ticket_name": "envs100_samples1000_seeds999_1000_1001_1002_1003_1004_1005_1006_1007_1008_ddim8_20251208_041639/seed_999", "eval_noise_idx": 0, "eval_seed": 1619}