{"n_seeds": 5, "n_evals_per_seed": 100, "reward_mean": -297.94610595703125, "reward_std": 13.889336585998535, "success_mean": 0.21000000000000002, "success_std": 0.05916079783099616, "episode_seeds": [1619, 1620, 1621, 1622, 1623], "seed_reward_means": [-319.33026123046875, -303.8685302734375, -288.476318359375, -285.1197204589844, -292.9356689453125], "seed_success_means": [0.12, 0.21, 0.24, 0.28, 0.2], "reward_matrix": [[-360.25347900390625, -369.2667541503906, -372.6722717285156, -373.83233642578125, -249.41099548339844, -374.98876953125, -336.727783203125, -253.34214782714844, -220.13397216796875, -367.0152587890625, -133.43704223632812, -386.56005859375, -371.6236267089844, -377.1731872558594, -377.22967529296875, -324.00164794921875, -125.81893920898438, -313.58447265625, -275.7571716308594, -351.9864196777344, -354.1565856933594, -236.27456665039062, -384.71746826171875, -99.17498016357422, -282.1569519042969, -369.6185607910156, -329.0270080566406, -153.76112365722656, -377.9910888671875, -184.5630340576172, -388.1367492675781, -369.36334228515625, -351.6780700683594, -374.6317138671875, -337.5999450683594, -278.2113952636719, -370.4588623046875, -397.3871765136719, -332.111572265625, -352.1461181640625, -394.0072937011719, -381.05853271484375, -377.26568603515625, -362.44940185546875, -388.7680358886719, -389.2857360839844, -360.99932861328125, -359.99237060546875, -129.95907592773438, -379.1847839355469, -338.17852783203125, -198.75872802734375, -261.1929016113281, -365.1902770996094, -115.43817138671875, -387.3854675292969, -384.8005065917969, -381.3874816894531, -321.6085205078125, -374.098876953125, -292.7796936035156, -371.9534606933594, -376.3511657714844, -295.7427062988281, -347.0938415527344, -318.33038330078125, -291.6679992675781, -367.4804382324219, -292.2023010253906, -358.9252624511719, -379.6492004394531, -390.94940185546875, -346.1087341308594, -373.34075927734375, -397.4974670410156, -315.1612243652344, -216.74484252929688, -245.20999145507812, -351.7601013183594, -329.76141357421875, -243.57455444335938, -384.0539855957031, -119.64755249023438, -209.6423797607422, -372.9183044433594, -321.2132263183594, -278.72589111328125, -342.15008544921875, -139.57762145996094, -326.8846435546875, -391.09259033203125, -371.5673828125, -383.6927490234375, -362.4653015136719, -308.47357177734375, -387.744384765625, -220.5697479248047, -245.84878540039062, -239.2703094482422, -336.2138366699219], [-316.239013671875, -369.00665283203125, -148.71897888183594, -244.5709686279297, -165.44775390625, -381.041748046875, -374.81103515625, -389.7668762207031, -345.2797546386719, -377.1766662597656, -326.7988586425781, -394.9231872558594, -345.47015380859375, -239.46534729003906, -393.68212890625, -161.72483825683594, -127.91140747070312, -366.96588134765625, -363.9556884765625, -183.17164611816406, -111.7611083984375, -128.89894104003906, -358.4831237792969, -311.6564025878906, -373.77960205078125, -297.6978759765625, -357.09014892578125, -378.42498779296875, -382.25927734375, -369.2523193359375, -388.4490966796875, -344.7715759277344, -386.45220947265625, -376.49517822265625, -372.82781982421875, -256.48760986328125, -206.8955078125, -310.3780822753906, -376.9288330078125, -118.51834869384766, -392.169921875, -377.9518127441406, -375.213134765625, -365.39892578125, -374.7325134277344, -184.84307861328125, -377.2464904785156, -378.0462951660156, -318.1162109375, -355.9812316894531, -317.2446594238281, -172.2694854736328, -309.8301696777344, -399.2784118652344, -269.5843505859375, -127.47393798828125, -270.26708984375, -248.5074005126953, -281.0120849609375, -396.9115905761719, -353.02069091796875, -235.06678771972656, -379.80023193359375, -354.1790466308594, -348.3896789550781, -390.6112365722656, -322.27874755859375, -371.3065490722656, -149.83477783203125, -374.09716796875, -375.26031494140625, -114.41584777832031, -381.8580627441406, -372.6592712402344, -334.26055908203125, -267.9266357421875, -330.8982238769531, -189.01417541503906, -380.7102966308594, -313.7240905761719, -274.91937255859375, -138.7996063232422, -362.3042297363281, -357.3454284667969, -200.329345703125, -298.6896057128906, -109.79618835449219, -371.49774169921875, -230.83045959472656, -366.46502685546875, -321.400146484375, -182.4626007080078, -373.4211120605469, -326.002685546875, -315.0864562988281, -113.63955688476562, -365.35711669921875, -158.35232543945312, -395.0035095214844, -270.12158203125], [-126.8739242553711, -329.2636413574219, -160.34156799316406, -260.8449401855469, -369.84722900390625, -387.91961669921875, -344.18389892578125, -370.67193603515625, -276.6524353027344, -244.8978729248047, -183.54771423339844, -246.71417236328125, -287.83843994140625, -376.04254150390625, -224.8543701171875, -293.4317626953125, -372.3352966308594, -355.5928955078125, -385.44317626953125, -328.1009826660156, -186.74024963378906, -250.9674530029297, -330.005859375, -116.51725769042969, -300.20831298828125, -368.6301574707031, -283.02398681640625, -387.1506652832031, -301.72259521484375, -113.31735229492188, -343.3672180175781, -196.92967224121094, -378.6661682128906, -332.0589599609375, -386.9084167480469, -242.2165985107422, -396.7997131347656, -266.73089599609375, -119.74549102783203, -235.45689392089844, -383.3927917480469, -311.9612121582031, -399.63116455078125, -378.66204833984375, -385.5549011230469, -374.6084899902344, -321.7296142578125, -220.7493438720703, -345.90106201171875, -390.5003967285156, -153.5928497314453, -386.3280029296875, -380.4114074707031, -352.9007263183594, -388.3517761230469, -263.455078125, -216.58944702148438, -106.60620880126953, -319.8465576171875, -391.96795654296875, -226.83363342285156, -315.3625183105469, -346.01348876953125, -270.61932373046875, -214.96900939941406, -350.3824157714844, -371.107666015625, -363.6806945800781, -385.55645751953125, -349.9963073730469, -107.40763092041016, -102.47869873046875, -228.0071258544922, -181.23721313476562, -289.8212585449219, -382.27777099609375, -342.96966552734375, -281.4466552734375, -388.2591857910156, -334.15301513671875, -355.4939880371094, -278.7527160644531, -240.56341552734375, -295.74822998046875, -246.72113037109375, -244.9402618408203, -356.5884704589844, -97.07514953613281, -385.95855712890625, -230.08926391601562, -375.0316467285156, -151.78196716308594, -107.53246307373047, -162.80982971191406, -305.4145202636719, -130.84300231933594, -293.61224365234375, -326.0296630859375, -249.23715209960938, -245.52732849121094], [-380.83526611328125, -384.85784912109375, -272.2611999511719, -117.3302230834961, -247.38583374023438, -108.56421661376953, -231.58901977539062, -290.5814208984375, -261.9487609863281, -375.634521484375, -389.2887268066406, -305.52337646484375, -151.62550354003906, -272.96478271484375, -268.4015808105469, -310.73602294921875, -342.22698974609375, -380.4583435058594, -176.09310913085938, -165.43997192382812, -286.3642578125, -118.30240631103516, -215.16375732421875, -389.6112060546875, -127.17669677734375, -354.8566589355469, -253.11343383789062, -112.26445770263672, -375.3382263183594, -386.3387451171875, -119.61087799072266, -375.022216796875, -194.5011444091797, -302.14013671875, -101.23080444335938, -131.35238647460938, -381.2168273925781, -285.7218017578125, -282.408935546875, -247.32667541503906, -348.5743103027344, -281.78173828125, -327.071533203125, -379.0331726074219, -391.3171691894531, -375.1092529296875, -363.97418212890625, -396.1954345703125, -315.4112854003906, -382.6749572753906, -173.55491638183594, -243.44586181640625, -374.35504150390625, -295.6239318847656, -198.9138641357422, -164.07089233398438, -224.9443359375, -372.1192932128906, -229.43862915039062, -336.13604736328125, -255.85948181152344, -224.52969360351562, -277.8198547363281, -290.7137756347656, -375.9311218261719, -392.1161804199219, -144.04629516601562, -359.47991943359375, -107.44824981689453, -276.5715637207031, -328.4221496582031, -240.7930145263672, -167.8495635986328, -336.9665832519531, 