{"n_seeds": 5, "n_evals_per_seed": 100, "reward_mean": -187.36001586914062, "reward_std": 5.8467912673950195, "success_mean": 0.6980000000000001, "success_std": 0.028635642126552677, "episode_seeds": [1619, 1620, 1621, 1622, 1623], "seed_reward_means": [-182.25, -191.5, -184.39999389648438, -195.52999877929688, -183.1199951171875], "seed_success_means": [0.72, 0.68, 0.73, 0.66, 0.7], "reward_matrix": [[-300.0, -300.0, -156.0, -300.0, -300.0, -212.0, -131.0, -119.0, -113.0, -153.0, -173.0, -127.0, -124.0, -125.0, -122.0, -116.0, -164.0, -300.0, -140.0, -128.0, -300.0, -171.0, -113.0, -131.0, -135.0, -300.0, -127.0, -112.0, -159.0, -300.0, -112.0, -141.0, -141.0, -106.0, -132.0, -300.0, -300.0, -149.0, -184.0, -300.0, -164.0, -300.0, -300.0, -262.0, -108.0, -128.0, -116.0, -300.0, -125.0, -111.0, -109.0, -110.0, -112.0, -116.0, -300.0, -225.0, -300.0, -117.0, -300.0, -136.0, -152.0, -300.0, -104.0, -300.0, -115.0, -124.0, -116.0, -121.0, -112.0, -300.0, -157.0, -300.0, -180.0, -148.0, -128.0, -161.0, -127.0, -300.0, -162.0, -300.0, -300.0, -128.0, -116.0, -174.0, -300.0, -197.0, -124.0, -152.0, -113.0, -128.0, -109.0, -115.0, -112.0, -144.0, -112.0, -124.0, -300.0, -300.0, -300.0, -115.0], [-124.0, -131.0, -300.0, -300.0, -300.0, -300.0, -136.0, -300.0, -125.0, -287.0, -300.0, -127.0, -131.0, -300.0, -126.0, -300.0, -115.0, -155.0, -300.0, -115.0, -300.0, -213.0, -300.0, -116.0, -120.0, -177.0, -108.0, -167.0, -300.0, -143.0, -300.0, -123.0, -300.0, -137.0, -300.0, -127.0, -300.0, -221.0, -132.0, -125.0, -300.0, -128.0, -132.0, -300.0, -129.0, -113.0, -125.0, -157.0, -144.0, -182.0, -134.0, -141.0, -117.0, -132.0, -172.0, -121.0, -107.0, -123.0, -112.0, -300.0, -119.0, -300.0, -300.0, -300.0, -300.0, -112.0, -167.0, -132.0, -172.0, -166.0, -144.0, -128.0, -300.0, -112.0, -108.0, -147.0, -148.0, -300.0, -124.0, -138.0, -153.0, -300.0, -159.0, -127.0, -119.0, -134.0, -162.0, -126.0, -300.0, -136.0, -300.0, -179.0, -132.0, -300.0, -140.0, -213.0, -300.0, -103.0, -300.0, -300.0], [-119.0, -300.0, -112.0, -155.0, -116.0, -300.0, -159.0, -258.0, -116.0, -300.0, -136.0, -300.0, -155.0, -300.0, -116.0, -116.0, -116.0, -133.0, -114.0, -131.0, -300.0, -136.0, -170.0, -139.0, -300.0, -152.0, -104.0, -115.0, -122.0, -300.0, -136.0, -300.0, -147.0, -124.0, -114.0, -139.0, -208.0, -300.0, -140.0, -110.0, -139.0, -171.0, -132.0, -157.0, -113.0, -110.0, -241.0, -149.0, -300.0, -300.0, -114.0, -120.0, -119.0, -300.0, -116.0, -124.0, -125.0, -121.0, -116.0, -134.0, -112.0, -272.0, -174.0, -152.0, -154.0, -300.0, -300.0, -151.0, -120.0, -144.0, -300.0, -117.0, -300.0, -262.0, -124.0, -237.0, -119.0, -300.0, -300.0, -300.0, -300.0, -173.0, -113.0, -300.0, -112.0, -124.0, -149.0, -172.0, -164.0, -126.0, -300.0, -154.0, -132.0, -300.0, -143.0, -119.0, -300.0, -300.0, -300.0, -112.0], [-208.0, -163.0, -161.0, -300.0, -300.0, -300.0, -300.0, -124.0, -300.0, -300.0, -132.0, -119.0, -137.0, -300.0, -300.0, -126.0, -300.0, -110.0, -153.0, -300.0, -149.0, -155.0, -131.0, -300.0, -124.0, -115.0, -105.0, -126.0, -141.0, -125.0, -300.0, -300.0, -172.0, -133.0, -300.0, -129.0, -300.0, -300.0, -300.0, -300.0, -136.0, -300.0, -121.0, -300.0, -300.0, -300.0, -300.0, -300.0, -137.0, -117.0, -124.0, -133.0, -116.0, -114.0, -194.0, -135.0, -164.0, -120.0, -300.0, -126.0, -123.0, -119.0, -127.0, -152.0, -230.0, -132.0, -120.0, -125.0, -140.0, -300.0, -300.0, -300.0, -151.0, -300.0, -116.0, -120.0, -300.0, -300.0, -289.0, -134.0, -179.0, -108.0, -178.0, -147.0, -155.0, -172.0, -133.0, -152.0, -300.0, -132.0, -300.0, -112.0, -158.0, -108.0, -122.0, -300.0, -278.0, -124.0, -126.0, -116.0], [-116.0, -132.0, -300.0, -117.0, -300.0, -300.0, -139.0, -151.0, -300.0, -109.0, -147.0, -110.0, -144.0, -300.0, -154.0, -128.0, -300.0, -113.0, -300.0, -152.0, -125.0, -117.0, -300.0, -148.0, -111.0, -124.0, -218.0, -128.0, -165.0, -124.0, -300.0, -136.0, -300.0, -141.0, -119.0, -109.0, -300.0, -128.0, -115.0, -120.0, -120.0, -300.0, -300.0, -126.0, -128.0, -148.0, -143.0, -124.0, -300.0, -120.0, -209.0, -119.0, -172.0, -300.0, -160.0, -300.0, -121.0, -300.0, -300.0, -300.0, -120.0, -128.0, -124.0, -156.0, -118.0, -115.0, -300.0, -300.0, -153.0, -299.0, -124.0, -147.0, -151.0, -107.0, -125.0, -300.0, -137.0, -128.0, -154.0, -133.0, -300.0, -300.0, -143.0, -131.0, -300.0, -133.0, -300.0, -142.0, -127.0, -122.0, -300.0, -132.0, -135.0, -124.0, -300.0, -116.0, -118.0, -300.0, -128.0, -112.0]], "success_matrix": [[false, false, true, false, false, true, true, true, true, true, true, true, true, true, true, true, true, false, true, true, false, true, true, true, true, false, true, true, true, false, true, true, true, true, true, false, false, true, true, false, true, false, false, true, true, true, true, false, true, true, true, true, true, true, false, true, false, true, false, true, true, false, true, false, true, true, true, true, true, false, true, false, true, true, true, true, true, false, true, false, false, true, true, true, false, true, true, true, true, true, true, true, true, true, true, true, false, false, false, true], [true, true, false, false, false, false, true, false, true, true, false, true, true, false, true, false, true, true, false, true, false, true, false, true, true, true, true, true, false, true, false, true, false, true, false, true, false, true, true, true, false, true, true, false, true, true, true, true, true, true, true, true, true, true, true, true, true, true, true, false, true, false, false, false, false, true, true, true, true, true, true, true, false, true, true, true, true, false, true, true, true, false, true, true, true, true, true, true, false, true, false, true, true, false, true, true, false, true, false, false], [true, false, true, true, true, false, true, true, true, false, true, false, true, false, true, true, true, true, true, true, false, true, true, true, false, true, true, true, true, false, true, false, true, true, true, true, true, false, true, true, true, true, true, true, true, true, true, true, false, false, true, true, true, false, true, true, true, true, true, true, true, true, true, true, true, false, false, true, true, true, false, true, false, true, true, true, true, false, false, false, false, true, true, false, true, true, true, true, true, true, false, true, true, false, true, true, false, false, false, true], [true, true, true, false, false, false, false, true, false, false, true, true, true, false, false, true, false, true, true, false, true, true, true, false, true, true, true, true, true, true, false, false, true, true, false, true, false, false, false, false, true, false, true, false, false, false, false, false, true, true, true, true, true, true, true, true, true, true, false, true, true, true, true, true, true, true, true, true, true, false, false, false, true, false, true, true, false, false, true, true, true, true, true, true, true, true, true, true, false, true, false, true, true, true, true, false, true, true, true, true], [true, true, false, true, false, false, true, true, false, true, true, true, true, false, true, true, false, true, false, true, true, true, false, true, true, true, true, true, true, true, false, true, false, true, true, true, false, true, true, true, true, false, false, true, true, true, true, true, false, true, true, true, true, false, true, false, true, false, false, false, true, true, true, true, true, true, false, false, true, false, true, true, true, true, true, false, true, true, true, true, false, false, true, true, false, true, false, true, true, true, false, true, true, true, false, true, true, false, true, true]], "ticket_name": "zo_envs10_iter100_cand10_lambda2.0_seed666_ddim2_20251215_221809/seed_670", "eval_noise_idx": 0, "eval_seed": 1619}