{"n_seeds": 5, "n_evals_per_seed": 100, "reward_mean": -253.38998413085938, "reward_std": 5.659932613372803, "success_mean": 0.508, "success_std": 0.04711687595755897, "episode_seeds": [1619, 1620, 1621, 1622, 1623], "seed_reward_means": [-245.5399932861328, -255.75, -253.2100067138672, -260.9599914550781, -251.49000549316406], "seed_success_means": [0.58, 0.51, 0.49, 0.45, 0.51], "reward_matrix": [[-300.0, -228.0, -229.0, -300.0, -300.0, -211.0, -200.0, -300.0, -300.0, -224.0, -300.0, -300.0, -300.0, -300.0, -177.0, -224.0, -300.0, -300.0, -300.0, -197.0, -223.0, -192.0, -176.0, -213.0, -300.0, -235.0, -300.0, -212.0, -264.0, -201.0, -284.0, -225.0, -235.0, -183.0, -300.0, -204.0, -300.0, -200.0, -192.0, -300.0, -235.0, -300.0, -225.0, -190.0, -189.0, -194.0, -300.0, -300.0, -213.0, -189.0, -220.0, -199.0, -217.0, -300.0, -172.0, -214.0, -185.0, -192.0, -300.0, -243.0, -300.0, -300.0, -171.0, -192.0, -299.0, -300.0, -300.0, -198.0, -219.0, -300.0, -153.0, -213.0, -212.0, -300.0, -300.0, -300.0, -300.0, -218.0, -300.0, -209.0, -188.0, -300.0, -177.0, -300.0, -162.0, -225.0, -298.0, -300.0, -172.0, -300.0, -165.0, -203.0, -176.0, -232.0, -211.0, -300.0, -300.0, -300.0, -300.0, -255.0], [-209.0, -192.0, -228.0, -300.0, -300.0, -300.0, -185.0, -176.0, -180.0, -300.0, -300.0, -300.0, -181.0, -300.0, -300.0, -228.0, -289.0, -220.0, -300.0, -300.0, -300.0, -221.0, -188.0, -177.0, -246.0, -300.0, -199.0, -229.0, -232.0, -154.0, -216.0, -300.0, -275.0, -218.0, -300.0, -300.0, -184.0, -300.0, -300.0, -300.0, -232.0, -227.0, -300.0, -207.0, -195.0, -168.0, -229.0, -300.0, -300.0, -233.0, -254.0, -300.0, -192.0, -300.0, -300.0, -163.0, -175.0, -300.0, -208.0, -300.0, -300.0, -300.0, -300.0, -198.0, -293.0, -196.0, -300.0, -300.0, -223.0, -300.0, -245.0, -261.0, -144.0, -285.0, -176.0, -300.0, -300.0, -300.0, -300.0, -300.0, -206.0, -300.0, -300.0, -300.0, -300.0, -300.0, -300.0, -179.0, -277.0, -214.0, -234.0, -300.0, -300.0, -300.0, -300.0, -225.0, -300.0, -196.0, -213.0, -300.0], [-300.0, -300.0, -202.0, -300.0, -212.0, -225.0, -212.0, -185.0, -213.0, -300.0, -300.0, -196.0, -300.0, -300.0, -215.0, -200.0, -300.0, -300.0, -300.0, -279.0, -300.0, -197.0, -183.0, -300.0, -300.0, -300.0, -190.0, -180.0, -276.0, -300.0, -300.0, -300.0, -300.0, -300.0, -300.0, -300.0, -191.0, -300.0, -222.0, -208.0, -203.0, -300.0, -300.0, -189.0, -277.0, -205.0, -245.0, -300.0, -300.0, -300.0, -300.0, -300.0, -300.0, -300.0, -182.0, -169.0, -176.0, -300.0, -212.0, -176.0, -207.0, -172.0, -300.0, -300.0, -300.0, -300.0, -300.0, -172.0, -206.0, -300.0, -300.0, -209.0, -221.0, -300.0, -210.0, -238.0, -300.0, -213.0, -232.0, -300.0, -300.0, -300.0, -155.0, -300.0, -173.0, -300.0, -193.0, -300.0, -204.0, -193.0, -197.0, -228.0, -189.0, -194.0, -300.0, -300.0, -300.0, -228.0, -300.0, -167.0], [-217.0, -300.0, -225.0, -300.0, -216.0, -212.0, -243.0, -300.0, -192.0, -300.0, -300.0, -200.0, -193.0, -300.0, -226.0, -212.0, -300.0, -209.0, -300.0, -300.0, -300.0, -240.0, -300.0, -273.0, -300.0, -300.0, -216.0, -300.0, -300.0, -300.0, -300.0, -205.0, -225.0, -300.0, -300.0, -291.0, -300.0, -228.0, -300.0, -300.0, -300.0, -204.0, -185.0, -182.0, -300.0, -225.0, -228.0, -300.0, -199.0, -166.0, -239.0, -174.0, -300.0, -300.0, -300.0, -300.0, -300.0, -300.0, -227.0, -300.0, -300.0, -300.0, -204.0, -300.0, -225.0, -300.0, -188.0, -300.0, -300.0, -300.0, -300.0, -300.0, -190.0, -300.0, -300.0, -175.0, -261.0, -300.0, -239.0, -231.0, -300.0, -176.0, -184.0, -300.0, -205.0, -204.0, -197.0, -300.0, -300.0, -257.0, -300.0, -300.0, -300.0, -200.0, -212.0, -300.0, -196.0, -300.0, -300.0, -300.0], [-214.0, -300.0, -204.0, -233.0, -255.0, -173.0, -300.0, -224.0, -300.0, -300.0, -300.0, -189.0, -217.0, -251.0, -209.0, -300.0, -163.0, -172.0, -300.0, -300.0, -300.0, -185.0, -300.0, -300.0, -200.0, -300.0, -300.0, -169.0, -228.0, -243.0, -300.0, -208.0, -300.0, -300.0, -188.0, -188.0, -300.0, -300.0, -239.0, -201.0, -221.0, -300.0, -300.0, -300.0, -300.0, -204.0, -300.0, -181.0, -238.0, -186.0, -300.0, -300.0, -300.0, -220.0, -300.0, -239.0, -196.0, -300.0, -175.0, -300.0, -175.0, -300.0, -172.0, -300.0, -227.0, -209.0, -194.0, -300.0, -300.0, -227.0, -300.0, -300.0, -196.0, -300.0, -223.0, -300.0, -233.0, -202.0, -179.0, -300.0, -300.0, -172.0, -300.0, -300.0, -238.0, -224.0, -236.0, -300.0, -300.0, -300.0, -168.0, -300.0, -300.0, -213.0, -300.0, -300.0, -169.0, -171.0, -300.0, -208.0]], "success_matrix": [[false, true, true, false, false, true, true, false, false, true, false, false, false, false, true, true, false, false, false, true, true, true, true, true, false, true, false, true, true, true, true, true, true, true, false, true, false, true, true, false, true, false, true, true, true, true, false, false, true, true, true, true, true, false, true, true, true, true, false, true, false, false, true, true, false, false, false, true, true, false, true, true, true, false, false, false, false, true, false, true, true, false, true, false, true, true, false, false, true, false, true, true, true, true, true, false, false, false, false, true], [true, true, true, false, false, false, true, true, true, false, false, false, true, false, false, true, true, true, false, false, false, true, true, true, true, false, true, true, true, true, true, false, true, true, false, false, true, false, false, false, true, true, false, true, true, true, true, false, false, true, true, false, true, false, false, true, true, false, true, false, false, false, false, true, true, true, false, false, true, false, true, true, true, true, true, false, false, false, false, false, true, false, false, false, false, false, false, true, true, true, true, false, false, false, false, true, false, true, true, false], [false, false, true, false, true, true, true, true, true, false, false, true, false, false, true, true, false, false, false, true, false, true, true, false, false, false, true, true, true, false, false, false, false, false, false, false, true, false, true, true, true, false, false, true, true, true, true, false, false, false, false, false, false, false, true, true, true, false, true, true, true, true, false, false, false, false, false, true, true, false, false, true, true, false, true, true, false, true, true, false, false, false, true, false, true, false, true, false, true, true, true, true, true, true, false, false, false, true, false, true], [true, false, true, false, true, true, true, false, true, false, false, true, true, false, true, true, false, true, false, false, false, true, false, true, false, false, true, false, false, false, false, true, true, false, false, true, false, true, false, false, false, true, true, true, false, true, true, false, true, true, true, true, false, false, false, false, false, false, true, false, false, false, true, false, true, false, true, false, false, false, false, false, true, false, false, true, true, false, true, true, false, true, true, false, true, true, true, false, false, true, false, false, false, true, true, false, true, false, false, false], [true, false, true, true, true, true, false, true, false, false, false, true, true, true, true, false, true, true, false, false, false, true, false, false, true, false, false, true, true, true, false, true, false, false, true, true, false, false, true, true, true, false, false, false, false, true, false, true, true, true, false, false, false, true, false, true, true, false, true, false, true, false, true, false, true, true, true, false, false, true, false, false, true, false, true, false, true, true, true, false, false, true, false, false, true, true, true, false, false, false, true, false, false, true, false, false, true, true, false, true]], "ticket_name": "zo_envs10_iter100_cand10_lambda2.0_seed666_ddim2_20251215_221809/seed_669", "eval_noise_idx": 0, "eval_seed": 1619}