{"n_seeds": 5, "n_evals_per_seed": 100, "reward_mean": -259.42401123046875, "reward_std": 8.780388832092285, "success_mean": 0.328, "success_std": 0.05035871324805669, "episode_seeds": [1619, 1620, 1621, 1622, 1623], "seed_reward_means": [-246.22999572753906, -265.010009765625, -258.9800109863281, -272.0400085449219, -254.86000061035156], "seed_success_means": [0.4, 0.31, 0.32, 0.25, 0.36], "reward_matrix": [[-300.0, -300.0, -300.0, -144.0, -241.0, -300.0, -300.0, -300.0, -300.0, -300.0, -300.0, -300.0, -300.0, -300.0, -300.0, -223.0, -300.0, -300.0, -151.0, -172.0, -300.0, -300.0, -143.0, -300.0, -300.0, -300.0, -300.0, -300.0, -300.0, -300.0, -126.0, -181.0, -174.0, -300.0, -300.0, -300.0, -294.0, -300.0, -300.0, -300.0, -300.0, -160.0, -174.0, -300.0, -131.0, -161.0, -168.0, -300.0, -158.0, -300.0, -138.0, -145.0, -300.0, -300.0, -156.0, -300.0, -133.0, -149.0, -300.0, -176.0, -300.0, -300.0, -151.0, -137.0, -300.0, -168.0, -300.0, -150.0, -155.0, -220.0, -300.0, -300.0, -300.0, -300.0, -159.0, -190.0, -300.0, -300.0, -300.0, -300.0, -300.0, -300.0, -300.0, -198.0, -128.0, -300.0, -300.0, -182.0, -204.0, -300.0, -155.0, -155.0, -135.0, -300.0, -146.0, -152.0, -300.0, -300.0, -300.0, -140.0], [-300.0, -300.0, -300.0, -300.0, -300.0, -211.0, -155.0, -300.0, -243.0, -300.0, -300.0, -300.0, -300.0, -192.0, -300.0, -179.0, -300.0, -300.0, -300.0, -300.0, -300.0, -300.0, -300.0, -214.0, -300.0, -147.0, -300.0, -300.0, -300.0, -300.0, -172.0, -143.0, -300.0, -300.0, -300.0, -300.0, -300.0, -300.0, -300.0, -163.0, -300.0, -300.0, -300.0, -300.0, -300.0, -215.0, -300.0, -300.0, -180.0, -208.0, -300.0, -300.0, -300.0, -300.0, -209.0, -250.0, -300.0, -155.0, -150.0, -300.0, -300.0, -183.0, -183.0, -300.0, -183.0, -151.0, -188.0, -300.0, -300.0, -182.0, -176.0, -168.0, -300.0, -300.0, -300.0, -300.0, -238.0, -300.0, -300.0, -300.0, -300.0, -300.0, -184.0, -300.0, -300.0, -300.0, -300.0, -236.0, -300.0, -300.0, -300.0, -300.0, -154.0, -300.0, -300.0, -300.0, -300.0, -155.0, -300.0, -234.0], [-300.0, -300.0, -180.0, -178.0, -300.0, -166.0, -300.0, -300.0, -300.0, -300.0, -300.0, -300.0, -187.0, -139.0, -300.0, -300.0, -128.0, -300.0, -300.0, -300.0, -175.0, -300.0, -140.0, -300.0, -182.0, -160.0, -140.0, -133.0, -300.0, -200.0, -300.0, -300.0, -300.0, -300.0, -300.0, -300.0, -300.0, -126.0, -300.0, -300.0, -300.0, -300.0, -195.0, -300.0, -300.0, -300.0, -189.0, -300.0, -300.0, -143.0, -300.0, -300.0, -300.0, -192.0, -300.0, -300.0, -300.0, -159.0, -300.0, -300.0, -139.0, -300.0, -208.0, -300.0, -300.0, -300.0, -300.0, -300.0, -300.0, -300.0, -300.0, -143.0, -300.0, -189.0, -300.0, -300.0, -300.0, -300.0, -146.0, -300.0, -144.0, -214.0, -187.0, -300.0, -300.0, -198.0, -300.0, -300.0, -300.0, -241.0, -300.0, -177.0, -300.0, -300.0, -176.0, -300.0, -300.0, -300.0, -224.0, -300.0], [-300.0, -204.0, -300.0, -300.0, -300.0, -300.0, -156.0, -300.0, -300.0, -186.0, -300.0, -159.0, -200.0, -147.0, -300.0, -159.0, -300.0, -144.0, -300.0, -300.0, -300.0, -300.0, -300.0, -300.0, -300.0, -300.0, -138.0, -300.0, -170.0, -300.0, -300.0, -300.0, -300.0, -300.0, -139.0, -300.0, -300.0, -180.0, -199.0, -300.0, -300.0, -300.0, -300.0, -300.0, -300.0, -300.0, -300.0, -300.0, -300.0, -194.0, -166.0, -264.0, -300.0, -300.0, -273.0, -300.0, -300.0, -180.0, -300.0, -300.0, -300.0, -300.0, -300.0, -300.0, -300.0, -300.0, -300.0, -300.0, -300.0, -252.0, -300.0, -300.0, -300.0, -300.0, -300.0, -144.0, -300.0, -300.0, -300.0, -169.0, -300.0, -300.0, -300.0, -300.0, -300.0, -300.0, -300.0, -195.0, -300.0, -300.0, -250.0, -300.0, -300.0, -300.0, -300.0, -239.0, -300.0, -300.0, -300.0, -197.0], [-150.0, -199.0, -130.0, -300.0, -300.0, -300.0, -300.0, -300.0, -300.0, -139.0, -300.0, -300.0, -300.0, -186.0, -300.0, -300.0, -300.0, -189.0, -300.0, -216.0, -300.0, -151.0, -204.0, -182.0, -300.0, -167.0, -281.0, -186.0, -300.0, -149.0, -300.0, -300.0, -300.0, -300.0, -300.0, -203.0, -300.0, -300.0, -300.0, -148.0, -300.0, -300.0, -300.0, -149.0, -300.0, -300.0, -300.0, -300.0, -188.0, -300.0, -300.0, -300.0, -228.0, -300.0, -184.0, -300.0, -150.0, -300.0, -142.0, -300.0, -156.0, -300.0, -160.0, -193.0, -300.0, -300.0, -300.0, -300.0, -300.0, -300.0, -300.0, -300.0, -300.0, -300.0, -300.0, -300.0, -166.0, -183.0, -300.0, -174.0, -170.0, -223.0, -300.0, -300.0, -152.0, -172.0, -300.0, -300.0, -300.0, -300.0, -300.0, -300.0, -300.0, -300.0, -300.0, -170.0, -300.0, -132.0, -167.0, -147.0]], "success_matrix": [[false, false, false, true, true, false, false, false, false, false, false, false, false, false, false, true, false, false, true, true, false, false, true, false, false, false, false, false, false, false, true, true, true, false, false, false, true, false, false, false, false, true, true, false, true, true, true, false, true, false, true, true, false, false, true, false, true, true, false, true, false, false, true, true, false, true, false, true, true, true, false, false, false, false, true, true, false, false, false, false, false, false, false, true, true, false, false, true, true, false, true, true, true, false, true, true, false, false, false, true], [false, false, false, false, false, true, true, false, true, false, false, false, false, true, false, true, false, false, false, false, false, false, false, true, false, true, false, false, false, false, true, true, false, false, false, false, false, false, false, true, false, false, false, false, false, true, false, false, true, true, false, false, false, false, true, true, false, true, true, false, false, true, true, false, true, true, true, false, false, true, true, true, false, false, false, false, true, false, false, false, false, false, true, false, false, false, false, true, false, false, false, false, true, false, false, false, false, true, false, true], [false, false, true, true, false, true, false, false, false, false, false, false, true, true, false, false, true, false, false, false, true, false, true, false, true, true, true, true, false, true, false, false, false, false, false, false, false, true, false, false, false, false, true, false, false, false, true, false, false, true, false, false, false, true, false, false, false, true, false, false, true, false, true, false, false, false, false, false, false, false, false, true, false, true, false, false, false, false, true, false, true, true, true, false, false, true, false, false, false, true, false, true, false, false, true, false, false, false, true, false], [false, true, false, false, false, false, true, false, false, true, false, true, true, true, false, true, false, true, false, false, false, false, false, false, false, false, true, false, true, false, false, false, false, false, true, false, false, true, true, false, false, false, false, false, false, false, false, false, false, true, true, true, false, false, true, false, false, true, false, false, false, false, false, false, false, false, false, false, false, true, false, false, false, false, false, true, false, false, false, true, false, false, false, false, false, false, false, true, false, false, true, false, false, false, false, true, false, false, false, true], [true, true, true, false, false, false, false, false, false, true, false, false, false, true, false, false, false, true, false, true, false, true, true, true, false, true, true, true, false, true, false, false, false, false, false, true, false, false, false, true, false, false, false, true, false, false, false, false, true, false, false, false, true, false, true, false, true, false, true, false, true, false, true, true, false, false, false, false, false, false, false, false, false, false, false, false, true, true, false, true, true, true, false, false, true, true, false, false, false, false, false, false, false, false, false, true, false, true, true, true]], "ticket_name": "envs10_samples5000_seed999_ddim8_20251130_223053_nenvs_10", "eval_noise_idx": 31, "eval_seed": 1619}