{"n_seeds": 5, "n_evals_per_seed": 100, "reward_mean": -195.7740020751953, "reward_std": 6.174721717834473, "success_mean": 0.784, "success_std": 0.05083306010855536, "episode_seeds": [1619, 1620, 1621, 1622, 1623], "seed_reward_means": [-191.69000244140625, -197.10000610351562, -191.00999450683594, -207.32000732421875, -191.75], "seed_success_means": [0.81, 0.8, 0.84, 0.69, 0.78], "reward_matrix": [[-175.0, -153.0, -176.0, -155.0, -290.0, -300.0, -152.0, -252.0, -149.0, -179.0, -198.0, -300.0, -148.0, -147.0, -165.0, -176.0, -159.0, -300.0, -159.0, -167.0, -135.0, -300.0, -151.0, -173.0, -164.0, -176.0, -155.0, -151.0, -184.0, -148.0, -147.0, -187.0, -179.0, -143.0, -300.0, -141.0, -155.0, -300.0, -162.0, -300.0, -220.0, -300.0, -195.0, -300.0, -152.0, -160.0, -154.0, -300.0, -159.0, -143.0, -144.0, -140.0, -139.0, -152.0, -300.0, -156.0, -167.0, -155.0, -300.0, -168.0, -174.0, -300.0, -140.0, -151.0, -145.0, -159.0, -147.0, -152.0, -152.0, -226.0, -300.0, -141.0, -300.0, -300.0, -158.0, -239.0, -156.0, -300.0, -212.0, -300.0, -176.0, -160.0, -184.0, -204.0, -300.0, -164.0, -163.0, -211.0, -150.0, -163.0, -164.0, -156.0, -156.0, -172.0, -147.0, -163.0, -148.0, -150.0, -187.0, -144.0], [-153.0, -300.0, -184.0, -149.0, -157.0, -172.0, -300.0, -176.0, -159.0, -164.0, -158.0, -155.0, -169.0, -239.0, -153.0, -199.0, -229.0, -164.0, -237.0, -165.0, -143.0, -164.0, -300.0, -160.0, -148.0, -165.0, -145.0, -168.0, -143.0, -290.0, -300.0, -155.0, -300.0, -168.0, -183.0, -155.0, -178.0, -211.0, -159.0, -168.0, -300.0, -162.0, -300.0, -184.0, -166.0, -146.0, -167.0, -300.0, -173.0, -204.0, -300.0, -166.0, -148.0, -163.0, -239.0, -154.0, -144.0, -148.0, -147.0, -151.0, -147.0, -300.0, -300.0, -168.0, -199.0, -148.0, -207.0, -163.0, -141.0, -173.0, -179.0, -175.0, -300.0, -156.0, -142.0, -180.0, -187.0, -300.0, -151.0, -300.0, -174.0, -300.0, -196.0, -300.0, -217.0, -167.0, -182.0, -172.0, -300.0, -179.0, -300.0, -300.0, -159.0, -151.0, -172.0, -168.0, -300.0, -139.0, -147.0, -224.0], [-147.0, -300.0, -158.0, -179.0, -159.0, -156.0, -196.0, -300.0, -148.0, -156.0, -148.0, -300.0, -260.0, -144.0, -147.0, -152.0, -153.0, -169.0, -148.0, -175.0, -199.0, -222.0, -151.0, -184.0, -168.0, -173.0, -139.0, -300.0, -300.0, -207.0, -157.0, -170.0, -183.0, -154.0, -183.0, -150.0, -160.0, -150.0, -175.0, -195.0, -300.0, -227.0, -159.0, -152.0, -191.0, -150.0, -210.0, -160.0, -171.0, -146.0, -189.0, -151.0, -300.0, -166.0, -151.0, -163.0, -164.0, -155.0, -155.0, -300.0, -147.0, -300.0, -184.0, -179.0, -300.0, -188.0, -149.0, -300.0, -148.0, -194.0, -164.0, -151.0, -212.0, -193.0, -152.0, -300.0, -159.0, -176.0, -147.0, -148.0, -300.0, -190.0, -150.0, -296.0, -156.0, -160.0, -178.0, -300.0, -160.0, -171.0, -162.0, -183.0, -169.0, -300.0, -171.0, -300.0, -173.0, -165.0, -203.0, -148.0], [-166.0, -188.0, -300.0, -300.0, -188.0, -135.0, -164.0, -300.0, -300.0, -300.0, -150.0, -159.0, -163.0, -300.0, -300.0, -160.0, -163.0, -139.0, -300.0, -148.0, -166.0, -175.0, -156.0, -300.0, -155.0, -149.0, -143.0, -300.0, -172.0, -234.0, -300.0, -168.0, -180.0, -167.0, -142.0, -300.0, -300.0, -203.0, -187.0, -300.0, -157.0, -160.0, -159.0, -300.0, -196.0, -149.0, -300.0, -300.0, -179.0, -156.0, -300.0, -300.0, -147.0, -149.0, -231.0, -176.0, -300.0, -150.0, -139.0, -155.0, -148.0, -154.0, -170.0, -300.0, -178.0, -300.0, -164.0, -148.0, -160.0, -174.0, -180.0, -178.0, -300.0, -164.0, -300.0, -159.0, -300.0, -182.0, -151.0, -187.0, -165.0, -300.0, -300.0, -167.0, -300.0, -170.0, -171.0, -170.0, -139.0, -165.0, -159.0, -300.0, -300.0, -137.0, -151.0, -258.0, -300.0, -156.0, -155.0, -149.0], [-152.0, -163.0, -132.0, -148.0, -153.0, -170.0, -171.0, -139.0, -177.0, -144.0, -300.0, -300.0, -156.0, -148.0, -178.0, -155.0, -156.0, -147.0, -300.0, -180.0, -151.0, -155.0, -169.0, -183.0, -149.0, -159.0, -300.0, -163.0, -180.0, -167.0, -149.0, -156.0, -300.0, -142.0, -147.0, -150.0, -180.0, -155.0, -147.0, -147.0, -147.0, -300.0, -143.0, -166.0, -157.0, -300.0, -163.0, -155.0, -204.0, -147.0, -154.0, -144.0, -194.0, -300.0, -196.0, -139.0, -151.0, -300.0, -300.0, -191.0, -155.0, -167.0, -156.0, -188.0, -144.0, -143.0, -300.0, -175.0, -174.0, -151.0, -163.0, -300.0, -300.0, -153.0, -156.0, -188.0, -166.0, -164.0, -300.0, -300.0, -300.0, -300.0, -168.0, -300.0, -157.0, -160.0, -149.0, -300.0, -150.0, -148.0, -300.0, -156.0, -300.0, -158.0, -292.0, -166.0, -154.0, -300.0, -159.0, -146.0]], "success_matrix": [[true, true, true, true, true, false, true, true, true, true, true, false, true, true, true, true, true, false, true, true, true, false, true, true, true, true, true, true, true, true, true, true, true, true, false, true, true, false, true, false, true, false, true, false, true, true, true, false, true, true, true, true, true, true, false, true, true, true, false, true, true, false, true, true, true, true, true, true, true, true, false, true, false, false, true, true, true, false, true, false, true, true, true, true, false, true, true, true, true, true, true, true, true, true, true, true, true, true, true, true], [true, false, true, true, true, true, false, true, true, true, true, true, true, true, true, true, true, true, true, true, true, true, false, true, true, true, true, true, true, true, false, true, false, true, true, true, true, true, true, true, false, true, false, true, true, true, true, false, true, true, false, true, true, true, true, true, true, true, true, true, true, false, false, true, true, true, true, true, true, true, true, true, false, true, true, true, true, false, true, false, true, false, true, false, true, true, true, true, false, true, false, false, true, true, true, true, false, true, true, true], [true, false, true, true, true, true, true, false, true, true, true, false, true, true, true, true, true, true, true, true, true, true, true, true, true, true, true, false, false, true, true, true, true, true, true, true, true, true, true, true, false, true, true, true, true, true, true, true, true, true, true, true, false, true, true, true, true, true, true, false, true, false, true, true, false, true, true, false, true, true, true, true, true, true, true, false, true, true, true, true, false, true, true, true, true, true, true, false, true, true, true, true, true, false, true, false, true, true, true, true], [true, true, false, false, true, true, true, false, false, false, true, true, true, false, false, true, true, true, false, true, true, true, true, false, true, true, true, false, true, true, false, true, true, true, true, false, false, true, true, false, true, true, true, false, true, true, false, false, true, true, false, false, true, true, true, true, false, true, true, true, true, true, true, false, true, false, true, true, true, true, true, true, false, true, false, true, false, true, true, true, true, false, false, true, false, true, true, true, true, true, true, false, false, true, true, true, false, true, true, true], [true, true, true, true, true, true, true, true, true, true, false, false, true, true, true, true, true, true, false, true, true, true, true, true, true, true, false, true, true, true, true, true, false, true, true, true, true, true, true, true, true, false, true, true, true, false, true, true, true, true, true, true, true, false, true, true, true, false, false, true, true, true, true, true, true, true, false, true, true, true, true, false, false, true, true, true, true, true, false, false, false, false, true, false, true, true, true, false, true, true, false, true, false, true, true, true, true, false, true, true]], "ticket_name": "envs100_samples1000_seeds999_1000_1001_1002_1003_1004_1005_1006_1007_1008_ddim8_20251208_041639/seed_1005", "eval_noise_idx": 0, "eval_seed": 1619}