{"n_seeds": 5, "n_evals_per_seed": 100, "reward_mean": -243.04598999023438, "reward_std": 8.194404602050781, "success_mean": 0.354, "success_std": 0.05319774431308153, "episode_seeds": [1619, 1620, 1621, 1622, 1623], "seed_reward_means": [-245.3000030517578, -254.1999969482422, -245.83999633789062, -234.8000030517578, -235.08999633789062], "seed_success_means": [0.33, 0.28, 0.35, 0.41, 0.4], "reward_matrix": [[-300.0, -300.0, -300.0, -64.0, -140.0, -158.0, -300.0, -152.0, -125.0, -294.0, -300.0, -163.0, -300.0, -141.0, -300.0, -284.0, -300.0, -287.0, -300.0, -300.0, -300.0, -126.0, -162.0, -155.0, -300.0, -294.0, -298.0, -300.0, -300.0, -155.0, -300.0, -132.0, -300.0, -300.0, -135.0, -300.0, -299.0, -300.0, -300.0, -300.0, -138.0, -300.0, -291.0, -173.0, -300.0, -287.0, -295.0, -297.0, -300.0, -300.0, -298.0, -152.0, -144.0, -300.0, -300.0, -300.0, -139.0, -108.0, -300.0, -140.0, -300.0, -146.0, -300.0, -300.0, -300.0, -295.0, -300.0, -136.0, -141.0, -288.0, -121.0, -100.0, -300.0, -287.0, -291.0, -157.0, -125.0, -300.0, -300.0, -300.0, -295.0, -300.0, -126.0, -300.0, -300.0, -163.0, -300.0, -300.0, -300.0, -300.0, -300.0, -300.0, -300.0, -122.0, -152.0, -300.0, -124.0, -296.0, -139.0, -300.0], [-300.0, -290.0, -173.0, -300.0, -300.0, -300.0, -297.0, -299.0, -147.0, -153.0, -175.0, -300.0, -146.0, -300.0, -297.0, -68.0, -143.0, -300.0, -166.0, -155.0, -136.0, -299.0, -297.0, -300.0, -300.0, -300.0, -298.0, -297.0, -300.0, -300.0, -300.0, -300.0, -158.0, -298.0, -300.0, -289.0, -132.0, -114.0, -300.0, -297.0, -300.0, -293.0, -300.0, -298.0, -300.0, -293.0, -300.0, -300.0, -297.0, -300.0, -161.0, -155.0, -300.0, -300.0, -300.0, -165.0, -64.0, -300.0, -300.0, -300.0, -300.0, -293.0, -300.0, -154.0, -300.0, -300.0, -297.0, -300.0, -300.0, -300.0, -297.0, -295.0, -295.0, -299.0, -293.0, -300.0, -295.0, -64.0, -300.0, -173.0, -297.0, -300.0, -300.0, -300.0, -300.0, -137.0, -297.0, -132.0, -297.0, -299.0, -147.0, -124.0, -300.0, -137.0, -163.0, -296.0, -236.0, -56.0, -300.0, -297.0], [-300.0, -145.0, -300.0, -300.0, -296.0, -297.0, -145.0, -172.0, -136.0, -297.0, -136.0, -298.0, -68.0, -300.0, -101.0, -300.0, -297.0, -300.0, -152.0, -129.0, -173.0, -189.0, -154.0, -300.0, -300.0, -300.0, -293.0, -300.0, -300.0, -300.0, -182.0, -298.0, -68.0, -165.0, -300.0, -294.0, -300.0, -300.0, -300.0, -170.0, -183.0, -164.0, -153.0, -300.0, -300.0, -296.0, -300.0, -180.0, -297.0, -300.0, -185.0, -300.0, -297.0, -300.0, -144.0, -300.0, -64.0, -300.0, -155.0, -158.0, -297.0, -298.0, -300.0, -297.0, -300.0, -181.0, -300.0, -300.0, -300.0, -167.0, -300.0, -300.0, -300.0, -300.0, -295.0, -300.0, -161.0, -300.0, -297.0, -143.0, -142.0, -143.0, -297.0, -300.0, -300.0, -300.0, -100.0, -300.0, -300.0, -300.0, -145.0, -297.0, -300.0, -300.0, -157.0, -300.0, -300.0, -136.0, -300.0, -300.0], [-300.0, -300.0, -298.0, -297.0, -158.0, -300.0, -286.0, -132.0, -297.0, -174.0, -300.0, -300.0, -154.0, -300.0, -296.0, -155.0, -140.0, -289.0, -300.0, -138.0, -300.0, -168.0, -299.0, -294.0, -300.0, -140.0, -164.0, -300.0, -175.0, -153.0, -64.0, -300.0, -137.0, -300.0, -297.0, -299.0, -297.0, -300.0, -300.0, -298.0, -138.0, -129.0, -300.0, -297.0, -64.0, -298.0, -123.0, -295.0, -173.0, -300.0, -160.0, -298.0, -185.0, -300.0, -300.0, -132.0, -60.0, -300.0, -160.0, -300.0, -300.0, -298.0, -300.0, -180.0, -300.0, -160.0, -140.0, -297.0, -159.0, -147.0, -293.0, -300.0, -167.0, -300.0, -300.0, -300.0, -300.0, -294.0, -300.0, -138.0, -146.0, -141.0, -300.0, -180.0, -176.0, -300.0, -300.0, -166.0, -300.0, -296.0, -181.0, -300.0, -146.0, -299.0, -298.0, -63.0, -136.0, -300.0, -300.0, -68.0], [-107.0, -300.0, -63.0, -150.0, -300.0, -300.0, -300.0, -293.0, -148.0, -300.0, -114.0, -130.0, -300.0, -184.0, -297.0, -300.0, -147.0, -144.0, -295.0, -144.0, -58.0, -300.0, -296.0, -300.0, -298.0, -294.0, -283.0, -300.0, -300.0, -160.0, -164.0, -300.0, -297.0, -161.0, -300.0, -168.0, -157.0, -156.0, -299.0, -300.0, -300.0, -300.0, -146.0, -298.0, -176.0, -300.0, -165.0, -300.0, -300.0, -149.0, -300.0, -300.0, -153.0, -300.0, -60.0, -64.0, -300.0, -68.0, -300.0, -300.0, -296.0, -300.0, -300.0, -299.0, -146.0, -155.0, -143.0, -144.0, -299.0, -290.0, -298.0, -300.0, -137.0, -297.0, -300.0, -118.0, -300.0, -300.0, -300.0, -300.0, -148.0, -144.0, -157.0, -300.0, -300.0, -300.0, -297.0, -147.0, -300.0, -300.0, -299.0, -293.0, -300.0, -167.0, -171.0, -144.0, -300.0, -173.0, -164.0, -297.0]], "success_matrix": [[false, false, false, true, true, true, false, true, true, false, false, true, false, true, false, false, false, false, false, false, false, true, true, true, false, false, false, false, false, true, false, true, false, false, true, false, false, false, false, false, true, false, false, true, false, false, false, false, false, false, false, true, true, false, false, false, true, true, false, true, false, true, false, false, false, false, false, true, true, false, true, true, false, false, false, true, true, false, false, false, false, false, true, false, false, true, false, false, false, false, false, false, false, true, true, false, true, false, true, false], [false, false, true, false, false, false, false, false, true, true, true, false, true, false, false, true, true, false, true, true, true, false, false, false, false, false, false, false, false, false, false, false, true, false, false, false, true, true, false, false, false, false, false, false, false, false, false, false, false, false, true, true, false, false, false, true, true, false, false, false, false, false, false, true, false, false, false, false, false, false, false, false, false, false, false, false, false, true, false, true, false, false, false, false, false, true, false, true, false, false, true, true, false, true, true, false, true, true, false, false], [false, true, false, false, false, false, true, true, true, false, true, false, true, false, true, false, false, false, true, true, true, true, true, false, false, false, false, false, false, false, true, false, true, true, false, false, false, false, false, true, true, true, true, false, false, false, false, true, false, false, true, false, false, false, true, false, true, false, true, true, false, false, false, false, false, true, false, false, false, true, false, false, false, false, false, false, true, false, false, true, true, true, false, false, false, false, true, false, false, false, true, false, false, false, true, false, false, true, false, false], [false, false, false, false, true, false, false, true, false, true, false, false, true, false, false, true, true, false, false, true, false, true, false, false, false, true, true, false, true, true, true, false, true, false, false, false, false, false, false, false, true, true, false, false, true, false, true, false, true, false, true, false, true, false, false, true, true, false, true, false, false, false, false, true, false, true, true, false, true, true, false, false, true, false, false, false, false, false, false, true, true, true, false, true, true, false, false, true, false, false, true, false, true, false, false, true, true, false, false, true], [true, false, true, true, false, false, false, false, true, false, true, true, false, true, false, false, true, true, false, true, true, false, false, false, false, false, false, false, false, true, true, false, false, true, false, true, true, true, false, false, false, false, true, false, true, false, true, false, false, true, false, false, true, false, true, true, false, true, false, false, false, false, false, false, true, true, true, true, false, false, false, false, true, false, false, true, false, false, false, false, true, true, true, false, false, false, false, true, false, false, false, false, false, true, true, true, false, true, true, false]], "ticket_name": "zo_envs10_iter500_cand2_lambda5.0_seed666_ddim8_20251213_184046/seed_666", "eval_noise_idx": 0, "eval_seed": 1619}