{"n_seeds": 5, "n_evals_per_seed": 100, "reward_mean": -244.76400756835938, "reward_std": 4.421631336212158, "success_mean": 0.704, "success_std": 0.04505552130427523, "episode_seeds": [1619, 1620, 1621, 1622, 1623], "seed_reward_means": [-240.0399932861328, -247.5399932861328, -248.69000244140625, -247.6999969482422, -239.85000610351562], "seed_success_means": [0.77, 0.65, 0.68, 0.7, 0.72], "reward_matrix": [[-222.0, -300.0, -300.0, -233.0, -300.0, -221.0, -203.0, -181.0, -223.0, -210.0, -259.0, -183.0, -177.0, -248.0, -215.0, -300.0, -232.0, -300.0, -197.0, -300.0, -292.0, -201.0, -193.0, -256.0, -193.0, -300.0, -181.0, -223.0, -283.0, -234.0, -203.0, -300.0, -227.0, -187.0, -300.0, -300.0, -210.0, -231.0, -223.0, -300.0, -300.0, -210.0, -290.0, -200.0, -209.0, -300.0, -183.0, -255.0, -242.0, -214.0, -210.0, -216.0, -300.0, -179.0, -300.0, -219.0, -196.0, -195.0, -300.0, -257.0, -300.0, -210.0, -193.0, -204.0, -257.0, -193.0, -256.0, -249.0, -221.0, -279.0, -238.0, -266.0, -247.0, -300.0, -223.0, -300.0, -181.0, -215.0, -244.0, -258.0, -217.0, -252.0, -237.0, -237.0, -300.0, -267.0, -241.0, -300.0, -198.0, -179.0, -204.0, -216.0, -210.0, -264.0, -218.0, -199.0, -300.0, -300.0, -198.0, -217.0], [-265.0, -231.0, -300.0, -233.0, -300.0, -300.0, -212.0, -300.0, -202.0, -239.0, -231.0, -300.0, -214.0, -300.0, -206.0, -300.0, -221.0, -265.0, -300.0, -205.0, -300.0, -273.0, -218.0, -197.0, -181.0, -300.0, -230.0, -300.0, -300.0, -206.0, -300.0, -227.0, -300.0, -300.0, -300.0, -189.0, -300.0, -243.0, -262.0, -244.0, -300.0, -254.0, -236.0, -188.0, -193.0, -216.0, -205.0, -226.0, -300.0, -300.0, -251.0, -207.0, -209.0, -201.0, -300.0, -218.0, -198.0, -300.0, -243.0, -185.0, -184.0, -300.0, -300.0, -180.0, -300.0, -214.0, -300.0, -177.0, -291.0, -255.0, -300.0, -300.0, -214.0, -209.0, -214.0, -300.0, -209.0, -300.0, -181.0, -207.0, -217.0, -300.0, -300.0, -240.0, -193.0, -194.0, -195.0, -228.0, -251.0, -206.0, -300.0, -206.0, -221.0, -300.0, -196.0, -261.0, -269.0, -200.0, -300.0, -218.0], [-195.0, -204.0, -300.0, -193.0, -273.0, -300.0, -210.0, -192.0, -300.0, -300.0, -300.0, -235.0, -300.0, -222.0, -236.0, -300.0, -237.0, -205.0, -300.0, -199.0, -300.0, -206.0, -204.0, -194.0, -300.0, -201.0, -208.0, -225.0, -251.0, -300.0, -269.0, -234.0, -243.0, -300.0, -219.0, -247.0, -215.0, -258.0, -266.0, -219.0, -242.0, -300.0, -219.0, -300.0, -219.0, -211.0, -282.0, -300.0, -300.0, -241.0, -191.0, -181.0, -268.0, -300.0, -199.0, -192.0, -203.0, -233.0, -290.0, -300.0, -300.0, -202.0, -300.0, -300.0, -259.0, -300.0, -255.0, -300.0, -273.0, -300.0, -247.0, -201.0, -300.0, -205.0, -300.0, -223.0, -183.0, -215.0, -214.0, -265.0, -300.0, -192.0, -191.0, -300.0, -203.0, -183.0, -300.0, -271.0, -259.0, -220.0, -207.0, -300.0, -300.0, -212.0, -300.0, -235.0, -247.0, -262.0, -202.0, -212.0], [-271.0, -265.0, -201.0, -198.0, -219.0, -228.0, -215.0, -300.0, -242.0, -197.0, -257.0, -202.0, -202.0, -219.0, -235.0, -291.0, -227.0, -255.0, -300.0, -300.0, -300.0, -275.0, -173.0, -300.0, -187.0, -254.0, -201.0, -300.0, -300.0, -278.0, -300.0, -191.0, -300.0, -300.0, -217.0, -215.0, -300.0, -300.0, -300.0, -226.0, -201.0, -223.0, -224.0, -215.0, -196.0, -300.0, -247.0, -247.0, -300.0, -200.0, -300.0, -300.0, -183.0, -209.0, -300.0, -243.0, -300.0, -223.0, -300.0, -260.0, -179.0, -241.0, -227.0, -251.0, -263.0, -300.0, -214.0, -243.0, -275.0, -300.0, -300.0, -300.0, -199.0, -187.0, -206.0, -300.0, -227.0, -228.0, -300.0, -300.0, -219.0, -225.0, -211.0, -183.0, -250.0, -231.0, -200.0, -280.0, -300.0, -260.0, -222.0, -272.0, -227.0, -258.0, -300.0, -300.0, -191.0, -229.0, -177.0, -183.0], [-228.0, -300.0, -205.0, -201.0, -300.0, -191.0, -227.0, -206.0, -218.0, -210.0, -251.0, -210.0, -251.0, -216.0, -207.0, -251.0, -193.0, -193.0, -197.0, -197.0, -257.0, -193.0, -259.0, -300.0, -245.0, -183.0, -300.0, -300.0, -266.0, -224.0, -300.0, -215.0, -227.0, -253.0, -208.0, -203.0, -300.0, -183.0, -300.0, -238.0, -300.0, -207.0, -300.0, -212.0, -225.0, -223.0, -181.0, -195.0, -300.0, -205.0, -300.0, -175.0, -223.0, -300.0, -300.0, -300.0, -193.0, -236.0, -300.0, -300.0, -300.0, -239.0, -300.0, -300.0, -220.0, -262.0, -185.0, -199.0, -229.0, -234.0, -268.0, -226.0, -218.0, -201.0, -286.0, -209.0, -300.0, -300.0, -200.0, -300.0, -201.0, -198.0, -211.0, -261.0, -300.0, -300.0, -252.0, -217.0, -300.0, -185.0, -209.0, -177.0, -191.0, -300.0, -238.0, -187.0, -193.0, -300.0, -203.0, -205.0]], "success_matrix": [[true, false, false, true, false, true, true, true, true, true, true, true, true, true, true, false, true, false, true, false, true, true, true, true, true, false, true, true, true, true, true, false, true, true, false, false, true, true, true, false, false, true, true, true, true, false, true, true, true, true, true, true, false, true, false, true, true, true, false, true, false, true, true, true, true, true, true, true, true, true, true, true, true, false, true, false, true, true, true, true, true, true, true, true, false, true, true, false, true, true, true, true, true, true, true, true, false, false, true, true], [true, true, false, true, false, false, true, false, true, true, true, false, true, false, true, false, true, true, false, true, false, true, true, true, true, false, true, false, false, true, false, true, false, false, false, true, false, true, true, true, false, true, true, true, true, true, true, true, false, false, true, true, true, true, false, true, true, false, true, true, true, false, false, true, false, true, false, true, true, true, false, false, true, true, true, false, true, false, true, true, true, false, false, true, true, true, true, true, true, true, false, true, true, false, true, true, true, true, false, true], [true, true, false, true, true, false, true, true, false, false, false, true, false, true, true, false, true, true, false, true, false, true, true, true, false, true, true, true, true, false, true, true, true, false, true, true, true, true, true, true, true, false, true, false, true, true, true, false, false, true, true, true, true, false, true, true, true, true, true, false, false, true, false, false, true, false, true, false, true, false, true, true, false, true, false, true, true, true, true, true, false, true, true, false, true, true, false, true, true, true, true, false, false, true, false, true, true, true, true, true], [true, true, true, true, true, true, true, false, true, true, true, true, true, true, true, true, true, true, false, false, false, true, true, false, true, true, true, false, false, true, false, true, false, false, true, true, false, false, false, true, true, true, true, true, true, false, true, true, false, true, false, false, true, true, false, true, false, true, false, true, true, true, true, true, true, false, true, true, true, false, false, false, true, true, true, false, true, true, false, false, true, true, true, true, true, true, true, true, false, true, true, true, true, true, false, false, true, true, true, true], [true, false, true, true, false, true, true, true, true, true, true, true, true, true, true, true, true, true, true, true, true, true, true, false, true, true, false, false, true, true, false, true, true, true, true, true, false, true, false, true, false, true, false, true, true, true, true, true, false, true, false, true, true, false, false, false, true, true, false, false, false, true, false, false, true, true, true, true, true, true, true, true, true, true, true, true, false, false, true, false, true, true, true, true, false, false, true, true, false, true, true, true, true, false, true, true, true, false, true, true]], "ticket_name": "zo_envs10_iter100_cand10_lambda1.0_seed666_ddim8_20251210_050326/seed_673", "eval_noise_idx": 0, "eval_seed": 1619}