{"n_seeds": 5, "n_evals_per_seed": 100, "reward_mean": -260.4200134277344, "reward_std": 6.180034160614014, "success_mean": 0.32799999999999996, "success_std": 0.04118252056394799, "episode_seeds": [1619, 1620, 1621, 1622, 1623], "seed_reward_means": [-259.25, -265.70001220703125, -265.2200012207031, -263.0, -248.92999267578125], "seed_success_means": [0.31, 0.31, 0.3, 0.31, 0.41], "reward_matrix": [[-300.0, -300.0, -300.0, -174.0, -300.0, -300.0, -300.0, -142.0, -300.0, -300.0, -300.0, -166.0, -166.0, -300.0, -238.0, -151.0, -300.0, -300.0, -300.0, -164.0, -300.0, -300.0, -300.0, -300.0, -300.0, -300.0, -300.0, -300.0, -300.0, -300.0, -138.0, -300.0, -300.0, -300.0, -300.0, -300.0, -300.0, -300.0, -300.0, -300.0, -300.0, -145.0, -300.0, -300.0, -300.0, -158.0, -158.0, -300.0, -148.0, -300.0, -300.0, -136.0, -300.0, -166.0, -140.0, -300.0, -136.0, -300.0, -300.0, -179.0, -300.0, -300.0, -126.0, -300.0, -300.0, -300.0, -192.0, -204.0, -146.0, -269.0, -300.0, -300.0, -300.0, -300.0, -233.0, -300.0, -300.0, -300.0, -300.0, -300.0, -300.0, -300.0, -300.0, -300.0, -185.0, -300.0, -300.0, -300.0, -210.0, -300.0, -133.0, -158.0, -166.0, -300.0, -155.0, -204.0, -300.0, -300.0, -300.0, -139.0], [-224.0, -300.0, -300.0, -300.0, -300.0, -300.0, -159.0, -300.0, -276.0, -300.0, -300.0, -159.0, -300.0, -300.0, -300.0, -300.0, -300.0, -300.0, -211.0, -300.0, -300.0, -300.0, -157.0, -166.0, -143.0, -184.0, -164.0, -300.0, -300.0, -300.0, -300.0, -180.0, -300.0, -300.0, -300.0, -300.0, -300.0, -300.0, -264.0, -199.0, -300.0, -182.0, -200.0, -300.0, -220.0, -225.0, -300.0, -300.0, -300.0, -300.0, -300.0, -190.0, -300.0, -300.0, -300.0, -248.0, -119.0, -219.0, -179.0, -300.0, -300.0, -300.0, -300.0, -300.0, -300.0, -150.0, -300.0, -247.0, -300.0, -300.0, -300.0, -176.0, -300.0, -300.0, -162.0, -300.0, -300.0, -300.0, -136.0, -300.0, -300.0, -300.0, -300.0, -300.0, -167.0, -191.0, -300.0, -188.0, -300.0, -300.0, -300.0, -300.0, -300.0, -300.0, -185.0, -300.0, -300.0, -300.0, -300.0, -300.0], [-198.0, -144.0, -247.0, -300.0, -300.0, -136.0, -300.0, -300.0, -168.0, -300.0, -213.0, -300.0, -300.0, -142.0, -140.0, -300.0, -300.0, -300.0, -300.0, -300.0, -300.0, -300.0, -300.0, -182.0, -260.0, -157.0, -140.0, -135.0, -300.0, -300.0, -300.0, -215.0, -205.0, -176.0, -300.0, -300.0, -300.0, -300.0, -252.0, -300.0, -300.0, -300.0, -300.0, -300.0, -300.0, -300.0, -300.0, -300.0, -300.0, -138.0, -300.0, -187.0, -300.0, -203.0, -300.0, -300.0, -269.0, -300.0, -300.0, -152.0, -163.0, -300.0, -300.0, -300.0, -300.0, -300.0, -300.0, -152.0, -175.0, -300.0, -300.0, -300.0, -300.0, -300.0, -275.0, -300.0, -300.0, -300.0, -300.0, -300.0, -139.0, -300.0, -203.0, -300.0, -300.0, -206.0, -300.0, -300.0, -300.0, -300.0, -300.0, -300.0, -300.0, -300.0, -300.0, -300.0, -300.0, -300.0, -300.0, -150.0], [-300.0, -300.0, -300.0, -300.0, -300.0, -300.0, -162.0, -300.0, -300.0, -204.0, -300.0, -158.0, -182.0, -300.0, -300.0, -223.0, -300.0, -142.0, -300.0, -300.0, -300.0, -300.0, -300.0, -300.0, -179.0, -300.0, -148.0, -300.0, -300.0, -202.0, -300.0, -300.0, -300.0, -206.0, -134.0, -300.0, -300.0, -300.0, -300.0, -161.0, -192.0, -300.0, -229.0, -300.0, -300.0, -300.0, -300.0, -300.0, -300.0, -169.0, -300.0, -148.0, -300.0, -174.0, -300.0, -300.0, -300.0, -151.0, -300.0, -300.0, -150.0, -300.0, -300.0, -300.0, -300.0, -300.0, -300.0, -300.0, -300.0, -195.0, -300.0, -300.0, -300.0, -300.0, -300.0, -148.0, -300.0, -300.0, -182.0, -176.0, -300.0, -120.0, -300.0, -200.0, -300.0, -300.0, -196.0, -300.0, -300.0, -300.0, -207.0, -300.0, -300.0, -175.0, -300.0, -267.0, -300.0, -265.0, -300.0, -155.0], [-190.0, -183.0, -123.0, -300.0, -163.0, -300.0, -219.0, -300.0, -300.0, -140.0, -300.0, -300.0, -300.0, -151.0, -300.0, -300.0, -300.0, -198.0, -146.0, -300.0, -200.0, -143.0, -300.0, -300.0, -175.0, -162.0, -300.0, -300.0, -300.0, -300.0, -300.0, -300.0, -300.0, -300.0, -299.0, -144.0, -300.0, -156.0, -158.0, -183.0, -300.0, -300.0, -300.0, -246.0, -212.0, -300.0, -188.0, -300.0, -300.0, -300.0, -300.0, -138.0, -300.0, -300.0, -300.0, -300.0, -143.0, -300.0, -132.0, -300.0, -147.0, -248.0, -300.0, -300.0, -300.0, -161.0, -300.0, -176.0, -202.0, -300.0, -300.0, -300.0, -300.0, -300.0, -183.0, -300.0, -192.0, -283.0, -300.0, -160.0, -233.0, -152.0, -300.0, -300.0, -136.0, -165.0, -300.0, -300.0, -300.0, -300.0, -300.0, -207.0, -203.0, -300.0, -300.0, -300.0, -300.0, -128.0, -181.0, -144.0]], "success_matrix": [[false, false, false, true, false, false, false, true, false, false, false, true, true, false, true, true, false, false, false, true, false, false, false, false, false, false, false, false, false, false, true, false, false, false, false, false, false, false, false, false, false, true, false, false, false, true, true, false, true, false, false, true, false, true, true, false, true, false, false, true, false, false, true, false, false, false, true, true, true, true, false, false, false, false, true, false, false, false, false, false, false, false, false, false, true, false, false, false, true, false, true, true, true, false, true, true, false, false, false, true], [true, false, false, false, false, false, true, false, true, false, false, true, false, false, false, false, false, false, true, false, false, false, true, true, true, true, true, false, false, false, false, true, false, false, false, false, false, false, true, true, false, true, true, false, true, true, false, false, false, false, false, true, false, false, false, true, true, true, true, false, false, false, false, false, false, true, false, true, false, false, false, true, false, false, true, false, false, false, true, false, false, false, false, false, true, true, false, true, false, false, false, false, false, false, true, false, false, false, false, false], [true, true, true, false, false, true, false, false, true, false, true, false, false, true, true, false, false, false, false, false, false, false, false, true, true, true, true, true, false, false, false, true, true, true, false, false, false, false, true, false, false, false, false, false, false, false, false, false, false, true, false, true, false, true, false, false, true, false, false, true, true, false, false, false, false, false, false, true, true, false, false, false, false, false, true, false, false, false, false, false, true, false, true, false, false, true, false, false, false, false, false, false, false, false, false, false, false, false, false, true], [false, false, false, false, false, false, true, false, false, true, false, true, true, false, false, true, false, true, false, false, false, false, false, false, true, false, true, false, false, true, false, false, false, true, true, false, false, false, false, true, true, false, true, false, false, false, false, false, false, true, false, true, false, true, false, false, false, true, false, false, true, false, false, false, false, false, false, false, false, true, false, false, false, false, false, true, false, false, true, true, false, true, false, true, false, false, true, false, false, false, true, false, false, true, false, true, false, true, false, true], [true, true, true, false, true, false, true, false, false, true, false, false, false, true, false, false, false, true, true, false, true, true, false, false, true, true, false, false, false, false, false, false, false, false, false, true, false, true, true, true, false, false, false, true, true, false, true, false, false, false, false, true, false, false, false, false, true, false, true, false, true, true, false, false, false, true, false, true, true, false, false, false, false, false, true, false, true, true, false, true, true, true, false, false, true, true, false, false, false, false, false, true, true, false, false, false, false, true, true, true]], "ticket_name": "envs100_samples1000_seeds999_1000_1001_1002_1003_1004_1005_1006_1007_1008_ddim8_20251208_041639/seed_1000", "eval_noise_idx": 0, "eval_seed": 1619}