{"n_seeds": 5, "n_evals_per_seed": 100, "reward_mean": -254.6900177001953, "reward_std": 9.223577499389648, "success_mean": 0.376, "success_std": 0.06858571279792898, "episode_seeds": [1619, 1620, 1621, 1622, 1623], "seed_reward_means": [-241.16000366210938, -265.17999267578125, -253.61000061035156, -264.5799865722656, -248.9199981689453], "seed_success_means": [0.47, 0.29, 0.38, 0.31, 0.43], "reward_matrix": [[-300.0, -196.0, -300.0, -137.0, -228.0, -182.0, -300.0, -300.0, -300.0, -300.0, -300.0, -300.0, -159.0, -300.0, -300.0, -179.0, -300.0, -205.0, -300.0, -169.0, -164.0, -300.0, -150.0, -300.0, -195.0, -300.0, -165.0, -204.0, -300.0, -135.0, -300.0, -300.0, -184.0, -151.0, -178.0, -300.0, -300.0, -300.0, -300.0, -251.0, -300.0, -300.0, -300.0, -300.0, -139.0, -172.0, -300.0, -185.0, -148.0, -300.0, -164.0, -135.0, -208.0, -145.0, -140.0, -300.0, -300.0, -154.0, -300.0, -197.0, -300.0, -300.0, -135.0, -143.0, -243.0, -300.0, -300.0, -300.0, -151.0, -300.0, -300.0, -187.0, -300.0, -300.0, -300.0, -300.0, -158.0, -300.0, -300.0, -300.0, -228.0, -300.0, -145.0, -300.0, -124.0, -300.0, -300.0, -300.0, -150.0, -167.0, -154.0, -291.0, -147.0, -272.0, -300.0, -300.0, -202.0, -147.0, -300.0, -153.0], [-300.0, -300.0, -300.0, -208.0, -300.0, -300.0, -159.0, -300.0, -300.0, -300.0, -300.0, -160.0, -300.0, -300.0, -300.0, -192.0, -172.0, -300.0, -300.0, -163.0, -300.0, -300.0, -300.0, -158.0, -164.0, -300.0, -261.0, -300.0, -207.0, -300.0, -241.0, -300.0, -300.0, -300.0, -300.0, -170.0, -216.0, -300.0, -300.0, -300.0, -300.0, -212.0, -300.0, -300.0, -300.0, -151.0, -300.0, -300.0, -300.0, -300.0, -300.0, -300.0, -151.0, -300.0, -300.0, -220.0, -138.0, -300.0, -280.0, -152.0, -300.0, -300.0, -300.0, -300.0, -300.0, -171.0, -300.0, -300.0, -185.0, -300.0, -300.0, -300.0, -145.0, -164.0, -135.0, -176.0, -300.0, -158.0, -168.0, -300.0, -300.0, -300.0, -300.0, -300.0, -300.0, -300.0, -300.0, -300.0, -300.0, -300.0, -300.0, -300.0, -300.0, -300.0, -300.0, -300.0, -300.0, -141.0, -300.0, -300.0], [-300.0, -223.0, -171.0, -300.0, -179.0, -174.0, -300.0, -300.0, -276.0, -300.0, -236.0, -300.0, -300.0, -153.0, -300.0, -266.0, -300.0, -173.0, -300.0, -275.0, -300.0, -300.0, -140.0, -300.0, -300.0, -152.0, -231.0, -151.0, -300.0, -300.0, -300.0, -300.0, -300.0, -151.0, -300.0, -300.0, -300.0, -147.0, -300.0, -155.0, -300.0, -300.0, -300.0, -300.0, -166.0, -147.0, -300.0, -300.0, -300.0, -141.0, -155.0, -300.0, -300.0, -300.0, -164.0, -300.0, -172.0, -198.0, -223.0, -148.0, -300.0, -300.0, -300.0, -208.0, -300.0, -300.0, -300.0, -207.0, -300.0, -300.0, -300.0, -151.0, -300.0, -300.0, -300.0, -300.0, -166.0, -300.0, -143.0, -300.0, -133.0, -300.0, -141.0, -300.0, -147.0, -300.0, -208.0, -300.0, -300.0, -300.0, -300.0, -200.0, -300.0, -300.0, -300.0, -300.0, -300.0, -151.0, -300.0, -139.0], [-300.0, -300.0, -300.0, -300.0, -300.0, -172.0, -164.0, -300.0, -300.0, -179.0, -300.0, -158.0, -177.0, -300.0, -300.0, -300.0, -300.0, -236.0, -300.0, -138.0, -300.0, -300.0, -172.0, -300.0, -300.0, -300.0, -156.0, -292.0, -300.0, -285.0, -300.0, -300.0, -300.0, -160.0, -148.0, -266.0, -300.0, -300.0, -300.0, -300.0, -300.0, -300.0, -300.0, -300.0, -300.0, -209.0, -300.0, -300.0, -187.0, -143.0, -300.0, -151.0, -300.0, -300.0, -300.0, -300.0, -300.0, -147.0, -300.0, -299.0, -300.0, -300.0, -300.0, -300.0, -300.0, -168.0, -168.0, -300.0, -300.0, -300.0, -300.0, -300.0, -300.0, -300.0, -164.0, -300.0, -300.0, -300.0, -219.0, -218.0, -300.0, -152.0, -300.0, -300.0, -300.0, -300.0, -300.0, -300.0, -149.0, -300.0, -300.0, -173.0, -300.0, -246.0, -247.0, -300.0, -300.0, -154.0, -161.0, -300.0], [-158.0, -154.0, -131.0, -300.0, -300.0, -300.0, -300.0, -153.0, -300.0, -144.0, -300.0, -259.0, -300.0, -165.0, -300.0, -300.0, -175.0, -300.0, -152.0, -300.0, -300.0, -152.0, -300.0, -300.0, -275.0, -300.0, -300.0, -157.0, -300.0, -300.0, -177.0, -300.0, -300.0, -191.0, -146.0, -300.0, -300.0, -164.0, -232.0, -300.0, -213.0, -278.0, -300.0, -300.0, -300.0, -300.0, -300.0, -248.0, -204.0, -300.0, -250.0, -300.0, -300.0, -300.0, -300.0, -177.0, -144.0, -300.0, -134.0, -220.0, -156.0, -300.0, -153.0, -300.0, -135.0, -235.0, -300.0, -300.0, -300.0, -167.0, -256.0, -300.0, -300.0, -155.0, -300.0, -300.0, -300.0, -300.0, -300.0, -159.0, -300.0, -300.0, -168.0, -247.0, -135.0, -168.0, -163.0, -300.0, -300.0, -152.0, -300.0, -300.0, -300.0, -300.0, -300.0, -300.0, -203.0, -124.0, -300.0, -163.0]], "success_matrix": [[false, true, false, true, true, true, false, false, false, false, false, false, true, false, false, true, false, true, false, true, true, false, true, false, true, false, true, true, false, true, false, false, true, true, true, false, false, false, false, true, false, false, false, false, true, true, false, true, true, false, true, true, true, true, true, false, false, true, false, true, false, false, true, true, true, false, false, false, true, false, false, true, false, false, false, false, true, false, false, false, true, false, true, false, true, false, false, false, true, true, true, true, true, true, false, false, true, true, false, true], [false, false, false, true, false, false, true, false, false, false, false, true, false, false, false, true, true, false, false, true, false, false, false, true, true, false, true, false, true, false, true, false, false, false, false, true, true, false, false, false, false, true, false, false, false, true, false, false, false, false, false, false, true, false, false, true, true, false, true, true, false, false, false, false, false, true, false, false, true, false, false, false, true, true, true, true, false, true, true, false, false, false, false, false, false, false, false, false, false, false, false, false, false, false, false, false, false, true, false, false], [false, true, true, false, true, true, false, false, true, false, true, false, false, true, false, true, false, true, false, true, false, false, true, false, false, true, true, true, false, false, false, false, false, true, false, false, false, true, false, true, false, false, false, false, true, true, false, false, false, true, true, false, false, false, true, false, true, true, true, true, false, false, false, true, false, false, false, true, false, false, false, true, false, false, false, false, true, false, true, false, true, false, true, false, true, false, true, false, false, false, false, true, false, false, false, false, false, true, false, true], [false, false, false, false, false, true, true, false, false, true, false, true, true, false, false, false, false, true, false, true, false, false, true, false, false, false, true, true, false, true, false, false, false, true, true, true, false, false, false, false, false, false, false, false, false, true, false, false, true, true, false, true, false, false, false, false, false, true, false, false, false, false, false, false, false, true, true, false, false, false, false, false, false, false, true, false, false, false, true, true, false, true, false, false, false, false, false, false, true, false, false, true, false, true, true, false, false, true, true, false], [true, true, true, false, false, false, false, true, false, true, false, true, false, true, false, false, true, false, true, false, false, true, false, false, true, false, false, true, false, false, true, false, false, true, true, false, false, true, true, false, true, true, false, false, false, false, false, true, true, false, true, false, false, false, false, true, true, false, true, true, true, false, true, false, true, true, false, false, false, true, true, false, false, true, false, false, false, false, false, true, false, false, true, true, true, true, true, false, false, true, false, false, false, false, false, false, true, true, false, true]], "ticket_name": "envs10_samples5000_seed999_ddim8_20251130_223053_nenvs_10", "eval_noise_idx": 35, "eval_seed": 1619}