{
  "n_noise_indices": 3,
  "eval_indices": [
    0,
    1,
    2
  ],
  "reward_mean_across_indices": -130.7806599934896,
  "reward_std_across_indices": 20.58110963606108,
  "success_mean_across_indices": 0.9279999999999999,
  "success_std_across_indices": 0.029597297173897447,
  "per_index_results": {
    "0": {
      "reward_mean": -144.31399536132812,
      "reward_std": 7.899542331695557,
      "success_mean": 0.914,
      "success_std": 0.02870540018881464
    },
    "1": {
      "reward_mean": -140.93199157714844,
      "reward_std": 6.032111644744873,
      "success_mean": 0.962,
      "success_std": 0.014696938456699081
    },
    "2": {
      "reward_mean": -107.09599304199219,
      "reward_std": 4.769420623779297,
      "success_mean": 0.908,
      "success_std": 0.019390719429665335
    }
  }
}