{"n_seeds": 5, "n_evals_per_seed": 100, "reward_mean": -327.67401123046875, "reward_std": 11.561361312866211, "success_mean": 0.42400000000000004, "success_std": 0.05594640292279745, "episode_seeds": [1619, 1620, 1621, 1622, 1623], "seed_reward_means": [-342.05999755859375, -335.25, -321.57000732421875, -327.07000732421875, -312.4200134277344], "seed_success_means": [0.33, 0.44, 0.43, 0.44, 0.48], "reward_matrix": [[-400.0, -200.0, -400.0, -400.0, -135.0, -400.0, -400.0, -400.0, -301.0, -400.0, -158.0, -400.0, -400.0, -400.0, -400.0, -400.0, -165.0, -158.0, -222.0, -400.0, -400.0, -400.0, -400.0, -400.0, -182.0, -198.0, -209.0, -400.0, -233.0, -400.0, -400.0, -400.0, -400.0, -400.0, -400.0, -274.0, -174.0, -400.0, -400.0, -400.0, -400.0, -400.0, -400.0, -229.0, -400.0, -400.0, -400.0, -400.0, -261.0, -288.0, -369.0, -400.0, -400.0, -201.0, -400.0, -400.0, -400.0, -400.0, -400.0, -161.0, -307.0, -400.0, -218.0, -400.0, -400.0, -178.0, -400.0, -342.0, -400.0, -400.0, -208.0, -400.0, -400.0, -185.0, -400.0, -400.0, -362.0, -242.0, -400.0, -295.0, -400.0, -400.0, -400.0, -400.0, -206.0, -400.0, -400.0, -400.0, -187.0, -142.0, -400.0, -400.0, -170.0, -400.0, -400.0, -400.0, -400.0, -246.0, -400.0, -400.0], [-400.0, -400.0, -201.0, -400.0, -346.0, -368.0, -360.0, -400.0, -158.0, -202.0, -400.0, -400.0, -193.0, -400.0, -400.0, -400.0, -210.0, -400.0, -400.0, -197.0, -400.0, -263.0, -164.0, -400.0, -400.0, -400.0, -252.0, -265.0, -400.0, -400.0, -369.0, -400.0, -400.0, -201.0, -163.0, -322.0, -400.0, -400.0, -400.0, -400.0, -322.0, -326.0, -400.0, -294.0, -350.0, -400.0, -400.0, -400.0, -400.0, -400.0, -400.0, -400.0, -290.0, -400.0, -400.0, -400.0, -400.0, -364.0, -400.0, -346.0, -400.0, -241.0, -400.0, -400.0, -202.0, -400.0, -251.0, -261.0, -326.0, -400.0, -154.0, -215.0, -202.0, -400.0, -400.0, -185.0, -400.0, -173.0, -400.0, -314.0, -400.0, -400.0, -400.0, -400.0, -400.0, -387.0, -400.0, -229.0, -400.0, -190.0, -400.0, -162.0, -400.0, -400.0, -190.0, -222.0, -173.0, -332.0, -400.0, -190.0], [-351.0, -400.0, -400.0, -194.0, -190.0, -210.0, -158.0, -400.0, -158.0, -178.0, -400.0, -400.0, -400.0, -400.0, -254.0, -400.0, -173.0, -400.0, -186.0, -248.0, -400.0, -400.0, -400.0, -375.0, -400.0, -165.0, -400.0, -400.0, -400.0, -189.0, -400.0, -276.0, -161.0, -197.0, -400.0, -400.0, -400.0, -400.0, -190.0, -400.0, -225.0, -156.0, -400.0, -400.0, -400.0, -298.0, -400.0, -400.0, -400.0, -400.0, -400.0, -400.0, -178.0, -162.0, -400.0, -400.0, -400.0, -400.0, -400.0, -224.0, -400.0, -169.0, -400.0, -177.0, -186.0, -214.0, -400.0, -400.0, -400.0, -400.0, -400.0, -400.0, -158.0, -213.0, -400.0, -400.0, -218.0, -400.0, -400.0, -400.0, -226.0, -400.0, -400.0, -369.0, -182.0, -185.0, -322.0, -186.0, -250.0, -286.0, -181.0, -172.0, -400.0, -400.0, -177.0, -390.0, -400.0, -400.0, -400.0, -400.0], [-225.0, -400.0, -400.0, -166.0, -171.0, -400.0, -400.0, -165.0, -400.0, -400.0, -393.0, -400.0, -400.0, -197.0, -210.0, -270.0, -178.0, -190.0, -400.0, -310.0, -180.0, -202.0, -310.0, -400.0, -400.0, -400.0, -400.0, -400.0, -214.0, -400.0, -266.0, -165.0, -358.0, -282.0, -201.0, -400.0, -400.0, -400.0, -400.0, -194.0, -400.0, -400.0, -400.0, -400.0, -400.0, -202.0, -400.0, -200.0, -400.0, -400.0, -400.0, -400.0, -400.0, -400.0, -190.0, -400.0, -400.0, -210.0, -177.0, -163.0, -400.0, -292.0, -234.0, -400.0, -234.0, -305.0, -400.0, -400.0, -217.0, -400.0, -400.0, -400.0, -400.0, -389.0, -165.0, -265.0, -400.0, -153.0, -400.0, -238.0, -400.0, -290.0, -400.0, -400.0, -287.0, -400.0, -188.0, -274.0, -268.0, -237.0, -400.0, -400.0, -282.0, -400.0, -400.0, -400.0, -400.0, -400.0, -400.0, -400.0], [-400.0, -170.0, -190.0, -258.0, -400.0, -400.0, -400.0, -178.0, -262.0, -400.0, -206.0, -400.0, -222.0, -166.0, -400.0, -179.0, -400.0, -400.0, -215.0, -400.0, -400.0, -400.0, -400.0, -400.0, -400.0, -400.0, -202.0, -258.0, -400.0, -400.0, -226.0, -400.0, -178.0, -400.0, -400.0, -400.0, -154.0, -400.0, -400.0, -133.0, -164.0, -286.0, -177.0, -400.0, -338.0, -193.0, -400.0, -400.0, -242.0, -194.0, -400.0, -231.0, -197.0, -182.0, -161.0, -294.0, -178.0, -322.0, -162.0, -400.0, -314.0, -177.0, -178.0, -210.0, -178.0, -400.0, -213.0, -189.0, -400.0, -400.0, -209.0, -400.0, -400.0, -183.0, -365.0, -397.0, -400.0, -400.0, -400.0, -186.0, -354.0, -400.0, -174.0, -400.0, -268.0, -400.0, -400.0, -400.0, -198.0, -400.0, -400.0, -400.0, -400.0, -400.0, -317.0, -214.0, -400.0, -400.0, -400.0, -400.0]], "success_matrix": [[false, true, false, false, true, false, false, false, true, false, true, false, false, false, false, false, true, true, true, false, false, false, false, false, true, true, true, false, true, false, false, false, false, false, false, true, true, false, false, false, false, false, false, true, false, false, false, false, true, true, true, false, false, true, false, false, false, false, false, true, true, false, true, false, false, true, false, true, false, false, true, false, false, true, false, false, true, true, false, true, false, false, false, false, true, false, false, false, true, true, false, false, true, false, false, false, false, true, false, false], [false, false, true, false, true, true, true, false, true, true, false, false, true, false, false, false, true, false, false, true, false, true, true, false, false, false, true, true, false, false, true, false, false, true, true, true, false, false, false, false, true, true, false, true, true, false, false, false, false, false, false, false, true, false, false, false, false, true, false, true, false, true, false, false, true, false, true, true, true, false, true, true, true, false, false, true, false, true, false, true, false, false, false, false, false, true, false, true, false, true, false, true, false, false, true, true, true, true, false, true], [true, false, false, true, true, true, true, false, true, true, false, false, false, false, true, false, true, false, true, true, false, false, false, true, false, true, false, false, false, true, false, true, true, true, false, false, false, false, true, false, true, true, false, false, false, true, false, false, false, false, false, false, true, true, false, false, false, false, false, true, false, true, false, true, true, true, false, false, false, false, false, false, true, true, false, false, true, false, false, false, true, false, false, true, true, true, true, true, true, true, true, true, false, false, true, true, false, false, false, false], [true, false, false, true, true, false, false, true, false, false, true, false, false, true, true, true, true, true, false, true, true, true, true, false, false, false, false, false, true, false, true, true, true, true, true, false, false, false, false, true, false, false, false, false, false, true, false, true, false, false, false, false, false, false, true, false, false, true, true, true, false, true, true, false, true, true, false, false, true, false, false, false, false, true, true, true, false, true, false, true, false, true, false, false, true, false, true, true, true, true, false, false, true, false, false, false, false, false, false, false], [false, true, true, true, false, false, false, true, true, false, true, false, true, true, false, true, false, false, true, false, false, false, false, false, false, false, true, true, false, false, true, false, true, false, false, false, true, false, false, true, true, true, true, false, true, true, false, false, true, true, false, true, true, true, true, true, true, true, true, false, true, true, true, true, true, false, true, true, false, false, true, false, false, true, true, false, false, false, false, true, true, false, true, false, true, false, false, false, true, false, false, false, false, false, true, true, false, false, false, false]], "ticket_name": "envs100_samples5000_seed999_20251122_233359_ddim8", "eval_noise_idx": 0, "eval_seed": 1619}