{"n_seeds": 5, "n_evals_per_seed": 100, "reward_mean": -344.00799560546875, "reward_std": 13.227344512939453, "success_mean": 0.33799999999999997, "success_std": 0.06833739825307955, "episode_seeds": [1619, 1620, 1621, 1622, 1623], "seed_reward_means": [-360.0299987792969, -348.7799987792969, -323.57000732421875, -344.9700012207031, -342.69000244140625], "seed_success_means": [0.25, 0.32, 0.44, 0.33, 0.35], "reward_matrix": [[-400.0, -253.0, -400.0, -400.0, -400.0, -400.0, -400.0, -400.0, -209.0, -400.0, -172.0, -400.0, -400.0, -400.0, -400.0, -400.0, -188.0, -152.0, -400.0, -400.0, -400.0, -289.0, -400.0, -199.0, -178.0, -400.0, -400.0, -400.0, -310.0, -169.0, -400.0, -400.0, -400.0, -400.0, -400.0, -206.0, -326.0, -300.0, -269.0, -400.0, -400.0, -400.0, -400.0, -400.0, -400.0, -400.0, -400.0, -400.0, -400.0, -400.0, -400.0, -400.0, -400.0, -166.0, -400.0, -400.0, -400.0, -400.0, -400.0, -400.0, -400.0, -190.0, -400.0, -400.0, -400.0, -400.0, -400.0, -236.0, -400.0, -400.0, -262.0, -400.0, -400.0, -400.0, -400.0, -400.0, -400.0, -285.0, -400.0, -376.0, -400.0, -214.0, -400.0, -185.0, -400.0, -400.0, -309.0, -400.0, -400.0, -270.0, -400.0, -290.0, -400.0, -400.0, -400.0, -400.0, -400.0, -400.0, -400.0, -400.0], [-400.0, -186.0, -181.0, -255.0, -217.0, -400.0, -281.0, -400.0, -213.0, -400.0, -400.0, -215.0, -221.0, -259.0, -232.0, -161.0, -400.0, -400.0, -400.0, -400.0, -400.0, -279.0, -400.0, -248.0, -400.0, -380.0, -400.0, -400.0, -400.0, -400.0, -400.0, -400.0, -400.0, -400.0, -400.0, -197.0, -400.0, -400.0, -400.0, -400.0, -400.0, -400.0, -400.0, -400.0, -169.0, -358.0, -400.0, -240.0, -400.0, -400.0, -400.0, -400.0, -400.0, -400.0, -400.0, -400.0, -400.0, -252.0, -250.0, -400.0, -400.0, -249.0, -400.0, -400.0, -181.0, -400.0, -400.0, -183.0, -400.0, -400.0, -158.0, -186.0, -400.0, -400.0, -400.0, -400.0, -400.0, -400.0, -400.0, -400.0, -294.0, -400.0, -400.0, -400.0, -400.0, -400.0, -219.0, -400.0, -357.0, -400.0, -350.0, -192.0, -400.0, -400.0, -400.0, -202.0, -400.0, -313.0, -400.0, -400.0], [-215.0, -400.0, -400.0, -400.0, -176.0, -400.0, -170.0, -185.0, -400.0, -232.0, -400.0, -190.0, -400.0, -400.0, -400.0, -400.0, -400.0, -194.0, -400.0, -400.0, -334.0, -196.0, -400.0, -400.0, -400.0, -165.0, -141.0, -203.0, -379.0, -236.0, -400.0, -156.0, -400.0, -216.0, -305.0, -400.0, -400.0, -400.0, -329.0, -400.0, -244.0, -188.0, -400.0, -400.0, -400.0, -400.0, -400.0, -400.0, -230.0, -400.0, -218.0, -400.0, -169.0, -400.0, -400.0, -400.0, -400.0, -400.0, -400.0, -400.0, -194.0, -206.0, -400.0, -280.0, -203.0, -246.0, -400.0, -400.0, -400.0, -400.0, -204.0, -174.0, -180.0, -336.0, -400.0, -400.0, -186.0, -400.0, -400.0, -400.0, -400.0, -400.0, -327.0, -287.0, -363.0, -182.0, -400.0, -208.0, -400.0, -400.0, -400.0, -400.0, -205.0, -253.0, -210.0, -201.0, -191.0, -250.0, -400.0, -400.0], [-386.0, -400.0, -219.0, -400.0, -202.0, -400.0, -216.0, -190.0, -400.0, -400.0, -171.0, -400.0, -342.0, -400.0, -400.0, -400.0, -400.0, -400.0, -195.0, -400.0, -154.0, -177.0, -400.0, -353.0, -400.0, -400.0, -400.0, -400.0, -400.0, -400.0, -209.0, -186.0, -173.0, -400.0, -362.0, -400.0, -234.0, -400.0, -179.0, -159.0, -400.0, -308.0, -182.0, -400.0, -400.0, -400.0, -400.0, -400.0, -400.0, -400.0, -400.0, -400.0, -400.0, -400.0, -189.0, -286.0, -310.0, -185.0, -400.0, -290.0, -400.0, -400.0, -234.0, -400.0, -400.0, -400.0, -400.0, -400.0, -400.0, -400.0, -400.0, -400.0, -400.0, -400.0, -400.0, -400.0, -400.0, -400.0, -400.0, -289.0, -400.0, -274.0, -400.0, -172.0, -400.0, -400.0, -197.0, -227.0, -400.0, -244.0, -400.0, -400.0, -400.0, -400.0, -400.0, -400.0, -400.0, -400.0, -400.0, -203.0], [-400.0, -400.0, -234.0, -400.0, -400.0, -400.0, -400.0, -216.0, -400.0, -400.0, -245.0, -400.0, -197.0, -146.0, -400.0, -177.0, -400.0, -280.0, -289.0, -400.0, -400.0, -250.0, -400.0, -400.0, -400.0, -400.0, -400.0, -400.0, -400.0, -309.0, -268.0, -181.0, -400.0, -400.0, -400.0, -173.0, -212.0, -400.0, -400.0, -267.0, -230.0, -323.0, -239.0, -244.0, -400.0, -400.0, -400.0, -400.0, -400.0, -400.0, -400.0, -400.0, -335.0, -400.0, -400.0, -400.0, -400.0, -254.0, -186.0, -400.0, -399.0, -400.0, -400.0, -400.0, -203.0, -400.0, -400.0, -400.0, -400.0, -400.0, -400.0, -177.0, -202.0, -289.0, -400.0, -400.0, -400.0, -400.0, -241.0, -199.0, -344.0, -400.0, -177.0, -400.0, -400.0, -400.0, -170.0, -400.0, -400.0, -400.0, -400.0, -400.0, -400.0, -201.0, -217.0, -216.0, -400.0, -400.0, -379.0, -400.0]], "success_matrix": [[false, true, false, false, false, false, false, false, true, false, true, false, false, false, false, false, true, true, false, false, false, true, false, true, true, false, false, false, true, true, false, false, false, false, false, true, true, true, true, false, false, false, false, false, false, false, false, false, false, false, false, false, false, true, false, false, false, false, false, false, false, true, false, false, false, false, false, true, false, false, true, false, false, false, false, false, false, true, false, true, false, true, false, true, false, false, true, false, false, true, false, true, false, false, false, false, false, false, false, false], [false, true, true, true, true, false, true, false, true, false, false, true, true, true, true, true, false, false, false, false, false, true, false, true, false, true, false, false, false, false, false, false, false, false, false, true, false, false, false, false, false, false, false, false, true, true, false, true, false, false, false, false, false, false, false, false, false, true, true, false, false, true, false, false, true, false, false, true, false, false, true, true, false, false, false, false, false, false, false, false, true, false, false, false, false, false, true, false, true, false, true, true, false, false, false, true, false, true, false, false], [true, false, false, false, true, false, true, true, false, true, false, true, false, false, false, false, false, true, false, false, true, true, false, false, false, true, true, true, true, true, false, true, false, true, true, false, false, false, true, false, true, true, false, false, false, false, false, false, true, false, true, false, true, false, false, false, false, false, false, false, true, true, false, true, true, true, false, false, false, false, true, true, true, true, false, false, true, false, false, false, false, false, true, true, true, true, false, true, false, false, false, false, true, true, true, true, true, true, false, false], [true, false, true, false, true, false, true, true, false, false, true, false, true, false, false, false, false, false, true, false, true, true, false, true, false, false, false, false, false, false, true, true, true, false, true, false, true, false, true, true, false, true, true, false, false, false, false, false, false, false, false, false, false, false, true, true, true, true, false, true, false, false, true, false, false, false, false, false, false, false, false, false, false, false, false, false, false, false, false, true, false, true, false, true, false, false, true, true, false, true, false, false, false, false, false, false, false, false, false, true], [false, false, true, false, false, false, false, true, false, false, true, false, true, true, false, true, false, true, true, false, false, true, false, false, false, false, false, false, false, true, true, true, false, false, false, true, true, false, false, true, true, true, true, true, false, false, false, false, false, false, false, false, true, false, false, false, false, true, true, false, false, false, false, false, true, false, false, false, false, false, false, true, true, true, false, false, false, false, true, true, true, false, true, false, false, false, true, false, false, false, false, false, false, true, true, true, false, false, true, false]], "ticket_name": "envs100_samples5000_seed999_20251127_043752_ddim2", "eval_noise_idx": 0, "eval_seed": 1619}