{"n_seeds": 5, "n_evals_per_seed": 100, "reward_mean": -64.51600646972656, "reward_std": 1.6779239177703857, "success_mean": 0.992, "success_std": 0.008366600265340763, "episode_seeds": [1619, 1620, 1621, 1622, 1623], "seed_reward_means": [-65.48999786376953, -65.33000183105469, -64.9000015258789, -65.31999969482422, -61.540000915527344], "seed_success_means": [1.0, 0.98, 0.99, 0.99, 1.0], "reward_matrix": [[-60.0, -61.0, -76.0, -58.0, -61.0, -56.0, -63.0, -59.0, -74.0, -63.0, -63.0, -59.0, -55.0, -61.0, -52.0, -98.0, -54.0, -65.0, -65.0, -48.0, -52.0, -105.0, -61.0, -53.0, -60.0, -56.0, -58.0, -67.0, -57.0, -57.0, -57.0, -65.0, -52.0, -173.0, -67.0, -61.0, -68.0, -57.0, -67.0, -52.0, -59.0, -62.0, -100.0, -52.0, -70.0, -65.0, -72.0, -58.0, -56.0, -72.0, -56.0, -70.0, -120.0, -65.0, -51.0, -52.0, -58.0, -76.0, -55.0, -65.0, -64.0, -65.0, -57.0, -82.0, -56.0, -57.0, -59.0, -79.0, -75.0, -62.0, -60.0, -57.0, -54.0, -96.0, -56.0, -58.0, -56.0, -54.0, -64.0, -66.0, -62.0, -58.0, -57.0, -52.0, -69.0, -55.0, -55.0, -106.0, -54.0, -76.0, -57.0, -55.0, -66.0, -104.0, -52.0, -63.0, -74.0, -62.0, -57.0, -108.0], [-50.0, -54.0, -53.0, -65.0, -61.0, -62.0, -53.0, -60.0, -60.0, -61.0, -57.0, -68.0, -62.0, -89.0, -65.0, -69.0, -63.0, -59.0, -56.0, -57.0, -72.0, -49.0, -59.0, -56.0, -59.0, -65.0, -78.0, -58.0, -53.0, -58.0, -56.0, -57.0, -55.0, -64.0, -55.0, -59.0, -61.0, -59.0, -59.0, -62.0, -67.0, -53.0, -67.0, -57.0, -75.0, -67.0, -58.0, -62.0, -300.0, -70.0, -56.0, -53.0, -50.0, -69.0, -70.0, -56.0, -57.0, -53.0, -56.0, -54.0, -61.0, -59.0, -51.0, -59.0, -59.0, -85.0, -56.0, -59.0, -56.0, -60.0, -52.0, -54.0, -68.0, -61.0, -61.0, -52.0, -56.0, -61.0, -61.0, -55.0, -63.0, -64.0, -56.0, -59.0, -56.0, -300.0, -62.0, -59.0, -54.0, -74.0, -56.0, -102.0, -54.0, -61.0, -81.0, -60.0, -57.0, -51.0, -53.0, -57.0], [-65.0, -60.0, -56.0, -69.0, -59.0, -65.0, -126.0, -67.0, -62.0, -67.0, -55.0, -61.0, -61.0, -300.0, -56.0, -72.0, -68.0, -50.0, -67.0, -57.0, -57.0, -64.0, -62.0, -53.0, -65.0, -60.0, -57.0, -61.0, -67.0, -69.0, -72.0, -58.0, -60.0, -57.0, -52.0, -69.0, -57.0, -65.0, -67.0, -59.0, -63.0, -53.0, -100.0, -52.0, -56.0, -60.0, -72.0, -63.0, -53.0, -103.0, -59.0, -56.0, -54.0, -54.0, -104.0, -65.0, -48.0, -57.0, -56.0, -56.0, -58.0, -63.0, -52.0, -63.0, -48.0, -59.0, -56.0, -62.0, -57.0, -52.0, -66.0, -50.0, -53.0, -72.0, -64.0, -56.0, -50.0, -62.0, -67.0, -58.0, -97.0, -64.0, -59.0, -57.0, -104.0, -52.0, -56.0, -52.0, -56.0, -65.0, -69.0, -56.0, -55.0, -79.0, -63.0, -51.0, -62.0, -57.0, -55.0, -55.0], [-66.0, -58.0, -57.0, -84.0, -49.0, -86.0, -68.0, -59.0, -56.0, -60.0, -63.0, -300.0, -53.0, -64.0, -64.0, -59.0, -84.0, -74.0, -68.0, -54.0, -57.0, -60.0, -61.0, -58.0, -60.0, -51.0, -71.0, -100.0, -116.0, -62.0, -52.0, -58.0, -54.0, -51.0, -59.0, -51.0, -55.0, -54.0, -48.0, -53.0, -71.0, -77.0, -57.0, -57.0, -55.0, -62.0, -55.0, -64.0, -54.0, -51.0, -60.0, -73.0, -60.0, -53.0, -64.0, -62.0, -52.0, -67.0, -54.0, -81.0, -67.0, -54.0, -60.0, -61.0, -51.0, -59.0, -63.0, -68.0, -58.0, -58.0, -62.0, -55.0, -55.0, -78.0, -52.0, -49.0, -61.0, -58.0, -64.0, -52.0, -59.0, -61.0, -62.0, -56.0, -60.0, -52.0, -55.0, -65.0, -59.0, -58.0, -57.0, -165.0, -64.0, -104.0, -73.0, -66.0, -63.0, -56.0, -56.0, -70.0], [-57.0, -60.0, -62.0, -66.0, -61.0, -54.0, -56.0, -51.0, -51.0, -57.0, -57.0, -55.0, -67.0, -64.0, -68.0, -117.0, -57.0, -59.0, -53.0, -63.0, -61.0, -57.0, -57.0, -48.0, -61.0, -64.0, -65.0, -60.0, -62.0, -55.0, -59.0, -72.0, -76.0, -59.0, -60.0, -60.0, -53.0, -57.0, -57.0, -67.0, -52.0, -66.0, -56.0, -51.0, -65.0, -49.0, -53.0, -56.0, -117.0, -65.0, -67.0, -56.0, -53.0, -56.0, -69.0, -65.0, -64.0, -57.0, -55.0, -69.0, -63.0, -53.0, -48.0, -60.0, -65.0, -52.0, -70.0, -61.0, -53.0, -59.0, -70.0, -50.0, -53.0, -55.0, -132.0, -53.0, -60.0, -70.0, -56.0, -58.0, -103.0, -81.0, -66.0, -65.0, -55.0, -62.0, -48.0, -56.0, -60.0, -56.0, -58.0, -56.0, -52.0, -52.0, -56.0, -60.0, -54.0, -59.0, -67.0, -61.0]], "success_matrix": [[true, true, true, true, true, true, true, true, true, true, true, true, true, true, true, true, true, true, true, true, true, true, true, true, true, true, true, true, true, true, true, true, true, true, true, true, true, true, true, true, true, true, true, true, true, true, true, true, true, true, true, true, true, true, true, true, true, true, true, true, true, true, true, true, true, true, true, true, true, true, true, true, true, true, true, true, true, true, true, true, true, true, true, true, true, true, true, true, true, true, true, true, true, true, true, true, true, true, true, true], [true, true, true, true, true, true, true, true, true, true, true, true, true, true, true, true, true, true, true, true, true, true, true, true, true, true, true, true, true, true, true, true, true, true, true, true, true, true, true, true, true, true, true, true, true, true, true, true, false, true, true, true, true, true, true, true, true, true, true, true, true, true, true, true, true, true, true, true, true, true, true, true, true, true, true, true, true, true, true, true, true, true, true, true, true, false, true, true, true, true, true, true, true, true, true, true, true, true, true, true], [true, true, true, true, true, true, true, true, true, true, true, true, true, false, true, true, true, true, true, true, true, true, true, true, true, true, true, true, true, true, true, true, true, true, true, true, true, true, true, true, true, true, true, true, true, true, true, true, true, true, true, true, true, true, true, true, true, true, true, true, true, true, true, true, true, true, true, true, true, true, true, true, true, true, true, true, true, true, true, true, true, true, true, true, true, true, true, true, true, true, true, true, true, true, true, true, true, true, true, true], [true, true, true, true, true, true, true, true, true, true, true, false, true, true, true, true, true, true, true, true, true, true, true, true, true, true, true, true, true, true, true, true, true, true, true, true, true, true, true, true, true, true, true, true, true, true, true, true, true, true, true, true, true, true, true, true, true, true, true, true, true, true, true, true, true, true, true, true, true, true, true, true, true, true, true, true, true, true, true, true, true, true, true, true, true, true, true, true, true, true, true, true, true, true, true, true, true, true, true, true], [true, true, true, true, true, true, true, true, true, true, true, true, true, true, true, true, true, true, true, true, true, true, true, true, true, true, true, true, true, true, true, true, true, true, true, true, true, true, true, true, true, true, true, true, true, true, true, true, true, true, true, true, true, true, true, true, true, true, true, true, true, true, true, true, true, true, true, true, true, true, true, true, true, true, true, true, true, true, true, true, true, true, true, true, true, true, true, true, true, true, true, true, true, true, true, true, true, true, true, true]], "ticket_name": "zo_envs10_iter100_cand10_lambda2.0_seed666_ddim2_20251215_221703/seed_673", "eval_noise_idx": 0, "eval_seed": 1619}