{"n_seeds": 5, "n_evals_per_seed": 100, "reward_mean": -233.40200805664062, "reward_std": 9.023977279663086, "success_mean": 0.48599999999999993, "success_std": 0.06280127387243033, "episode_seeds": [1619, 1620, 1621, 1622, 1623], "seed_reward_means": [-220.9199981689453, -240.88999938964844, -238.83999633789062, -242.27999877929688, -224.0800018310547], "seed_success_means": [0.55, 0.44, 0.46, 0.41, 0.57], "reward_matrix": [[-300.0, -300.0, -300.0, -195.0, -300.0, -300.0, -300.0, -253.0, -137.0, -300.0, -300.0, -155.0, -147.0, -184.0, -151.0, -143.0, -300.0, -152.0, -300.0, -151.0, -300.0, -300.0, -131.0, -300.0, -300.0, -300.0, -141.0, -142.0, -300.0, -119.0, -142.0, -235.0, -166.0, -126.0, -300.0, -300.0, -187.0, -300.0, -300.0, -171.0, -300.0, -300.0, -300.0, -300.0, -126.0, -151.0, -143.0, -156.0, -135.0, -146.0, -130.0, -123.0, -184.0, -139.0, -131.0, -300.0, -148.0, -139.0, -300.0, -160.0, -252.0, -300.0, -123.0, -125.0, -194.0, -150.0, -300.0, -300.0, -131.0, -300.0, -300.0, -138.0, -300.0, -300.0, -300.0, -300.0, -149.0, -300.0, -300.0, -300.0, -300.0, -300.0, -153.0, -300.0, -111.0, -300.0, -210.0, -300.0, -135.0, -142.0, -139.0, -143.0, -147.0, -262.0, -143.0, -163.0, -216.0, -300.0, -300.0, -127.0], [-300.0, -300.0, -300.0, -137.0, -300.0, -300.0, -135.0, -300.0, -162.0, -300.0, -300.0, -210.0, -300.0, -300.0, -166.0, -169.0, -156.0, -300.0, -300.0, -142.0, -300.0, -300.0, -231.0, -139.0, -163.0, -300.0, -147.0, -300.0, -300.0, -300.0, -158.0, -300.0, -300.0, -300.0, -172.0, -143.0, -300.0, -300.0, -300.0, -230.0, -300.0, -183.0, -300.0, -300.0, -151.0, -143.0, -150.0, -300.0, -300.0, -300.0, -300.0, -187.0, -135.0, -155.0, -300.0, -175.0, -126.0, -300.0, -163.0, -130.0, -177.0, -300.0, -300.0, -300.0, -300.0, -139.0, -300.0, -167.0, -146.0, -300.0, -300.0, -300.0, -300.0, -134.0, -131.0, -206.0, -300.0, -300.0, -149.0, -300.0, -300.0, -300.0, -300.0, -250.0, -189.0, -175.0, -300.0, -155.0, -300.0, -194.0, -300.0, -300.0, -203.0, -207.0, -187.0, -300.0, -300.0, -122.0, -300.0, -300.0], [-162.0, -300.0, -155.0, -300.0, -123.0, -300.0, -300.0, -300.0, -300.0, -300.0, -271.0, -300.0, -300.0, -123.0, -146.0, -231.0, -138.0, -156.0, -300.0, -300.0, -300.0, -300.0, -123.0, -171.0, -183.0, -179.0, -128.0, -143.0, -261.0, -300.0, -300.0, -300.0, -238.0, -210.0, -234.0, -300.0, -300.0, -127.0, -300.0, -188.0, -300.0, -300.0, -300.0, -300.0, -147.0, -131.0, -300.0, -300.0, -300.0, -123.0, -183.0, -159.0, -300.0, -300.0, -138.0, -300.0, -171.0, -146.0, -208.0, -175.0, -171.0, -300.0, -279.0, -300.0, -300.0, -300.0, -300.0, -155.0, -219.0, -300.0, -300.0, -127.0, -300.0, -300.0, -300.0, -300.0, -146.0, -300.0, -122.0, -178.0, -119.0, -300.0, -131.0, -300.0, -134.0, -173.0, -160.0, -300.0, -300.0, -300.0, -300.0, -160.0, -300.0, -300.0, -300.0, -300.0, -300.0, -300.0, -300.0, -139.0], [-300.0, -300.0, -300.0, -300.0, -300.0, -122.0, -147.0, -300.0, -300.0, -183.0, -300.0, -143.0, -151.0, -300.0, -300.0, -300.0, -300.0, -154.0, -300.0, -300.0, -300.0, -300.0, -160.0, -300.0, -163.0, -150.0, -127.0, -300.0, -300.0, -155.0, -300.0, -300.0, -300.0, -147.0, -126.0, -300.0, -300.0, -203.0, -158.0, -298.0, -300.0, -300.0, -162.0, -300.0, -300.0, -174.0, -300.0, -300.0, -300.0, -135.0, -300.0, -143.0, -138.0, -146.0, -300.0, -232.0, -300.0, -163.0, -300.0, -223.0, -163.0, -194.0, -300.0, -300.0, -300.0, -149.0, -143.0, -300.0, -300.0, -157.0, -300.0, -300.0, -300.0, -300.0, -138.0, -135.0, -300.0, -300.0, -217.0, -173.0, -300.0, -135.0, -300.0, -300.0, -300.0, -300.0, -186.0, -300.0, -120.0, -300.0, -300.0, -182.0, -300.0, -170.0, -300.0, -300.0, -300.0, -143.0, -173.0, -147.0], [-151.0, -155.0, -115.0, -151.0, -206.0, -300.0, -270.0, -122.0, -300.0, -127.0, -300.0, -145.0, -300.0, -130.0, -300.0, -300.0, -300.0, -135.0, -159.0, -300.0, -300.0, -135.0, -300.0, -300.0, -219.0, -143.0, -300.0, -300.0, -300.0, -163.0, -179.0, -300.0, -300.0, -147.0, -295.0, -135.0, -300.0, -153.0, -158.0, -219.0, -219.0, -198.0, -300.0, -157.0, -300.0, -300.0, -191.0, -141.0, -195.0, -127.0, -300.0, -160.0, -300.0, -300.0, -300.0, -300.0, -135.0, -300.0, -127.0, -161.0, -143.0, -300.0, -141.0, -300.0, -133.0, -179.0, -300.0, -158.0, -300.0, -131.0, -234.0, -300.0, -300.0, -133.0, -300.0, -300.0, -179.0, -300.0, -300.0, -290.0, -215.0, -172.0, -171.0, -300.0, -131.0, -167.0, -134.0, -300.0, -300.0, -159.0, -300.0, -163.0, -278.0, -300.0, -134.0, -138.0, -300.0, -300.0, -171.0, -131.0]], "success_matrix": [[false, false, false, true, false, false, false, true, true, false, false, true, true, true, true, true, false, true, false, true, false, false, true, false, false, false, true, true, false, true, true, true, true, true, false, false, true, false, false, true, false, false, false, false, true, true, true, true, true, true, true, true, true, true, true, false, true, true, false, true, true, false, true, true, true, true, false, false, true, false, false, true, false, false, false, false, true, false, false, false, false, false, true, false, true, false, true, false, true, true, true, true, true, true, true, true, true, false, false, true], [false, false, false, true, false, false, true, false, true, false, false, true, false, false, true, true, true, false, false, true, false, false, true, true, true, false, true, false, false, false, true, false, false, false, true, true, false, false, false, true, false, true, false, false, true, true, true, false, false, false, false, true, true, true, false, true, true, false, true, true, true, false, false, false, false, true, false, true, true, false, false, false, false, true, true, true, false, false, true, false, false, false, false, true, true, true, false, true, false, true, false, false, true, true, true, false, false, true, false, false], [true, false, true, false, true, false, false, false, false, false, true, false, false, true, true, true, true, true, false, false, false, false, true, true, true, true, true, true, true, false, false, false, true, true, true, false, false, true, false, true, false, false, false, false, true, true, false, false, false, true, true, true, false, false, true, false, true, true, true, true, true, false, true, false, false, false, false, true, true, false, false, true, false, false, false, false, true, false, true, true, true, false, true, false, true, true, true, false, false, false, false, true, false, false, false, false, false, false, false, true], [false, false, false, false, false, true, true, false, false, true, false, true, true, false, false, false, false, true, false, false, false, false, true, false, true, true, true, false, false, true, false, false, false, true, true, false, false, true, true, false, false, false, true, false, false, true, false, false, false, true, false, true, true, true, false, true, false, true, false, true, true, true, false, false, false, true, true, false, false, true, false, false, false, false, true, true, false, false, true, true, false, true, false, false, false, false, true, false, true, false, false, true, false, true, false, false, false, true, true, true], [true, true, true, true, true, false, true, true, false, true, false, true, false, true, false, false, false, true, true, false, false, true, false, false, true, true, false, false, false, true, true, false, false, true, true, true, false, true, true, true, true, true, false, true, false, false, true, true, true, true, false, true, false, false, false, false, true, false, true, true, true, false, true, false, true, true, false, true, false, true, true, false, false, true, false, false, true, false, false, true, true, true, true, false, true, true, true, false, false, true, false, true, true, false, true, true, false, false, true, true]], "ticket_name": "envs50_samples5000_seed999_ddim8_20251130_223116_nenvs_50", "eval_noise_idx": 26, "eval_seed": 1619}