{"n_seeds": 5, "n_evals_per_seed": 100, "reward_mean": -218.073974609375, "reward_std": 8.424979209899902, "success_mean": 0.6699999999999999, "success_std": 0.05366563145999495, "episode_seeds": [1619, 1620, 1621, 1622, 1623], "seed_reward_means": [-202.05999755859375, -220.0, -219.02999877929688, -226.58999633789062, -222.69000244140625], "seed_success_means": [0.76, 0.64, 0.7, 0.64, 0.61], "reward_matrix": [[-300.0, -171.0, -295.0, -140.0, -270.0, -144.0, -300.0, -143.0, -139.0, -191.0, -296.0, -151.0, -139.0, -187.0, -155.0, -159.0, -168.0, -173.0, -300.0, -171.0, -300.0, -233.0, -136.0, -183.0, -154.0, -272.0, -148.0, -155.0, -234.0, -140.0, -151.0, -186.0, -164.0, -135.0, -148.0, -179.0, -300.0, -300.0, -300.0, -175.0, -246.0, -300.0, -196.0, -205.0, -127.0, -191.0, -143.0, -179.0, -136.0, -151.0, -143.0, -127.0, -179.0, -127.0, -132.0, -246.0, -143.0, -148.0, -300.0, -155.0, -254.0, -300.0, -127.0, -131.0, -191.0, -171.0, -183.0, -234.0, -143.0, -205.0, -300.0, -143.0, -207.0, -300.0, -300.0, -300.0, -136.0, -234.0, -202.0, -300.0, -300.0, -260.0, -143.0, -300.0, -124.0, -300.0, -207.0, -300.0, -140.0, -147.0, -136.0, -151.0, -143.0, -290.0, -163.0, -147.0, -300.0, -300.0, -300.0, -135.0], [-234.0, -300.0, -300.0, -146.0, -300.0, -300.0, -144.0, -151.0, -148.0, -257.0, -156.0, -152.0, -147.0, -251.0, -300.0, -212.0, -139.0, -300.0, -300.0, -151.0, -300.0, -300.0, -300.0, -143.0, -143.0, -300.0, -155.0, -292.0, -300.0, -174.0, -152.0, -300.0, -300.0, -282.0, -300.0, -144.0, -156.0, -205.0, -258.0, -203.0, -190.0, -183.0, -191.0, -185.0, -156.0, -132.0, -152.0, -300.0, -300.0, -300.0, -183.0, -300.0, -147.0, -300.0, -300.0, -140.0, -131.0, -227.0, -167.0, -139.0, -159.0, -300.0, -247.0, -181.0, -300.0, -151.0, -300.0, -167.0, -147.0, -300.0, -300.0, -171.0, -197.0, -147.0, -135.0, -152.0, -300.0, -151.0, -146.0, -172.0, -211.0, -150.0, -300.0, -167.0, -143.0, -300.0, -300.0, -163.0, -300.0, -179.0, -211.0, -224.0, -300.0, -300.0, -225.0, -300.0, -300.0, -127.0, -159.0, -300.0], [-167.0, -300.0, -147.0, -300.0, -138.0, -132.0, -179.0, -201.0, -243.0, -287.0, -255.0, -300.0, -255.0, -300.0, -230.0, -300.0, -139.0, -152.0, -236.0, -300.0, -297.0, -147.0, -134.0, -300.0, -140.0, -144.0, -135.0, -139.0, -147.0, -244.0, -283.0, -300.0, -264.0, -140.0, -135.0, -300.0, -250.0, -143.0, -245.0, -139.0, -300.0, -242.0, -300.0, -300.0, -135.0, -137.0, -276.0, -300.0, -300.0, -143.0, -143.0, -161.0, -300.0, -242.0, -151.0, -144.0, -148.0, -151.0, -195.0, -140.0, -170.0, -238.0, -300.0, -300.0, -263.0, -245.0, -300.0, -152.0, -271.0, -203.0, -242.0, -136.0, -300.0, -300.0, -290.0, -170.0, -151.0, -300.0, -135.0, -203.0, -127.0, -188.0, -132.0, -300.0, -139.0, -139.0, -152.0, -300.0, -243.0, -167.0, -300.0, -300.0, -163.0, -291.0, -300.0, -163.0, -300.0, -300.0, -300.0, -135.0], [-300.0, -300.0, -203.0, -300.0, -199.0, -131.0, -148.0, -300.0, -300.0, -152.0, -292.0, -151.0, -162.0, -144.0, -300.0, -237.0, -300.0, -151.0, -258.0, -140.0, -300.0, -231.0, -150.0, -300.0, -191.0, -155.0, -139.0, -263.0, -300.0, -152.0, -300.0, -191.0, -300.0, -148.0, -142.0, -147.0, -300.0, -300.0, -300.0, -158.0, -300.0, -231.0, -147.0, -300.0, -300.0, -167.0, -300.0, -300.0, -300.0, -136.0, -159.0, -148.0, -143.0, -151.0, -300.0, -151.0, -300.0, -132.0, -300.0, -270.0, -300.0, -223.0, -231.0, -300.0, -300.0, -143.0, -151.0, -241.0, -300.0, -300.0, -263.0, -280.0, -247.0, -300.0, -143.0, -132.0, -254.0, -300.0, -163.0, -175.0, -300.0, -127.0, -260.0, -287.0, -300.0, -207.0, -163.0, -283.0, -300.0, -218.0, -144.0, -187.0, -300.0, -170.0, -300.0, -270.0, -190.0, -148.0, -142.0, -147.0], [-144.0, -144.0, -127.0, -144.0, -300.0, -300.0, -300.0, -135.0, -300.0, -132.0, -230.0, -147.0, -231.0, -132.0, -300.0, -300.0, -135.0, -132.0, -143.0, -300.0, -300.0, -139.0, -300.0, -300.0, -171.0, -159.0, -243.0, -140.0, -252.0, -171.0, -300.0, -274.0, -242.0, -155.0, -136.0, -131.0, -300.0, -139.0, -204.0, -246.0, -300.0, -300.0, -300.0, -184.0, -300.0, -275.0, -199.0, -143.0, -300.0, -132.0, -300.0, -155.0, -300.0, -300.0, -300.0, -300.0, -136.0, -300.0, -128.0, -300.0, -160.0, -300.0, -144.0, -300.0, -136.0, -171.0, -300.0, -300.0, -300.0, -139.0, -238.0, -300.0, -300.0, -139.0, -300.0, -300.0, -166.0, -245.0, -243.0, -136.0, -300.0, -300.0, -148.0, -250.0, -136.0, -144.0, -143.0, -300.0, -296.0, -140.0, -253.0, -155.0, -300.0, -296.0, -155.0, -136.0, -300.0, -123.0, -300.0, -147.0]], "success_matrix": [[false, true, false, true, true, true, false, true, true, true, false, true, true, true, true, true, true, true, false, true, false, true, true, true, true, true, true, true, true, true, true, true, true, true, true, true, false, false, false, true, true, false, true, true, true, true, true, true, true, true, true, true, true, true, true, true, true, true, false, true, true, false, true, true, true, true, true, true, true, true, false, true, true, false, false, false, true, true, true, false, false, true, true, false, true, false, true, false, true, true, true, true, true, true, true, true, false, false, false, true], [true, false, false, true, false, false, true, true, true, true, true, true, true, true, false, true, true, false, false, true, false, false, false, true, true, false, true, true, false, true, true, false, false, true, false, true, true, true, true, true, true, true, true, true, true, true, true, false, false, false, true, false, true, false, false, true, true, true, true, true, true, false, true, true, false, true, false, true, true, false, false, true, true, true, true, true, false, true, true, true, true, true, false, true, true, false, false, true, false, true, true, true, false, false, true, false, false, true, true, false], [true, false, true, false, true, true, true, true, true, true, true, false, true, false, true, false, true, true, true, false, false, true, true, false, true, true, true, true, true, true, true, false, true, true, true, false, true, true, true, true, false, true, false, false, true, true, true, false, false, true, true, true, false, true, true, true, true, true, true, true, true, true, false, false, true, true, false, true, true, true, true, true, false, false, true, true, true, false, true, true, true, true, true, false, true, true, true, false, true, true, false, false, true, true, false, true, false, false, false, true], [false, false, true, false, true, true, true, false, false, true, true, true, true, true, false, true, false, true, true, true, false, true, true, false, true, true, true, true, false, true, false, true, false, true, true, true, false, false, false, true, false, true, true, false, false, true, false, false, false, true, true, true, true, true, false, true, false, true, false, true, false, true, true, false, false, true, true, true, false, false, true, true, true, false, true, true, true, false, true, true, false, true, true, true, false, true, true, true, false, true, true, true, false, true, false, true, true, true, true, true], [true, true, true, true, false, false, false, true, false, true, true, true, true, true, false, false, true, true, true, false, false, true, false, false, true, true, true, true, true, true, false, true, true, true, true, true, false, true, true, true, false, false, false, true, false, true, true, true, false, true, false, true, false, false, false, false, true, false, true, false, true, false, true, false, true, true, false, false, false, true, true, false, false, true, false, false, true, true, true, true, false, false, true, true, true, true, true, false, true, true, true, true, false, true, true, true, false, true, false, true]], "ticket_name": "envs100_samples5000_seed999_20251127_043633_ddim2", "eval_noise_idx": 1, "eval_seed": 1619}