{"n_seeds": 5, "n_evals_per_seed": 100, "reward_mean": -120.75999450683594, "reward_std": 11.668285369873047, "success_mean": 0.806, "success_std": 0.05366563145999495, "episode_seeds": [1619, 1620, 1621, 1622, 1623], "seed_reward_means": [-128.2899932861328, -126.05999755859375, -120.86000061035156, -100.58000183105469, -128.00999450683594], "seed_success_means": [0.78, 0.78, 0.8, 0.9, 0.77], "reward_matrix": [[-300.0, -300.0, -84.0, -67.0, -81.0, -300.0, -81.0, -65.0, -300.0, -80.0, -78.0, -80.0, -63.0, -96.0, -300.0, -77.0, -75.0, -300.0, -81.0, -300.0, -67.0, -68.0, -103.0, -64.0, -300.0, -300.0, -88.0, -85.0, -93.0, -68.0, -65.0, -102.0, -78.0, -75.0, -118.0, -81.0, -75.0, -300.0, -115.0, -62.0, -67.0, -79.0, -68.0, -100.0, -300.0, -74.0, -108.0, -79.0, -300.0, -300.0, -300.0, -103.0, -91.0, -75.0, -78.0, -63.0, -71.0, -300.0, -80.0, -79.0, -300.0, -92.0, -72.0, -300.0, -76.0, -71.0, -83.0, -101.0, -76.0, -71.0, -111.0, -74.0, -67.0, -66.0, -68.0, -72.0, -78.0, -76.0, -110.0, -300.0, -79.0, -77.0, -71.0, -74.0, -81.0, -78.0, -65.0, -83.0, -85.0, -300.0, -300.0, -79.0, -81.0, -300.0, -69.0, -67.0, -104.0, -68.0, -74.0, -300.0], [-62.0, -61.0, -61.0, -84.0, -75.0, -73.0, -62.0, -71.0, -65.0, -75.0, -72.0, -84.0, -76.0, -300.0, -78.0, -108.0, -80.0, -63.0, -85.0, -86.0, -102.0, -72.0, -83.0, -300.0, -77.0, -295.0, -115.0, -83.0, -81.0, -88.0, -65.0, -67.0, -68.0, -300.0, -64.0, -70.0, -108.0, -83.0, -300.0, -79.0, -300.0, -76.0, -300.0, -81.0, -300.0, -299.0, -300.0, -68.0, -300.0, -82.0, -300.0, -69.0, -76.0, -91.0, -90.0, -67.0, -300.0, -71.0, -73.0, -76.0, -77.0, -64.0, -63.0, -72.0, -300.0, -300.0, -300.0, -82.0, -84.0, -73.0, -300.0, -63.0, -104.0, -68.0, -83.0, -68.0, -63.0, -71.0, -86.0, -64.0, -81.0, -83.0, -62.0, -88.0, -69.0, -90.0, -90.0, -71.0, -300.0, -300.0, -74.0, -300.0, -75.0, -85.0, -109.0, -300.0, -76.0, -300.0, -65.0, -63.0], [-300.0, -87.0, -300.0, -300.0, -70.0, -85.0, -92.0, -88.0, -76.0, -79.0, -68.0, -70.0, -78.0, -300.0, -73.0, -77.0, -83.0, -66.0, -90.0, -81.0, -75.0, -82.0, -76.0, -82.0, -300.0, -100.0, -300.0, -81.0, -81.0, -300.0, -76.0, -70.0, -81.0, -71.0, -300.0, -98.0, -67.0, -77.0, -104.0, -100.0, -300.0, -68.0, -67.0, -64.0, -62.0, -67.0, -300.0, -74.0, -59.0, -79.0, -76.0, -67.0, -70.0, -300.0, -79.0, -77.0, -65.0, -300.0, -300.0, -65.0, -65.0, -67.0, -65.0, -88.0, -59.0, -72.0, -100.0, -81.0, -64.0, -61.0, -74.0, -59.0, -66.0, -80.0, -70.0, -74.0, -300.0, -295.0, -97.0, -71.0, -300.0, -300.0, -71.0, -80.0, -76.0, -64.0, -300.0, -65.0, -78.0, -300.0, -107.0, -66.0, -73.0, -108.0, -78.0, -66.0, -82.0, -300.0, -75.0, -66.0], [-80.0, -296.0, -58.0, -300.0, -61.0, -134.0, -85.0, -300.0, -80.0, -74.0, -81.0, -96.0, -72.0, -95.0, -89.0, -81.0, -300.0, -81.0, -89.0, -64.0, -87.0, -86.0, -86.0, -87.0, -89.0, -63.0, -300.0, -65.0, -300.0, -84.0, -62.0, -78.0, -60.0, -300.0, -92.0, -61.0, -79.0, -300.0, -63.0, -73.0, -97.0, -84.0, -67.0, -87.0, -89.0, -79.0, -64.0, -80.0, -65.0, -77.0, -71.0, -83.0, -70.0, -66.0, -85.0, -82.0, -64.0, -85.0, -73.0, -105.0, -76.0, -63.0, -76.0, -91.0, -58.0, -71.0, -99.0, -89.0, -69.0, -69.0, -72.0, -78.0, -69.0, -130.0, -63.0, -59.0, -70.0, -67.0, -85.0, -68.0, -300.0, -88.0, -83.0, -69.0, -77.0, -63.0, -83.0, -300.0, -79.0, -74.0, -70.0, -88.0, -76.0, -59.0, -95.0, -99.0, -80.0, -73.0, -76.0, -100.0], [-66.0, -78.0, -67.0, -91.0, -66.0, -63.0, -62.0, -59.0, -70.0, -70.0, -299.0, -70.0, -300.0, -71.0, -300.0, -76.0, -67.0, -80.0, -65.0, -300.0, -74.0, -77.0, -77.0, -73.0, -187.0, -75.0, -80.0, -300.0, -71.0, -70.0, -84.0, -300.0, -82.0, -89.0, -300.0, -68.0, -71.0, -81.0, -76.0, -300.0, -300.0, -80.0, -69.0, -65.0, -69.0, -59.0, -59.0, -77.0, -300.0, -300.0, -90.0, -300.0, -68.0, -299.0, -300.0, -86.0, -300.0, -75.0, -69.0, -98.0, -71.0, -69.0, -300.0, -67.0, -76.0, -300.0, -176.0, -81.0, -68.0, -74.0, -94.0, -68.0, -63.0, -63.0, -296.0, -71.0, -87.0, -91.0, -300.0, -74.0, -65.0, -99.0, -101.0, -75.0, -71.0, -80.0, -300.0, -64.0, -71.0, -300.0, -83.0, -63.0, -67.0, -62.0, -64.0, -73.0, -300.0, -300.0, -84.0, -72.0]], "success_matrix": [[false, false, true, true, true, false, true, true, false, true, true, true, true, true, false, true, true, false, true, false, true, true, true, true, false, false, true, true, true, true, true, true, true, true, true, true, true, false, true, true, true, true, true, true, false, true, true, true, false, false, false, true, true, true, true, true, true, false, true, true, false, true, true, false, true, true, true, true, true, true, true, true, true, true, true, true, true, true, true, false, true, true, true, true, true, true, true, true, true, false, false, true, true, false, true, true, true, true, true, false], [true, true, true, true, true, true, true, true, true, true, true, true, true, false, true, true, true, true, true, true, true, true, true, false, true, false, true, true, true, true, true, true, true, false, true, true, true, true, false, true, false, true, false, true, false, false, false, true, false, true, false, true, true, true, true, true, false, true, true, true, true, true, true, true, false, false, false, true, true, true, false, true, true, true, true, true, true, true, true, true, true, true, true, true, true, true, true, true, false, false, true, false, true, true, true, false, true, false, true, true], [false, true, false, false, true, true, true, true, true, true, true, true, true, false, true, true, true, true, true, true, true, true, true, true, false, true, false, true, true, false, true, true, true, true, false, true, true, true, true, true, false, true, true, true, true, true, false, true, true, true, true, true, true, false, true, true, true, false, false, true, true, true, true, true, true, true, true, true, true, true, true, true, true, true, true, true, false, false, true, true, false, false, true, true, true, true, false, true, true, false, true, true, true, true, true, true, true, false, true, true], [true, false, true, false, true, true, true, false, true, true, true, true, true, true, true, true, false, true, true, true, true, true, true, true, true, true, false, true, false, true, true, true, true, false, true, true, true, false, true, true, true, true, true, true, true, true, true, true, true, true, true, true, true, true, true, true, true, true, true, true, true, true, true, true, true, true, true, true, true, true, true, true, true, true, true, true, true, true, true, true, false, true, true, true, true, true, true, false, true, true, true, true, true, true, true, true, true, true, true, true], [true, true, true, true, true, true, true, true, true, true, false, true, false, true, false, true, true, true, true, false, true, true, true, true, true, true, true, false, true, true, true, false, true, true, false, true, true, true, true, false, false, true, true, true, true, true, true, true, false, false, true, false, true, false, false, true, false, true, true, true, true, true, false, true, true, false, true, true, true, true, true, true, true, true, false, true, true, true, false, true, true, true, true, true, true, true, false, true, true, false, true, true, true, true, true, true, false, false, true, true]], "ticket_name": "zo_envs10_iter500_cand2_lambda2.0_seed666_ddim2_20251215_221920/seed_670", "eval_noise_idx": 0, "eval_seed": 1619}