{"n_seeds": 5, "n_evals_per_seed": 100, "reward_mean": -263.4159851074219, "reward_std": 3.3230929374694824, "success_mean": 0.388, "success_std": 0.02588435821108957, "episode_seeds": [1619, 1620, 1621, 1622, 1623], "seed_reward_means": [-263.9800109863281, -268.8800048828125, -261.4599914550781, -260.4100036621094, -262.3500061035156], "seed_success_means": [0.38, 0.36, 0.43, 0.38, 0.39], "reward_matrix": [[-300.0, -300.0, -300.0, -186.0, -300.0, -300.0, -300.0, -175.0, -271.0, -175.0, -300.0, -300.0, -187.0, -141.0, -203.0, -300.0, -300.0, -206.0, -168.0, -300.0, -300.0, -144.0, -167.0, -300.0, -300.0, -251.0, -192.0, -300.0, -300.0, -300.0, -300.0, -209.0, -288.0, -300.0, -300.0, -300.0, -300.0, -300.0, -258.0, -300.0, -300.0, -300.0, -300.0, -175.0, -300.0, -210.0, -207.0, -168.0, -300.0, -300.0, -246.0, -300.0, -300.0, -192.0, -300.0, -300.0, -253.0, -300.0, -300.0, -300.0, -300.0, -300.0, -300.0, -300.0, -300.0, -300.0, -300.0, -300.0, -300.0, -300.0, -130.0, -300.0, -300.0, -300.0, -254.0, -300.0, -196.0, -159.0, -193.0, -147.0, -300.0, -300.0, -229.0, -231.0, -300.0, -283.0, -300.0, -300.0, -300.0, -205.0, -300.0, -179.0, -300.0, -282.0, -300.0, -300.0, -236.0, -300.0, -211.0, -191.0], [-300.0, -152.0, -300.0, -300.0, -300.0, -259.0, -270.0, -300.0, -300.0, -300.0, -193.0, -191.0, -231.0, -300.0, -300.0, -300.0, -274.0, -230.0, -300.0, -300.0, -300.0, -300.0, -300.0, -300.0, -300.0, -300.0, -300.0, -300.0, -300.0, -300.0, -300.0, -300.0, -156.0, -189.0, -300.0, -300.0, -226.0, -221.0, -300.0, -300.0, -300.0, -240.0, -300.0, -170.0, -248.0, -300.0, -300.0, -300.0, -300.0, -300.0, -251.0, -223.0, -300.0, -300.0, -300.0, -300.0, -300.0, -300.0, -260.0, -300.0, -300.0, -300.0, -300.0, -162.0, -300.0, -228.0, -300.0, -190.0, -300.0, -300.0, -300.0, -300.0, -300.0, -288.0, -300.0, -216.0, -215.0, -300.0, -195.0, -207.0, -165.0, -300.0, -300.0, -300.0, -182.0, -203.0, -198.0, -300.0, -170.0, -300.0, -300.0, -175.0, -300.0, -194.0, -211.0, -281.0, -300.0, -300.0, -300.0, -224.0], [-216.0, -300.0, -300.0, -201.0, -254.0, -300.0, -300.0, -163.0, -220.0, -292.0, -300.0, -300.0, -273.0, -252.0, -300.0, -268.0, -300.0, -300.0, -300.0, -300.0, -300.0, -300.0, -300.0, -204.0, -263.0, -209.0, -300.0, -300.0, -193.0, -300.0, -300.0, -237.0, -300.0, -184.0, -215.0, -300.0, -156.0, -300.0, -300.0, -300.0, -139.0, -300.0, -300.0, -300.0, -240.0, -300.0, -300.0, -232.0, -300.0, -300.0, -187.0, -300.0, -151.0, -300.0, -300.0, -300.0, -234.0, -285.0, -300.0, -300.0, -300.0, -159.0, -300.0, -300.0, -186.0, -300.0, -300.0, -300.0, -189.0, -218.0, -300.0, -169.0, -200.0, -208.0, -232.0, -284.0, -197.0, -300.0, -300.0, -151.0, -300.0, -193.0, -216.0, -300.0, -300.0, -192.0, -196.0, -300.0, -300.0, -300.0, -187.0, -300.0, -300.0, -169.0, -300.0, -300.0, -210.0, -300.0, -222.0, -300.0], [-300.0, -300.0, -239.0, -217.0, -300.0, -300.0, -300.0, -300.0, -139.0, -206.0, -300.0, -178.0, -183.0, -300.0, -170.0, -300.0, -300.0, -300.0, -211.0, -300.0, -228.0, -300.0, -183.0, -300.0, -300.0, -300.0, -238.0, -300.0, -300.0, -300.0, -300.0, -300.0, -300.0, -300.0, -300.0, -274.0, -150.0, -300.0, -300.0, -296.0, -219.0, -235.0, -300.0, -163.0, -300.0, -300.0, -147.0, -300.0, -300.0, -300.0, -300.0, -300.0, -300.0, -300.0, -300.0, -211.0, -244.0, -300.0, -300.0, -300.0, -190.0, -300.0, -145.0, -151.0, -300.0, -251.0, -230.0, -172.0, -300.0, -300.0, -300.0, -300.0, -140.0, -159.0, -300.0, -300.0, -190.0, -300.0, -300.0, -300.0, -160.0, -300.0, -154.0, -195.0, -300.0, -300.0, -300.0, -185.0, -215.0, -300.0, -300.0, -191.0, -140.0, -300.0, -300.0, -300.0, -257.0, -300.0, -185.0, -300.0], [-300.0, -300.0, -300.0, -300.0, -300.0, -211.0, -300.0, -300.0, -300.0, -157.0, -271.0, -248.0, -300.0, -216.0, -174.0, -153.0, -209.0, -300.0, -300.0, -207.0, -300.0, -300.0, -300.0, -300.0, -231.0, -198.0, -300.0, -217.0, -300.0, -300.0, -300.0, -154.0, -300.0, -300.0, -300.0, -300.0, -300.0, -195.0, -300.0, -300.0, -300.0, -300.0, -300.0, -300.0, -300.0, -155.0, -191.0, -300.0, -300.0, -300.0, -200.0, -179.0, -300.0, -157.0, -300.0, -300.0, -300.0, -300.0, -300.0, -300.0, -300.0, -300.0, -300.0, -300.0, -300.0, -300.0, -300.0, -226.0, -240.0, -300.0, -256.0, -141.0, -145.0, -300.0, -275.0, -193.0, -300.0, -281.0, -147.0, -300.0, -300.0, -300.0, -192.0, -300.0, -300.0, -248.0, -300.0, -139.0, -234.0, -176.0, -237.0, -182.0, -300.0, -273.0, -300.0, -300.0, -196.0, -300.0, -224.0, -207.0]], "success_matrix": [[false, false, false, true, false, false, false, true, true, true, false, false, true, true, true, false, false, true, true, false, false, true, true, false, false, true, true, false, false, false, false, true, true, false, false, false, false, false, true, false, false, false, false, true, false, true, true, true, false, false, true, false, false, true, false, false, true, false, false, false, false, false, false, false, false, false, false, false, false, false, true, false, false, false, true, false, true, true, true, true, false, false, true, true, false, true, false, false, false, true, false, true, false, true, false, false, true, false, true, true], [false, true, false, false, false, true, true, false, false, false, true, true, true, false, false, false, true, true, false, false, false, false, false, false, false, false, false, false, false, false, false, false, true, true, false, false, true, true, false, false, false, true, false, true, true, false, false, false, false, false, true, true, false, false, false, false, false, false, true, false, false, false, false, true, false, true, false, true, false, false, false, false, false, true, false, true, true, false, true, true, true, false, false, false, true, true, true, false, true, false, false, true, false, true, true, true, false, false, false, true], [true, false, false, true, true, false, false, true, true, true, false, false, true, true, false, true, false, false, false, false, false, false, false, true, true, true, false, false, true, false, false, true, false, true, true, false, true, false, false, false, true, false, false, false, true, false, false, true, false, false, true, false, true, false, false, false, true, true, false, false, false, true, false, false, true, false, false, false, true, true, false, true, true, true, true, true, true, false, false, true, false, true, true, false, false, true, true, false, false, false, true, false, false, true, false, false, true, false, true, false], [false, false, true, true, false, false, false, false, true, true, false, true, true, false, true, false, false, false, true, false, true, false, true, false, false, false, true, false, false, false, false, false, false, false, false, true, true, false, false, true, true, true, false, true, false, false, true, false, false, false, false, false, false, false, false, true, true, false, false, false, true, false, true, true, false, true, true, true, false, false, false, false, true, true, false, false, true, false, false, false, true, false, true, true, false, false, false, true, true, false, false, true, true, false, false, false, true, false, true, false], [false, false, false, false, false, true, false, false, false, true, true, true, false, true, true, true, true, false, false, true, false, false, false, false, true, true, false, true, false, false, false, true, false, false, false, false, false, true, false, false, false, false, false, false, false, true, true, false, false, false, true, true, false, true, false, false, false, false, false, false, false, false, false, false, false, false, false, true, true, false, true, true, true, false, true, true, false, true, true, false, false, false, true, false, false, true, false, true, true, true, true, true, false, true, false, false, true, false, true, true]], "ticket_name": "zo_envs10_iter500_cand2_lambda0.5_seed666_ddim8_20251212_061644/seed_667", "eval_noise_idx": 0, "eval_seed": 1619}