{"num_noise_samples": 500, "num_envs": 10, "success_rate_mean": 0.15780000388622284, "success_rate_std": 0.2609964609146118, "best_success_rate": 1.0, "best_original_index": 342, "success_rates_sorted": [1.0, 1.0, 1.0, 1.0, 1.0, 1.0, 1.0, 0.9, 0.9, 0.9, 0.9, 0.9, 0.9, 0.9, 0.9, 0.9, 0.9, 0.9, 0.9, 0.8, 0.8, 0.8, 0.8, 0.8, 0.8, 0.8, 0.8, 0.8, 0.8, 0.8, 0.8, 0.7, 0.7, 0.7, 0.7, 0.7, 0.7, 0.7, 0.7, 0.7, 0.7, 0.7, 0.7, 0.7, 0.7, 0.6, 0.6, 0.6, 0.6, 0.6, 0.6, 0.6, 0.6, 0.6, 0.6, 0.6, 0.5, 0.5, 0.5, 0.5, 0.5, 0.5, 0.5, 0.5, 0.5, 0.5, 0.5, 0.5, 0.5, 0.5, 0.5, 0.5, 0.4, 0.4, 0.4, 0.4, 0.4, 0.4, 0.4, 0.4, 0.4, 0.4, 0.4, 0.4, 0.4, 0.4, 0.4, 0.3, 0.3, 0.3, 0.3, 0.3, 0.3, 0.3, 0.3, 0.3, 0.3, 0.3, 0.3, 0.3, 0.3, 0.3, 0.3, 0.3, 0.3, 0.3, 0.3, 0.3, 0.3, 0.3, 0.3, 0.3, 0.3, 0.3, 0.3, 0.3, 0.3, 0.3, 0.3, 0.3, 0.3, 0.3, 0.2, 0.2, 0.2, 0.2, 0.2, 0.2, 0.2, 0.2, 0.2, 0.2, 0.2, 0.2, 0.2, 0.2, 0.2, 0.2, 0.2, 0.2, 0.2, 0.2, 0.2, 0.2, 0.2, 0.2, 0.2, 0.2, 0.2, 0.2, 0.2, 0.2, 0.2, 0.2, 0.2, 0.2, 0.1, 0.1, 0.1, 0.1, 0.1, 0.1, 0.1, 0.1, 0.1, 0.1, 0.1, 0.1, 0.1, 0.1, 0.1, 0.1, 0.1, 0.1, 0.1, 0.1, 0.1, 0.1, 0.1, 0.1, 0.1, 0.1, 0.1, 0.1, 0.1, 0.1, 0.1, 0.1, 0.1, 0.1, 0.1, 0.1, 0.1, 0.1, 0.0, 0.0, 0.0, 0.0, 0.0, 0.0, 0.0, 0.0, 0.0, 0.0, 0.0, 0.0, 0.0, 0.0, 0.0, 0.0, 0.0, 0.0, 0.0, 0.0, 0.0, 0.0, 0.0, 0.0, 0.0, 0.0, 0.0, 0.0, 0.0, 0.0, 0.0, 0.0, 0.0, 0.0, 0.0, 0.0, 0.0, 0.0, 0.0, 0.0, 0.0, 0.0, 0.0, 0.0, 0.0, 0.0, 0.0, 0.0, 0.0, 0.0, 0.0, 0.0, 0.0, 0.0, 0.0, 0.0, 0.0, 0.0, 0.0, 0.0, 0.0, 0.0, 0.0, 0.0, 0.0, 0.0, 0.0, 0.0, 0.0, 0.0, 0.0, 0.0, 0.0, 0.0, 0.0, 0.0, 0.0, 0.0, 0.0, 0.0, 0.0, 0.0, 0.0, 0.0, 0.0, 0.0, 0.0, 0.0, 0.0, 0.0, 0.0, 0.0, 0.0, 0.0, 0.0, 0.0, 0.0, 0.0, 0.0, 0.0, 0.0, 0.0, 0.0, 0.0, 0.0, 0.0, 0.0, 0.0, 0.0, 0.0, 0.0, 0.0, 0.0, 0.0, 0.0, 0.0, 0.0, 0.0, 0.0, 0.0, 0.0, 0.0, 0.0, 0.0, 0.0, 0.0, 0.0, 0.0, 0.0, 0.0, 0.0, 0.0, 0.0, 0.0, 0.0, 0.0, 0.0, 0.0, 0.0, 0.0, 0.0, 0.0, 0.0, 0.0, 0.0, 0.0, 0.0, 0.0, 0.0, 0.0, 0.0, 0.0, 0.0, 0.0, 0.0, 0.0, 0.0, 0.0, 0.0, 0.0, 0.0, 0.0, 0.0, 0.0, 0.0, 0.0, 0.0, 0.0, 0.0, 0.0, 0.0, 0.0, 0.0, 0.0, 0.0, 0.0, 0.0, 0.0, 0.0, 0.0, 0.0, 0.0, 0.0, 0.0, 0.0, 0.0, 0.0, 0.0, 0.0, 0.0, 0.0, 0.0, 0.0, 0.0, 0.0, 0.0, 0.0, 0.0, 0.0, 0.0, 0.0, 0.0, 0.0, 0.0, 0.0, 0.0, 0.0, 0.0, 0.0, 0.0, 0.0, 0.0, 0.0, 0.0, 0.0, 0.0, 0.0, 0.0, 0.0, 0.0, 0.0, 0.0, 0.0, 0.0, 0.0, 0.0, 0.0, 0.0, 0.0, 0.0, 0.0, 0.0, 0.0, 0.0, 0.0, 0.0, 0.0, 0.0, 0.0, 0.0, 0.0, 0.0, 0.0, 0.0, 0.0, 0.0, 0.0, 0.0, 0.0, 0.0, 0.0, 0.0, 0.0, 0.0, 0.0, 0.0, 0.0, 0.0, 0.0, 0.0, 0.0, 0.0, 0.0, 0.0, 0.0, 0.0, 0.0, 0.0, 0.0, 0.0, 0.0, 0.0, 0.0, 0.0, 0.0, 0.0, 0.0, 0.0, 0.0, 0.0, 0.0, 0.0, 0.0, 0.0, 0.0, 0.0, 0.0, 0.0, 0.0, 0.0, 0.0, 0.0, 0.0, 0.0, 0.0, 0.0, 0.0, 0.0, 0.0, 0.0, 0.0, 0.0, 0.0, 0.0, 0.0, 0.0], "original_success_rates": [0.0, 0.0, 0.4, 0.2, 0.0, 0.0, 0.8, 0.0, 0.5, 0.0, 0.0, 0.0, 0.0, 0.0, 0.1, 0.0, 0.3, 0.0, 0.9, 0.0, 0.0, 0.1, 0.0, 0.0, 0.1, 0.0, 0.0, 0.3, 0.7, 0.0, 0.0, 0.0, 0.0, 0.4, 0.0, 0.0, 0.3, 1.0, 0.0, 0.0, 0.0, 0.7, 0.0, 0.0, 0.0, 0.5, 1.0, 0.0, 0.3, 0.9, 0.0, 0.0, 0.0, 0.0, 0.0, 0.0, 0.1, 0.0, 0.0, 0.0, 0.0, 0.1, 0.0, 0.2, 0.0, 0.6, 0.0, 0.0, 0.0, 0.0, 0.0, 0.0, 0.0, 0.0, 0.0, 0.0, 0.2, 0.0, 0.0, 0.0, 0.0, 0.9, 0.0, 0.0, 0.0, 0.0, 0.0, 0.1, 0.5, 0.0, 0.0, 0.0, 0.3, 0.3, 0.0, 0.0, 0.8, 0.0, 0.1, 0.0, 0.0, 0.0, 0.0, 0.0, 0.1, 0.1, 0.0, 0.3, 0.6, 0.1, 0.0, 0.1, 0.0, 0.9, 0.0, 0.9, 0.5, 0.1, 0.0, 0.0, 0.0, 0.8, 0.0, 0.0, 0.0, 0.1, 0.7, 0.3, 0.0, 0.4, 0.7, 0.0, 0.0, 0.3, 0.1, 0.9, 0.0, 0.0, 0.0, 0.0, 0.8, 0.0, 0.1, 0.8, 0.5, 0.6, 0.0, 0.2, 0.0, 0.0, 0.3, 0.0, 0.0, 0.1, 0.2, 0.0, 0.0, 0.9, 0.0, 0.0, 0.8, 0.0, 0.0, 0.0, 0.0, 0.4, 0.0, 0.0, 0.0, 0.2, 0.0, 0.0, 0.0, 0.0, 0.6, 0.2, 0.0, 0.0, 0.0, 0.2, 0.0, 0.9, 0.4, 0.1, 0.0, 0.3, 0.3, 0.2, 0.7, 0.0, 0.0, 0.0, 0.5, 0.0, 0.5, 0.3, 0.1, 1.0, 0.0, 0.5, 0.0, 0.0, 0.0, 0.7, 0.2, 0.5, 0.0, 0.4, 0.0, 0.0, 0.0, 0.2, 0.0, 0.0, 0.2, 0.2, 0.0, 0.0, 0.0, 0.0, 0.6, 0.4, 0.0, 0.3, 0.0, 0.2, 0.0, 0.1, 0.0, 0.0, 0.2, 0.0, 0.4, 0.4, 0.2, 0.2, 0.6, 0.0, 0.0, 0.0, 0.0, 0.0, 0.0, 0.9, 0.0, 0.0, 0.0, 0.0, 0.0, 0.0, 0.0, 0.0, 0.5, 0.6, 0.0, 0.2, 0.1, 0.0, 0.2, 0.0, 1.0, 0.4, 0.3, 0.1, 0.0, 0.0, 0.5, 0.0, 0.0, 0.0, 0.1, 0.0, 0.7, 0.6, 0.0, 0.0, 0.0, 0.3, 0.3, 0.0, 0.0, 0.8, 0.0, 0.0, 0.7, 0.0, 0.0, 0.0, 0.3, 0.0, 0.0, 0.0, 0.2, 0.0, 0.1, 0.0, 0.0, 0.1, 0.0, 0.0, 0.7, 0.1, 0.0, 0.0, 0.7, 0.3, 0.8, 0.0, 0.3, 0.0, 0.3, 0.8, 0.0, 0.1, 0.0, 0.2, 0.0, 0.0, 0.0, 0.0, 0.0, 0.3, 0.2, 0.0, 0.0, 0.3, 0.0, 0.4, 0.0, 0.0, 0.7, 0.0, 0.0, 0.0, 0.0, 0.7, 0.3, 0.0, 0.0, 0.0, 0.1, 0.0, 1.0, 0.3, 0.0, 0.3, 0.1, 0.2, 0.0, 0.0, 0.0, 0.0, 0.0, 0.0, 0.0, 0.0, 0.0, 0.2, 1.0, 0.0, 0.0, 0.0, 0.0, 0.0, 0.0, 0.1, 0.0, 0.0, 0.0, 0.0, 0.0, 0.0, 0.0, 0.3, 0.0, 0.0, 0.0, 0.0, 0.0, 0.9, 0.3, 0.6, 0.3, 0.0, 0.0, 0.0, 0.0, 0.6, 0.0, 0.5, 0.1, 0.0, 0.0, 0.0, 0.0, 0.0, 0.8, 0.7, 0.0, 0.0, 0.4, 0.8, 1.0, 0.1, 0.0, 0.0, 0.0, 0.7, 0.0, 0.1, 0.0, 0.0, 0.3, 0.3, 0.0, 0.0, 0.2, 0.6, 0.1, 0.0, 0.2, 0.4, 0.0, 0.2, 0.0, 0.0, 0.0, 0.0, 0.0, 0.0, 0.3, 0.0, 0.0, 0.3, 0.0, 0.0, 0.0, 0.5, 0.0, 0.0, 0.2, 0.3, 0.1, 0.2, 0.0, 0.1, 0.1, 0.0, 0.0, 0.0, 0.0, 0.9, 0.0, 0.0, 0.0, 0.0, 0.0, 0.2, 0.0, 0.2, 0.8, 0.0, 0.4, 0.0, 0.0, 0.0, 0.0, 0.1, 0.3, 0.0, 0.2, 0.0, 0.0, 0.0, 0.0, 0.0, 0.0, 0.0, 0.5, 0.2, 0.0, 0.0, 0.0, 0.0, 0.2, 0.0, 0.0, 0.1, 0.5, 0.0, 0.4, 0.0, 0.0, 0.0, 0.0, 0.0, 0.0, 0.5, 0.9, 0.0], "seed": 1002, "env_seeds": [1780739998, 1935968128, 748285535, 1087078637, 2896556764, 2971655972, 501781881, 1396663187, 35535838, 3191457569]}