{
  "n_noise_indices": 3,
  "eval_indices": [
    0,
    1,
    2
  ],
  "reward_mean_across_indices": -234.68000284830728,
  "reward_std_across_indices": 22.64633963128805,
  "success_mean_across_indices": 0.5426666666666667,
  "success_std_across_indices": 0.2048641826511734,
  "per_index_results": {
    "0": {
      "reward_mean": -227.8319854736328,
      "reward_std": 5.630547046661377,
      "success_mean": 0.622,
      "success_std": 0.04445222154178578
    },
    "1": {
      "reward_mean": -216.2480010986328,
      "reward_std": 5.472194671630859,
      "success_mean": 0.696,
      "success_std": 0.01496662954709574
    },
    "2": {
      "reward_mean": -259.96002197265625,
      "reward_std": 4.470696926116943,
      "success_mean": 0.31,
      "success_std": 0.03847076812334269
    }
  }
}