{"n_seeds": 5, "n_evals_per_seed": 100, "reward_mean": -254.19400024414062, "reward_std": 7.856733322143555, "success_mean": 0.382, "success_std": 0.048166378315169185, "episode_seeds": [1619, 1620, 1621, 1622, 1623], "seed_reward_means": [-251.6999969482422, -264.5400085449219, -260.260009765625, -247.2100067138672, -247.25999450683594], "seed_success_means": [0.4, 0.3, 0.38, 0.42, 0.41], "reward_matrix": [[-300.0, -300.0, -300.0, -300.0, -300.0, -181.0, -136.0, -300.0, -300.0, -300.0, -300.0, -214.0, -300.0, -130.0, -300.0, -300.0, -300.0, -300.0, -244.0, -300.0, -126.0, -142.0, -190.0, -300.0, -300.0, -300.0, -300.0, -142.0, -300.0, -198.0, -300.0, -221.0, -193.0, -213.0, -190.0, -126.0, -300.0, -138.0, -146.0, -300.0, -300.0, -300.0, -300.0, -300.0, -300.0, -300.0, -179.0, -215.0, -165.0, -300.0, -300.0, -300.0, -138.0, -300.0, -300.0, -300.0, -300.0, -202.0, -300.0, -300.0, -300.0, -300.0, -210.0, -300.0, -300.0, -192.0, -146.0, -214.0, -284.0, -300.0, -300.0, -138.0, -300.0, -300.0, -142.0, -300.0, -212.0, -300.0, -300.0, -120.0, -300.0, -138.0, -300.0, -300.0, -300.0, -179.0, -150.0, -210.0, -300.0, -300.0, -300.0, -212.0, -300.0, -216.0, -214.0, -300.0, -132.0, -300.0, -300.0, -232.0], [-300.0, -126.0, -300.0, -300.0, -300.0, -300.0, -300.0, -300.0, -300.0, -300.0, -300.0, -213.0, -300.0, -300.0, -300.0, -300.0, -300.0, -300.0, -300.0, -300.0, -130.0, -300.0, -221.0, -300.0, -201.0, -300.0, -146.0, -300.0, -126.0, -300.0, -300.0, -226.0, -158.0, -182.0, -300.0, -300.0, -254.0, -300.0, -300.0, -300.0, -300.0, -223.0, -300.0, -300.0, -300.0, -300.0, -300.0, -300.0, -300.0, -300.0, -300.0, -300.0, -300.0, -300.0, -300.0, -300.0, -300.0, -156.0, -134.0, -134.0, -300.0, -300.0, -300.0, -300.0, -300.0, -209.0, -300.0, -300.0, -130.0, -175.0, -198.0, -218.0, -221.0, -281.0, -300.0, -278.0, -198.0, -170.0, -300.0, -300.0, -300.0, -300.0, -300.0, -300.0, -300.0, -300.0, -300.0, -300.0, -154.0, -300.0, -300.0, -300.0, -300.0, -130.0, -300.0, -174.0, -162.0, -300.0, -126.0, -300.0], [-300.0, -300.0, -300.0, -300.0, -300.0, -300.0, -300.0, -300.0, -273.0, -271.0, -138.0, -142.0, -300.0, -267.0, -149.0, -138.0, -300.0, -292.0, -250.0, -300.0, -300.0, -300.0, -215.0, -208.0, -242.0, -300.0, -203.0, -300.0, -300.0, -300.0, -300.0, -300.0, -300.0, -300.0, -300.0, -130.0, -151.0, -300.0, -300.0, -300.0, -300.0, -300.0, -300.0, -300.0, -300.0, -300.0, -300.0, -251.0, -300.0, -300.0, -300.0, -300.0, -134.0, -300.0, -300.0, -204.0, -300.0, -134.0, -138.0, -189.0, -230.0, -300.0, -300.0, -220.0, -170.0, -300.0, -300.0, -300.0, -247.0, -198.0, -159.0, -300.0, -300.0, -211.0, -271.0, -194.0, -300.0, -300.0, -130.0, -138.0, -300.0, -300.0, -300.0, -300.0, -300.0, -300.0, -300.0, -146.0, -166.0, -300.0, -300.0, -272.0, -300.0, -159.0, -300.0, -139.0, -300.0, -300.0, -257.0, -300.0], [-300.0, -300.0, -190.0, -300.0, -300.0, -126.0, -300.0, -300.0, -130.0, -300.0, -300.0, -187.0, -300.0, -300.0, -154.0, -220.0, -300.0, -134.0, -174.0, -300.0, -211.0, -300.0, -187.0, -300.0, -300.0, -300.0, -260.0, -300.0, -300.0, -232.0, -300.0, -300.0, -300.0, -300.0, -256.0, -300.0, -300.0, -300.0, -275.0, -300.0, -300.0, -175.0, -300.0, -136.0, -300.0, -134.0, -125.0, -300.0, -224.0, -226.0, -300.0, -300.0, -300.0, -213.0, -300.0, -300.0, -187.0, -300.0, -126.0, -146.0, -167.0, -300.0, -126.0, -154.0, -300.0, -185.0, -223.0, -134.0, -146.0, -300.0, -300.0, -300.0, -163.0, -300.0, -225.0, -300.0, -300.0, -300.0, -142.0, -218.0, -135.0, -300.0, -142.0, -300.0, -300.0, -174.0, -300.0, -300.0, -122.0, -146.0, -300.0, -300.0, -153.0, -300.0, -138.0, -300.0, -300.0, -300.0, -300.0, -300.0], [-300.0, -300.0, -300.0, -300.0, -138.0, -300.0, -300.0, -134.0, -291.0, -198.0, -159.0, -300.0, -300.0, -211.0, -300.0, -139.0, -300.0, -300.0, -300.0, -300.0, -300.0, -168.0, -300.0, -300.0, -138.0, -181.0, -300.0, -300.0, -300.0, -300.0, -138.0, -142.0, -142.0, -300.0, -148.0, -206.0, -300.0, -300.0, -146.0, -202.0, -300.0, -300.0, -130.0, -300.0, -300.0, -146.0, -217.0, -300.0, -300.0, -300.0, -132.0, -300.0, -300.0, -300.0, -300.0, -138.0, -300.0, -300.0, -300.0, -300.0, -172.0, -162.0, -300.0, -198.0, -300.0, -142.0, -240.0, -200.0, -300.0, -142.0, -146.0, -300.0, -300.0, -300.0, -300.0, -300.0, -300.0, -300.0, -193.0, -300.0, -300.0, -300.0, -181.0, -300.0, -300.0, -210.0, -134.0, -159.0, -149.0, -300.0, -179.0, -300.0, -197.0, -146.0, -300.0, -221.0, -300.0, -300.0, -300.0, -211.0]], "success_matrix": [[false, false, false, false, false, true, true, false, false, false, false, true, false, true, false, false, false, false, true, false, true, true, true, false, false, false, false, true, false, true, false, true, true, true, true, true, false, true, true, false, false, false, false, false, false, false, true, true, true, false, false, false, true, false, false, false, false, true, false, false, false, false, true, false, false, true, true, true, true, false, false, true, false, false, true, false, true, false, false, true, false, true, false, false, false, true, true, true, false, false, false, true, false, true, true, false, true, false, false, true], [false, true, false, false, false, false, false, false, false, false, false, true, false, false, false, false, false, false, false, false, true, false, true, false, true, false, true, false, true, false, false, true, true, true, false, false, true, false, false, false, false, true, false, false, false, false, false, false, false, false, false, false, false, false, false, false, false, true, true, true, false, false, false, false, false, true, false, false, true, true, true, true, true, true, false, true, true, true, false, false, false, false, false, false, false, false, false, false, true, false, false, false, false, true, false, true, true, false, true, false], [false, false, false, false, false, false, false, false, true, true, true, true, false, true, true, true, false, true, true, false, false, false, true, true, true, false, true, false, false, false, false, false, false, false, false, true, true, false, false, false, false, false, false, false, false, false, false, true, false, false, false, false, true, false, false, true, false, true, true, true, true, false, false, true, true, false, false, false, true, true, true, false, false, true, true, true, false, false, true, true, false, false, false, false, false, false, false, true, true, false, false, true, false, true, false, true, false, false, true, false], [false, false, true, false, false, true, false, false, true, false, false, true, false, false, true, true, false, true, true, false, true, false, true, false, false, false, true, false, false, true, false, false, false, false, true, false, false, false, true, false, false, true, false, true, false, true, true, false, true, true, false, false, false, true, false, false, true, false, true, true, true, false, true, true, false, true, true, true, true, false, false, false, true, false, true, false, false, false, true, true, true, false, true, false, false, true, false, false, true, true, false, false, true, false, true, false, false, false, false, false], [false, false, false, false, true, false, false, true, true, true, true, false, false, true, false, true, false, false, false, false, false, true, false, false, true, true, false, false, false, false, true, true, true, false, true, true, false, false, true, true, false, false, true, false, false, true, true, false, false, false, true, false, false, false, false, true, false, false, false, false, true, true, false, true, false, true, true, true, false, true, true, false, false, false, false, false, false, false, true, false, false, false, true, false, false, true, true, true, true, false, true, false, true, true, false, true, false, false, false, true]], "ticket_name": "zo_envs10_iter500_cand2_lambda2.0_seed666_ddim8_20251213_183610/seed_670", "eval_noise_idx": 0, "eval_seed": 1619}