{"n_seeds": 5, "n_evals_per_seed": 100, "reward_mean": -277.2460021972656, "reward_std": 4.79813814163208, "success_mean": 0.28, "success_std": 0.050990195135927854, "episode_seeds": [1619, 1620, 1621, 1622, 1623], "seed_reward_means": [-279.1400146484375, -281.8399963378906, -275.0, -269.9599914550781, -280.2900085449219], "seed_success_means": [0.25, 0.23, 0.33, 0.34, 0.25], "reward_matrix": [[-300.0, -300.0, -300.0, -300.0, -300.0, -300.0, -175.0, -300.0, -300.0, -195.0, -217.0, -300.0, -300.0, -155.0, -300.0, -300.0, -300.0, -253.0, -300.0, -300.0, -300.0, -159.0, -284.0, -300.0, -300.0, -300.0, -300.0, -300.0, -268.0, -300.0, -300.0, -300.0, -300.0, -300.0, -282.0, -171.0, -300.0, -175.0, -196.0, -300.0, -300.0, -300.0, -300.0, -176.0, -300.0, -300.0, -300.0, -300.0, -300.0, -300.0, -300.0, -300.0, -300.0, -300.0, -300.0, -199.0, -300.0, -279.0, -133.0, -300.0, -300.0, -175.0, -300.0, -300.0, -300.0, -300.0, -300.0, -300.0, -300.0, -264.0, -300.0, -300.0, -227.0, -300.0, -300.0, -300.0, -300.0, -199.0, -265.0, -300.0, -300.0, -187.0, -300.0, -272.0, -300.0, -273.0, -300.0, -300.0, -300.0, -300.0, -300.0, -300.0, -300.0, -300.0, -300.0, -300.0, -235.0, -300.0, -300.0, -300.0], [-300.0, -159.0, -300.0, -300.0, -300.0, -223.0, -300.0, -300.0, -300.0, -199.0, -250.0, -300.0, -300.0, -300.0, -300.0, -255.0, -300.0, -300.0, -300.0, -300.0, -171.0, -300.0, -300.0, -300.0, -300.0, -300.0, -300.0, -300.0, -177.0, -300.0, -300.0, -300.0, -300.0, -300.0, -300.0, -300.0, -300.0, -300.0, -300.0, -243.0, -300.0, -300.0, -300.0, -187.0, -300.0, -300.0, -300.0, -198.0, -300.0, -300.0, -300.0, -300.0, -300.0, -300.0, -269.0, -296.0, -300.0, -239.0, -300.0, -300.0, -300.0, -300.0, -300.0, -191.0, -300.0, -300.0, -300.0, -292.0, -300.0, -300.0, -300.0, -287.0, -300.0, -300.0, -300.0, -252.0, -300.0, -300.0, -300.0, -300.0, -191.0, -300.0, -300.0, -300.0, -300.0, -300.0, -300.0, -300.0, -300.0, -300.0, -300.0, -187.0, -300.0, -232.0, -300.0, -243.0, -300.0, -300.0, -151.0, -192.0], [-253.0, -300.0, -300.0, -300.0, -300.0, -300.0, -211.0, -171.0, -300.0, -252.0, -300.0, -300.0, -300.0, -300.0, -300.0, -300.0, -300.0, -300.0, -240.0, -300.0, -300.0, -300.0, -275.0, -245.0, -288.0, -233.0, -300.0, -300.0, -231.0, -300.0, -300.0, -300.0, -300.0, -300.0, -255.0, -300.0, -190.0, -300.0, -300.0, -297.0, -156.0, -300.0, -300.0, -300.0, -242.0, -300.0, -300.0, -300.0, -262.0, -300.0, -300.0, -300.0, -173.0, -300.0, -300.0, -300.0, -300.0, -300.0, -300.0, -300.0, -300.0, -179.0, -268.0, -300.0, -198.0, -276.0, -300.0, -300.0, -300.0, -300.0, -300.0, -275.0, -246.0, -240.0, -300.0, -195.0, -300.0, -183.0, -300.0, -179.0, -300.0, -191.0, -300.0, -283.0, -300.0, -300.0, -300.0, -300.0, -243.0, -300.0, -189.0, -300.0, -300.0, -300.0, -300.0, -153.0, -198.0, -300.0, -230.0, -300.0], [-300.0, -300.0, -171.0, -280.0, -203.0, -300.0, -238.0, -140.0, -300.0, -229.0, -300.0, -300.0, -300.0, -299.0, -300.0, -282.0, -203.0, -300.0, -300.0, -300.0, -254.0, -260.0, -300.0, -263.0, -300.0, -300.0, -300.0, -211.0, -236.0, -300.0, -300.0, -167.0, -300.0, -300.0, -300.0, -300.0, -300.0, -300.0, -218.0, -300.0, -300.0, -300.0, -300.0, -183.0, -191.0, -300.0, -300.0, -232.0, -300.0, -300.0, -300.0, -300.0, -300.0, -300.0, -300.0, -300.0, -300.0, -300.0, -219.0, -300.0, -300.0, -300.0, -155.0, -188.0, -248.0, -300.0, -300.0, -178.0, -195.0, -300.0, -275.0, -300.0, -168.0, -175.0, -300.0, -300.0, -300.0, -300.0, -300.0, -300.0, -300.0, -300.0, -178.0, -300.0, -300.0, -257.0, -300.0, -300.0, -300.0, -233.0, -300.0, -199.0, -163.0, -300.0, -235.0, -300.0, -170.0, -300.0, -300.0, -300.0], [-300.0, -300.0, -300.0, -300.0, -227.0, -300.0, -300.0, -300.0, -300.0, -300.0, -300.0, -300.0, -300.0, -300.0, -300.0, -183.0, -300.0, -300.0, -300.0, -252.0, -300.0, -242.0, -240.0, -300.0, -300.0, -300.0, -300.0, -300.0, -276.0, -300.0, -300.0, -183.0, -300.0, -300.0, -300.0, -300.0, -300.0, -300.0, -300.0, -300.0, -300.0, -251.0, -171.0, -300.0, -300.0, -185.0, -300.0, -300.0, -300.0, -300.0, -239.0, -300.0, -300.0, -300.0, -300.0, -300.0, -300.0, -279.0, -300.0, -300.0, -225.0, -300.0, -300.0, -288.0, -300.0, -300.0, -300.0, -300.0, -300.0, -300.0, -300.0, -167.0, -175.0, -300.0, -300.0, -175.0, -300.0, -300.0, -183.0, -300.0, -241.0, -300.0, -244.0, -300.0, -300.0, -276.0, -300.0, -171.0, -263.0, -300.0, -164.0, -300.0, -229.0, -300.0, -300.0, -300.0, -300.0, -300.0, -300.0, -300.0]], "success_matrix": [[false, false, false, false, false, false, true, false, false, true, true, false, false, true, false, false, false, true, false, false, false, true, true, false, false, false, false, false, true, false, false, false, false, false, true, true, false, true, true, false, false, false, false, true, false, false, false, false, false, false, false, false, false, false, false, true, false, true, true, false, false, true, false, false, false, false, false, false, false, true, false, false, true, false, false, false, false, true, true, false, false, true, false, true, false, true, false, false, false, false, false, false, false, false, false, false, true, false, false, false], [false, true, false, false, false, true, false, false, false, true, true, false, false, false, false, true, false, false, false, false, true, false, false, false, false, false, false, false, true, false, false, false, false, false, false, false, false, false, false, true, false, false, false, true, false, false, false, true, false, false, false, false, false, false, true, true, false, true, false, false, false, false, false, true, false, false, false, true, false, false, false, true, false, false, false, true, false, false, false, false, true, false, false, false, false, false, false, false, false, false, false, true, false, true, false, true, false, false, true, true], [true, false, false, false, false, false, true, true, false, true, false, false, false, false, false, false, false, false, true, false, false, false, true, true, true, true, false, false, true, false, false, false, false, false, true, false, true, false, false, false, true, false, false, false, true, false, false, false, true, false, false, false, true, false, false, false, false, false, false, false, false, true, true, false, true, true, false, false, false, false, false, true, true, true, false, true, false, true, false, true, false, true, false, true, false, false, false, false, true, false, true, false, false, false, false, true, true, false, true, false], [false, false, true, true, true, false, true, true, false, true, false, false, false, false, false, true, true, false, false, false, true, true, false, true, false, false, false, true, true, false, false, true, false, false, false, false, false, false, true, false, false, false, false, true, true, false, false, true, false, false, false, false, false, false, false, false, false, false, true, false, false, false, true, true, true, false, false, true, true, false, true, false, true, true, false, false, false, false, false, false, false, false, true, false, false, true, false, false, false, true, false, true, true, false, true, false, true, false, false, false], [false, false, false, false, true, false, false, false, false, false, false, false, false, false, false, true, false, false, false, true, false, true, true, false, false, false, false, false, true, false, false, true, false, false, false, false, false, false, false, false, false, true, true, false, false, true, false, false, false, false, true, false, false, false, false, false, false, true, false, false, true, false, false, true, false, false, false, false, false, false, false, true, true, false, false, true, false, false, true, false, true, false, true, false, false, true, false, true, true, false, true, false, true, false, false, false, false, false, false, false]], "ticket_name": "envs100_samples5000_seed999_20251127_043633_ddim2", "eval_noise_idx": 9, "eval_seed": 1619}