{"n_seeds": 5, "n_evals_per_seed": 100, "reward_mean": -193.8820037841797, "reward_std": 8.456330299377441, "success_mean": 0.82, "success_std": 0.054313902456001074, "episode_seeds": [1619, 1620, 1621, 1622, 1623], "seed_reward_means": [-184.9199981689453, -202.22999572753906, -192.35000610351562, -203.05999755859375, -186.85000610351562], "seed_success_means": [0.84, 0.81, 0.86, 0.73, 0.86], "reward_matrix": [[-171.0, -187.0, -192.0, -121.0, -204.0, -149.0, -300.0, -300.0, -144.0, -179.0, -180.0, -147.0, -226.0, -144.0, -139.0, -300.0, -139.0, -167.0, -222.0, -190.0, -135.0, -300.0, -132.0, -300.0, -155.0, -180.0, -167.0, -132.0, -197.0, -124.0, -142.0, -188.0, -180.0, -128.0, -149.0, -163.0, -136.0, -300.0, -300.0, -300.0, -192.0, -147.0, -168.0, -300.0, -131.0, -156.0, -223.0, -163.0, -144.0, -140.0, -136.0, -132.0, -140.0, -168.0, -164.0, -190.0, -157.0, -144.0, -300.0, -188.0, -214.0, -247.0, -128.0, -139.0, -160.0, -148.0, -151.0, -160.0, -148.0, -180.0, -300.0, -147.0, -172.0, -300.0, -159.0, -192.0, -155.0, -300.0, -172.0, -300.0, -163.0, -160.0, -139.0, -300.0, -121.0, -184.0, -151.0, -300.0, -132.0, -144.0, -198.0, -156.0, -140.0, -176.0, -140.0, -226.0, -160.0, -238.0, -156.0, -144.0], [-151.0, -300.0, -184.0, -198.0, -184.0, -282.0, -137.0, -164.0, -170.0, -167.0, -141.0, -161.0, -300.0, -204.0, -151.0, -282.0, -230.0, -196.0, -292.0, -239.0, -189.0, -184.0, -175.0, -196.0, -140.0, -300.0, -140.0, -200.0, -171.0, -300.0, -216.0, -160.0, -300.0, -192.0, -184.0, -155.0, -172.0, -179.0, -160.0, -188.0, -224.0, -176.0, -183.0, -168.0, -156.0, -256.0, -141.0, -300.0, -300.0, -300.0, -300.0, -176.0, -137.0, -157.0, -232.0, -300.0, -128.0, -184.0, -148.0, -120.0, -151.0, -184.0, -192.0, -300.0, -250.0, -154.0, -300.0, -211.0, -132.0, -168.0, -300.0, -250.0, -153.0, -132.0, -132.0, -168.0, -230.0, -146.0, -152.0, -178.0, -179.0, -216.0, -300.0, -144.0, -300.0, -164.0, -208.0, -300.0, -300.0, -176.0, -196.0, -300.0, -164.0, -139.0, -184.0, -183.0, -195.0, -128.0, -144.0, -300.0], [-148.0, -136.0, -229.0, -204.0, -159.0, -300.0, -171.0, -300.0, -152.0, -300.0, -167.0, -300.0, -208.0, -152.0, -132.0, -165.0, -172.0, -163.0, -171.0, -140.0, -184.0, -181.0, -125.0, -180.0, -188.0, -176.0, -152.0, -143.0, -286.0, -192.0, -176.0, -223.0, -164.0, -156.0, -239.0, -300.0, -300.0, -140.0, -160.0, -171.0, -250.0, -188.0, -210.0, -208.0, -215.0, -135.0, -180.0, -238.0, -159.0, -136.0, -151.0, -200.0, -171.0, -204.0, -131.0, -145.0, -176.0, -139.0, -157.0, -164.0, -168.0, -300.0, -172.0, -192.0, -187.0, -168.0, -172.0, -300.0, -144.0, -180.0, -180.0, -136.0, -183.0, -300.0, -184.0, -300.0, -144.0, -300.0, -136.0, -163.0, -136.0, -183.0, -140.0, -205.0, -139.0, -219.0, -164.0, -300.0, -191.0, -215.0, -300.0, -176.0, -300.0, -195.0, -262.0, -187.0, -187.0, -138.0, -187.0, -140.0], [-184.0, -168.0, -300.0, -300.0, -300.0, -128.0, -160.0, -300.0, -300.0, -168.0, -164.0, -152.0, -157.0, -124.0, -300.0, -184.0, -300.0, -134.0, -207.0, -136.0, -179.0, -180.0, -168.0, -215.0, -156.0, -143.0, -128.0, -155.0, -300.0, -155.0, -300.0, -300.0, -217.0, -144.0, -132.0, -300.0, -300.0, -300.0, -196.0, -167.0, -188.0, -203.0, -180.0, -300.0, -300.0, -163.0, -300.0, -168.0, -172.0, -176.0, -300.0, -180.0, -147.0, -147.0, -300.0, -247.0, -300.0, -160.0, -127.0, -156.0, -180.0, -151.0, -198.0, -203.0, -196.0, -136.0, -144.0, -300.0, -179.0, -169.0, -187.0, -192.0, -300.0, -300.0, -136.0, -144.0, -216.0, -160.0, -152.0, -184.0, -300.0, -194.0, -300.0, -192.0, -300.0, -187.0, -146.0, -180.0, -136.0, -187.0, -133.0, -152.0, -187.0, -144.0, -179.0, -300.0, -300.0, -140.0, -151.0, -156.0], [-143.0, -222.0, -124.0, -143.0, -148.0, -159.0, -172.0, -128.0, -300.0, -140.0, -163.0, -135.0, -168.0, -268.0, -167.0, -175.0, -147.0, -133.0, -160.0, -252.0, -176.0, -144.0, -175.0, -244.0, -148.0, -160.0, -196.0, -147.0, -189.0, -178.0, -164.0, -300.0, -300.0, -147.0, -140.0, -156.0, -175.0, -144.0, -136.0, -148.0, -152.0, -164.0, -177.0, -300.0, -184.0, -300.0, -200.0, -144.0, -188.0, -132.0, -163.0, -240.0, -300.0, -300.0, -300.0, -135.0, -148.0, -243.0, -140.0, -184.0, -170.0, -168.0, -143.0, -206.0, -158.0, -140.0, -162.0, -172.0, -192.0, -151.0, -160.0, -300.0, -300.0, -131.0, -160.0, -300.0, -155.0, -294.0, -300.0, -210.0, -168.0, -160.0, -172.0, -161.0, -152.0, -180.0, -148.0, -300.0, -222.0, -166.0, -300.0, -269.0, -174.0, -175.0, -131.0, -148.0, -152.0, -117.0, -170.0, -140.0]], "success_matrix": [[true, true, true, true, true, true, false, false, true, true, true, true, true, true, true, false, true, true, true, true, true, false, true, false, true, true, true, true, true, true, true, true, true, true, true, true, true, false, false, false, true, true, true, false, true, true, true, true, true, true, true, true, true, true, true, true, true, true, false, true, true, true, true, true, true, true, true, true, true, true, false, true, true, false, true, true, true, false, true, false, true, true, true, false, true, true, true, false, true, true, true, true, true, true, true, true, true, true, true, true], [true, false, true, true, true, true, true, true, true, true, true, true, false, true, true, true, true, true, true, true, true, true, true, true, true, false, true, true, true, false, true, true, false, true, true, true, true, true, true, true, true, true, true, true, true, true, true, false, false, false, false, true, true, true, true, false, true, true, true, true, true, true, true, false, true, true, false, true, true, true, false, true, true, true, true, true, true, true, true, true, true, true, false, true, false, true, true, false, false, true, true, false, true, true, true, true, true, true, true, false], [true, true, true, true, true, false, true, false, true, false, true, false, true, true, true, true, true, true, true, true, true, true, true, true, true, true, true, true, true, true, true, true, true, true, true, false, false, true, true, true, true, true, true, true, true, true, true, true, true, true, true, true, true, true, true, true, true, true, true, true, true, false, true, true, true, true, true, false, true, true, true, true, true, false, true, false, true, false, true, true, true, true, true, true, true, true, true, false, true, true, false, true, false, true, true, true, true, true, true, true], [true, true, false, false, false, true, true, false, false, true, true, true, true, true, false, true, false, true, true, true, true, true, true, true, true, true, true, true, false, true, false, false, true, true, true, false, false, false, true, true, true, true, true, false, false, true, false, true, true, true, false, true, true, true, false, true, false, true, true, true, true, true, true, true, true, true, true, false, true, true, true, true, false, false, true, true, true, true, true, true, false, true, false, true, false, true, true, true, true, true, true, true, true, true, true, false, false, true, true, true], [true, true, true, true, true, true, true, true, false, true, true, true, true, true, true, true, true, true, true, true, true, true, true, true, true, true, true, true, true, true, true, false, false, true, true, true, true, true, true, true, true, true, true, false, true, false, true, true, true, true, true, true, false, false, false, true, true, true, true, true, true, true, true, true, true, true, true, true, true, true, true, false, false, true, true, false, true, true, false, true, true, true, true, true, true, true, true, false, true, true, false, true, true, true, true, true, true, true, true, true]], "ticket_name": "zo_envs10_iter100_cand10_lambda2.0_seed666_ddim8_20251212_062154/seed_673", "eval_noise_idx": 0, "eval_seed": 1619}