{"n_seeds": 5, "n_evals_per_seed": 100, "reward_mean": -214.0299835205078, "reward_std": 18.619659423828125, "success_mean": 0.5559999999999999, "success_std": 0.10261578825892244, "episode_seeds": [1619, 1620, 1621, 1622, 1623], "seed_reward_means": [-234.6999969482422, -208.72000122070312, -211.22999572753906, -228.3000030517578, -187.1999969482422], "seed_success_means": [0.42, 0.6, 0.61, 0.48, 0.67], "reward_matrix": [[-300.0, -195.0, -300.0, -128.0, -300.0, -300.0, -300.0, -196.0, -300.0, -271.0, -300.0, -300.0, -300.0, -300.0, -73.0, -300.0, -300.0, -300.0, -300.0, -176.0, -300.0, -300.0, -300.0, -82.0, -155.0, -95.0, -81.0, -300.0, -185.0, -85.0, -110.0, -300.0, -300.0, -276.0, -300.0, -300.0, -236.0, -84.0, -300.0, -267.0, -91.0, -246.0, -69.0, -300.0, -300.0, -190.0, -300.0, -300.0, -78.0, -300.0, -136.0, -300.0, -300.0, -78.0, -300.0, -300.0, -143.0, -300.0, -300.0, -300.0, -300.0, -300.0, -300.0, -243.0, -300.0, -300.0, -300.0, -300.0, -300.0, -73.0, -300.0, -135.0, -74.0, -68.0, -77.0, -300.0, -91.0, -300.0, -251.0, -300.0, -219.0, -300.0, -300.0, -71.0, -300.0, -300.0, -300.0, -300.0, -281.0, -239.0, -102.0, -300.0, -127.0, -300.0, -300.0, -165.0, -300.0, -61.0, -300.0, -67.0], [-77.0, -79.0, -73.0, -300.0, -300.0, -220.0, -208.0, -168.0, -82.0, -300.0, -138.0, -223.0, -300.0, -300.0, -300.0, -216.0, -300.0, -268.0, -138.0, -141.0, -300.0, -86.0, -300.0, -157.0, -87.0, -215.0, -300.0, -300.0, -112.0, -300.0, -212.0, -79.0, -300.0, -300.0, -156.0, -300.0, -166.0, -300.0, -112.0, -300.0, -300.0, -300.0, -300.0, -147.0, -214.0, -241.0, -218.0, -195.0, -87.0, -132.0, -203.0, -300.0, -70.0, -111.0, -300.0, -173.0, -168.0, -95.0, -88.0, -300.0, -260.0, -187.0, -71.0, -116.0, -276.0, -300.0, -143.0, -194.0, -300.0, -300.0, -70.0, -148.0, -292.0, -66.0, -300.0, -300.0, -102.0, -103.0, -252.0, -91.0, -136.0, -300.0, -223.0, -300.0, -116.0, -300.0, -300.0, -300.0, -75.0, -300.0, -300.0, -300.0, -300.0, -300.0, -300.0, -300.0, -160.0, -64.0, -106.0, -66.0], [-247.0, -295.0, -265.0, -300.0, -259.0, -213.0, -235.0, -300.0, -300.0, -300.0, -76.0, -102.0, -300.0, -122.0, -149.0, -159.0, -300.0, -168.0, -300.0, -218.0, -300.0, -248.0, -300.0, -300.0, -87.0, -190.0, -138.0, -192.0, -300.0, -167.0, -300.0, -300.0, -300.0, -300.0, -79.0, -300.0, -300.0, -300.0, -300.0, -300.0, -139.0, -300.0, -300.0, -119.0, -75.0, -152.0, -127.0, -151.0, -90.0, -300.0, -300.0, -118.0, -152.0, -96.0, -300.0, -215.0, -300.0, -104.0, -148.0, -147.0, -147.0, -109.0, -80.0, -127.0, -83.0, -279.0, -85.0, -300.0, -215.0, -81.0, -300.0, -140.0, -116.0, -300.0, -136.0, -300.0, -61.0, -188.0, -300.0, -300.0, -300.0, -180.0, -300.0, -300.0, -80.0, -155.0, -97.0, -191.0, -122.0, -148.0, -242.0, -158.0, -300.0, -300.0, -300.0, -300.0, -214.0, -159.0, -269.0, -119.0], [-300.0, -85.0, -300.0, -300.0, -300.0, -300.0, -300.0, -175.0, -300.0, -300.0, -300.0, -300.0, -300.0, -300.0, -283.0, -300.0, -300.0, -111.0, -300.0, -132.0, -300.0, -196.0, -300.0, -98.0, -215.0, -300.0, -119.0, -75.0, -135.0, -300.0, -154.0, -300.0, -300.0, -87.0, -300.0, -75.0, -300.0, -125.0, -103.0, -300.0, -300.0, -300.0, -300.0, -240.0, -300.0, -300.0, -144.0, -300.0, -300.0, -127.0, -71.0, -182.0, -152.0, -122.0, -300.0, -300.0, -131.0, -300.0, -72.0, -300.0, -300.0, -149.0, -171.0, -300.0, -76.0, -300.0, -299.0, -194.0, -300.0, -193.0, -300.0, -300.0, -90.0, -300.0, -93.0, -73.0, -272.0, -155.0, -300.0, -69.0, -106.0, -132.0, -300.0, -300.0, -148.0, -179.0, -300.0, -194.0, -300.0, -266.0, -81.0, -251.0, -204.0, -208.0, -227.0, -300.0, -300.0, -300.0, -300.0, -291.0], [-102.0, -300.0, -80.0, -300.0, -85.0, -79.0, -155.0, -99.0, -74.0, -300.0, -147.0, -119.0, -300.0, -123.0, -300.0, -187.0, -163.0, -107.0, -95.0, -300.0, -300.0, -251.0, -300.0, -101.0, -265.0, -75.0, -228.0, -78.0, -99.0, -300.0, -300.0, -300.0, -300.0, -300.0, -212.0, -123.0, -134.0, -300.0, -290.0, -82.0, -151.0, -300.0, -300.0, -108.0, -112.0, -300.0, -95.0, -300.0, -84.0, -113.0, -300.0, -100.0, -103.0, -71.0, -147.0, -300.0, -186.0, -132.0, -90.0, -300.0, -158.0, -300.0, -80.0, -117.0, -120.0, -70.0, -300.0, -300.0, -78.0, -95.0, -300.0, -176.0, -93.0, -136.0, -160.0, -82.0, -167.0, -300.0, -148.0, -290.0, -120.0, -300.0, -300.0, -100.0, -106.0, -300.0, -143.0, -140.0, -300.0, -216.0, -226.0, -96.0, -92.0, -300.0, -115.0, -300.0, -148.0, -88.0, -300.0, -215.0]], "success_matrix": [[false, true, false, true, false, false, false, true, false, true, false, false, false, false, true, false, false, false, false, true, false, false, false, true, true, true, true, false, true, true, true, false, false, true, false, false, true, true, false, true, true, true, true, false, false, true, false, false, true, false, true, false, false, true, false, false, true, false, false, false, false, false, false, true, false, false, false, false, false, true, false, true, true, true, true, false, true, false, true, false, true, false, false, true, false, false, false, false, true, true, true, false, true, false, false, true, false, true, false, true], [true, true, true, false, false, true, true, true, true, false, true, true, false, false, false, true, false, true, true, true, false, true, false, true, true, true, false, false, true, false, true, true, false, false, true, false, true, false, true, false, false, false, false, true, true, true, true, true, true, true, true, false, true, true, false, true, true, true, true, false, true, true, true, true, true, false, true, true, false, false, true, true, true, true, false, false, true, true, true, true, true, false, true, false, true, false, false, false, true, false, false, false, false, false, false, false, true, true, true, true], [true, true, true, false, true, true, true, false, false, false, true, true, false, true, true, true, false, true, false, true, false, true, false, false, true, true, true, true, false, true, false, false, false, false, true, false, false, false, false, false, true, false, false, true, true, true, true, true, true, false, false, true, true, true, false, true, false, true, true, true, true, true, true, true, true, true, true, false, true, true, false, true, true, false, true, false, true, true, false, false, false, true, false, false, true, true, true, true, true, true, true, true, false, false, false, false, true, true, true, true], [false, true, false, false, false, false, false, true, false, false, false, false, false, false, true, false, false, true, false, true, false, true, false, true, true, false, true, true, true, false, true, false, false, true, false, true, false, true, true, false, false, false, false, true, false, false, true, false, false, true, true, true, true, true, false, false, true, false, true, false, false, true, true, false, true, false, false, true, false, true, false, false, true, false, true, true, true, true, false, true, true, true, false, false, true, true, false, true, false, true, true, true, true, true, true, false, false, false, false, true], [true, false, true, false, true, true, true, true, true, false, true, true, false, true, false, true, true, true, true, false, false, true, false, true, true, true, true, true, true, false, false, false, false, false, true, true, true, false, true, true, true, false, false, true, true, false, true, false, true, true, false, true, true, true, true, false, true, true, true, false, true, false, true, true, true, true, false, false, true, true, false, true, true, true, true, true, true, false, true, true, true, false, false, true, true, false, true, true, false, true, true, true, true, false, true, false, true, true, false, true]], "ticket_name": "envs100_samples5000_seed999_20251127_043624_ddim2", "eval_noise_idx": 9, "eval_seed": 1619}