{"n_seeds": 5, "n_evals_per_seed": 100, "reward_mean": -357.697998046875, "reward_std": 3.745558500289917, "success_mean": 0.318, "success_std": 0.03124099870362661, "episode_seeds": [1619, 1620, 1621, 1622, 1623], "seed_reward_means": [-361.5199890136719, -360.260009765625, -352.7099914550781, -360.3999938964844, -353.6000061035156], "seed_success_means": [0.27, 0.3, 0.34, 0.36, 0.32], "reward_matrix": [[-400.0, -360.0, -400.0, -205.0, -299.0, -400.0, -400.0, -201.0, -388.0, -400.0, -176.0, -400.0, -400.0, -400.0, -400.0, -400.0, -250.0, -400.0, -400.0, -391.0, -193.0, -400.0, -400.0, -289.0, -184.0, -264.0, -400.0, -400.0, -400.0, -173.0, -400.0, -400.0, -280.0, -400.0, -220.0, -400.0, -400.0, -400.0, -400.0, -400.0, -400.0, -400.0, -400.0, -400.0, -400.0, -400.0, -400.0, -400.0, -400.0, -400.0, -400.0, -400.0, -400.0, -161.0, -400.0, -400.0, -400.0, -400.0, -400.0, -190.0, -400.0, -400.0, -400.0, -400.0, -400.0, -400.0, -192.0, -319.0, -400.0, -400.0, -400.0, -400.0, -400.0, -276.0, -400.0, -400.0, -400.0, -400.0, -288.0, -243.0, -400.0, -208.0, -400.0, -240.0, -221.0, -400.0, -400.0, -400.0, -346.0, -400.0, -400.0, -400.0, -400.0, -400.0, -400.0, -400.0, -400.0, -400.0, -400.0, -395.0], [-400.0, -349.0, -400.0, -337.0, -338.0, -400.0, -400.0, -400.0, -176.0, -400.0, -252.0, -228.0, -400.0, -400.0, -400.0, -400.0, -400.0, -184.0, -400.0, -400.0, -400.0, -397.0, -264.0, -400.0, -400.0, -400.0, -400.0, -347.0, -400.0, -400.0, -243.0, -400.0, -400.0, -300.0, -279.0, -400.0, -303.0, -400.0, -400.0, -400.0, -209.0, -400.0, -400.0, -400.0, -291.0, -400.0, -400.0, -400.0, -400.0, -400.0, -400.0, -400.0, -400.0, -400.0, -400.0, -400.0, -204.0, -229.0, -400.0, -400.0, -400.0, -400.0, -400.0, -400.0, -200.0, -400.0, -384.0, -392.0, -400.0, -400.0, -400.0, -400.0, -400.0, -400.0, -400.0, -224.0, -400.0, -303.0, -400.0, -400.0, -400.0, -313.0, -400.0, -400.0, -400.0, -154.0, -400.0, -297.0, -400.0, -400.0, -400.0, -400.0, -373.0, -400.0, -219.0, -220.0, -212.0, -205.0, -400.0, -400.0], [-191.0, -225.0, -400.0, -259.0, -192.0, -365.0, -400.0, -400.0, -202.0, -261.0, -224.0, -400.0, -400.0, -400.0, -400.0, -400.0, -260.0, -400.0, -400.0, -400.0, -400.0, -400.0, -400.0, -400.0, -400.0, -300.0, -383.0, -400.0, -188.0, -386.0, -400.0, -400.0, -400.0, -400.0, -400.0, -400.0, -400.0, -400.0, -309.0, -400.0, -261.0, -235.0, -400.0, -400.0, -400.0, -400.0, -400.0, -400.0, -400.0, -400.0, -400.0, -400.0, -248.0, -184.0, -400.0, -400.0, -400.0, -400.0, -308.0, -400.0, -213.0, -224.0, -400.0, -400.0, -400.0, -241.0, -244.0, -400.0, -400.0, -400.0, -400.0, -288.0, -400.0, -400.0, -296.0, -354.0, -400.0, -400.0, -400.0, -220.0, -400.0, -365.0, -400.0, -400.0, -208.0, -157.0, -400.0, -228.0, -400.0, -356.0, -400.0, -400.0, -400.0, -400.0, -212.0, -400.0, -400.0, -284.0, -400.0, -400.0], [-400.0, -400.0, -400.0, -257.0, -262.0, -400.0, -290.0, -288.0, -354.0, -400.0, -381.0, -400.0, -400.0, -287.0, -223.0, -400.0, -400.0, -367.0, -400.0, -400.0, -179.0, -400.0, -400.0, -400.0, -400.0, -400.0, -225.0, -400.0, -400.0, -400.0, -400.0, -381.0, -400.0, -377.0, -400.0, -309.0, -400.0, -400.0, -355.0, -346.0, -400.0, -400.0, -400.0, -400.0, -400.0, -400.0, -400.0, -400.0, -400.0, -312.0, -380.0, -252.0, -400.0, -400.0, -220.0, -292.0, -365.0, -208.0, -400.0, -400.0, -208.0, -400.0, -196.0, -244.0, -195.0, -400.0, -400.0, -382.0, -212.0, -400.0, -400.0, -400.0, -400.0, -400.0, -400.0, -400.0, -316.0, -225.0, -400.0, -400.0, -400.0, -400.0, -344.0, -400.0, -400.0, -400.0, -400.0, -275.0, -209.0, -400.0, -400.0, -400.0, -345.0, -400.0, -379.0, -400.0, -400.0, -400.0, -400.0, -400.0], [-400.0, -400.0, -376.0, -400.0, -400.0, -253.0, -400.0, -253.0, -400.0, -400.0, -246.0, -179.0, -247.0, -400.0, -400.0, -308.0, -380.0, -239.0, -290.0, -216.0, -400.0, -400.0, -400.0, -400.0, -400.0, -400.0, -400.0, -400.0, -400.0, -259.0, -315.0, -400.0, -240.0, -333.0, -400.0, -400.0, -208.0, -400.0, -400.0, -174.0, -216.0, -400.0, -252.0, -400.0, -400.0, -400.0, -400.0, -400.0, -400.0, -400.0, -268.0, -400.0, -400.0, -400.0, -185.0, -400.0, -400.0, -400.0, -400.0, -400.0, -400.0, -400.0, -185.0, -400.0, -400.0, -400.0, -400.0, -308.0, -400.0, -177.0, -400.0, -241.0, -400.0, -400.0, -400.0, -400.0, -400.0, -306.0, -362.0, -400.0, -246.0, -400.0, -217.0, -400.0, -198.0, -400.0, -400.0, -400.0, -198.0, -400.0, -400.0, -400.0, -285.0, -400.0, -400.0, -400.0, -400.0, -400.0, -400.0, -400.0]], "success_matrix": [[false, true, false, true, true, false, false, true, true, false, true, false, false, false, false, false, true, false, false, true, true, false, false, true, true, true, false, false, false, true, false, false, true, false, true, false, false, false, false, false, false, false, false, false, false, false, false, false, false, false, false, false, false, true, false, false, false, false, false, true, false, false, false, false, false, false, true, true, false, false, false, false, false, true, false, false, false, false, true, true, false, true, false, true, true, false, false, false, true, false, false, false, false, false, false, false, false, false, false, true], [false, true, false, true, true, false, false, false, true, false, true, true, false, false, false, false, false, true, false, false, false, false, true, false, false, false, false, true, false, false, true, false, false, true, true, false, true, false, false, false, true, false, false, false, true, false, false, false, false, false, false, false, false, false, false, false, true, true, false, false, false, false, false, false, true, false, true, true, false, false, false, false, false, false, false, true, false, true, false, false, false, true, false, false, false, true, false, true, false, false, false, false, true, false, true, true, true, true, false, false], [true, true, false, true, true, true, false, false, true, true, true, false, false, false, false, false, true, false, false, false, false, false, false, false, false, true, true, false, true, true, false, false, false, false, false, false, false, false, true, false, true, true, false, false, false, false, false, false, false, false, false, false, true, true, false, false, false, false, true, false, true, true, false, false, false, true, true, false, false, false, false, true, false, false, true, true, false, false, false, true, false, true, false, false, true, true, false, true, false, true, false, false, false, false, true, false, false, true, false, false], [false, false, false, true, true, false, true, true, true, false, true, false, false, true, true, false, false, true, false, false, true, false, false, false, false, false, true, false, false, false, false, true, false, true, false, true, false, false, true, true, false, false, false, false, false, false, false, false, false, true, true, true, false, false, true, true, true, true, false, false, true, false, true, true, true, false, false, true, true, false, false, false, false, false, false, false, true, true, false, false, false, false, true, false, false, false, false, true, true, false, false, false, true, false, true, false, false, false, false, false], [false, false, true, false, false, true, false, true, false, false, true, true, true, false, false, true, true, true, true, true, false, false, false, false, false, false, false, false, false, true, true, false, true, true, false, false, true, false, false, true, true, false, true, false, false, false, false, false, false, false, true, false, false, false, true, false, false, false, false, false, false, false, true, false, false, false, false, true, false, true, false, true, false, false, false, false, false, true, true, false, true, false, true, false, true, false, false, false, true, false, false, false, true, false, false, false, false, false, false, false]], "ticket_name": "envs10_samples5000_seed999_ddim8_20251130_223023_nenvs_10", "eval_noise_idx": 1, "eval_seed": 1619}