{"n_seeds": 5, "n_evals_per_seed": 100, "reward_mean": -247.79800415039062, "reward_std": 7.3921332359313965, "success_mean": 0.46399999999999997, "success_std": 0.053197744313081566, "episode_seeds": [1619, 1620, 1621, 1622, 1623], "seed_reward_means": [-254.1199951171875, -253.7100067138672, -245.42999267578125, -249.5500030517578, -236.17999267578125], "seed_success_means": [0.44, 0.42, 0.48, 0.43, 0.55], "reward_matrix": [[-300.0, -300.0, -300.0, -300.0, -300.0, -300.0, -300.0, -246.0, -187.0, -175.0, -165.0, -300.0, -274.0, -135.0, -300.0, -300.0, -300.0, -300.0, -300.0, -300.0, -300.0, -131.0, -300.0, -300.0, -300.0, -300.0, -254.0, -154.0, -195.0, -300.0, -169.0, -300.0, -300.0, -300.0, -208.0, -300.0, -273.0, -128.0, -147.0, -300.0, -204.0, -287.0, -300.0, -180.0, -300.0, -300.0, -300.0, -300.0, -300.0, -163.0, -155.0, -258.0, -300.0, -300.0, -300.0, -164.0, -228.0, -300.0, -300.0, -300.0, -170.0, -210.0, -300.0, -300.0, -142.0, -300.0, -155.0, -300.0, -172.0, -241.0, -300.0, -300.0, -300.0, -224.0, -162.0, -300.0, -244.0, -160.0, -180.0, -300.0, -300.0, -147.0, -248.0, -270.0, -300.0, -185.0, -160.0, -226.0, -300.0, -195.0, -300.0, -300.0, -300.0, -228.0, -300.0, -300.0, -300.0, -192.0, -221.0, -300.0], [-167.0, -128.0, -300.0, -255.0, -148.0, -300.0, -300.0, -300.0, -300.0, -300.0, -183.0, -203.0, -300.0, -300.0, -300.0, -300.0, -300.0, -187.0, -209.0, -300.0, -300.0, -300.0, -300.0, -300.0, -300.0, -300.0, -160.0, -217.0, -163.0, -300.0, -300.0, -207.0, -140.0, -300.0, -300.0, -262.0, -300.0, -300.0, -195.0, -300.0, -300.0, -193.0, -300.0, -183.0, -300.0, -203.0, -184.0, -131.0, -300.0, -300.0, -300.0, -296.0, -300.0, -184.0, -300.0, -300.0, -300.0, -300.0, -166.0, -300.0, -300.0, -300.0, -300.0, -164.0, -300.0, -228.0, -289.0, -240.0, -155.0, -167.0, -246.0, -215.0, -300.0, -149.0, -300.0, -224.0, -300.0, -300.0, -300.0, -146.0, -162.0, -300.0, -216.0, -151.0, -175.0, -300.0, -300.0, -300.0, -132.0, -300.0, -300.0, -151.0, -300.0, -300.0, -248.0, -300.0, -149.0, -300.0, -300.0, -300.0], [-147.0, -300.0, -300.0, -240.0, -192.0, -300.0, -300.0, -172.0, -300.0, -143.0, -149.0, -141.0, -300.0, -300.0, -167.0, -177.0, -300.0, -300.0, -300.0, -171.0, -300.0, -300.0, -300.0, -226.0, -238.0, -300.0, -183.0, -300.0, -300.0, -300.0, -184.0, -230.0, -300.0, -262.0, -300.0, -300.0, -147.0, -260.0, -186.0, -300.0, -131.0, -300.0, -300.0, -300.0, -300.0, -300.0, -300.0, -161.0, -300.0, -300.0, -159.0, -206.0, -135.0, -300.0, -300.0, -191.0, -300.0, -151.0, -154.0, -300.0, -300.0, -147.0, -171.0, -274.0, -139.0, -300.0, -300.0, -300.0, -200.0, -300.0, -300.0, -300.0, -300.0, -300.0, -170.0, -300.0, -300.0, -232.0, -141.0, -300.0, -300.0, -197.0, -278.0, -183.0, -300.0, -298.0, -300.0, -143.0, -150.0, -300.0, -177.0, -234.0, -296.0, -153.0, -214.0, -148.0, -300.0, -179.0, -216.0, -300.0], [-300.0, -182.0, -143.0, -300.0, -195.0, -148.0, -300.0, -300.0, -300.0, -300.0, -163.0, -300.0, -300.0, -300.0, -136.0, -300.0, -203.0, -183.0, -300.0, -300.0, -300.0, -178.0, -228.0, -300.0, -300.0, -171.0, -167.0, -300.0, -300.0, -213.0, -144.0, -173.0, -300.0, -300.0, -300.0, -300.0, -128.0, -300.0, -295.0, -300.0, -300.0, -184.0, -300.0, -146.0, -202.0, -300.0, -124.0, -300.0, -243.0, -300.0, -300.0, -300.0, -300.0, -300.0, -300.0, -300.0, -177.0, -282.0, -300.0, -155.0, -270.0, -300.0, -300.0, -140.0, -206.0, -288.0, -300.0, -143.0, -151.0, -300.0, -300.0, -300.0, -135.0, -219.0, -151.0, -300.0, -168.0, -300.0, -145.0, -300.0, -300.0, -300.0, -300.0, -228.0, -300.0, -168.0, -300.0, -184.0, -300.0, -155.0, -229.0, -300.0, -135.0, -300.0, -300.0, -300.0, -177.0, -300.0, -300.0, -300.0], [-266.0, -200.0, -141.0, -300.0, -139.0, -300.0, -300.0, -146.0, -300.0, -300.0, -173.0, -158.0, -179.0, -300.0, -167.0, -149.0, -300.0, -247.0, -300.0, -232.0, -175.0, -300.0, -300.0, -300.0, -175.0, -300.0, -300.0, -240.0, -187.0, -300.0, -141.0, -145.0, -144.0, -300.0, -231.0, -270.0, -193.0, -300.0, -146.0, -300.0, -300.0, -300.0, -169.0, -182.0, -300.0, -135.0, -252.0, -300.0, -300.0, -179.0, -300.0, -300.0, -300.0, -131.0, -297.0, -300.0, -300.0, -300.0, -300.0, -300.0, -203.0, -172.0, -207.0, -208.0, -300.0, -300.0, -300.0, -207.0, -300.0, -154.0, -161.0, -135.0, -138.0, -300.0, -166.0, -251.0, -184.0, -172.0, -300.0, -300.0, -300.0, -300.0, -216.0, -300.0, -224.0, -213.0, -157.0, -138.0, -151.0, -233.0, -178.0, -237.0, -300.0, -158.0, -141.0, -300.0, -228.0, -300.0, -300.0, -197.0]], "success_matrix": [[false, false, false, false, false, false, false, true, true, true, true, false, true, true, false, false, false, false, false, false, false, true, false, false, false, false, true, true, true, false, true, false, false, false, true, false, true, true, true, false, true, true, false, true, false, false, false, false, false, true, true, true, false, false, false, true, true, false, false, false, true, true, false, false, true, false, true, false, true, true, false, false, false, true, true, false, true, true, true, false, false, true, true, true, false, true, true, true, false, true, false, false, false, true, false, false, false, true, true, false], [true, true, false, true, true, false, false, false, false, false, true, true, false, false, false, false, false, true, true, false, false, false, false, false, false, false, true, true, true, false, false, true, true, false, false, true, false, false, true, false, false, true, false, true, false, true, true, true, false, false, false, true, false, true, false, false, false, false, true, false, false, false, false, true, false, true, true, true, true, true, true, true, false, true, false, true, false, false, false, true, true, false, true, true, true, false, false, false, true, false, false, true, false, false, true, false, true, false, false, false], [true, false, false, true, true, false, false, true, false, true, true, true, false, false, true, true, false, false, false, true, false, false, false, true, true, false, true, false, false, false, true, true, false, true, false, false, true, true, true, false, true, false, false, false, false, false, false, true, false, false, true, true, true, false, false, true, false, true, true, false, false, true, true, true, true, false, false, false, true, false, false, false, false, false, true, false, false, true, true, false, false, true, true, true, false, false, false, true, true, false, true, true, true, true, true, true, false, true, true, false], [false, true, true, false, true, true, false, false, false, false, true, false, false, false, true, false, true, true, false, false, false, true, true, false, false, true, true, false, false, true, true, true, false, false, false, false, true, false, true, false, false, true, false, true, true, false, true, false, true, false, false, false, false, false, false, false, true, true, false, true, true, false, false, true, true, true, false, true, true, false, false, false, true, true, true, false, true, false, true, false, false, false, false, true, false, true, false, true, false, true, true, false, true, false, false, false, true, false, false, false], [true, true, true, false, true, false, false, true, false, false, true, true, true, false, true, true, false, true, false, true, true, false, false, false, true, false, false, true, true, false, true, true, true, false, true, true, true, false, true, false, false, false, true, true, false, true, true, false, false, true, false, false, false, true, false, false, false, false, false, false, true, true, true, true, false, false, false, true, false, true, true, true, true, false, true, true, true, true, false, false, false, false, true, false, true, true, true, true, true, true, true, true, false, true, true, false, true, false, false, true]], "ticket_name": "zo_envs10_iter500_cand2_lambda2.0_seed666_ddim8_20251213_183610/seed_668", "eval_noise_idx": 0, "eval_seed": 1619}