{
    "n_seeds": 5,
    "n_evals_per_seed": 100,
    "reward_mean": -81.65999603271484,
    "reward_std": 1.1501085758209229,
    "success_mean": 0.99,
    "success_std": 0.012247448713915901,
    "episode_seeds": [
        1619,
        1620,
        1621,
        1622,
        1623
    ],
    "seed_reward_means": [
        -80.58000183105469,
        -82.87000274658203,
        -82.11000061035156,
        -82.44000244140625,
        -80.30000305175781
    ],
    "seed_success_means": [
        1.0,
        0.99,
        1.0,
        0.99,
        0.97
    ],
    "reward_matrix": [
        [
            -80.0,
            -58.0,
            -80.0,
            -72.0,
            -71.0,
            -59.0,
            -78.0,
            -63.0,
            -96.0,
            -78.0,
            -74.0,
            -104.0,
            -58.0,
            -144.0,
            -59.0,
            -75.0,
            -69.0,
            -70.0,
            -96.0,
            -56.0,
            -62.0,
            -64.0,
            -98.0,
            -70.0,
            -81.0,
            -74.0,
            -83.0,
            -80.0,
            -74.0,
            -65.0,
            -78.0,
            -113.0,
            -71.0,
            -64.0,
            -111.0,
            -74.0,
            -72.0,
            -62.0,
            -85.0,
            -61.0,
            -73.0,
            -74.0,
            -64.0,
            -196.0,
            -109.0,
            -80.0,
            -87.0,
            -78.0,
            -68.0,
            -98.0,
            -71.0,
            -119.0,
            -124.0,
            -77.0,
            -71.0,
            -54.0,
            -70.0,
            -82.0,
            -73.0,
            -69.0,
            -73.0,
            -88.0,
            -63.0,
            -94.0,
            -71.0,
            -69.0,
            -66.0,
            -127.0,
            -102.0,
            -70.0,
            -79.0,
            -80.0,
            -70.0,
            -68.0,
            -66.0,
            -78.0,
            -71.0,
            -59.0,
            -97.0,
            -88.0,
            -124.0,
            -83.0,
            -63.0,
            -69.0,
            -89.0,
            -95.0,
            -61.0,
            -83.0,
            -81.0,
            -100.0,
            -77.0,
            -77.0,
            -80.0,
            -72.0,
            -69.0,
            -68.0,
            -159.0,
            -61.0,
            -81.0,
            -68.0
        ],
        [
            -65.0,
            -65.0,
            -60.0,
            -87.0,
            -66.0,
            -79.0,
            -68.0,
            -73.0,
            -56.0,
            -76.0,
            -68.0,
            -90.0,
            -77.0,
            -112.0,
            -88.0,
            -144.0,
            -93.0,
            -61.0,
            -73.0,
            -81.0,
            -99.0,
            -69.0,
            -85.0,
            -63.0,
            -81.0,
            -80.0,
            -92.0,
            -81.0,
            -63.0,
            -95.0,
            -73.0,
            -56.0,
            -64.0,
            -72.0,
            -64.0,
            -67.0,
            -132.0,
            -74.0,
            -56.0,
            -71.0,
            -95.0,
            -67.0,
            -81.0,
            -73.0,
            -105.0,
            -103.0,
            -71.0,
            -76.0,
            -300.0,
            -89.0,
            -72.0,
            -64.0,
            -83.0,
            -92.0,
            -112.0,
            -75.0,
            -65.0,
            -66.0,
            -73.0,
            -63.0,
            -98.0,
            -180.0,
            -70.0,
            -73.0,
            -77.0,
            -75.0,
            -59.0,
            -75.0,
            -73.0,
            -78.0,
            -142.0,
            -68.0,
            -169.0,
            -60.0,
            -95.0,
            -60.0,
            -66.0,
            -66.0,
            -80.0,
            -65.0,
            -82.0,
            -84.0,
            -71.0,
            -70.0,
            -63.0,
            -98.0,
            -85.0,
            -64.0,
            -56.0,
            -114.0,
            -66.0,
            -97.0,
            -94.0,
            -121.0,
            -112.0,
            -74.0,
            -83.0,
            -54.0,
            -64.0,
            -62.0
        ],
        [
            -72.0,
            -112.0,
            -76.0,
            -61.0,
            -74.0,
            -96.0,
            -143.0,
            -67.0,
            -87.0,
            -80.0,
            -64.0,
            -71.0,
            -78.0,
            -78.0,
            -76.0,
            -84.0,
            -133.0,
            -68.0,
            -112.0,
            -74.0,
            -80.0,
            -88.0,
            -90.0,
            -71.0,
            -64.0,
            -104.0,
            -85.0,
            -79.0,
            -101.0,
            -66.0,
            -268.0,
            -72.0,
            -88.0,
            -63.0,
            -61.0,
            -100.0,
            -69.0,
            -60.0,
            -107.0,
            -85.0,
            -63.0,
            -69.0,
            -71.0,
            -63.0,
            -64.0,
            -72.0,
            -78.0,
            -69.0,
            -68.0,
            -87.0,
            -72.0,
            -67.0,
            -60.0,
            -56.0,
            -171.0,
            -82.0,
            -67.0,
            -70.0,
            -69.0,
            -65.0,
            -70.0,
            -63.0,
            -62.0,
            -89.0,
            -53.0,
            -76.0,
            -65.0,
            -89.0,
            -75.0,
            -60.0,
            -84.0,
            -61.0,
            -73.0,
            -78.0,
            -75.0,
            -83.0,
            -51.0,
            -86.0,
            -116.0,
            -76.0,
            -169.0,
            -98.0,
            -73.0,
            -73.0,
            -67.0,
            -62.0,
            -67.0,
            -68.0,
            -79.0,
            -76.0,
            -139.0,
            -69.0,
            -91.0,
            -126.0,
            -85.0,
            -84.0,
            -78.0,
            -88.0,
            -80.0,
            -64.0
        ],
        [
            -68.0,
            -64.0,
            -59.0,
            -105.0,
            -67.0,
            -154.0,
            -91.0,
            -64.0,
            -89.0,
            -68.0,
            -78.0,
            -107.0,
            -64.0,
            -122.0,
            -91.0,
            -71.0,
            -117.0,
            -72.0,
            -103.0,
            -68.0,
            -67.0,
            -77.0,
            -102.0,
            -68.0,
            -104.0,
            -60.0,
            -87.0,
            -66.0,
            -300.0,
            -66.0,
            -75.0,
            -77.0,
            -62.0,
            -53.0,
            -72.0,
            -58.0,
            -97.0,
            -62.0,
            -58.0,
            -72.0,
            -95.0,
            -85.0,
            -68.0,
            -90.0,
            -87.0,
            -114.0,
            -89.0,
            -104.0,
            -56.0,
            -77.0,
            -70.0,
            -96.0,
            -71.0,
            -61.0,
            -85.0,
            -77.0,
            -80.0,
            -72.0,
            -72.0,
            -115.0,
            -83.0,
            -55.0,
            -61.0,
            -129.0,
            -56.0,
            -84.0,
            -86.0,
            -99.0,
            -63.0,
            -92.0,
            -63.0,
            -92.0,
            -67.0,
            -127.0,
            -68.0,
            -58.0,
            -75.0,
            -65.0,
            -91.0,
            -66.0,
            -78.0,
            -78.0,
            -94.0,
