{"n_seeds": 5, "n_evals_per_seed": 100, "reward_mean": -155.2519989013672, "reward_std": 25.270339965820312, "success_mean": 0.618, "success_std": 0.10616025621672169, "episode_seeds": [1619, 1620, 1621, 1622, 1623], "seed_reward_means": [-163.5500030517578, -128.5800018310547, -157.42999267578125, -134.72999572753906, -191.97000122070312], "seed_success_means": [0.59, 0.73, 0.61, 0.7, 0.46], "reward_matrix": [[-60.0, -300.0, -83.0, -68.0, -59.0, -300.0, -80.0, -300.0, -300.0, -69.0, -300.0, -60.0, -300.0, -84.0, -300.0, -57.0, -57.0, -300.0, -63.0, -58.0, -60.0, -300.0, -82.0, -52.0, -300.0, -300.0, -62.0, -64.0, -76.0, -300.0, -300.0, -67.0, -56.0, -300.0, -135.0, -58.0, -66.0, -300.0, -300.0, -300.0, -55.0, -66.0, -300.0, -76.0, -300.0, -300.0, -300.0, -60.0, -300.0, -300.0, -300.0, -300.0, -68.0, -300.0, -254.0, -52.0, -59.0, -79.0, -68.0, -300.0, -300.0, -66.0, -58.0, -300.0, -64.0, -64.0, -59.0, -300.0, -67.0, -300.0, -66.0, -300.0, -57.0, -300.0, -61.0, -68.0, -69.0, -54.0, -65.0, -62.0, -62.0, -64.0, -55.0, -300.0, -300.0, -68.0, -53.0, -63.0, -61.0, -96.0, -300.0, -61.0, -58.0, -295.0, -58.0, -300.0, -68.0, -300.0, -300.0, -300.0], [-300.0, -59.0, -300.0, -300.0, -300.0, -75.0, -61.0, -300.0, -300.0, -60.0, -60.0, -105.0, -61.0, -84.0, -66.0, -77.0, -59.0, -79.0, -63.0, -61.0, -79.0, -55.0, -85.0, -300.0, -64.0, -300.0, -300.0, -63.0, -55.0, -61.0, -300.0, -58.0, -61.0, -300.0, -300.0, -60.0, -61.0, -58.0, -300.0, -59.0, -104.0, -65.0, -300.0, -62.0, -68.0, -88.0, -56.0, -65.0, -300.0, -69.0, -60.0, -64.0, -300.0, -66.0, -68.0, -65.0, -300.0, -54.0, -60.0, -63.0, -65.0, -61.0, -300.0, -61.0, -58.0, -300.0, -57.0, -65.0, -60.0, -59.0, -300.0, -58.0, -76.0, -62.0, -65.0, -62.0, -60.0, -300.0, -68.0, -64.0, -67.0, -300.0, -56.0, -58.0, -58.0, -108.0, -300.0, -300.0, -300.0, -67.0, -56.0, -300.0, -64.0, -57.0, -70.0, -62.0, -57.0, -300.0, -58.0, -53.0], [-300.0, -69.0, -57.0, -300.0, -70.0, -66.0, -66.0, -66.0, -61.0, -300.0, -55.0, -300.0, -65.0, -300.0, -300.0, -59.0, -64.0, -55.0, -64.0, -61.0, -65.0, -84.0, -58.0, -99.0, -300.0, -86.0, -300.0, -65.0, -299.0, -300.0, -68.0, -300.0, -76.0, -60.0, -300.0, -104.0, -59.0, -300.0, -113.0, -65.0, -300.0, -58.0, -300.0, -300.0, -300.0, -300.0, -300.0, -300.0, -300.0, -63.0, -61.0, -300.0, -53.0, -300.0, -56.0, -69.0, -57.0, -300.0, -300.0, -300.0, -300.0, -64.0, -57.0, -94.0, -57.0, -66.0, -70.0, -63.0, -65.0, -60.0, -67.0, -54.0, -61.0, -300.0, -300.0, -76.0, -300.0, -300.0, -300.0, -300.0, -87.0, -300.0, -58.0, -61.0, -300.0, -55.0, -300.0, -59.0, -300.0, -300.0, -300.0, -59.0, -75.0, -70.0, -61.0, -58.0, -64.0, -65.0, -61.0, -60.0], [-61.0, -59.0, -300.0, -71.0, -62.0, -125.0, -63.0, -300.0, -65.0, -60.0, -57.0, -71.0, -61.0, -65.0, -300.0, -59.0, -300.0, -300.0, -62.0, -68.0, -300.0, -65.0, -70.0, -62.0, -297.0, -61.0, -300.0, -300.0, -300.0, -68.0, -52.0, -68.0, -58.0, -300.0, -63.0, -55.0, -77.0, -300.0, -61.0, -300.0, -68.0, -299.0, -300.0, -300.0, -67.0, -61.0, -61.0, -300.0, -54.0, -62.0, -62.0, -300.0, -62.0, -57.0, -64.0, -64.0, -57.0, -61.0, -300.0, -72.0, -60.0, -55.0, -61.0, -72.0, -300.0, -297.0, -300.0, -70.0, -64.0, -62.0, -60.0, -65.0, -58.0, -76.0, -300.0, -56.0, -70.0, -60.0, -300.0, -57.0, -300.0, -58.0, -63.0, -60.0, -59.0, -300.0, -60.0, -300.0, -62.0, -61.0, -62.0, -67.0, -300.0, -300.0, -70.0, -72.0, -300.0, -60.0, -61.0, -78.0], [-300.0, -68.0, -300.0, -64.0, -300.0, -300.0, -300.0, -59.0, -59.0, -64.0, -300.0, -66.0, -300.0, -300.0, -300.0, -300.0, -300.0, -59.0, -57.0, -300.0, -300.0, -61.0, -67.0, -62.0, -90.0, -300.0, -300.0, -300.0, -300.0, -63.0, -65.0, -300.0, -300.0, -68.0, -300.0, -300.0, -60.0, -69.0, -59.0, -64.0, -49.0, -300.0, -59.0, -62.0, -300.0, -57.0, -300.0, -56.0, -300.0, -300.0, -71.0, -300.0, -61.0, -300.0, -300.0, -62.0, -81.0, -300.0, -59.0, -76.0, -300.0, -55.0, -300.0, -300.0, -300.0, -300.0, -98.0, -300.0, -300.0, -300.0, -64.0, -67.0, -300.0, -300.0, -300.0, -57.0, -63.0, -300.0, -300.0, -58.0, -300.0, -87.0, -73.0, -300.0, -300.0, -97.0, -300.0, -300.0, -300.0, -55.0, -298.0, -300.0, -300.0, -56.0, -56.0, -300.0, -63.0, -300.0, -62.0, -71.0]], "success_matrix": [[true, false, true, true, true, false, true, false, false, true, false, true, false, true, false, true, true, false, true, true, true, false, true, true, false, false, true, true, true, false, false, true, true, false, true, true, true, false, false, false, true, true, false, true, false, false, false, true, false, false, false, false, true, false, true, true, true, true, true, false, false, true, true, false, true, true, true, false, true, false, true, false, true, false, true, true, true, true, true, true, true, true, true, false, false, true, true, true, true, true, false, true, true, false, true, false, true, false, false, false], [false, true, false, false, false, true, true, false, false, true, true, true, true, true, true, true, true, true, true, true, true, true, true, false, true, false, false, true, true, true, false, true, true, false, false, true, true, true, false, true, true, true, false, true, true, true, true, true, false, true, true, true, false, true, true, true, false, true, true, true, true, true, false, true, true, false, true, true, true, true, false, true, true, true, true, true, true, false, true, true, true, false, true, true, true, true, false, false, false, true, true, false, true, true, true, true, true, false, true, true], [false, true, true, false, true, true, true, true, true, false, true, false, true, false, false, true, true, true, true, true, true, true, true, true, false, true, false, true, false, false, true, false, true, true, false, true, true, false, true, true, false, true, false, false, false, false, false, false, false, true, true, false, true, false, true, true, true, false, false, false, false, true, true, true, true, true, true, true, true, true, true, true, true, false, false, true, false, false, false, false, true, false, true, true, false, true, false, true, false, false, false, true, true, true, true, true, true, true, true, true], [true, true, false, true, true, true, true, false, true, true, true, true, true, true, false, true, false, false, true, true, false, true, true, true, false, true, false, false, false, true, true, true, true, false, true, true, true, false, true, false, true, false, false, false, true, true, true, false, true, true, true, false, true, true, true, true, true, true, false, true, true, true, true, true, false, false, false, true, true, true, true, true, true, true, false, true, true, true, false, true, false, true, true, true, true, false, true, false, true, true, true, true, false, false, true, true, false, true, true, true], [false, true, false, true, false, false, false, true, true, true, false, true, false, false, false, false, false, true, true, false, false, true, true, true, true, false, false, false, false, true, true, false, false, true, false, false, true, true, true, true, true, false, true, true, false, true, false, true, false, false, true, false, true, false, false, true, true, false, true, true, false, true, false, false, false, false, true, false, false, false, true, true, false, false, false, true, true, false, false, true, false, true, true, false, false, true, false, false, false, true, false, false, false, true, true, false, true, false, true, true]], "ticket_name": "zo_envs10_iter100_cand10_lambda2.0_seed666_ddim8_20251212_061609/seed_670", "eval_noise_idx": 0, "eval_seed": 1619}