{"n_seeds": 5, "n_evals_per_seed": 100, "reward_mean": -224.37997436523438, "reward_std": 11.041919708251953, "success_mean": 0.538, "success_std": 0.05585696017507574, "episode_seeds": [1619, 1620, 1621, 1622, 1623], "seed_reward_means": [-214.8800048828125, -229.16000366210938, -228.82000732421875, -237.83999633789062, -211.1999969482422], "seed_success_means": [0.58, 0.54, 0.51, 0.46, 0.6], "reward_matrix": [[-300.0, -300.0, -248.0, -112.0, -180.0, -300.0, -300.0, -125.0, -300.0, -300.0, -300.0, -153.0, -129.0, -300.0, -141.0, -127.0, -183.0, -300.0, -187.0, -139.0, -300.0, -300.0, -120.0, -216.0, -300.0, -211.0, -300.0, -130.0, -300.0, -112.0, -129.0, -179.0, -158.0, -300.0, -241.0, -300.0, -128.0, -300.0, -300.0, -149.0, -264.0, -120.0, -200.0, -300.0, -117.0, -300.0, -139.0, -300.0, -122.0, -144.0, -122.0, -112.0, -131.0, -300.0, -120.0, -300.0, -139.0, -300.0, -300.0, -149.0, -300.0, -300.0, -120.0, -114.0, -147.0, -300.0, -148.0, -166.0, -120.0, -300.0, -300.0, -126.0, -300.0, -276.0, -300.0, -232.0, -300.0, -300.0, -300.0, -300.0, -300.0, -300.0, -300.0, -300.0, -104.0, -300.0, -155.0, -240.0, -120.0, -300.0, -125.0, -132.0, -127.0, -176.0, -134.0, -150.0, -151.0, -118.0, -215.0, -116.0], [-300.0, -300.0, -244.0, -300.0, -300.0, -202.0, -125.0, -207.0, -124.0, -300.0, -300.0, -300.0, -300.0, -188.0, -300.0, -300.0, -300.0, -300.0, -155.0, -300.0, -300.0, -300.0, -131.0, -133.0, -300.0, -170.0, -131.0, -300.0, -300.0, -148.0, -217.0, -152.0, -300.0, -300.0, -236.0, -140.0, -255.0, -300.0, -300.0, -159.0, -300.0, -152.0, -220.0, -300.0, -137.0, -120.0, -138.0, -300.0, -300.0, -300.0, -204.0, -186.0, -116.0, -151.0, -300.0, -131.0, -117.0, -300.0, -135.0, -126.0, -300.0, -224.0, -296.0, -300.0, -200.0, -127.0, -294.0, -171.0, -118.0, -228.0, -163.0, -152.0, -128.0, -127.0, -115.0, -300.0, -188.0, -300.0, -230.0, -300.0, -300.0, -300.0, -300.0, -300.0, -300.0, -177.0, -256.0, -133.0, -300.0, -144.0, -300.0, -300.0, -159.0, -147.0, -174.0, -300.0, -300.0, -115.0, -300.0, -300.0], [-157.0, -132.0, -128.0, -211.0, -273.0, -120.0, -300.0, -300.0, -138.0, -300.0, -300.0, -300.0, -263.0, -114.0, -126.0, -168.0, -130.0, -153.0, -300.0, -300.0, -300.0, -160.0, -115.0, -170.0, -144.0, -159.0, -116.0, -126.0, -300.0, -300.0, -300.0, -235.0, -182.0, -300.0, -300.0, -300.0, -300.0, -116.0, -200.0, -300.0, -300.0, -300.0, -180.0, -300.0, -300.0, -121.0, -202.0, -300.0, -300.0, -108.0, -217.0, -148.0, -300.0, -300.0, -300.0, -300.0, -127.0, -131.0, -156.0, -127.0, -140.0, -300.0, -300.0, -276.0, -300.0, -246.0, -300.0, -136.0, -140.0, -300.0, -300.0, -119.0, -300.0, -300.0, -300.0, -300.0, -300.0, -300.0, -110.0, -152.0, -116.0, -245.0, -122.0, -300.0, -300.0, -157.0, -152.0, -300.0, -300.0, -152.0, -300.0, -166.0, -160.0, -300.0, -300.0, -300.0, -300.0, -240.0, -300.0, -300.0], [-300.0, -271.0, -300.0, -300.0, -300.0, -110.0, -135.0, -300.0, -300.0, -175.0, -212.0, -131.0, -143.0, -123.0, -300.0, -300.0, -300.0, -124.0, -300.0, -120.0, -300.0, -300.0, -300.0, -300.0, -156.0, -300.0, -116.0, -173.0, -208.0, -148.0, -300.0, -300.0, -292.0, -300.0, -112.0, -140.0, -300.0, -175.0, -300.0, -184.0, -183.0, -300.0, -136.0, -300.0, -300.0, -141.0, -300.0, -300.0, -257.0, -119.0, -152.0, -128.0, -300.0, -137.0, -300.0, -142.0, -300.0, -133.0, -116.0, -180.0, -300.0, -147.0, -300.0, -300.0, -300.0, -300.0, -300.0, -300.0, -300.0, -300.0, -250.0, -271.0, -300.0, -300.0, -258.0, -270.0, -300.0, -300.0, -156.0, -160.0, -300.0, -121.0, -300.0, -200.0, -300.0, -300.0, -160.0, -300.0, -300.0, -300.0, -132.0, -300.0, -300.0, -126.0, -300.0, -300.0, -300.0, -123.0, -300.0, -138.0], [-131.0, -300.0, -104.0, -132.0, -135.0, -209.0, -192.0, -118.0, -300.0, -115.0, -300.0, -300.0, -300.0, -120.0, -300.0, -300.0, -300.0, -119.0, -152.0, -186.0, -192.0, -123.0, -300.0, -200.0, -152.0, -141.0, -300.0, -207.0, -230.0, -132.0, -136.0, -300.0, -300.0, -128.0, -116.0, -127.0, -300.0, -300.0, -135.0, -156.0, -152.0, -199.0, -300.0, -132.0, -176.0, -300.0, -180.0, -300.0, -168.0, -300.0, -300.0, -122.0, -300.0, -300.0, -204.0, -300.0, -123.0, -300.0, -116.0, -300.0, -130.0, -176.0, -212.0, -300.0, -116.0, -131.0, -300.0, -151.0, -222.0, -123.0, -184.0, -300.0, -300.0, -300.0, -150.0, -300.0, -163.0, -300.0, -300.0, -136.0, -196.0, -128.0, -300.0, -202.0, -116.0, -143.0, -118.0, -300.0, -300.0, -300.0, -300.0, -157.0, -187.0, -300.0, -300.0, -133.0, -300.0, -104.0, -159.0, -123.0]], "success_matrix": [[false, false, true, true, true, false, false, true, false, false, false, true, true, false, true, true, true, false, true, true, false, false, true, true, false, true, false, true, false, true, true, true, true, false, true, false, true, false, false, true, true, true, true, false, true, false, true, false, true, true, true, true, true, false, true, false, true, false, false, true, false, false, true, true, true, false, true, true, true, false, false, true, false, true, false, true, false, false, false, false, false, false, false, false, true, false, true, true, true, false, true, true, true, true, true, true, true, true, true, true], [false, false, true, false, false, true, true, true, true, false, false, false, false, true, false, false, false, false, true, false, false, false, true, true, false, true, true, false, false, true, true, true, false, false, true, true, true, false, false, true, false, true, true, false, true, true, true, false, false, false, true, true, true, true, false, true, true, false, true, true, false, true, true, false, true, true, true, true, true, true, true, true, true, true, true, false, true, false, true, false, false, false, false, false, false, true, true, true, false, true, false, false, true, true, true, false, false, true, false, false], [true, true, true, true, true, true, false, false, true, false, false, false, true, true, true, true, true, true, false, false, false, true, true, true, true, true, true, true, false, false, false, true, true, false, false, false, false, true, true, false, false, false, true, false, false, true, true, false, false, true, true, true, false, false, false, false, true, true, true, true, true, false, false, true, false, true, false, true, true, false, false, true, false, false, false, false, false, false, true, true, true, true, true, false, false, true, true, false, false, true, false, true, true, false, false, false, false, true, false, false], [false, true, false, false, false, true, true, false, false, true, true, true, true, true, false, false, false, true, false, true, false, false, false, false, true, false, true, true, true, true, false, false, true, false, true, true, false, true, false, true, true, false, true, false, false, true, false, false, true, true, true, true, false, true, false, true, false, true, true, true, false, true, false, false, false, false, false, false, false, false, true, true, false, false, true, true, false, false, true, true, false, true, false, true, false, false, true, false, false, false, true, false, false, true, false, false, false, true, false, true], [true, false, true, true, true, true, true, true, false, true, false, false, false, true, false, false, false, true, true, true, true, true, false, true, true, true, false, true, true, true, true, false, false, true, true, true, false, false, true, true, true, true, false, true, true, false, true, false, true, false, false, true, false, false, true, false, true, false, true, false, true, true, true, false, true, true, false, true, true, true, true, false, false, false, true, false, true, false, false, true, true, true, false, true, true, true, true, false, false, false, false, true, true, false, false, true, false, true, true, true]], "ticket_name": "zo_envs10_iter100_cand10_lambda5.0_seed666_ddim8_20251213_183807/seed_670", "eval_noise_idx": 0, "eval_seed": 1619}