{"n_seeds": 5, "n_evals_per_seed": 100, "reward_mean": -218.0399932861328, "reward_std": 11.94719123840332, "success_mean": 0.5399999999999999, "success_std": 0.07797435475847171, "episode_seeds": [1619, 1620, 1621, 1622, 1623], "seed_reward_means": [-212.05999755859375, -210.02000427246094, -235.2899932861328, -228.8800048828125, -203.9499969482422], "seed_success_means": [0.59, 0.61, 0.41, 0.49, 0.6], "reward_matrix": [[-300.0, -300.0, -149.0, -136.0, -190.0, -300.0, -300.0, -300.0, -300.0, -300.0, -300.0, -300.0, -109.0, -300.0, -84.0, -300.0, -142.0, -300.0, -196.0, -71.0, -100.0, -117.0, -300.0, -100.0, -300.0, -120.0, -300.0, -179.0, -160.0, -129.0, -111.0, -192.0, -216.0, -100.0, -219.0, -162.0, -172.0, -115.0, -300.0, -90.0, -104.0, -227.0, -118.0, -229.0, -300.0, -300.0, -300.0, -176.0, -91.0, -300.0, -147.0, -195.0, -300.0, -96.0, -141.0, -93.0, -178.0, -300.0, -300.0, -300.0, -300.0, -189.0, -300.0, -159.0, -212.0, -300.0, -300.0, -300.0, -135.0, -209.0, -300.0, -300.0, -102.0, -107.0, -138.0, -200.0, -226.0, -219.0, -300.0, -300.0, -300.0, -300.0, -136.0, -132.0, -300.0, -216.0, -124.0, -300.0, -216.0, -300.0, -300.0, -136.0, -300.0, -300.0, -140.0, -104.0, -217.0, -105.0, -210.0, -120.0], [-92.0, -119.0, -102.0, -197.0, -300.0, -300.0, -103.0, -300.0, -101.0, -170.0, -145.0, -300.0, -228.0, -300.0, -157.0, -283.0, -206.0, -97.0, -300.0, -300.0, -220.0, -86.0, -300.0, -110.0, -168.0, -300.0, -300.0, -300.0, -300.0, -300.0, -122.0, -88.0, -300.0, -300.0, -101.0, -300.0, -300.0, -300.0, -97.0, -188.0, -300.0, -266.0, -300.0, -193.0, -300.0, -300.0, -212.0, -152.0, -300.0, -300.0, -129.0, -300.0, -102.0, -180.0, -248.0, -300.0, -111.0, -159.0, -300.0, -199.0, -290.0, -148.0, -94.0, -250.0, -231.0, -300.0, -130.0, -300.0, -300.0, -108.0, -76.0, -135.0, -300.0, -106.0, -300.0, -119.0, -300.0, -300.0, -290.0, -135.0, -300.0, -300.0, -98.0, -300.0, -117.0, -240.0, -300.0, -87.0, -96.0, -180.0, -145.0, -300.0, -179.0, -141.0, -254.0, -123.0, -135.0, -63.0, -115.0, -86.0], [-300.0, -300.0, -300.0, -105.0, -300.0, -300.0, -288.0, -300.0, -194.0, -300.0, -114.0, -300.0, -257.0, -102.0, -300.0, -205.0, -300.0, -113.0, -300.0, -271.0, -300.0, -300.0, -300.0, -97.0, -148.0, -300.0, -300.0, -164.0, -300.0, -143.0, -300.0, -300.0, -280.0, -300.0, -88.0, -300.0, -124.0, -300.0, -300.0, -300.0, -300.0, -158.0, -107.0, -91.0, -88.0, -300.0, -179.0, -300.0, -96.0, -300.0, -300.0, -300.0, -107.0, -141.0, -300.0, -300.0, -148.0, -300.0, -190.0, -300.0, -300.0, -116.0, -97.0, -300.0, -72.0, -300.0, -300.0, -300.0, -300.0, -102.0, -300.0, -69.0, -300.0, -300.0, -300.0, -300.0, -69.0, -300.0, -300.0, -147.0, -300.0, -300.0, -300.0, -300.0, -300.0, -96.0, -300.0, -107.0, -300.0, -300.0, -250.0, -120.0, -300.0, -203.0, -300.0, -98.0, -300.0, -300.0, -173.0, -112.0], [-300.0, -159.0, -68.0, -172.0, -108.0, -300.0, -300.0, -300.0, -189.0, -197.0, -300.0, -300.0, -300.0, -300.0, -300.0, -300.0, -300.0, -143.0, -300.0, -141.0, -282.0, -300.0, -300.0, -300.0, -270.0, -300.0, -300.0, -126.0, -122.0, -300.0, -93.0, -300.0, -103.0, -73.0, -300.0, -91.0, -300.0, -120.0, -80.0, -236.0, -232.0, -300.0, -83.0, -300.0, -201.0, -179.0, -103.0, -300.0, -116.0, -116.0, -300.0, -300.0, -300.0, -132.0, -300.0, -300.0, -111.0, -300.0, -114.0, -160.0, -300.0, -94.0, -300.0, -251.0, -78.0, -300.0, -300.0, -300.0, -171.0, -300.0, -300.0, -295.0, -144.0, -250.0, -107.0, -81.0, -300.0, -300.0, -300.0, -130.0, -300.0, -300.0, -300.0, -222.0, -300.0, -88.0, -300.0, -154.0, -300.0, -251.0, -112.0, -300.0, -300.0, -103.0, -300.0, -259.0, -300.0, -300.0, -203.0, -275.0], [-95.0, -180.0, -300.0, -300.0, -104.0, -101.0, -89.0, -98.0, -148.0, -143.0, -300.0, -128.0, -300.0, -300.0, -258.0, -300.0, -300.0, -300.0, -300.0, -155.0, -157.0, -300.0, -153.0, -112.0, -300.0, -107.0, -173.0, -99.0, -300.0, -300.0, -300.0, -300.0, -125.0, -300.0, -300.0, -300.0, -246.0, -228.0, -231.0, -300.0, -82.0, -220.0, -188.0, -108.0, -120.0, -93.0, -70.0, -300.0, -118.0, -130.0, -300.0, -116.0, -141.0, -76.0, -300.0, -154.0, -128.0, -300.0, -174.0, -154.0, -300.0, -136.0, -85.0, -125.0, -300.0, -77.0, -300.0, -300.0, -80.0, -180.0, -300.0, -300.0, -112.0, -91.0, -110.0, -145.0, -300.0, -253.0, -300.0, -206.0, -300.0, -300.0, -300.0, -300.0, -300.0, -300.0, -69.0, -91.0, -178.0, -300.0, -228.0, -300.0, -108.0, -84.0, -115.0, -140.0, -196.0, -93.0, -291.0, -300.0]], "success_matrix": [[false, false, true, true, true, false, false, false, false, false, false, false, true, false, true, false, true, false, true, true, true, true, false, true, false, true, false, true, true, true, true, true, true, true, true, true, true, true, false, true, true, true, true, true, false, false, false, true, true, false, true, true, false, true, true, true, true, false, false, false, false, true, false, true, true, false, false, false, true, true, false, false, true, true, true, true, true, true, false, false, false, false, true, true, false, true, true, false, true, false, false, true, false, false, true, true, true, true, true, true], [true, true, true, true, false, false, true, false, true, true, true, false, true, false, true, true, true, true, false, false, true, true, false, true, true, false, false, false, false, false, true, true, false, false, true, false, false, false, true, true, false, true, false, true, false, false, true, true, false, false, true, false, true, true, true, false, true, true, false, true, true, true, true, true, true, false, true, false, false, true, true, true, false, true, false, true, false, false, true, true, false, false, true, false, true, true, false, true, true, true, true, false, true, true, true, true, true, true, true, true], [false, false, false, true, false, false, true, false, true, false, true, false, true, true, false, true, false, true, false, true, false, false, false, true, true, false, false, true, false, true, false, false, true, false, true, false, true, false, false, false, false, true, true, true, true, false, true, false, true, false, false, false, true, true, false, false, true, false, true, false, false, true, true, false, true, false, false, false, false, true, false, true, false, false, false, false, true, false, false, true, false, false, false, false, false, true, false, true, false, false, true, true, false, true, false, true, false, false, true, true], [false, true, true, true, true, false, false, false, true, true, false, false, false, false, false, false, false, true, false, true, true, false, false, false, true, false, false, true, true, false, true, false, true, true, false, true, false, true, true, true, true, false, true, false, true, true, true, false, true, true, false, false, false, true, false, false, true, false, true, true, false, true, false, true, true, false, false, false, true, false, false, true, true, true, true, true, false, false, false, true, false, false, false, true, false, true, false, true, false, true, true, false, false, true, false, true, false, false, true, true], [true, true, false, false, true, true, true, true, true, true, false, true, false, false, true, false, false, false, false, true, true, false, true, true, false, true, true, true, false, false, false, false, true, false, false, false, true, true, true, false, true, true, true, true, true, true, true, false, true, true, false, true, true, true, false, true, true, false, true, true, false, true, true, true, false, true, false, false, true, true, false, false, true, true, true, true, false, true, false, true, false, false, false, false, false, false, true, true, true, false, true, false, true, true, true, true, true, true, true, false]], "ticket_name": "envs100_samples1000_seeds999_1000_1001_1002_1003_1004_1005_1006_1007_1008_ddim8_20251208_041639/seed_1008", "eval_noise_idx": 0, "eval_seed": 1619}