{
  "n_noise_indices": 3,
  "eval_indices": [
    0,
    1,
    2
  ],
  "reward_mean_across_indices": -348.1619873046875,
  "reward_std_across_indices": 9.619943527803043,
  "success_mean_across_indices": 0.31666666666666665,
  "success_std_across_indices": 0.05326662494783513,
  "per_index_results": {
    "0": {
      "reward_mean": -345.4599914550781,
      "reward_std": 9.84288501739502,
      "success_mean": 0.32999999999999996,
      "success_std": 0.06782329983125268
    },
    "1": {
      "reward_mean": -358.843994140625,
      "reward_std": 2.077794313430786,
      "success_mean": 0.258,
      "success_std": 0.01326649916142161
    },
    "2": {
      "reward_mean": -340.1819763183594,
      "reward_std": 7.172293186187744,
      "success_mean": 0.362,
      "success_std": 0.05418486873657627
    }
  }
}