{"n_seeds": 5, "n_evals_per_seed": 100, "reward_mean": -272.8919982910156, "reward_std": 5.007254123687744, "success_mean": 0.29800000000000004, "success_std": 0.05805170109479997, "episode_seeds": [1619, 1620, 1621, 1622, 1623], "seed_reward_means": [-270.6700134277344, -272.2900085449219, -272.42999267578125, -281.2200012207031, -267.8500061035156], "seed_success_means": [0.34, 0.32, 0.27, 0.21, 0.35], "reward_matrix": [[-300.0, -300.0, -300.0, -300.0, -300.0, -278.0, -300.0, -300.0, -300.0, -300.0, -300.0, -163.0, -184.0, -300.0, -300.0, -300.0, -300.0, -300.0, -300.0, -218.0, -300.0, -300.0, -259.0, -300.0, -300.0, -300.0, -180.0, -300.0, -300.0, -300.0, -300.0, -184.0, -168.0, -300.0, -187.0, -300.0, -300.0, -300.0, -300.0, -300.0, -300.0, -293.0, -300.0, -300.0, -300.0, -198.0, -196.0, -300.0, -220.0, -300.0, -163.0, -300.0, -300.0, -192.0, -265.0, -300.0, -300.0, -260.0, -300.0, -193.0, -244.0, -300.0, -300.0, -300.0, -300.0, -173.0, -300.0, -300.0, -176.0, -279.0, -300.0, -300.0, -300.0, -300.0, -264.0, -284.0, -200.0, -300.0, -225.0, -300.0, -173.0, -300.0, -300.0, -230.0, -282.0, -300.0, -300.0, -252.0, -300.0, -300.0, -300.0, -180.0, -300.0, -197.0, -150.0, -300.0, -300.0, -300.0, -300.0, -157.0], [-300.0, -300.0, -300.0, -300.0, -300.0, -300.0, -300.0, -300.0, -300.0, -300.0, -300.0, -209.0, -300.0, -300.0, -175.0, -287.0, -300.0, -206.0, -268.0, -300.0, -300.0, -300.0, -300.0, -268.0, -152.0, -300.0, -300.0, -300.0, -300.0, -300.0, -205.0, -300.0, -300.0, -300.0, -191.0, -300.0, -300.0, -300.0, -200.0, -300.0, -300.0, -184.0, -300.0, -189.0, -300.0, -300.0, -300.0, -300.0, -236.0, -260.0, -300.0, -190.0, -300.0, -300.0, -278.0, -300.0, -300.0, -181.0, -300.0, -300.0, -152.0, -276.0, -300.0, -300.0, -271.0, -159.0, -232.0, -300.0, -300.0, -300.0, -208.0, -214.0, -300.0, -300.0, -300.0, -213.0, -300.0, -300.0, -152.0, -300.0, -300.0, -195.0, -256.0, -300.0, -300.0, -300.0, -300.0, -300.0, -300.0, -300.0, -300.0, -243.0, -175.0, -300.0, -192.0, -300.0, -300.0, -300.0, -300.0, -212.0], [-300.0, -300.0, -300.0, -204.0, -300.0, -300.0, -206.0, -300.0, -163.0, -300.0, -300.0, -300.0, -270.0, -300.0, -157.0, -300.0, -300.0, -300.0, -300.0, -300.0, -300.0, -300.0, -300.0, -184.0, -300.0, -300.0, -244.0, -300.0, -300.0, -300.0, -300.0, -240.0, -181.0, -206.0, -300.0, -300.0, -300.0, -300.0, -300.0, -300.0, -300.0, -300.0, -177.0, -300.0, -300.0, -300.0, -300.0, -300.0, -300.0, -177.0, -300.0, -300.0, -300.0, -300.0, -166.0, -164.0, -300.0, -300.0, -300.0, -300.0, -153.0, -300.0, -300.0, -210.0, -300.0, -300.0, -300.0, -300.0, -160.0, -196.0, -300.0, -299.0, -300.0, -220.0, -300.0, -300.0, -300.0, -300.0, -300.0, -300.0, -300.0, -200.0, -300.0, -300.0, -169.0, -178.0, -300.0, -300.0, -279.0, -300.0, -300.0, -267.0, -300.0, -300.0, -186.0, -300.0, -300.0, -300.0, -232.0, -155.0], [-300.0, -300.0, -300.0, -247.0, -300.0, -300.0, -180.0, -300.0, -300.0, -300.0, -300.0, -176.0, -300.0, -300.0, -300.0, -171.0, -300.0, -300.0, -300.0, -300.0, -300.0, -296.0, -192.0, -300.0, -300.0, -300.0, -152.0, -300.0, -240.0, -300.0, -300.0, -300.0, -300.0, -300.0, -300.0, -300.0, -300.0, -300.0, -210.0, -300.0, -163.0, -300.0, -300.0, -300.0, -183.0, -300.0, -300.0, -300.0, -208.0, -300.0, -300.0, -277.0, -300.0, -300.0, -300.0, -300.0, -300.0, -300.0, -300.0, -300.0, -300.0, -300.0, -300.0, -300.0, -300.0, -273.0, -300.0, -300.0, -300.0, -300.0, -300.0, -300.0, -300.0, -300.0, -170.0, -257.0, -300.0, -180.0, -300.0, -186.0, -300.0, -276.0, -300.0, -300.0, -300.0, -300.0, -300.0, -191.0, -300.0, -300.0, -300.0, -300.0, -300.0, -300.0, -300.0, -300.0, -300.0, -300.0, -300.0, -194.0], [-300.0, -300.0, -240.0, -300.0, -300.0, -300.0, -300.0, -300.0, -300.0, -228.0, -300.0, -300.0, -300.0, -179.0, -300.0, -300.0, -300.0, -300.0, -236.0, -200.0, -219.0, -259.0, -300.0, -230.0, -300.0, -194.0, -300.0, -300.0, -300.0, -300.0, -300.0, -300.0, -300.0, -300.0, -300.0, -228.0, -300.0, -198.0, -165.0, -155.0, -300.0, -300.0, -300.0, -300.0, -178.0, -300.0, -300.0, -300.0, -300.0, -153.0, -300.0, -300.0, -234.0, -300.0, -231.0, -300.0, -276.0, -197.0, -255.0, -228.0, -204.0, -300.0, -300.0, -300.0, -300.0, -300.0, -215.0, -300.0, -234.0, -300.0, -300.0, -300.0, -300.0, -300.0, -300.0, -300.0, -163.0, -300.0, -300.0, -300.0, -292.0, -300.0, -207.0, -300.0, -249.0, -300.0, -300.0, -300.0, -300.0, -186.0, -300.0, -150.0, -300.0, -300.0, -300.0, -155.0, -192.0, -243.0, -159.0, -153.0]], "success_matrix": [[false, false, false, false, false, true, false, false, false, false, false, true, true, false, false, false, false, false, false, true, false, false, true, false, false, false, true, false, false, false, false, true, true, false, true, false, false, false, false, false, false, true, false, false, false, true, true, false, true, false, true, false, false, true, true, false, false, true, false, true, true, false, false, false, false, true, false, false, true, true, false, false, false, false, true, true, true, false, true, false, true, false, false, true, true, false, false, true, false, false, false, true, false, true, true, false, false, false, false, true], [false, false, false, false, false, false, false, false, false, false, false, true, false, false, true, true, false, true, true, false, false, false, false, true, true, false, false, false, false, false, true, false, false, false, true, false, false, false, true, false, false, true, false, true, false, false, false, false, true, true, false, true, false, false, true, false, false, true, false, false, true, true, false, false, true, true, true, false, false, false, true, true, false, false, false, true, false, false, true, false, false, true, true, false, false, false, false, false, false, false, false, true, true, false, true, false, false, false, false, true], [false, false, false, true, false, false, true, false, true, false, false, false, true, false, true, false, false, false, false, false, false, false, false, true, false, false, true, false, false, false, false, true, true, true, false, false, false, false, false, false, false, false, true, false, false, false, false, false, false, true, false, false, false, false, true, true, false, false, false, false, true, false, false, true, false, false, false, false, true, true, false, false, false, true, false, false, false, false, false, false, false, true, false, false, true, true, false, false, true, false, false, true, false, false, true, false, false, false, true, true], [false, false, false, true, false, false, true, false, false, false, false, true, false, false, false, true, false, false, false, false, false, true, true, false, false, false, true, false, true, false, false, false, false, false, false, false, false, false, true, false, true, false, false, false, true, false, false, false, true, false, false, true, false, false, false, false, false, false, false, false, false, false, false, false, false, true, false, false, false, false, false, false, false, false, true, true, false, true, false, true, false, true, false, false, false, false, false, true, false, false, false, false, false, false, false, false, false, false, false, true], [false, false, true, false, false, false, false, false, false, true, false, false, false, true, false, false, false, false, true, true, true, true, false, true, false, true, false, false, false, false, false, false, false, false, false, true, false, true, true, true, false, false, false, false, true, false, false, false, false, true, false, false, true, false, true, false, true, true, true, true, true, false, false, false, false, false, true, false, true, false, false, false, false, false, false, false, true, false, false, false, true, false, true, false, true, false, false, false, false, true, false, true, false, false, false, true, true, true, true, true]], "ticket_name": "zo_envs10_iter500_cand2_lambda0.5_seed666_ddim8_20251212_061644/seed_673", "eval_noise_idx": 0, "eval_seed": 1619}