{"n_seeds": 5, "n_evals_per_seed": 100, "reward_mean": -274.97003173828125, "reward_std": 6.899415493011475, "success_mean": 0.32599999999999996, "success_std": 0.07635443667528428, "episode_seeds": [1619, 1620, 1621, 1622, 1623], "seed_reward_means": [-274.8399963378906, -283.2900085449219, -265.9200134277344, -279.80999755859375, -270.989990234375], "seed_success_means": [0.33, 0.23, 0.43, 0.28, 0.36], "reward_matrix": [[-285.0, -300.0, -300.0, -300.0, -300.0, -300.0, -300.0, -182.0, -208.0, -300.0, -300.0, -300.0, -178.0, -300.0, -300.0, -176.0, -300.0, -300.0, -300.0, -268.0, -300.0, -300.0, -216.0, -300.0, -293.0, -300.0, -300.0, -300.0, -300.0, -200.0, -300.0, -300.0, -300.0, -240.0, -300.0, -300.0, -300.0, -300.0, -300.0, -192.0, -300.0, -300.0, -283.0, -300.0, -185.0, -300.0, -300.0, -300.0, -300.0, -300.0, -284.0, -196.0, -300.0, -300.0, -216.0, -300.0, -291.0, -153.0, -300.0, -206.0, -300.0, -300.0, -188.0, -195.0, -219.0, -300.0, -300.0, -300.0, -180.0, -300.0, -300.0, -292.0, -300.0, -300.0, -300.0, -300.0, -265.0, -300.0, -300.0, -300.0, -280.0, -300.0, -300.0, -300.0, -221.0, -300.0, -300.0, -300.0, -300.0, -283.0, -228.0, -300.0, -300.0, -300.0, -300.0, -190.0, -187.0, -300.0, -249.0, -155.0], [-300.0, -300.0, -300.0, -300.0, -300.0, -300.0, -225.0, -300.0, -300.0, -300.0, -300.0, -300.0, -273.0, -300.0, -300.0, -242.0, -201.0, -300.0, -192.0, -198.0, -300.0, -300.0, -300.0, -205.0, -300.0, -300.0, -300.0, -300.0, -300.0, -264.0, -300.0, -300.0, -300.0, -300.0, -285.0, -300.0, -209.0, -300.0, -300.0, -242.0, -242.0, -300.0, -300.0, -300.0, -300.0, -272.0, -267.0, -300.0, -300.0, -300.0, -300.0, -300.0, -300.0, -300.0, -300.0, -300.0, -186.0, -300.0, -300.0, -300.0, -300.0, -300.0, -300.0, -300.0, -300.0, -300.0, -300.0, -300.0, -300.0, -300.0, -300.0, -175.0, -283.0, -189.0, -216.0, -300.0, -300.0, -300.0, -300.0, -300.0, -300.0, -283.0, -300.0, -300.0, -196.0, -300.0, -300.0, -300.0, -300.0, -300.0, -300.0, -300.0, -300.0, -192.0, -300.0, -300.0, -300.0, -192.0, -300.0, -300.0], [-300.0, -215.0, -276.0, -300.0, -220.0, -198.0, -300.0, -300.0, -167.0, -211.0, -300.0, -300.0, -300.0, -164.0, -300.0, -300.0, -240.0, -300.0, -263.0, -288.0, -300.0, -249.0, -192.0, -300.0, -300.0, -300.0, -163.0, -208.0, -206.0, -300.0, -300.0, -300.0, -300.0, -265.0, -197.0, -300.0, -300.0, -214.0, -300.0, -193.0, -300.0, -300.0, -300.0, -271.0, -196.0, -184.0, -300.0, -247.0, -300.0, -210.0, -186.0, -216.0, -300.0, -300.0, -208.0, -236.0, -300.0, -300.0, -228.0, -300.0, -300.0, -300.0, -300.0, -293.0, -300.0, -300.0, -300.0, -300.0, -300.0, -277.0, -300.0, -171.0, -300.0, -300.0, -300.0, -300.0, -201.0, -300.0, -268.0, -300.0, -189.0, -297.0, -201.0, -135.0, -204.0, -193.0, -272.0, -300.0, -300.0, -300.0, -300.0, -233.0, -300.0, -300.0, -300.0, -300.0, -300.0, -300.0, -291.0, -256.0], [-300.0, -300.0, -300.0, -300.0, -300.0, -300.0, -285.0, -300.0, -300.0, -300.0, -300.0, -177.0, -256.0, -300.0, -300.0, -300.0, -300.0, -300.0, -251.0, -300.0, -300.0, -300.0, -253.0, -300.0, -300.0, -300.0, -252.0, -300.0, -300.0, -300.0, -300.0, -300.0, -300.0, -300.0, -215.0, -234.0, -300.0, -300.0, -229.0, -213.0, -300.0, -300.0, -300.0, -300.0, -300.0, -300.0, -300.0, -300.0, -229.0, -212.0, -300.0, -300.0, -170.0, -300.0, -300.0, -198.0, -238.0, -300.0, -300.0, -300.0, -300.0, -271.0, -300.0, -300.0, -300.0, -239.0, -232.0, -199.0, -300.0, -300.0, -300.0, -300.0, -300.0, -300.0, -180.0, -244.0, -300.0, -300.0, -300.0, -287.0, -300.0, -227.0, -300.0, -300.0, -300.0, -300.0, -300.0, -300.0, -123.0, -300.0, -256.0, -236.0, -300.0, -300.0, -300.0, -300.0, -300.0, -262.0, -213.0, -300.0], [-300.0, -300.0, -168.0, -300.0, -224.0, -257.0, -300.0, -300.0, -237.0, -159.0, -300.0, -300.0, -300.0, -148.0, -300.0, -300.0, -293.0, -264.0, -300.0, -300.0, -300.0, -184.0, -300.0, -300.0, -300.0, -240.0, -297.0, -300.0, -300.0, -300.0, -207.0, -300.0, -300.0, -260.0, -300.0, -204.0, -300.0, -237.0, -242.0, -300.0, -228.0, -300.0, -300.0, -300.0, -300.0, -300.0, -300.0, -300.0, -300.0, -244.0, -232.0, -300.0, -300.0, -300.0, -300.0, -300.0, -300.0, -288.0, -186.0, -273.0, -252.0, -300.0, -300.0, -300.0, -300.0, -215.0, -300.0, -300.0, -300.0, -300.0, -300.0, -300.0, -300.0, -176.0, -211.0, -300.0, -167.0, -175.0, -300.0, -228.0, -300.0, -300.0, -300.0, -300.0, -190.0, -300.0, -257.0, -300.0, -297.0, -300.0, -300.0, -300.0, -300.0, -300.0, -150.0, -178.0, -269.0, -182.0, -232.0, -248.0]], "success_matrix": [[true, false, false, false, false, false, false, true, true, false, false, false, true, false, false, true, false, false, false, true, false, false, true, false, true, false, false, false, false, true, false, false, false, true, false, false, false, false, false, true, false, false, true, false, true, false, false, false, false, false, true, true, false, false, true, false, true, true, false, true, false, false, true, true, true, false, false, false, true, false, false, true, false, false, false, false, true, false, false, false, true, false, false, false, true, false, false, false, false, true, true, false, false, false, false, true, true, false, true, true], [false, false, false, false, false, false, true, false, false, false, false, false, true, false, false, true, true, false, true, true, false, false, false, true, false, false, false, false, false, true, false, false, false, false, true, false, true, false, false, true, true, false, false, false, false, true, true, false, false, false, false, false, false, false, false, false, true, false, false, false, false, false, false, false, false, false, false, false, false, false, false, true, true, true, true, false, false, false, false, false, false, true, false, false, true, false, false, false, false, false, false, false, false, true, false, false, false, true, false, false], [false, true, true, false, true, true, false, false, true, true, false, false, false, true, false, false, true, false, true, true, false, true, true, false, false, false, true, true, true, false, false, false, false, true, true, false, false, true, false, true, false, false, false, true, true, true, false, true, false, true, true, true, false, false, true, true, false, false, true, false, false, false, false, true, false, false, false, false, false, true, false, true, false, false, false, false, true, false, true, false, true, false, true, true, true, true, true, false, false, false, false, true, false, false, false, false, false, false, true, true], [false, false, false, false, false, false, true, false, false, false, false, true, true, false, false, false, false, false, true, false, false, false, true, false, false, false, true, false, false, false, false, false, false, false, true, true, false, false, true, true, false, false, false, false, false, false, false, false, true, true, false, false, true, false, false, true, true, false, false, false, false, true, false, false, false, true, true, true, false, false, false, false, false, false, true, true, false, false, false, true, false, true, false, false, false, false, false, false, true, false, true, true, false, false, false, false, false, true, true, false], [false, false, true, false, true, true, false, false, true, true, false, false, false, true, false, false, true, true, false, false, false, true, false, false, false, true, false, false, false, false, true, false, false, true, false, true, false, true, true, false, true, false, false, false, false, false, false, false, false, true, true, false, false, false, false, false, false, true, true, true, true, false, false, false, false, true, false, false, false, false, false, false, false, true, true, false, true, true, false, true, false, false, false, false, true, false, true, false, false, false, false, false, false, false, true, true, true, true, true, true]], "ticket_name": "zo_envs10_iter100_cand10_lambda5.0_seed666_ddim8_20251213_183807/seed_673", "eval_noise_idx": 0, "eval_seed": 1619}