{"n_seeds": 5, "n_evals_per_seed": 100, "reward_mean": -96.91200256347656, "reward_std": 5.126654148101807, "success_mean": 0.8880000000000001, "success_std": 0.016431676725154998, "episode_seeds": [1619, 1620, 1621, 1622, 1623], "seed_reward_means": [-100.33000183105469, -103.68000030517578, -96.05999755859375, -93.54000091552734, -90.94999694824219], "seed_success_means": [0.87, 0.87, 0.9, 0.9, 0.9], "reward_matrix": [[-69.0, -54.0, -58.0, -55.0, -71.0, -70.0, -300.0, -60.0, -62.0, -75.0, -57.0, -59.0, -56.0, -72.0, -75.0, -67.0, -68.0, -67.0, -73.0, -155.0, -300.0, -52.0, -71.0, -60.0, -63.0, -55.0, -50.0, -90.0, -104.0, -55.0, -54.0, -79.0, -64.0, -300.0, -103.0, -93.0, -300.0, -55.0, -144.0, -89.0, -59.0, -67.0, -52.0, -58.0, -300.0, -300.0, -72.0, -71.0, -53.0, -300.0, -72.0, -82.0, -57.0, -74.0, -72.0, -53.0, -60.0, -300.0, -80.0, -75.0, -80.0, -86.0, -67.0, -83.0, -68.0, -59.0, -80.0, -82.0, -300.0, -66.0, -68.0, -57.0, -56.0, -53.0, -52.0, -71.0, -63.0, -92.0, -58.0, -72.0, -60.0, -70.0, -57.0, -300.0, -300.0, -72.0, -68.0, -55.0, -98.0, -300.0, -64.0, -159.0, -58.0, -63.0, -300.0, -54.0, -108.0, -59.0, -65.0, -49.0], [-53.0, -50.0, -49.0, -89.0, -57.0, -68.0, -148.0, -84.0, -54.0, -72.0, -61.0, -300.0, -60.0, -166.0, -300.0, -93.0, -71.0, -300.0, -60.0, -60.0, -101.0, -59.0, -300.0, -79.0, -300.0, -300.0, -77.0, -76.0, -84.0, -175.0, -152.0, -55.0, -64.0, -58.0, -85.0, -63.0, -60.0, -300.0, -64.0, -63.0, -300.0, -300.0, -69.0, -55.0, -300.0, -63.0, -69.0, -201.0, -64.0, -55.0, -63.0, -65.0, -88.0, -80.0, -71.0, -61.0, -84.0, -58.0, -59.0, -143.0, -68.0, -57.0, -49.0, -57.0, -80.0, -65.0, -63.0, -73.0, -107.0, -300.0, -53.0, -62.0, -75.0, -57.0, -88.0, -300.0, -53.0, -54.0, -79.0, -54.0, -52.0, -100.0, -58.0, -68.0, -65.0, -75.0, -74.0, -59.0, -54.0, -81.0, -65.0, -300.0, -111.0, -56.0, -76.0, -67.0, -72.0, -60.0, -70.0, -53.0], [-100.0, -63.0, -79.0, -59.0, -67.0, -68.0, -66.0, -65.0, -73.0, -65.0, -55.0, -56.0, -75.0, -84.0, -58.0, -191.0, -88.0, -55.0, -80.0, -67.0, -60.0, -64.0, -60.0, -176.0, -57.0, -127.0, -300.0, -141.0, -71.0, -60.0, -100.0, -52.0, -76.0, -60.0, -53.0, -72.0, -60.0, -300.0, -300.0, -55.0, -64.0, -61.0, -56.0, -128.0, -50.0, -65.0, -64.0, -67.0, -49.0, -77.0, -62.0, -59.0, -64.0, -85.0, -56.0, -67.0, -116.0, -59.0, -67.0, -60.0, -84.0, -55.0, -74.0, -55.0, -80.0, -61.0, -109.0, -67.0, -177.0, -49.0, -71.0, -67.0, -59.0, -300.0, -70.0, -61.0, -58.0, -71.0, -112.0, -53.0, -300.0, -83.0, -76.0, -300.0, -60.0, -300.0, -62.0, -71.0, -64.0, -59.0, -71.0, -300.0, -300.0, -89.0, -59.0, -48.0, -300.0, -69.0, -72.0, -56.0], [-59.0, -57.0, -56.0, -135.0, -60.0, -82.0, -73.0, -68.0, -124.0, -65.0, -76.0, -62.0, -62.0, -56.0, -59.0, -66.0, -93.0, -60.0, -128.0, -64.0, -68.0, -64.0, -300.0, -63.0, -76.0, -59.0, -300.0, -60.0, -60.0, -67.0, -73.0, -63.0, -56.0, -65.0, -300.0, -72.0, -300.0, -53.0, -119.0, -83.0, -66.0, -61.0, -56.0, -75.0, -79.0, -67.0, -300.0, -54.0, -67.0, -56.0, -57.0, -72.0, -67.0, -56.0, -65.0, -59.0, -67.0, -80.0, -300.0, -112.0, -60.0, -57.0, -61.0, -76.0, -72.0, -60.0, -67.0, -63.0, -68.0, -80.0, -60.0, -76.0, -55.0, -111.0, -70.0, -61.0, -67.0, -66.0, -65.0, -51.0, -61.0, -63.0, -59.0, -69.0, -57.0, -120.0, -82.0, -71.0, -66.0, -73.0, -54.0, -62.0, -64.0, -67.0, -159.0, -300.0, -59.0, -300.0, -300.0, -300.0], [-54.0, -280.0, -61.0, -67.0, -67.0, -52.0, -55.0, -57.0, -51.0, -110.0, -300.0, -54.0, -300.0, -75.0, -90.0, -62.0, -65.0, -54.0, -57.0, -63.0, -60.0, -73.0, -77.0, -65.0, -58.0, -69.0, -82.0, -52.0, -53.0, -54.0, -67.0, -69.0, -300.0, -63.0, -76.0, -60.0, -59.0, -68.0, -83.0, -55.0, -56.0, -300.0, -57.0, -48.0, -63.0, -53.0, -55.0, -123.0, -59.0, -65.0, -73.0, -300.0, -59.0, -57.0, -59.0, -96.0, -62.0, -53.0, -58.0, -300.0, -69.0, -69.0, -65.0, -56.0, -59.0, -59.0, -84.0, -63.0, -51.0, -53.0, -80.0, -95.0, -60.0, -53.0, -65.0, -58.0, -300.0, -79.0, -77.0, -52.0, -57.0, -300.0, -71.0, -52.0, -50.0, -62.0, -300.0, -58.0, -76.0, -104.0, -80.0, -59.0, -64.0, -56.0, -53.0, -56.0, -72.0, -300.0, -101.0, -64.0]], "success_matrix": [[true, true, true, true, true, true, false, true, true, true, true, true, true, true, true, true, true, true, true, true, false, true, true, true, true, true, true, true, true, true, true, true, true, false, true, true, false, true, true, true, true, true, true, true, false, false, true, true, true, false, true, true, true, true, true, true, true, false, true, true, true, true, true, true, true, true, true, true, false, true, true, true, true, true, true, true, true, true, true, true, true, true, true, false, false, true, true, true, true, false, true, true, true, true, false, true, true, true, true, true], [true, true, true, true, true, true, true, true, true, true, true, false, true, true, false, true, true, false, true, true, true, true, false, true, false, false, true, true, true, true, true, true, true, true, true, true, true, false, true, true, false, false, true, true, false, true, true, true, true, true, true, true, true, true, true, true, true, true, true, true, true, true, true, true, true, true, true, true, true, false, true, true, true, true, true, false, true, true, true, true, true, true, true, true, true, true, true, true, true, true, true, false, true, true, true, true, true, true, true, true], [true, true, true, true, true, true, true, true, true, true, true, true, true, true, true, true, true, true, true, true, true, true, true, true, true, true, false, true, true, true, true, true, true, true, true, true, true, false, false, true, true, true, true, true, true, true, true, true, true, true, true, true, true, true, true, true, true, true, true, true, true, true, true, true, true, true, true, true, true, true, true, true, true, false, true, true, true, true, true, true, false, true, true, false, true, false, true, true, true, true, true, false, false, true, true, true, false, true, true, true], [true, true, true, true, true, true, true, true, true, true, true, true, true, true, true, true, true, true, true, true, true, true, false, true, true, true, false, true, true, true, true, true, true, true, false, true, false, true, true, true, true, true, true, true, true, true, false, true, true, true, true, true, true, true, true, true, true, true, false, true, true, true, true, true, true, true, true, true, true, true, true, true, true, true, true, true, true, true, true, true, true, true, true, true, true, true, true, true, true, true, true, true, true, true, true, false, true, false, false, false], [true, true, true, true, true, true, true, true, true, true, false, true, false, true, true, true, true, true, true, true, true, true, true, true, true, true, true, true, true, true, true, true, false, true, true, true, true, true, true, true, true, false, true, true, true, true, true, true, true, true, true, false, true, true, true, true, true, true, true, false, true, true, true, true, true, true, true, true, true, true, true, true, true, true, true, true, false, true, true, true, true, false, true, true, true, true, false, true, true, true, true, true, true, true, true, true, true, false, true, true]], "ticket_name": "zo_envs10_iter500_cand2_lambda2.0_seed666_ddim2_20251215_221920/seed_674", "eval_noise_idx": 0, "eval_seed": 1619}