{"n_seeds": 5, "n_evals_per_seed": 100, "reward_mean": -244.07199096679688, "reward_std": 4.10977029800415, "success_mean": 0.316, "success_std": 0.03361547262794322, "episode_seeds": [1619, 1620, 1621, 1622, 1623], "seed_reward_means": [-245.42999267578125, -248.1699981689453, -239.57000732421875, -239.83999633789062, -247.35000610351562], "seed_success_means": [0.31, 0.28, 0.34, 0.36, 0.29], "reward_matrix": [[-300.0, -192.0, -300.0, -300.0, -300.0, -101.0, -300.0, -300.0, -300.0, -300.0, -300.0, -300.0, -300.0, -200.0, -180.0, -300.0, -300.0, -155.0, -300.0, -77.0, -65.0, -300.0, -300.0, -102.0, -300.0, -131.0, -300.0, -300.0, -81.0, -300.0, -142.0, -90.0, -86.0, -300.0, -185.0, -300.0, -300.0, -300.0, -300.0, -78.0, -300.0, -300.0, -300.0, -300.0, -300.0, -300.0, -300.0, -95.0, -300.0, -300.0, -87.0, -184.0, -300.0, -300.0, -56.0, -300.0, -300.0, -300.0, -300.0, -300.0, -297.0, -103.0, -300.0, -274.0, -90.0, -300.0, -300.0, -122.0, -70.0, -300.0, -300.0, -295.0, -300.0, -300.0, -138.0, -300.0, -78.0, -300.0, -300.0, -300.0, -300.0, -95.0, -300.0, -300.0, -300.0, -95.0, -300.0, -300.0, -297.0, -300.0, -300.0, -205.0, -300.0, -300.0, -182.0, -300.0, -115.0, -300.0, -300.0, -300.0], [-300.0, -300.0, -108.0, -89.0, -300.0, -300.0, -300.0, -300.0, -300.0, -300.0, -300.0, -300.0, -300.0, -300.0, -300.0, -300.0, -300.0, -57.0, -118.0, -118.0, -108.0, -300.0, -300.0, -300.0, -300.0, -300.0, -300.0, -128.0, -76.0, -300.0, -300.0, -300.0, -67.0, -300.0, -300.0, -300.0, -300.0, -275.0, -109.0, -300.0, -300.0, -300.0, -300.0, -300.0, -300.0, -300.0, -136.0, -300.0, -126.0, -300.0, -300.0, -300.0, -300.0, -300.0, -300.0, -241.0, -300.0, -300.0, -149.0, -300.0, -81.0, -297.0, -300.0, -300.0, -80.0, -300.0, -297.0, -300.0, -75.0, -300.0, -144.0, -105.0, -300.0, -300.0, -99.0, -300.0, -89.0, -300.0, -108.0, -150.0, -300.0, -300.0, -300.0, -300.0, -300.0, -89.0, -300.0, -300.0, -300.0, -300.0, -300.0, -300.0, -110.0, -300.0, -100.0, -300.0, -300.0, -300.0, -88.0, -300.0], [-300.0, -300.0, -300.0, -188.0, -200.0, -300.0, -103.0, -297.0, -80.0, -300.0, -300.0, -300.0, -300.0, -300.0, -300.0, -300.0, -300.0, -74.0, -300.0, -300.0, -300.0, -111.0, -124.0, -72.0, -300.0, -98.0, -269.0, -300.0, -300.0, -300.0, -300.0, -242.0, -97.0, -88.0, -120.0, -300.0, -300.0, -300.0, -300.0, -104.0, -300.0, -300.0, -300.0, -300.0, -300.0, -300.0, -300.0, -300.0, -300.0, -300.0, -100.0, -300.0, -300.0, -300.0, -300.0, -111.0, -300.0, -165.0, -300.0, -300.0, -89.0, -300.0, -71.0, -300.0, -59.0, -300.0, -87.0, -300.0, -300.0, -126.0, -300.0, -60.0, -91.0, -300.0, -271.0, -300.0, -82.0, -115.0, -300.0, -300.0, -300.0, -300.0, -300.0, -123.0, -300.0, -300.0, -300.0, -300.0, -300.0, -300.0, -300.0, -153.0, -83.0, -192.0, -128.0, -300.0, -300.0, -300.0, -84.0, -300.0], [-295.0, -300.0, -300.0, -141.0, -300.0, -300.0, -300.0, -129.0, -252.0, -300.0, -300.0, -172.0, -300.0, -300.0, -300.0, -82.0, -300.0, -300.0, -119.0, -300.0, -300.0, -116.0, -300.0, -300.0, -103.0, -62.0, -300.0, -300.0, -300.0, -110.0, -300.0, -300.0, -300.0, -77.0, -116.0, -300.0, -294.0, -169.0, -300.0, -94.0, -122.0, -300.0, -300.0, -128.0, -93.0, -300.0, -300.0, -300.0, -300.0, -94.0, -300.0, -300.0, -300.0, -300.0, -164.0, -300.0, -96.0, -118.0, -300.0, -296.0, -300.0, -300.0, -300.0, -300.0, -87.0, -300.0, -300.0, -139.0, -300.0, -300.0, -300.0, -95.0, -300.0, -300.0, -79.0, -297.0, -300.0, -152.0, -300.0, -300.0, -300.0, -300.0, -300.0, -300.0, -300.0, -300.0, -88.0, -300.0, -96.0, -82.0, -300.0, -136.0, -94.0, -300.0, -300.0, -267.0, -126.0, -300.0, -204.0, -300.0], [-300.0, -112.0, -300.0, -300.0, -300.0, -300.0, -300.0, -300.0, -300.0, -79.0, -300.0, -300.0, -300.0, -105.0, -300.0, -125.0, -300.0, -115.0, -300.0, -300.0, -300.0, -101.0, -300.0, -64.0, -300.0, -300.0, -113.0, -300.0, -300.0, -120.0, -108.0, -300.0, -300.0, -300.0, -300.0, -180.0, -300.0, -300.0, -99.0, -300.0, -106.0, -300.0, -300.0, -300.0, -300.0, -63.0, -300.0, -78.0, -111.0, -300.0, -115.0, -300.0, -84.0, -300.0, -300.0, -300.0, -300.0, -300.0, -300.0, -292.0, -300.0, -300.0, -68.0, -300.0, -137.0, -300.0, -201.0, -204.0, -300.0, -300.0, -300.0, -300.0, -99.0, -300.0, -133.0, -300.0, -300.0, -300.0, -300.0, -300.0, -300.0, -300.0, -300.0, -300.0, -300.0, -300.0, -300.0, -300.0, -300.0, -122.0, -300.0, -297.0, -300.0, -294.0, -300.0, -300.0, -72.0, -135.0, -103.0, -300.0]], "success_matrix": [[false, true, false, false, false, true, false, false, false, false, false, false, false, true, true, false, false, true, false, true, true, false, false, true, false, true, false, false, true, false, true, true, true, false, true, false, false, false, false, true, false, false, false, false, false, false, false, true, false, false, true, true, false, false, true, false, false, false, false, false, false, true, false, true, true, false, false, true, true, false, false, false, false, false, true, false, true, false, false, false, false, true, false, false, false, true, false, false, false, false, false, true, false, false, true, false, true, false, false, false], [false, false, true, true, false, false, false, false, false, false, false, false, false, false, false, false, false, true, true, true, true, false, false, false, false, false, false, true, true, false, false, false, true, false, false, false, false, true, true, false, false, false, false, false, false, false, true, false, true, false, false, false, false, false, false, true, false, false, true, false, true, false, false, false, true, false, false, false, true, false, true, true, false, false, true, false, true, false, true, true, false, false, false, false, false, true, false, false, false, false, false, false, true, false, true, false, false, false, true, false], [false, false, false, true, true, false, true, false, true, false, false, false, false, false, false, false, false, true, false, false, false, true, true, true, false, true, true, false, false, false, false, true, true, true, true, false, false, false, false, true, false, false, false, false, false, false, false, false, false, false, true, false, false, false, false, true, false, true, false, false, true, false, true, false, true, false, true, false, false, true, false, true, true, false, true, false, true, true, false, false, false, false, false, true, false, false, false, false, false, false, false, true, true, true, true, false, false, false, true, false], [false, false, false, true, false, false, false, true, true, false, false, true, false, false, false, true, false, false, true, false, false, true, false, false, true, true, false, false, false, true, false, false, false, true, true, false, true, true, false, true, true, false, false, true, true, false, false, false, false, true, false, false, false, false, true, false, true, true, false, true, false, false, false, false, true, false, false, true, false, false, false, true, false, false, true, false, false, true, false, false, false, false, false, false, false, false, true, false, true, true, false, true, true, false, false, true, true, false, true, false], [false, true, false, false, false, false, false, false, false, true, false, false, false, true, false, true, false, true, false, false, false, true, false, true, false, false, true, false, false, true, true, false, false, false, false, true, false, false, true, false, true, false, false, false, false, true, false, true, true, false, true, false, true, false, false, false, false, false, false, true, false, false, true, false, true, false, true, true, false, false, false, false, true, false, true, false, false, false, false, false, false, false, false, false, false, false, false, false, false, true, false, false, false, false, false, false, true, true, true, false]], "ticket_name": "zo_envs10_iter100_cand10_lambda5.0_seed666_ddim8_20251213_184024/seed_672", "eval_noise_idx": 0, "eval_seed": 1619}