{"num_noise_samples": 300, "num_envs": 10, "success_rate_mean": 0.16566668450832367, "success_rate_std": 0.2634158134460449, "best_success_rate": 1.0, "best_original_index": 267, "success_rates_sorted": [1.0, 1.0, 1.0, 1.0, 1.0, 0.9, 0.9, 0.9, 0.9, 0.9, 0.9, 0.8, 0.8, 0.8, 0.8, 0.8, 0.8, 0.7, 0.7, 0.7, 0.7, 0.7, 0.7, 0.6, 0.6, 0.6, 0.6, 0.6, 0.6, 0.6, 0.6, 0.6, 0.6, 0.6, 0.6, 0.5, 0.5, 0.5, 0.5, 0.5, 0.5, 0.5, 0.5, 0.5, 0.5, 0.5, 0.5, 0.5, 0.5, 0.4, 0.4, 0.4, 0.4, 0.4, 0.4, 0.4, 0.4, 0.4, 0.4, 0.4, 0.4, 0.4, 0.4, 0.4, 0.4, 0.3, 0.3, 0.3, 0.3, 0.3, 0.3, 0.3, 0.3, 0.3, 0.3, 0.3, 0.3, 0.3, 0.2, 0.2, 0.2, 0.2, 0.2, 0.2, 0.2, 0.2, 0.2, 0.2, 0.2, 0.2, 0.2, 0.2, 0.1, 0.1, 0.1, 0.1, 0.1, 0.1, 0.1, 0.1, 0.1, 0.1, 0.1, 0.1, 0.1, 0.1, 0.1, 0.1, 0.1, 0.1, 0.1, 0.1, 0.1, 0.1, 0.1, 0.1, 0.1, 0.1, 0.1, 0.1, 0.1, 0.1, 0.0, 0.0, 0.0, 0.0, 0.0, 0.0, 0.0, 0.0, 0.0, 0.0, 0.0, 0.0, 0.0, 0.0, 0.0, 0.0, 0.0, 0.0, 0.0, 0.0, 0.0, 0.0, 0.0, 0.0, 0.0, 0.0, 0.0, 0.0, 0.0, 0.0, 0.0, 0.0, 0.0, 0.0, 0.0, 0.0, 0.0, 0.0, 0.0, 0.0, 0.0, 0.0, 0.0, 0.0, 0.0, 0.0, 0.0, 0.0, 0.0, 0.0, 0.0, 0.0, 0.0, 0.0, 0.0, 0.0, 0.0, 0.0, 0.0, 0.0, 0.0, 0.0, 0.0, 0.0, 0.0, 0.0, 0.0, 0.0, 0.0, 0.0, 0.0, 0.0, 0.0, 0.0, 0.0, 0.0, 0.0, 0.0, 0.0, 0.0, 0.0, 0.0, 0.0, 0.0, 0.0, 0.0, 0.0, 0.0, 0.0, 0.0, 0.0, 0.0, 0.0, 0.0, 0.0, 0.0, 0.0, 0.0, 0.0, 0.0, 0.0, 0.0, 0.0, 0.0, 0.0, 0.0, 0.0, 0.0, 0.0, 0.0, 0.0, 0.0, 0.0, 0.0, 0.0, 0.0, 0.0, 0.0, 0.0, 0.0, 0.0, 0.0, 0.0, 0.0, 0.0, 0.0, 0.0, 0.0, 0.0, 0.0, 0.0, 0.0, 0.0, 0.0, 0.0, 0.0, 0.0, 0.0, 0.0, 0.0, 0.0, 0.0, 0.0, 0.0, 0.0, 0.0, 0.0, 0.0, 0.0, 0.0, 0.0, 0.0, 0.0, 0.0, 0.0, 0.0, 0.0, 0.0, 0.0, 0.0, 0.0, 0.0, 0.0, 0.0, 0.0, 0.0, 0.0, 0.0, 0.0, 0.0, 0.0, 0.0, 0.0, 0.0, 0.0, 0.0, 0.0, 0.0], "original_success_rates": [0.0, 0.3, 0.0, 0.0, 0.2, 0.0, 0.1, 0.0, 0.0, 0.0, 0.2, 0.1, 0.0, 0.1, 0.9, 0.0, 0.6, 0.6, 0.1, 0.9, 0.2, 0.0, 0.7, 0.0, 0.0, 0.4, 0.0, 0.3, 0.3, 0.0, 0.0, 0.0, 0.0, 0.0, 0.6, 0.4, 0.0, 0.0, 0.0, 0.0, 0.0, 0.3, 0.0, 0.4, 0.1, 0.0, 0.0, 0.0, 0.0, 0.0, 0.0, 0.0, 0.1, 0.0, 0.0, 0.0, 0.5, 0.3, 0.0, 0.1, 0.4, 0.0, 0.0, 0.0, 0.0, 0.8, 0.6, 0.0, 0.4, 0.0, 0.7, 0.2, 0.0, 0.0, 0.5, 0.0, 0.1, 0.1, 0.0, 0.0, 0.0, 0.7, 0.1, 0.6, 0.4, 0.2, 1.0, 0.0, 0.0, 0.0, 0.1, 0.0, 1.0, 0.0, 0.0, 0.0, 0.2, 0.0, 0.5, 0.0, 0.0, 0.0, 0.0, 0.0, 0.3, 0.0, 0.0, 0.0, 0.5, 0.1, 0.6, 0.6, 0.1, 0.0, 0.5, 0.4, 0.0, 0.8, 0.0, 0.1, 0.0, 0.8, 0.0, 0.3, 0.0, 0.0, 0.0, 0.2, 0.0, 0.0, 0.1, 0.4, 0.0, 0.2, 0.1, 0.0, 0.0, 0.0, 0.0, 0.0, 0.0, 0.1, 0.0, 0.0, 0.0, 0.5, 0.8, 0.0, 0.0, 0.0, 0.0, 0.0, 0.0, 0.1, 0.0, 0.0, 0.0, 0.0, 0.0, 0.3, 0.0, 0.0, 0.4, 0.0, 0.0, 0.0, 0.0, 0.2, 0.0, 0.4, 0.0, 0.0, 0.0, 0.0, 0.0, 0.0, 0.9, 0.0, 0.0, 0.0, 0.0, 0.0, 0.0, 0.0, 0.0, 0.1, 0.0, 0.1, 0.0, 0.2, 0.0, 0.0, 0.0, 0.8, 0.0, 0.0, 0.0, 0.0, 0.0, 0.3, 0.5, 0.0, 0.0, 0.0, 0.0, 0.0, 0.0, 0.0, 0.0, 0.1, 0.4, 0.6, 0.0, 0.0, 0.0, 0.3, 0.0, 0.8, 0.0, 0.4, 0.6, 0.0, 0.6, 0.0, 0.2, 0.4, 0.5, 0.2, 0.6, 0.3, 0.1, 0.0, 0.0, 0.0, 0.1, 0.0, 0.9, 0.0, 0.0, 0.0, 0.0, 0.0, 0.0, 0.0, 0.0, 0.0, 0.1, 0.0, 0.1, 0.1, 0.2, 0.0, 0.5, 0.5, 0.0, 0.5, 0.9, 0.6, 0.9, 0.0, 0.5, 0.0, 0.7, 0.0, 0.0, 0.1, 0.0, 1.0, 0.7, 0.0, 0.0, 0.3, 0.0, 0.0, 0.0, 0.5, 0.0, 1.0, 0.0, 0.0, 0.0, 0.5, 0.0, 0.0, 0.4, 0.0, 0.1, 1.0, 0.0, 0.4, 0.0, 0.2, 0.3, 0.1, 0.0, 0.4, 0.7, 0.0, 0.1, 0.0], "seed": 1004, "env_seeds": [1458279434, 2094128383, 2051908698, 3189870141, 2134560999, 2845249056, 27589537, 676233087, 1361455104, 964164021]}