{"n_seeds": 5, "n_evals_per_seed": 100, "reward_mean": -88.2020034790039, "reward_std": 7.457940578460693, "success_mean": 0.9019999999999999, "success_std": 0.0311448230047949, "episode_seeds": [1619, 1620, 1621, 1622, 1623], "seed_reward_means": [-84.29000091552734, -85.66000366210938, -90.43000030517578, -99.9800033569336, -80.6500015258789], "seed_success_means": [0.91, 0.92, 0.9, 0.85, 0.93], "reward_matrix": [[-72.0, -60.0, -61.0, -51.0, -64.0, -56.0, -63.0, -53.0, -116.0, -56.0, -57.0, -60.0, -160.0, -76.0, -57.0, -56.0, -67.0, -300.0, -69.0, -52.0, -300.0, -60.0, -63.0, -52.0, -300.0, -52.0, -60.0, -64.0, -57.0, -56.0, -52.0, -64.0, -65.0, -55.0, -71.0, -60.0, -64.0, -300.0, -64.0, -52.0, -184.0, -57.0, -55.0, -49.0, -59.0, -60.0, -64.0, -59.0, -55.0, -65.0, -60.0, -68.0, -56.0, -55.0, -56.0, -52.0, -55.0, -64.0, -60.0, -60.0, -300.0, -66.0, -72.0, -299.0, -56.0, -56.0, -63.0, -65.0, -57.0, -56.0, -52.0, -57.0, -57.0, -51.0, -55.0, -56.0, -52.0, -60.0, -57.0, -64.0, -64.0, -59.0, -56.0, -65.0, -68.0, -56.0, -55.0, -300.0, -66.0, -57.0, -75.0, -57.0, -300.0, -57.0, -55.0, -300.0, -72.0, -72.0, -60.0, -74.0], [-59.0, -51.0, -51.0, -64.0, -63.0, -55.0, -51.0, -56.0, -53.0, -59.0, -56.0, -63.0, -56.0, -72.0, -76.0, -71.0, -64.0, -49.0, -59.0, -56.0, -71.0, -72.0, -80.0, -56.0, -59.0, -180.0, -300.0, -67.0, -57.0, -57.0, -51.0, -119.0, -52.0, -300.0, -55.0, -56.0, -53.0, -300.0, -59.0, -63.0, -60.0, -252.0, -300.0, -65.0, -110.0, -55.0, -63.0, -300.0, -67.0, -60.0, -67.0, -60.0, -49.0, -300.0, -75.0, -54.0, -55.0, -72.0, -57.0, -53.0, -62.0, -52.0, -68.0, -55.0, -62.0, -300.0, -60.0, -69.0, -59.0, -74.0, -50.0, -51.0, -68.0, -300.0, -69.0, -53.0, -52.0, -63.0, -63.0, -50.0, -144.0, -56.0, -52.0, -55.0, -55.0, -58.0, -82.0, -72.0, -75.0, -80.0, -60.0, -84.0, -56.0, -55.0, -64.0, -86.0, -76.0, -51.0, -55.0, -105.0], [-60.0, -203.0, -75.0, -59.0, -56.0, -67.0, -68.0, -300.0, -63.0, -61.0, -60.0, -64.0, -56.0, -298.0, -59.0, -60.0, -300.0, -55.0, -300.0, -63.0, -55.0, -75.0, -56.0, -62.0, -300.0, -67.0, -55.0, -60.0, -59.0, -55.0, -52.0, -53.0, -58.0, -56.0, -52.0, -55.0, -59.0, -57.0, -64.0, -55.0, -57.0, -300.0, -300.0, -300.0, -64.0, -60.0, -67.0, -58.0, -169.0, -56.0, -57.0, -59.0, -58.0, -113.0, -52.0, -60.0, -56.0, -59.0, -68.0, -56.0, -59.0, -53.0, -56.0, -56.0, -56.0, -55.0, -57.0, -80.0, -54.0, -51.0, -60.0, -50.0, -55.0, -300.0, -55.0, -60.0, -48.0, -64.0, -217.0, -56.0, -300.0, -76.0, -57.0, -64.0, -56.0, -59.0, -60.0, -51.0, -55.0, -60.0, -91.0, -47.0, -52.0, -96.0, -56.0, -59.0, -292.0, -59.0, -59.0, -51.0], [-300.0, -56.0, -300.0, -300.0, -52.0, -67.0, -59.0, -300.0, -59.0, -83.0, -59.0, -64.0, -59.0, -59.0, -72.0, -54.0, -73.0, -300.0, -68.0, -84.0, -300.0, -55.0, -69.0, -64.0, -67.0, -51.0, -63.0, -52.0, -88.0, -63.0, -56.0, -64.0, -48.0, -52.0, -68.0, -56.0, -300.0, -64.0, -57.0, -60.0, -64.0, -57.0, -60.0, -64.0, -60.0, -55.0, -68.0, -292.0, -55.0, -52.0, -52.0, -67.0, -59.0, -55.0, -80.0, -69.0, -56.0, -72.0, -300.0, -75.0, -300.0, -52.0, -64.0, -67.0, -53.0, -59.0, -96.0, -56.0, -57.0, -55.0, -59.0, -59.0, -56.0, -72.0, -53.0, -52.0, -300.0, -56.0, -76.0, -56.0, -60.0, -76.0, -63.0, -60.0, -61.0, -52.0, -60.0, -300.0, -60.0, -61.0, -300.0, -64.0, -53.0, -50.0, -68.0, -300.0, -300.0, -300.0, -56.0, -79.0], [-53.0, -54.0, -60.0, -68.0, -51.0, -60.0, -51.0, -51.0, -50.0, -56.0, -63.0, -51.0, -188.0, -56.0, -66.0, -59.0, -52.0, -68.0, -59.0, -300.0, -130.0, -61.0, -61.0, -48.0, -56.0, -300.0, -63.0, -59.0, -56.0, -51.0, -52.0, -300.0, -57.0, -59.0, -300.0, -52.0, -56.0, -57.0, -60.0, -300.0, -56.0, -57.0, -55.0, -56.0, -52.0, -47.0, -55.0, -57.0, -59.0, -132.0, -69.0, -57.0, -56.0, -244.0, -53.0, -64.0, -64.0, -54.0, -55.0, -67.0, -57.0, -57.0, -51.0, -60.0, -59.0, -51.0, -69.0, -63.0, -76.0, -56.0, -67.0, -56.0, -52.0, -56.0, -56.0, -52.0, -59.0, -300.0, -55.0, -56.0, -203.0, -80.0, -59.0, -63.0, -55.0, -63.0, -58.0, -52.0, -56.0, -64.0, -59.0, -53.0, -56.0, -48.0, -51.0, -64.0, -297.0, -53.0, -63.0, -57.0]], "success_matrix": [[true, true, true, true, true, true, true, true, true, true, true, true, true, true, true, true, true, false, true, true, false, true, true, true, false, true, true, true, true, true, true, true, true, true, true, true, true, false, true, true, true, true, true, true, true, true, true, true, true, true, true, true, true, true, true, true, true, true, true, true, false, true, true, false, true, true, true, true, true, true, true, true, true, true, true, true, true, true, true, true, true, true, true, true, true, true, true, false, true, true, true, true, false, true, true, false, true, true, true, true], [true, true, true, true, true, true, true, true, true, true, true, true, true, true, true, true, true, true, true, true, true, true, true, true, true, true, false, true, true, true, true, true, true, false, true, true, true, false, true, true, true, true, false, true, true, true, true, false, true, true, true, true, true, false, true, true, true, true, true, true, true, true, true, true, true, false, true, true, true, true, true, true, true, false, true, true, true, true, true, true, true, true, true, true, true, true, true, true, true, true, true, true, true, true, true, true, true, true, true, true], [true, true, true, true, true, true, true, false, true, true, true, true, true, false, true, true, false, true, false, true, true, true, true, true, false, true, true, true, true, true, true, true, true, true, true, true, true, true, true, true, true, false, false, false, true, true, true, true, true, true, true, true, true, true, true, true, true, true, true, true, true, true, true, true, true, true, true, true, true, true, true, true, true, false, true, true, true, true, true, true, false, true, true, true, true, true, true, true, true, true, true, true, true, true, true, true, true, true, true, true], [false, true, false, false, true, true, true, false, true, true, true, true, true, true, true, true, true, false, true, true, false, true, true, true, true, true, true, true, true, true, true, true, true, true, true, true, false, true, true, true, true, true, true, true, true, true, true, true, true, true, true, true, true, true, true, true, true, true, false, true, false, true, true, true, true, true, true, true, true, true, true, true, true, true, true, true, false, true, true, true, true, true, true, true, true, true, true, false, true, true, false, true, true, true, true, false, false, false, true, true], [true, true, true, true, true, true, true, true, true, true, true, true, true, true, true, true, true, true, true, false, true, true, true, true, true, false, true, true, true, true, true, false, true, true, false, true, true, true, true, false, true, true, true, true, true, true, true, true, true, true, true, true, true, true, true, true, true, true, true, true, true, true, true, true, true, true, true, true, true, true, true, true, true, true, true, true, true, false, true, true, true, true, true, true, true, true, true, true, true, true, true, true, true, true, true, true, false, true, true, true]], "ticket_name": "zo_envs10_iter100_cand10_lambda2.0_seed666_ddim2_20251215_221703/seed_671", "eval_noise_idx": 0, "eval_seed": 1619}