{"n_seeds": 5, "n_evals_per_seed": 100, "reward_mean": -215.9739990234375, "reward_std": 4.872539520263672, "success_mean": 0.62, "success_std": 0.035213633723318004, "episode_seeds": [1619, 1620, 1621, 1622, 1623], "seed_reward_means": [-213.4499969482422, -217.6199951171875, -212.69000244140625, -224.77000427246094, -211.33999633789062], "seed_success_means": [0.64, 0.64, 0.63, 0.55, 0.64], "reward_matrix": [[-300.0, -300.0, -183.0, -120.0, -167.0, -300.0, -300.0, -131.0, -300.0, -300.0, -208.0, -139.0, -194.0, -300.0, -138.0, -143.0, -177.0, -300.0, -234.0, -147.0, -300.0, -300.0, -128.0, -158.0, -300.0, -167.0, -300.0, -156.0, -203.0, -120.0, -175.0, -167.0, -154.0, -132.0, -300.0, -300.0, -300.0, -300.0, -300.0, -159.0, -183.0, -146.0, -166.0, -300.0, -164.0, -147.0, -200.0, -300.0, -143.0, -300.0, -132.0, -127.0, -134.0, -178.0, -143.0, -300.0, -210.0, -139.0, -300.0, -151.0, -171.0, -300.0, -195.0, -227.0, -300.0, -153.0, -155.0, -147.0, -135.0, -211.0, -300.0, -125.0, -175.0, -300.0, -152.0, -174.0, -300.0, -300.0, -204.0, -300.0, -300.0, -300.0, -300.0, -204.0, -120.0, -300.0, -147.0, -180.0, -294.0, -300.0, -234.0, -140.0, -209.0, -163.0, -134.0, -174.0, -131.0, -300.0, -300.0, -128.0], [-163.0, -300.0, -167.0, -300.0, -147.0, -163.0, -140.0, -300.0, -300.0, -143.0, -300.0, -300.0, -300.0, -174.0, -300.0, -163.0, -300.0, -154.0, -300.0, -133.0, -300.0, -219.0, -164.0, -155.0, -151.0, -215.0, -187.0, -200.0, -300.0, -300.0, -155.0, -216.0, -300.0, -155.0, -174.0, -152.0, -154.0, -300.0, -161.0, -155.0, -181.0, -151.0, -300.0, -174.0, -156.0, -300.0, -190.0, -300.0, -184.0, -220.0, -214.0, -160.0, -300.0, -185.0, -212.0, -300.0, -168.0, -143.0, -203.0, -122.0, -300.0, -175.0, -183.0, -300.0, -171.0, -135.0, -188.0, -300.0, -147.0, -186.0, -164.0, -156.0, -300.0, -131.0, -245.0, -300.0, -180.0, -144.0, -300.0, -300.0, -300.0, -300.0, -184.0, -300.0, -137.0, -300.0, -203.0, -186.0, -300.0, -300.0, -167.0, -300.0, -169.0, -127.0, -165.0, -190.0, -300.0, -183.0, -300.0, -223.0], [-300.0, -162.0, -300.0, -179.0, -300.0, -135.0, -176.0, -300.0, -135.0, -181.0, -135.0, -300.0, -195.0, -119.0, -146.0, -139.0, -171.0, -177.0, -135.0, -300.0, -159.0, -300.0, -128.0, -165.0, -300.0, -190.0, -123.0, -203.0, -300.0, -190.0, -167.0, -185.0, -172.0, -300.0, -300.0, -300.0, -300.0, -145.0, -162.0, -300.0, -300.0, -187.0, -164.0, -143.0, -300.0, -156.0, -181.0, -183.0, -300.0, -123.0, -300.0, -300.0, -300.0, -147.0, -139.0, -141.0, -300.0, -138.0, -164.0, -155.0, -135.0, -300.0, -204.0, -147.0, -300.0, -163.0, -136.0, -300.0, -139.0, -184.0, -154.0, -127.0, -300.0, -203.0, -143.0, -300.0, -126.0, -300.0, -211.0, -300.0, -131.0, -204.0, -150.0, -300.0, -134.0, -277.0, -151.0, -300.0, -300.0, -300.0, -300.0, -162.0, -300.0, -300.0, -176.0, -128.0, -300.0, -300.0, -215.0, -174.0], [-166.0, -200.0, -300.0, -231.0, -300.0, -188.0, -139.0, -112.0, -300.0, -152.0, -159.0, -139.0, -228.0, -120.0, -300.0, -147.0, -300.0, -131.0, -162.0, -127.0, -172.0, -195.0, -300.0, -300.0, -162.0, -300.0, -127.0, -300.0, -168.0, -300.0, -300.0, -300.0, -167.0, -164.0, -119.0, -300.0, -300.0, -167.0, -158.0, -300.0, -212.0, -300.0, -193.0, -300.0, -300.0, -300.0, -300.0, -300.0, -300.0, -144.0, -212.0, -173.0, -139.0, -158.0, -300.0, -161.0, -159.0, -300.0, -112.0, -152.0, -300.0, -156.0, -300.0, -300.0, -300.0, -144.0, -147.0, -136.0, -300.0, -300.0, -165.0, -165.0, -300.0, -300.0, -150.0, -132.0, -300.0, -300.0, -135.0, -155.0, -300.0, -226.0, -300.0, -185.0, -300.0, -169.0, -145.0, -187.0, -300.0, -300.0, -136.0, -300.0, -300.0, -163.0, -300.0, -266.0, -300.0, -300.0, -300.0, -200.0], [-221.0, -163.0, -120.0, -279.0, -135.0, -300.0, -187.0, -169.0, -300.0, -124.0, -142.0, -300.0, -300.0, -128.0, -164.0, -300.0, -300.0, -138.0, -148.0, -172.0, -154.0, -135.0, -155.0, -176.0, -139.0, -147.0, -300.0, -136.0, -191.0, -300.0, -134.0, -300.0, -300.0, -300.0, -138.0, -143.0, -161.0, -300.0, -135.0, -143.0, -300.0, -300.0, -300.0, -300.0, -166.0, -300.0, -146.0, -300.0, -171.0, -300.0, -135.0, -144.0, -215.0, -300.0, -184.0, -300.0, -135.0, -300.0, -135.0, -161.0, -139.0, -186.0, -195.0, -191.0, -300.0, -194.0, -142.0, -154.0, -199.0, -177.0, -169.0, -300.0, -300.0, -300.0, -147.0, -300.0, -154.0, -155.0, -300.0, -164.0, -195.0, -300.0, -300.0, -166.0, -135.0, -282.0, -158.0, -300.0, -147.0, -300.0, -298.0, -300.0, -173.0, -144.0, -300.0, -180.0, -300.0, -115.0, -175.0, -131.0]], "success_matrix": [[false, false, true, true, true, false, false, true, false, false, true, true, true, false, true, true, true, false, true, true, false, false, true, true, false, true, false, true, true, true, true, true, true, true, false, false, false, false, false, true, true, true, true, false, true, true, true, false, true, false, true, true, true, true, true, false, true, true, false, true, true, false, true, true, false, true, true, true, true, true, false, true, true, false, true, true, false, false, true, false, false, false, false, true, true, false, true, true, true, false, true, true, true, true, true, true, true, false, false, true], [true, false, true, false, true, true, true, false, false, true, false, false, false, true, false, true, false, true, false, true, false, true, true, true, true, true, true, true, false, false, true, true, false, true, true, true, true, false, true, true, true, true, false, true, true, false, true, false, true, true, true, true, false, true, true, false, true, true, true, true, false, true, true, false, true, true, true, false, true, true, true, true, false, true, true, false, true, true, false, false, false, false, true, false, true, false, true, true, false, false, true, false, true, true, true, true, false, true, false, true], [false, true, false, true, false, true, true, false, true, true, true, false, true, true, true, true, true, true, true, false, true, false, true, true, false, true, true, true, false, true, true, true, true, false, false, false, false, true, true, false, false, true, true, true, false, true, true, true, false, true, false, false, false, true, true, true, false, true, true, true, true, false, true, true, false, true, true, false, true, true, true, true, false, true, true, false, true, false, true, false, true, true, true, false, true, true, true, false, false, false, false, true, false, false, true, true, false, false, true, true], [true, true, false, true, false, true, true, true, false, true, true, true, true, true, false, true, false, true, true, true, true, true, false, false, true, false, true, false, true, false, false, false, true, true, true, false, false, true, true, false, true, false, true, false, false, false, false, false, false, true, true, true, true, true, false, true, true, false, true, true, false, true, false, false, false, true, true, true, false, false, true, true, false, false, true, true, false, false, true, true, false, true, false, true, false, true, true, true, false, false, true, false, false, true, false, true, false, false, false, true], [true, true, true, true, true, false, true, true, false, true, true, false, false, true, true, false, false, true, true, true, true, true, true, true, true, true, false, true, true, false, true, false, false, false, true, true, true, false, true, true, false, false, false, false, true, false, true, false, true, false, true, true, true, false, true, false, true, false, true, true, true, true, true, true, false, true, true, true, true, true, true, false, false, false, true, false, true, true, false, true, true, false, false, true, true, true, true, false, true, false, false, false, true, true, false, true, false, true, true, true]], "ticket_name": "envs100_samples1000_seeds999_1000_1001_1002_1003_1004_1005_1006_1007_1008_ddim8_20251208_041639/seed_1002", "eval_noise_idx": 0, "eval_seed": 1619}