{"n_seeds": 5, "n_evals_per_seed": 100, "reward_mean": -252.4080047607422, "reward_std": 7.2806243896484375, "success_mean": 0.6539999999999999, "success_std": 0.07602631123499283, "episode_seeds": [1619, 1620, 1621, 1622, 1623], "seed_reward_means": [-246.7100067138672, -252.02999877929688, -253.80999755859375, -263.8699951171875, -245.6199951171875], "seed_success_means": [0.7, 0.66, 0.63, 0.54, 0.74], "reward_matrix": [[-300.0, -294.0, -246.0, -300.0, -300.0, -210.0, -300.0, -176.0, -189.0, -243.0, -264.0, -194.0, -183.0, -300.0, -222.0, -218.0, -254.0, -300.0, -231.0, -203.0, -265.0, -300.0, -214.0, -300.0, -198.0, -300.0, -184.0, -220.0, -236.0, -226.0, -219.0, -267.0, -216.0, -183.0, -222.0, -300.0, -254.0, -300.0, -300.0, -300.0, -258.0, -300.0, -300.0, -238.0, -183.0, -203.0, -188.0, -266.0, -258.0, -221.0, -197.0, -300.0, -300.0, -184.0, -273.0, -243.0, -194.0, -177.0, -300.0, -237.0, -300.0, -201.0, -182.0, -193.0, -290.0, -206.0, -285.0, -273.0, -243.0, -218.0, -300.0, -261.0, -300.0, -300.0, -300.0, -260.0, -192.0, -239.0, -228.0, -300.0, -300.0, -300.0, -183.0, -236.0, -175.0, -300.0, -281.0, -258.0, -196.0, -196.0, -295.0, -214.0, -219.0, -300.0, -205.0, -203.0, -300.0, -300.0, -203.0, -185.0], [-300.0, -300.0, -273.0, -214.0, -285.0, -300.0, -222.0, -218.0, -179.0, -220.0, -300.0, -200.0, -198.0, -270.0, -300.0, -242.0, -300.0, -300.0, -300.0, -300.0, -300.0, -300.0, -215.0, -190.0, -191.0, -300.0, -229.0, -300.0, -265.0, -226.0, -190.0, -247.0, -300.0, -300.0, -216.0, -199.0, -283.0, -295.0, -278.0, -300.0, -220.0, -271.0, -234.0, -230.0, -203.0, -174.0, -218.0, -300.0, -294.0, -263.0, -237.0, -300.0, -225.0, -218.0, -255.0, -300.0, -300.0, -300.0, -255.0, -168.0, -192.0, -262.0, -234.0, -300.0, -263.0, -201.0, -300.0, -188.0, -255.0, -300.0, -228.0, -232.0, -195.0, -219.0, -300.0, -207.0, -244.0, -249.0, -184.0, -214.0, -300.0, -233.0, -271.0, -209.0, -300.0, -300.0, -300.0, -300.0, -300.0, -223.0, -223.0, -246.0, -239.0, -209.0, -207.0, -300.0, -300.0, -181.0, -300.0, -185.0], [-204.0, -300.0, -300.0, -221.0, -211.0, -300.0, -244.0, -232.0, -263.0, -281.0, -300.0, -300.0, -264.0, -192.0, -237.0, -288.0, -221.0, -223.0, -273.0, -206.0, -300.0, -218.0, -300.0, -207.0, -236.0, -225.0, -186.0, -300.0, -300.0, -242.0, -273.0, -251.0, -266.0, -195.0, -188.0, -300.0, -242.0, -220.0, -300.0, -183.0, -300.0, -246.0, -300.0, -300.0, -188.0, -187.0, -284.0, -267.0, -218.0, -239.0, -300.0, -196.0, -300.0, -300.0, -207.0, -194.0, -187.0, -247.0, -300.0, -224.0, -221.0, -247.0, -300.0, -235.0, -255.0, -270.0, -258.0, -300.0, -300.0, -215.0, -300.0, -300.0, -234.0, -300.0, -300.0, -300.0, -187.0, -300.0, -189.0, -297.0, -190.0, -217.0, -300.0, -300.0, -300.0, -188.0, -210.0, -300.0, -300.0, -232.0, -231.0, -300.0, -233.0, -300.0, -285.0, -300.0, -300.0, -213.0, -208.0, -190.0], [-300.0, -275.0, -300.0, -300.0, -230.0, -217.0, -186.0, -300.0, -300.0, -288.0, -290.0, -189.0, -206.0, -300.0, -300.0, -300.0, -300.0, -257.0, -300.0, -300.0, -300.0, -239.0, -190.0, -300.0, -207.0, -229.0, -185.0, -300.0, -258.0, -202.0, -300.0, -256.0, -261.0, -198.0, -218.0, -226.0, -300.0, -300.0, -250.0, -300.0, -212.0, -300.0, -254.0, -300.0, -216.0, -300.0, -300.0, -300.0, -300.0, -300.0, -300.0, -300.0, -190.0, -218.0, -252.0, -204.0, -300.0, -300.0, -265.0, -291.0, -183.0, -300.0, -300.0, -293.0, -300.0, -238.0, -228.0, -300.0, -300.0, -300.0, -300.0, -256.0, -272.0, -243.0, -244.0, -185.0, -300.0, -300.0, -225.0, -248.0, -300.0, -300.0, -234.0, -198.0, -300.0, -230.0, -208.0, -258.0, -213.0, -300.0, -287.0, -300.0, -300.0, -300.0, -300.0, -274.0, -248.0, -267.0, -188.0, -208.0], [-252.0, -208.0, -173.0, -208.0, -221.0, -224.0, -248.0, -193.0, -300.0, -174.0, -300.0, -211.0, -235.0, -233.0, -238.0, -263.0, -195.0, -194.0, -203.0, -232.0, -283.0, -245.0, -244.0, -248.0, -275.0, -199.0, -298.0, -191.0, -271.0, -300.0, -276.0, -295.0, -300.0, -261.0, -253.0, -187.0, -269.0, -192.0, -205.0, -243.0, -300.0, -196.0, -300.0, -252.0, -248.0, -257.0, -196.0, -194.0, -300.0, -190.0, -281.0, -178.0, -300.0, -300.0, -246.0, -276.0, -173.0, -300.0, -294.0, -300.0, -190.0, -265.0, -199.0, -271.0, -270.0, -300.0, -220.0, -207.0, -227.0, -205.0, -300.0, -300.0, -300.0, -190.0, -300.0, -202.0, -299.0, -300.0, -300.0, -300.0, -292.0, -195.0, -200.0, -300.0, -281.0, -211.0, -221.0, -297.0, -300.0, -188.0, -262.0, -188.0, -300.0, -300.0, -223.0, -190.0, -191.0, -245.0, -223.0, -189.0]], "success_matrix": [[false, true, true, false, false, true, false, true, true, true, true, true, true, false, true, true, true, false, true, true, true, false, true, false, true, false, true, true, true, true, true, true, true, true, true, false, true, false, false, false, true, false, false, true, true, true, true, true, true, true, true, false, false, true, true, true, true, true, false, true, false, true, true, true, true, true, true, true, true, true, false, true, false, false, false, true, true, true, true, false, false, false, true, true, true, false, true, true, true, true, true, true, true, false, true, true, false, false, true, true], [false, false, true, true, true, false, true, true, true, true, false, true, true, true, false, true, false, false, false, false, false, false, true, true, true, false, true, false, true, true, true, true, false, false, true, true, true, true, true, false, true, true, true, true, true, true, true, false, true, true, true, false, true, true, true, false, false, false, true, true, true, true, true, false, true, true, false, true, true, false, true, true, true, true, false, true, true, true, true, true, false, true, true, true, false, false, false, false, false, true, true, true, true, true, true, false, false, true, false, true], [true, false, false, true, true, false, true, true, true, true, false, false, true, true, true, true, true, true, true, true, false, true, false, true, true, true, true, false, false, true, true, true, true, true, true, false, true, true, false, true, false, true, false, false, true, true, true, true, true, true, false, true, false, false, true, true, true, true, false, true, true, true, false, true, true, true, true, false, false, true, false, false, true, false, false, false, true, false, true, false, true, true, false, false, false, true, true, false, false, true, true, false, true, false, true, false, false, true, true, true], [false, true, false, false, true, true, true, false, false, true, true, true, true, false, false, false, false, true, false, false, false, true, true, false, true, true, true, false, true, true, false, true, true, true, true, true, false, false, true, false, true, false, true, false, true, false, false, false, false, false, false, false, true, true, true, true, false, false, true, true, true, false, false, true, false, true, true, false, false, false, false, true, true, true, true, true, false, false, true, true, false, false, true, true, false, true, true, true, true, false, true, false, false, false, false, true, true, true, true, true], [true, true, true, true, true, true, true, true, false, true, false, true, true, true, true, true, true, true, true, true, true, true, true, true, true, true, false, true, true, false, true, true, false, true, true, true, true, true, true, true, false, true, false, true, true, true, true, true, false, true, true, true, false, false, true, true, true, false, true, false, true, true, true, true, true, false, true, true, true, true, false, false, false, true, false, true, false, false, false, false, true, true, true, false, true, true, true, false, false, true, true, true, false, false, true, true, true, true, true, true]], "ticket_name": "zo_envs10_iter500_cand2_lambda2.0_seed666_ddim2_20251215_221847/seed_672", "eval_noise_idx": 0, "eval_seed": 1619}