{"n_seeds": 5, "n_evals_per_seed": 100, "reward_mean": -255.11599731445312, "reward_std": 6.456568241119385, "success_mean": 0.46799999999999997, "success_std": 0.03633180424916991, "episode_seeds": [1619, 1620, 1621, 1622, 1623], "seed_reward_means": [-248.44000244140625, -253.67999267578125, -257.989990234375, -264.739990234375, -250.72999572753906], "seed_success_means": [0.51, 0.47, 0.47, 0.41, 0.48], "reward_matrix": [[-300.0, -208.0, -300.0, -300.0, -247.0, -163.0, -300.0, -300.0, -186.0, -166.0, -300.0, -300.0, -192.0, -300.0, -300.0, -300.0, -300.0, -300.0, -300.0, -196.0, -242.0, -220.0, -161.0, -300.0, -195.0, -300.0, -194.0, -190.0, -300.0, -300.0, -197.0, -208.0, -180.0, -190.0, -275.0, -300.0, -300.0, -300.0, -300.0, -300.0, -300.0, -191.0, -300.0, -300.0, -300.0, -200.0, -176.0, -300.0, -300.0, -300.0, -174.0, -206.0, -300.0, -171.0, -159.0, -300.0, -189.0, -164.0, -168.0, -192.0, -300.0, -300.0, -243.0, -259.0, -300.0, -202.0, -300.0, -214.0, -258.0, -300.0, -300.0, -300.0, -300.0, -300.0, -300.0, -300.0, -164.0, -210.0, -193.0, -242.0, -174.0, -300.0, -300.0, -300.0, -149.0, -300.0, -300.0, -263.0, -190.0, -190.0, -212.0, -188.0, -300.0, -218.0, -172.0, -199.0, -246.0, -300.0, -178.0, -180.0], [-300.0, -300.0, -300.0, -300.0, -300.0, -300.0, -210.0, -199.0, -201.0, -252.0, -155.0, -184.0, -214.0, -300.0, -300.0, -184.0, -202.0, -300.0, -300.0, -215.0, -300.0, -300.0, -300.0, -193.0, -172.0, -223.0, -190.0, -300.0, -181.0, -300.0, -173.0, -257.0, -220.0, -296.0, -195.0, -192.0, -192.0, -300.0, -300.0, -300.0, -300.0, -202.0, -300.0, -139.0, -235.0, -212.0, -210.0, -157.0, -300.0, -231.0, -300.0, -300.0, -300.0, -243.0, -300.0, -196.0, -300.0, -300.0, -218.0, -173.0, -300.0, -300.0, -300.0, -300.0, -300.0, -180.0, -196.0, -300.0, -194.0, -300.0, -186.0, -207.0, -215.0, -180.0, -300.0, -300.0, -209.0, -300.0, -300.0, -188.0, -300.0, -213.0, -300.0, -183.0, -300.0, -300.0, -300.0, -277.0, -300.0, -300.0, -300.0, -300.0, -234.0, -300.0, -300.0, -300.0, -300.0, -182.0, -208.0, -300.0], [-300.0, -300.0, -300.0, -300.0, -300.0, -300.0, -192.0, -161.0, -296.0, -300.0, -235.0, -300.0, -300.0, -300.0, -194.0, -300.0, -214.0, -300.0, -300.0, -166.0, -288.0, -300.0, -183.0, -300.0, -300.0, -300.0, -168.0, -227.0, -165.0, -300.0, -300.0, -300.0, -300.0, -187.0, -300.0, -300.0, -300.0, -300.0, -266.0, -278.0, -300.0, -300.0, -300.0, -300.0, -243.0, -300.0, -300.0, -300.0, -214.0, -300.0, -162.0, -300.0, -300.0, -211.0, -279.0, -164.0, -246.0, -219.0, -300.0, -196.0, -180.0, -203.0, -300.0, -214.0, -300.0, -300.0, -252.0, -246.0, -202.0, -195.0, -200.0, -173.0, -279.0, -300.0, -214.0, -238.0, -209.0, -203.0, -178.0, -300.0, -149.0, -300.0, -184.0, -300.0, -200.0, -187.0, -225.0, -300.0, -300.0, -300.0, -251.0, -176.0, -300.0, -300.0, -300.0, -248.0, -239.0, -300.0, -300.0, -300.0], [-300.0, -300.0, -205.0, -300.0, -280.0, -297.0, -178.0, -300.0, -300.0, -300.0, -300.0, -210.0, -300.0, -300.0, -264.0, -297.0, -300.0, -190.0, -300.0, -300.0, -300.0, -237.0, -167.0, -300.0, -190.0, -298.0, -172.0, -300.0, -300.0, -200.0, -300.0, -300.0, -300.0, -186.0, -270.0, -300.0, -274.0, -220.0, -179.0, -300.0, -300.0, -275.0, -300.0, -239.0, -300.0, -300.0, -300.0, -300.0, -169.0, -191.0, -300.0, -244.0, -300.0, -231.0, -300.0, -212.0, -300.0, -176.0, -244.0, -300.0, -137.0, -300.0, -300.0, -300.0, -300.0, -300.0, -240.0, -300.0, -300.0, -223.0, -300.0, -300.0, -252.0, -300.0, -190.0, -159.0, -274.0, -300.0, -186.0, -204.0, -300.0, -202.0, -228.0, -300.0, -300.0, -300.0, -215.0, -300.0, -201.0, -300.0, -300.0, -300.0, -300.0, -295.0, -300.0, -300.0, -187.0, -300.0, -300.0, -186.0], [-250.0, -180.0, -174.0, -300.0, -300.0, -158.0, -273.0, -178.0, -300.0, -168.0, -300.0, -300.0, -300.0, -300.0, -281.0, -300.0, -179.0, -176.0, -300.0, -169.0, -300.0, -176.0, -300.0, -251.0, -219.0, -192.0, -300.0, -195.0, -300.0, -300.0, -300.0, -300.0, -246.0, -300.0, -300.0, -180.0, -300.0, -182.0, -220.0, -226.0, -300.0, -300.0, -300.0, -300.0, -300.0, -300.0, -300.0, -300.0, -300.0, -176.0, -300.0, -161.0, -300.0, -300.0, -192.0, -243.0, -161.0, -300.0, -172.0, -184.0, -172.0, -272.0, -255.0, -300.0, -300.0, -218.0, -300.0, -300.0, -300.0, -192.0, -300.0, -300.0, -193.0, -300.0, -214.0, -300.0, -300.0, -300.0, -173.0, -215.0, -300.0, -300.0, -171.0, -300.0, -186.0, -179.0, -198.0, -300.0, -300.0, -175.0, -300.0, -300.0, -300.0, -300.0, -202.0, -194.0, -160.0, -153.0, -213.0, -176.0]], "success_matrix": [[false, true, false, false, true, true, false, false, true, true, false, false, true, false, false, false, false, false, false, true, true, true, true, false, true, false, true, true, false, false, true, true, true, true, true, false, false, false, false, false, false, true, false, false, false, true, true, false, false, false, true, true, false, true, true, false, true, true, true, true, false, false, true, true, false, true, false, true, true, false, false, false, false, false, false, false, true, true, true, true, true, false, false, false, true, false, false, true, true, true, true, true, false, true, true, true, true, false, true, true], [false, false, false, false, false, false, true, true, true, true, true, true, true, false, false, true, true, false, false, true, false, false, false, true, true, true, true, false, true, false, true, true, true, false, true, true, true, false, false, false, false, true, false, true, true, true, true, true, false, true, false, false, false, true, false, true, false, false, true, true, false, false, false, false, false, true, true, false, true, false, true, true, true, true, false, false, true, false, false, true, false, true, false, true, false, false, false, true, false, false, false, false, true, false, false, false, false, true, true, false], [false, false, false, false, false, false, true, true, false, false, true, false, false, false, true, false, true, false, false, true, true, false, true, false, false, false, true, true, true, false, false, false, false, true, false, false, false, false, true, true, false, false, false, false, true, false, false, false, true, false, true, false, false, true, true, true, true, true, false, true, true, true, false, true, false, false, true, true, true, true, true, true, true, false, true, true, true, true, true, false, true, false, true, false, true, true, true, false, false, false, true, true, false, false, false, true, true, false, false, false], [false, false, true, false, true, false, true, false, false, false, false, true, false, false, true, false, false, true, false, false, false, true, true, false, true, false, true, false, false, true, false, false, false, true, true, false, true, true, true, false, false, true, false, true, false, false, false, false, true, true, false, true, false, true, false, true, false, true, true, false, true, false, false, false, false, false, true, false, false, true, false, false, true, false, true, true, true, false, true, true, false, true, true, false, false, false, true, false, true, false, false, false, false, true, false, false, true, false, false, true], [true, true, true, false, false, true, true, true, false, true, false, false, false, false, true, false, true, true, false, true, false, true, false, true, true, true, false, true, false, false, false, false, true, false, false, true, false, true, true, true, false, false, false, false, false, false, false, false, false, true, false, true, false, false, true, true, true, false, true, true, true, true, true, false, false, true, false, false, false, true, false, false, true, false, true, false, false, false, true, true, false, false, true, false, true, true, true, false, false, true, false, false, false, false, true, true, true, true, true, true]], "ticket_name": "envs100_samples5000_seed999_20251122_233346_ddim8", "eval_noise_idx": 7, "eval_seed": 1619}