{"n_seeds": 5, "n_evals_per_seed": 100, "reward_mean": -224.23001098632812, "reward_std": 7.639186382293701, "success_mean": 0.368, "success_std": 0.03969886648255841, "episode_seeds": [1619, 1620, 1621, 1622, 1623], "seed_reward_means": [-210.0800018310547, -222.52999877929688, -230.5800018310547, -227.7100067138672, -230.25], "seed_success_means": [0.44, 0.38, 0.33, 0.35, 0.34], "reward_matrix": [[-300.0, -300.0, -300.0, -300.0, -96.0, -300.0, -300.0, -300.0, -300.0, -300.0, -300.0, -99.0, -300.0, -300.0, -300.0, -300.0, -80.0, -300.0, -102.0, -300.0, -300.0, -123.0, -300.0, -300.0, -300.0, -300.0, -100.0, -87.0, -95.0, -300.0, -300.0, -108.0, -72.0, -87.0, -300.0, -88.0, -90.0, -300.0, -300.0, -300.0, -76.0, -96.0, -300.0, -300.0, -300.0, -300.0, -300.0, -110.0, -300.0, -300.0, -300.0, -300.0, -300.0, -83.0, -107.0, -300.0, -83.0, -300.0, -125.0, -95.0, -300.0, -114.0, -119.0, -100.0, -87.0, -300.0, -110.0, -300.0, -90.0, -300.0, -300.0, -300.0, -300.0, -83.0, -300.0, -87.0, -109.0, -87.0, -300.0, -100.0, -121.0, -300.0, -79.0, -100.0, -300.0, -88.0, -67.0, -300.0, -95.0, -300.0, -89.0, -95.0, -300.0, -300.0, -63.0, -300.0, -114.0, -300.0, -86.0, -123.0], [-72.0, -300.0, -300.0, -87.0, -300.0, -300.0, -98.0, -300.0, -300.0, -76.0, -81.0, -300.0, -95.0, -139.0, -77.0, -300.0, -110.0, -62.0, -300.0, -94.0, -146.0, -70.0, -300.0, -300.0, -104.0, -300.0, -300.0, -300.0, -300.0, -300.0, -106.0, -300.0, -300.0, -300.0, -300.0, -300.0, -300.0, -91.0, -300.0, -88.0, -300.0, -86.0, -94.0, -300.0, -95.0, -300.0, -300.0, -300.0, -300.0, -300.0, -86.0, -300.0, -300.0, -95.0, -300.0, -300.0, -300.0, -79.0, -300.0, -300.0, -104.0, -300.0, -87.0, -300.0, -300.0, -300.0, -300.0, -300.0, -300.0, -77.0, -300.0, -300.0, -300.0, -82.0, -130.0, -300.0, -300.0, -300.0, -111.0, -300.0, -300.0, -300.0, -300.0, -300.0, -79.0, -107.0, -300.0, -300.0, -94.0, -138.0, -90.0, -300.0, -180.0, -89.0, -300.0, -300.0, -90.0, -300.0, -300.0, -64.0], [-300.0, -300.0, -88.0, -300.0, -300.0, -300.0, -300.0, -120.0, -85.0, -300.0, -85.0, -300.0, -87.0, -300.0, -84.0, -300.0, -99.0, -60.0, -300.0, -103.0, -300.0, -300.0, -300.0, -84.0, -300.0, -300.0, -300.0, -103.0, -300.0, -300.0, -300.0, -300.0, -123.0, -300.0, -300.0, -300.0, -100.0, -300.0, -300.0, -300.0, -300.0, -78.0, -90.0, -300.0, -300.0, -300.0, -300.0, -300.0, -77.0, -300.0, -103.0, -107.0, -82.0, -82.0, -68.0, -300.0, -65.0, -300.0, -84.0, -300.0, -300.0, -91.0, -82.0, -300.0, -300.0, -300.0, -300.0, -95.0, -107.0, -300.0, -300.0, -300.0, -300.0, -300.0, -300.0, -300.0, -300.0, -300.0, -300.0, -300.0, -300.0, -300.0, -300.0, -300.0, -300.0, -300.0, -93.0, -300.0, -76.0, -300.0, -300.0, -300.0, -300.0, -129.0, -300.0, -71.0, -300.0, -300.0, -79.0, -78.0], [-106.0, -300.0, -67.0, -129.0, -95.0, -300.0, -300.0, -300.0, -83.0, -91.0, -104.0, -300.0, -103.0, -300.0, -300.0, -300.0, -300.0, -300.0, -300.0, -300.0, -104.0, -300.0, -300.0, -104.0, -300.0, -98.0, -300.0, -300.0, -300.0, -300.0, -70.0, -300.0, -300.0, -300.0, -300.0, -94.0, -123.0, -300.0, -92.0, -300.0, -300.0, -300.0, -75.0, -300.0, -89.0, -300.0, -83.0, -300.0, -63.0, -300.0, -107.0, -300.0, -300.0, -76.0, -300.0, -300.0, -300.0, -300.0, -95.0, -96.0, -79.0, -300.0, -300.0, -120.0, -300.0, -300.0, -300.0, -300.0, -76.0, -300.0, -300.0, -99.0, -83.0, -300.0, -300.0, -300.0, -300.0, -300.0, -300.0, -83.0, -100.0, -300.0, -300.0, -68.0, -96.0, -300.0, -300.0, -126.0, -300.0, -87.0, -107.0, -300.0, -300.0, -300.0, -300.0, -300.0, -300.0, -300.0, -300.0, -300.0], [-93.0, -83.0, -300.0, -300.0, -300.0, -300.0, -300.0, -300.0, -83.0, -74.0, -300.0, -85.0, -300.0, -300.0, -84.0, -300.0, -300.0, -300.0, -300.0, -110.0, -75.0, -121.0, -82.0, -71.0, -300.0, -84.0, -96.0, -300.0, -300.0, -300.0, -300.0, -300.0, -300.0, -300.0, -300.0, -300.0, -300.0, -108.0, -92.0, -300.0, -300.0, -91.0, -83.0, -300.0, -300.0, -300.0, -300.0, -300.0, -300.0, -108.0, -300.0, -120.0, -77.0, -300.0, -300.0, -89.0, -300.0, -300.0, -107.0, -109.0, -300.0, -75.0, -300.0, -300.0, -300.0, -300.0, -300.0, -300.0, -73.0, -300.0, -300.0, -300.0, -300.0, -300.0, -112.0, -300.0, -127.0, -122.0, -300.0, -300.0, -300.0, -300.0, -300.0, -300.0, -300.0, -300.0, -300.0, -83.0, -77.0, -98.0, -95.0, -300.0, -100.0, -300.0, -300.0, -138.0, -300.0, -300.0, -300.0, -300.0]], "success_matrix": [[false, false, false, false, true, false, false, false, false, false, false, true, false, false, false, false, true, false, true, false, false, true, false, false, false, false, true, true, true, false, false, true, true, true, false, true, true, false, false, false, true, true, false, false, false, false, false, true, false, false, false, false, false, true, true, false, true, false, true, true, false, true, true, true, true, false, true, false, true, false, false, false, false, true, false, true, true, true, false, true, true, false, true, true, false, true, true, false, true, false, true, true, false, false, true, false, true, false, true, true], [true, false, false, true, false, false, true, false, false, true, true, false, true, true, true, false, true, true, false, true, true, true, false, false, true, false, false, false, false, false, true, false, false, false, false, false, false, true, false, true, false, true, true, false, true, false, false, false, false, false, true, false, false, true, false, false, false, true, false, false, true, false, true, false, false, false, false, false, false, true, false, false, false, true, true, false, false, false, true, false, false, false, false, false, true, true, false, false, true, true, true, false, true, true, false, false, true, false, false, true], [false, false, true, false, false, false, false, true, true, false, true, false, true, false, true, false, true, true, false, true, false, false, false, true, false, false, false, true, false, false, false, false, true, false, false, false, true, false, false, false, false, true, true, false, false, false, false, false, true, false, true, true, true, true, true, false, true, false, true, false, false, true, true, false, false, false, false, true, true, false, false, false, false, false, false, false, false, false, false, false, false, false, false, false, false, false, true, false, true, false, false, false, false, true, false, true, false, false, true, true], [true, false, true, true, true, false, false, false, true, true, true, false, true, false, false, false, false, false, false, false, true, false, false, true, false, true, false, false, false, false, true, false, false, false, false, true, true, false, true, false, false, false, true, false, true, false, true, false, true, false, true, false, false, true, false, false, false, false, true, true, true, false, false, true, false, false, false, false, true, false, false, true, true, false, false, false, false, false, false, true, true, false, false, true, true, false, false, true, false, true, true, false, false, false, false, false, false, false, false, false], [true, true, false, false, false, false, false, false, true, true, false, true, false, false, true, false, false, false, false, true, true, true, true, true, false, true, true, false, false, false, false, false, false, false, false, false, false, true, true, false, false, true, true, false, false, false, false, false, false, true, false, true, true, false, false, true, false, false, true, true, false, true, false, false, false, false, false, false, true, false, false, false, false, false, true, false, true, true, false, false, false, false, false, false, false, false, false, true, true, true, true, false, true, false, false, true, false, false, false, false]], "ticket_name": "envs100_samples1000_seeds999_1000_1001_1002_1003_1004_1005_1006_1007_1008_ddim8_20251208_041639/seed_1001", "eval_noise_idx": 0, "eval_seed": 1619}