{"n_seeds": 5, "n_evals_per_seed": 100, "reward_mean": -190.67800903320312, "reward_std": 14.32382583618164, "success_mean": 0.6, "success_std": 0.05873670062235365, "episode_seeds": [1619, 1620, 1621, 1622, 1623], "seed_reward_means": [-185.4600067138672, -200.8000030517578, -184.6300048828125, -209.3300018310547, -173.1699981689453], "seed_success_means": [0.66, 0.56, 0.59, 0.53, 0.66], "reward_matrix": [[-300.0, -72.0, -300.0, -111.0, -300.0, -88.0, -300.0, -82.0, -115.0, -114.0, -197.0, -104.0, -116.0, -252.0, -82.0, -300.0, -106.0, -71.0, -209.0, -300.0, -300.0, -91.0, -287.0, -95.0, -97.0, -69.0, -200.0, -300.0, -300.0, -87.0, -92.0, -252.0, -300.0, -69.0, -300.0, -300.0, -77.0, -300.0, -300.0, -300.0, -90.0, -74.0, -84.0, -199.0, -300.0, -84.0, -134.0, -101.0, -88.0, -300.0, -78.0, -295.0, -200.0, -300.0, -123.0, -93.0, -300.0, -76.0, -171.0, -124.0, -300.0, -260.0, -300.0, -300.0, -86.0, -144.0, -262.0, -300.0, -300.0, -63.0, -144.0, -87.0, -82.0, -76.0, -300.0, -237.0, -124.0, -300.0, -128.0, -136.0, -129.0, -300.0, -112.0, -75.0, -300.0, -300.0, -78.0, -300.0, -261.0, -109.0, -75.0, -300.0, -300.0, -104.0, -300.0, -70.0, -151.0, -300.0, -132.0, -72.0], [-60.0, -108.0, -300.0, -300.0, -300.0, -130.0, -69.0, -85.0, -78.0, -300.0, -162.0, -138.0, -300.0, -112.0, -300.0, -300.0, -180.0, -60.0, -300.0, -300.0, -300.0, -58.0, -247.0, -79.0, -300.0, -300.0, -300.0, -300.0, -300.0, -300.0, -71.0, -99.0, -84.0, -68.0, -71.0, -105.0, -300.0, -228.0, -76.0, -300.0, -207.0, -300.0, -300.0, -93.0, -87.0, -244.0, -300.0, -87.0, -300.0, -124.0, -184.0, -117.0, -91.0, -300.0, -222.0, -104.0, -300.0, -300.0, -100.0, -234.0, -300.0, -88.0, -60.0, -300.0, -300.0, -300.0, -76.0, -99.0, -300.0, -300.0, -300.0, -86.0, -300.0, -300.0, -223.0, -300.0, -77.0, -95.0, -280.0, -99.0, -300.0, -300.0, -112.0, -300.0, -74.0, -300.0, -300.0, -70.0, -65.0, -164.0, -191.0, -300.0, -300.0, -158.0, -283.0, -300.0, -177.0, -51.0, -90.0, -300.0], [-167.0, -300.0, -300.0, -63.0, -128.0, -139.0, -300.0, -300.0, -300.0, -99.0, -104.0, -67.0, -110.0, -82.0, -178.0, -86.0, -300.0, -300.0, -300.0, -300.0, -300.0, -125.0, -158.0, -138.0, -300.0, -300.0, -91.0, -92.0, -300.0, -252.0, -92.0, -158.0, -300.0, -179.0, -67.0, -300.0, -115.0, -300.0, -300.0, -300.0, -73.0, -300.0, -92.0, -300.0, -78.0, -88.0, -110.0, -88.0, -65.0, -300.0, -300.0, -69.0, -86.0, -300.0, -156.0, -151.0, -300.0, -87.0, -86.0, -77.0, -102.0, -72.0, -76.0, -300.0, -64.0, -105.0, -300.0, -300.0, -103.0, -66.0, -300.0, -60.0, -111.0, -159.0, -96.0, -300.0, -60.0, -300.0, -300.0, -109.0, -126.0, -124.0, -89.0, -300.0, -300.0, -79.0, -300.0, -300.0, -75.0, -131.0, -300.0, -300.0, -300.0, -300.0, -116.0, -63.0, -300.0, -92.0, -300.0, -89.0], [-300.0, -82.0, -300.0, -131.0, -129.0, -300.0, -300.0, -76.0, -300.0, -240.0, -300.0, -300.0, -300.0, -300.0, -300.0, -300.0, -300.0, -300.0, -300.0, -167.0, -115.0, -300.0, -300.0, -300.0, -300.0, -300.0, -300.0, -75.0, -73.0, -280.0, -66.0, -300.0, -74.0, -61.0, -189.0, -73.0, -300.0, -68.0, -96.0, -300.0, -300.0, -187.0, -71.0, -300.0, -300.0, -300.0, -70.0, -300.0, -175.0, -100.0, -102.0, -103.0, -105.0, -178.0, -300.0, -161.0, -87.0, -144.0, -300.0, -300.0, -92.0, -90.0, -140.0, -300.0, -82.0, -300.0, -200.0, -112.0, -292.0, -104.0, -300.0, -290.0, -163.0, -296.0, -79.0, -68.0, -300.0, -123.0, -201.0, -118.0, -300.0, -300.0, -300.0, -235.0, -92.0, -80.0, -300.0, -142.0, -300.0, -300.0, -98.0, -300.0, -101.0, -67.0, -300.0, -300.0, -300.0, -90.0, -300.0, -300.0], [-79.0, -300.0, -300.0, -300.0, -300.0, -85.0, -96.0, -95.0, -108.0, -112.0, -80.0, -88.0, -120.0, -90.0, -300.0, -101.0, -88.0, -300.0, -81.0, -72.0, -300.0, -300.0, -229.0, -79.0, -103.0, -300.0, -85.0, -93.0, -132.0, -167.0, -300.0, -89.0, -89.0, -300.0, -72.0, -81.0, -92.0, -300.0, -227.0, -179.0, -67.0, -300.0, -300.0, -81.0, -82.0, -300.0, -59.0, -300.0, -72.0, -300.0, -300.0, -300.0, -126.0, -64.0, -100.0, -186.0, -83.0, -300.0, -104.0, -300.0, -88.0, -300.0, -57.0, -96.0, -175.0, -73.0, -300.0, -300.0, -74.0, -88.0, -300.0, -87.0, -80.0, -72.0, -300.0, -184.0, -129.0, -300.0, -80.0, -140.0, -300.0, -300.0, -300.0, -172.0, -84.0, -300.0, -67.0, -78.0, -300.0, -235.0, -240.0, -88.0, -76.0, -95.0, -93.0, -176.0, -96.0, -300.0, -300.0, -158.0]], "success_matrix": [[false, true, false, true, false, true, false, true, true, true, true, true, true, true, true, false, true, true, true, false, false, true, true, true, true, true, true, false, false, true, true, true, false, true, false, false, true, false, false, false, true, true, true, true, false, true, true, true, true, false, true, true, true, false, true, true, false, true, true, true, false, true, false, false, true, true, true, false, false, true, true, true, true, true, false, true, true, false, true, true, true, false, true, true, false, false, true, false, true, true, true, false, false, true, false, true, true, false, true, true], [true, true, false, false, false, true, true, true, true, false, true, true, false, true, false, false, true, true, false, false, false, true, true, true, false, false, false, false, false, false, true, true, true, true, true, true, false, true, true, false, true, false, false, true, true, true, false, true, false, true, true, true, true, false, true, true, false, false, true, true, false, true, true, false, false, false, true, true, false, false, false, true, false, false, true, false, true, true, true, true, false, false, true, false, true, false, false, true, true, true, true, false, false, true, true, false, true, true, true, false], [true, false, false, true, true, true, false, false, false, true, true, true, true, true, true, true, false, false, false, false, false, true, true, true, false, false, true, true, false, true, true, true, false, true, true, false, true, false, false, false, true, false, true, false, true, true, true, true, true, false, false, true, true, false, true, true, false, true, true, true, true, true, true, false, true, true, false, false, true, true, false, true, true, true, true, false, true, false, false, true, true, true, true, false, false, true, false, false, true, true, false, false, false, false, true, true, false, true, false, true], [false, true, false, true, true, false, false, true, false, true, false, false, false, false, false, false, false, false, false, true, true, false, false, false, false, false, false, true, true, true, true, false, true, true, true, true, false, true, true, false, false, true, true, false, false, false, true, false, true, true, true, true, true, true, false, true, true, true, false, false, true, true, true, false, true, false, true, true, true, true, false, true, true, true, true, true, false, true, true, true, false, false, false, true, true, true, false, true, false, false, true, false, true, true, false, false, false, true, false, false], [true, false, false, false, false, true, true, true, true, true, true, true, true, true, false, true, true, false, true, true, false, false, true, true, true, false, true, true, true, true, false, true, true, false, true, true, true, false, true, true, true, false, false, true, true, false, true, false, true, false, false, false, true, true, true, true, true, false, true, false, true, false, true, true, true, true, false, false, true, true, false, true, true, true, false, true, true, false, true, true, false, false, false, true, true, false, true, true, false, true, true, true, true, true, true, true, true, false, false, true]], "ticket_name": "zo_envs10_iter100_cand10_lambda2.0_seed666_ddim8_20251212_061609/seed_671", "eval_noise_idx": 0, "eval_seed": 1619}