{"n_seeds": 5, "n_evals_per_seed": 100, "reward_mean": -274.052001953125, "reward_std": 5.689438819885254, "success_mean": 0.31799999999999995, "success_std": 0.027856776554368242, "episode_seeds": [1619, 1620, 1621, 1622, 1623], "seed_reward_means": [-274.04998779296875, -277.0299987792969, -278.4599914550781, -277.6499938964844, -263.07000732421875], "seed_success_means": [0.31, 0.29, 0.32, 0.3, 0.37], "reward_matrix": [[-176.0, -300.0, -300.0, -300.0, -300.0, -181.0, -237.0, -300.0, -300.0, -271.0, -300.0, -300.0, -300.0, -300.0, -300.0, -300.0, -300.0, -300.0, -300.0, -189.0, -300.0, -269.0, -273.0, -300.0, -173.0, -300.0, -173.0, -300.0, -300.0, -300.0, -268.0, -216.0, -300.0, -265.0, -300.0, -300.0, -300.0, -245.0, -300.0, -300.0, -300.0, -300.0, -247.0, -300.0, -300.0, -173.0, -181.0, -300.0, -209.0, -251.0, -300.0, -300.0, -300.0, -300.0, -300.0, -225.0, -196.0, -173.0, -134.0, -300.0, -300.0, -300.0, -300.0, -300.0, -300.0, -177.0, -300.0, -300.0, -300.0, -300.0, -300.0, -241.0, -300.0, -300.0, -300.0, -300.0, -173.0, -300.0, -300.0, -300.0, -300.0, -300.0, -300.0, -300.0, -181.0, -300.0, -300.0, -300.0, -300.0, -181.0, -300.0, -288.0, -273.0, -300.0, -300.0, -300.0, -300.0, -300.0, -183.0, -283.0], [-300.0, -300.0, -290.0, -248.0, -300.0, -300.0, -196.0, -185.0, -300.0, -300.0, -300.0, -300.0, -181.0, -247.0, -300.0, -209.0, -300.0, -300.0, -300.0, -300.0, -300.0, -300.0, -300.0, -291.0, -173.0, -300.0, -300.0, -300.0, -300.0, -300.0, -197.0, -196.0, -300.0, -300.0, -197.0, -300.0, -182.0, -300.0, -300.0, -300.0, -300.0, -300.0, -300.0, -300.0, -244.0, -300.0, -300.0, -300.0, -300.0, -300.0, -260.0, -189.0, -300.0, -300.0, -300.0, -300.0, -300.0, -300.0, -300.0, -300.0, -286.0, -300.0, -300.0, -201.0, -230.0, -300.0, -300.0, -287.0, -300.0, -300.0, -300.0, -210.0, -300.0, -300.0, -300.0, -300.0, -300.0, -250.0, -173.0, -300.0, -300.0, -300.0, -300.0, -300.0, -300.0, -181.0, -300.0, -300.0, -300.0, -300.0, -300.0, -285.0, -185.0, -300.0, -185.0, -300.0, -300.0, -259.0, -189.0, -297.0], [-272.0, -300.0, -300.0, -300.0, -300.0, -265.0, -300.0, -233.0, -300.0, -300.0, -300.0, -300.0, -300.0, -300.0, -300.0, -300.0, -250.0, -300.0, -300.0, -177.0, -300.0, -261.0, -300.0, -191.0, -300.0, -300.0, -300.0, -300.0, -300.0, -300.0, -300.0, -208.0, -208.0, -177.0, -300.0, -300.0, -237.0, -300.0, -300.0, -300.0, -300.0, -300.0, -300.0, -300.0, -300.0, -193.0, -243.0, -300.0, -300.0, -300.0, -300.0, -300.0, -300.0, -300.0, -300.0, -173.0, -230.0, -300.0, -300.0, -300.0, -177.0, -225.0, -300.0, -189.0, -300.0, -300.0, -300.0, -300.0, -300.0, -187.0, -285.0, -300.0, -300.0, -213.0, -300.0, -272.0, -286.0, -300.0, -285.0, -300.0, -300.0, -300.0, -286.0, -300.0, -300.0, -292.0, -189.0, -300.0, -269.0, -286.0, -300.0, -197.0, -241.0, -300.0, -300.0, -300.0, -300.0, -300.0, -249.0, -300.0], [-300.0, -300.0, -249.0, -186.0, -287.0, -269.0, -300.0, -300.0, -300.0, -169.0, -300.0, -300.0, -300.0, -300.0, -300.0, -300.0, -300.0, -300.0, -300.0, -300.0, -300.0, -300.0, -173.0, -300.0, -181.0, -300.0, -273.0, -300.0, -300.0, -300.0, -300.0, -270.0, -300.0, -300.0, -300.0, -300.0, -300.0, -300.0, -193.0, -300.0, -197.0, -300.0, -272.0, -300.0, -254.0, -300.0, -300.0, -300.0, -185.0, -300.0, -300.0, -300.0, -280.0, -264.0, -300.0, -300.0, -300.0, -239.0, -300.0, -300.0, -165.0, -300.0, -300.0, -300.0, -300.0, -300.0, -300.0, -300.0, -245.0, -195.0, -300.0, -300.0, -213.0, -286.0, -300.0, -199.0, -300.0, -196.0, -300.0, -300.0, -300.0, -300.0, -289.0, -300.0, -300.0, -241.0, -300.0, -300.0, -300.0, -300.0, -257.0, -300.0, -300.0, -300.0, -180.0, -300.0, -300.0, -300.0, -177.0, -181.0], [-300.0, -300.0, -300.0, -300.0, -222.0, -177.0, -196.0, -251.0, -192.0, -300.0, -300.0, -300.0, -300.0, -300.0, -209.0, -300.0, -173.0, -300.0, -300.0, -300.0, -300.0, -300.0, -300.0, -300.0, -300.0, -181.0, -300.0, -169.0, -300.0, -300.0, -300.0, -233.0, -300.0, -300.0, -271.0, -300.0, -300.0, -173.0, -300.0, -180.0, -300.0, -189.0, -300.0, -300.0, -212.0, -237.0, -193.0, -300.0, -300.0, -300.0, -300.0, -169.0, -300.0, -300.0, -300.0, -300.0, -177.0, -203.0, -161.0, -201.0, -178.0, -300.0, -185.0, -300.0, -214.0, -300.0, -300.0, -190.0, -208.0, -267.0, -300.0, -300.0, -300.0, -300.0, -300.0, -300.0, -191.0, -300.0, -300.0, -300.0, -186.0, -300.0, -300.0, -300.0, -253.0, -300.0, -300.0, -300.0, -300.0, -300.0, -300.0, -173.0, -193.0, -300.0, -300.0, -300.0, -169.0, -158.0, -185.0, -288.0]], "success_matrix": [[true, false, false, false, false, true, true, false, false, true, false, false, false, false, false, false, false, false, false, true, false, true, true, false, true, false, true, false, false, false, true, true, false, true, false, false, false, true, false, false, false, false, true, false, false, true, true, false, true, true, false, false, false, false, false, true, true, true, true, false, false, false, false, false, false, true, false, false, false, false, false, true, false, false, false, false, true, false, false, false, false, false, false, false, true, false, false, false, false, true, false, true, true, false, false, false, false, false, true, true], [false, false, true, true, false, false, true, true, false, false, false, false, true, true, false, true, false, false, false, false, false, false, false, true, true, false, false, false, false, false, true, true, false, false, true, false, true, false, false, false, false, false, false, false, true, false, false, false, false, false, true, true, false, false, false, false, false, false, false, false, true, false, false, true, true, false, false, true, false, false, false, true, false, false, false, false, false, true, true, false, false, false, false, false, false, true, false, false, false, false, false, true, true, false, true, false, false, true, true, false], [true, false, false, false, false, true, false, true, false, false, false, false, false, false, false, false, true, false, false, true, false, true, false, true, false, false, false, false, false, false, false, true, true, true, false, false, true, false, false, false, false, false, false, false, false, true, true, false, false, false, false, false, false, false, false, true, true, false, false, false, true, true, false, true, false, false, false, false, false, true, true, false, false, true, false, true, true, false, true, false, false, false, true, false, false, true, true, false, true, true, false, true, true, false, false, false, false, false, true, false], [false, false, true, true, true, true, false, false, false, true, false, false, false, false, false, false, false, false, false, false, false, false, true, false, true, false, true, false, false, false, false, true, false, false, false, false, false, false, true, false, true, false, true, false, true, false, false, false, true, false, false, false, true, true, false, false, false, true, false, false, true, false, false, false, false, false, false, false, true, true, false, false, true, true, false, true, false, true, false, false, false, false, true, false, false, true, false, false, false, false, true, false, false, false, true, false, false, false, true, true], [false, false, false, false, true, true, true, true, true, false, false, false, false, false, true, false, true, false, false, false, false, false, false, false, false, true, false, true, false, false, false, true, false, false, true, false, false, true, false, true, false, true, false, false, true, true, true, false, false, false, false, true, false, false, false, false, true, true, true, true, true, false, true, false, true, false, false, true, true, true, false, false, false, false, false, false, true, false, false, false, true, false, false, false, true, false, false, false, false, false, false, true, true, false, false, false, true, true, true, true]], "ticket_name": "envs10_samples5000_seed999_ddim8_20251130_223053_nenvs_10", "eval_noise_idx": 19, "eval_seed": 1619}