{"n_seeds": 5, "n_evals_per_seed": 100, "reward_mean": -107.09599304199219, "reward_std": 4.769420623779297, "success_mean": 0.908, "success_std": 0.019390719429665335, "episode_seeds": [1619, 1620, 1621, 1622, 1623], "seed_reward_means": [-105.52999877929688, -114.16999816894531, -110.87999725341797, -103.81999969482422, -101.08000183105469], "seed_success_means": [0.9, 0.88, 0.9, 0.93, 0.93], "reward_matrix": [[-73.0, -300.0, -157.0, -107.0, -70.0, -66.0, -85.0, -61.0, -91.0, -97.0, -77.0, -81.0, -64.0, -138.0, -69.0, -79.0, -71.0, -78.0, -74.0, -55.0, -76.0, -64.0, -130.0, -70.0, -76.0, -67.0, -67.0, -67.0, -88.0, -78.0, -71.0, -76.0, -300.0, -300.0, -118.0, -70.0, -300.0, -70.0, -135.0, -71.0, -300.0, -87.0, -70.0, -193.0, -300.0, -87.0, -123.0, -72.0, -67.0, -300.0, -59.0, -91.0, -123.0, -85.0, -62.0, -63.0, -68.0, -103.0, -77.0, -67.0, -87.0, -72.0, -71.0, -122.0, -66.0, -81.0, -75.0, -104.0, -74.0, -64.0, -116.0, -67.0, -70.0, -300.0, -91.0, -68.0, -140.0, -68.0, -115.0, -82.0, -63.0, -81.0, -63.0, -300.0, -78.0, -78.0, -66.0, -108.0, -58.0, -177.0, -300.0, -85.0, -87.0, -63.0, -70.0, -74.0, -79.0, -64.0, -67.0, -75.0], [-300.0, -92.0, -64.0, -96.0, -78.0, -147.0, -64.0, -71.0, -81.0, -70.0, -65.0, -300.0, -67.0, -239.0, -77.0, -117.0, -71.0, -57.0, -103.0, -123.0, -88.0, -55.0, -299.0, -67.0, -81.0, -72.0, -236.0, -82.0, -70.0, -96.0, -100.0, -76.0, -68.0, -300.0, -62.0, -69.0, -156.0, -300.0, -67.0, -71.0, -259.0, -300.0, -74.0, -85.0, -78.0, -300.0, -67.0, -61.0, -74.0, -267.0, -60.0, -126.0, -85.0, -84.0, -86.0, -74.0, -77.0, -66.0, -77.0, -101.0, -71.0, -68.0, -300.0, -93.0, -61.0, -133.0, -65.0, -74.0, -83.0, -300.0, -300.0, -75.0, -106.0, -76.0, -71.0, -83.0, -59.0, -87.0, -74.0, -81.0, -103.0, -78.0, -64.0, -88.0, -59.0, -95.0, -99.0, -65.0, -300.0, -98.0, -65.0, -300.0, -136.0, -83.0, -84.0, -90.0, -62.0, -53.0, -72.0, -65.0], [-114.0, -115.0, -300.0, -78.0, -79.0, -97.0, -76.0, -86.0, -66.0, -73.0, -70.0, -78.0, -68.0, -53.0, -60.0, -80.0, -75.0, -300.0, -79.0, -66.0, -120.0, -105.0, -300.0, -55.0, -87.0, -67.0, -95.0, -72.0, -78.0, -218.0, -129.0, -74.0, -93.0, -87.0, -63.0, -300.0, -66.0, -81.0, -210.0, -114.0, -71.0, -64.0, -59.0, -61.0, -72.0, -72.0, -132.0, -66.0, -300.0, -110.0, -87.0, -300.0, -69.0, -300.0, -68.0, -78.0, -77.0, -71.0, -300.0, -71.0, -66.0, -54.0, -68.0, -248.0, -53.0, -88.0, -109.0, -74.0, -70.0, -65.0, -210.0, -70.0, -69.0, -89.0, -85.0, -169.0, -54.0, -77.0, -300.0, -65.0, -165.0, -121.0, -71.0, -77.0, -90.0, -56.0, -300.0, -66.0, -70.0, -78.0, -286.0, -89.0, -103.0, -163.0, -78.0, -55.0, -88.0, -67.0, -67.0, -60.0], [-94.0, -65.0, -300.0, -103.0, -108.0, -300.0, -83.0, -71.0, -93.0, -70.0, -70.0, -113.0, -100.0, -245.0, -98.0, -81.0, -146.0, -126.0, -84.0, -90.0, -98.0, -154.0, -130.0, -96.0, -68.0, -244.0, -86.0, -65.0, -78.0, -197.0, -64.0, -94.0, -57.0, -54.0, -300.0, -66.0, -137.0, -79.0, -62.0, -68.0, -109.0, -103.0, -298.0, -74.0, -144.0, -106.0, -62.0, -86.0, -66.0, -300.0, -76.0, -101.0, -75.0, -60.0, -78.0, -77.0, -75.0, -78.0, -68.0, -99.0, -69.0, -71.0, -80.0, -65.0, -70.0, -71.0, -87.0, -86.0, -300.0, -70.0, -78.0, -86.0, -65.0, -151.0, -58.0, -59.0, -111.0, -79.0, -86.0, -70.0, -73.0, -80.0, -78.0, -75.0, -80.0, -64.0, -77.0, -85.0, -73.0, -64.0, -67.0, -95.0, -83.0, -55.0, -300.0, -103.0, -89.0, -72.0, -79.0, -106.0], [-68.0, -56.0, -63.0, -94.0, -80.0, -68.0, -63.0, -66.0, -70.0, -55.0, -74.0, -79.0, -79.0, -70.0, -300.0, -78.0, -60.0, -81.0, -68.0, -80.0, -70.0, -71.0, -73.0, -95.0, -107.0, -79.0, -75.0, -71.0, -123.0, -163.0, -163.0, -123.0, -103.0, -178.0, -79.0, -71.0, -85.0, -70.0, -68.0, -74.0, -58.0, -119.0, -68.0, -66.0, -84.0, -84.0, -64.0, -84.0, -65.0, -296.0, -93.0, -300.0, -59.0, -300.0, -223.0, -74.0, -100.0, -96.0, -72.0, -110.0, -70.0, -66.0, -50.0, -77.0, -80.0, -57.0, -236.0, -85.0, -300.0, -71.0, -80.0, -59.0, -62.0, -300.0, -300.0, -85.0, -67.0, -97.0, -73.0, -82.0, -98.0, -147.0, -274.0, -110.0, -67.0, -130.0, -59.0, -60.0, -65.0, -70.0, -78.0, -63.0, -55.0, -69.0, -78.0, -69.0, -55.0, -66.0, -83.0, -107.0]], "success_matrix": [[true, false, true, true, true, true, true, true, true, true, true, true, true, true, true, true, true, true, true, true, true, true, true, true, true, true, true, true, true, true, true, true, false, false, true, true, false, true, true, true, false, true, true, true, false, true, true, true, true, false, true, true, true, true, true, true, true, true, true, true, true, true, true, true, true, true, true, true, true, true, true, true, true, false, true, true, true, true, true, true, true, true, true, false, true, true, true, true, true, true, false, true, true, true, true, true, true, true, true, true], [false, true, true, true, true, true, true, true, true, true, true, false, true, true, true, true, true, true, true, true, true, true, false, true, true, true, true, true, true, true, true, true, true, false, true, true, true, false, true, true, true, false, true, true, true, false, true, true, true, true, true, true, true, true, true, true, true, true, true, true, true, true, false, true, true, true, true, true, true, false, false, true, true, true, true, true, true, true, true, true, true, true, true, true, true, true, true, true, false, true, true, false, true, true, true, true, true, true, true, true], [true, true, false, true, true, true, true, true, true, true, true, true, true, true, true, true, true, false, true, true, true, true, false, true, true, true, true, true, true, true, true, true, true, true, true, false, true, true, true, true, true, true, true, true, true, true, true, true, false, true, true, false, true, false, true, true, true, true, false, true, true, true, true, true, true, true, true, true, true, true, true, true, true, true, true, true, true, true, false, true, true, true, true, true, true, true, false, true, true, true, true, true, true, true, true, true, true, true, true, true], [true, true, false, true, true, false, true, true, true, true, true, true, true, true, true, true, true, true, true, true, true, true, true, true, true, true, true, true, true, true, true, true, true, true, false, true, true, true, true, true, true, true, false, true, true, true, true, true, true, false, true, true, true, true, true, true, true, true, true, true, true, true, true, true, true, true, true, true, false, true, true, true, true, true, true, true, true, true, true, true, true, true, true, true, true, true, true, true, true, true, true, true, true, true, false, true, true, true, true, true], [true, true, true, true, true, true, true, true, true, true, true, true, true, true, false, true, true, true, true, true, true, true, true, true, true, true, true, true, true, true, true, true, true, true, true, true, true, true, true, true, true, true, true, true, true, true, true, true, true, false, true, false, true, false, true, true, true, true, true, true, true, true, true, true, true, true, true, true, false, true, true, true, true, false, false, true, true, true, true, true, true, true, true, true, true, true, true, true, true, true, true, true, true, true, true, true, true, true, true, true]], "ticket_name": "envs50_samples5000_seed999_ddim8_20251130_223133_nenvs_50", "eval_noise_idx": 2, "eval_seed": 1619}