{
    "n_seeds": 5,
    "n_evals_per_seed": 100,
    "reward_mean": -122.62199401855469,
    "reward_std": 6.158600330352783,
    "success_mean": 0.958,
    "success_std": 0.023874672772626632,
    "episode_seeds": [
        1619,
        1620,
        1621,
        1622,
        1623
    ],
    "seed_reward_means": [
        -121.4800033569336,
        -129.25,
        -125.7699966430664,
        -123.75,
        -112.86000061035156
    ],
    "seed_success_means": [
        0.93,
        0.94,
        0.99,
        0.97,
        0.96
    ],
    "reward_matrix": [
        [
            -107.0,
            -102.0,
            -135.0,
            -106.0,
            -90.0,
            -300.0,
            -119.0,
            -74.0,
            -88.0,
            -110.0,
            -113.0,
            -87.0,
            -101.0,
            -127.0,
            -68.0,
            -158.0,
            -76.0,
            -88.0,
            -96.0,
            -94.0,
            -70.0,
            -100.0,
            -242.0,
            -77.0,
            -112.0,
            -95.0,
            -168.0,
            -143.0,
            -104.0,
            -81.0,
            -81.0,
            -168.0,
            -83.0,
            -216.0,
            -135.0,
            -83.0,
            -129.0,
            -80.0,
            -175.0,
            -68.0,
            -112.0,
            -161.0,
            -91.0,
            -149.0,
            -300.0,
            -297.0,
            -162.0,
            -85.0,
            -80.0,
            -300.0,
            -73.0,
            -163.0,
            -170.0,
            -300.0,
            -300.0,
            -67.0,
            -89.0,
            -80.0,
            -112.0,
            -112.0,
            -128.0,
            -123.0,
            -93.0,
            -105.0,
            -86.0,
            -121.0,
            -100.0,
            -220.0,
            -121.0,
            -87.0,
            -143.0,
            -300.0,
            -72.0,
            -66.0,
            -87.0,
            -90.0,
            -135.0,
            -89.0,
            -122.0,
            -103.0,
            -121.0,
            -97.0,
            -89.0,
            -127.0,
            -119.0,
            -103.0,
            -89.0,
            -93.0,
            -92.0,
            -100.0,
            -72.0,
            -79.0,
            -116.0,
            -80.0,
            -79.0,
            -86.0,
            -122.0,
            -80.0,
            -87.0,
            -74.0
        ],
        [
            -118.0,
            -94.0,
            -89.0,
            -110.0,
            -80.0,
            -149.0,
            -86.0,
            -90.0,
            -164.0,
            -184.0,
            -161.0,
            -259.0,
            -105.0,
            -300.0,
            -93.0,
            -208.0,
            -86.0,
            -131.0,
            -210.0,
            -300.0,
            -148.0,
            -131.0,
            -146.0,
            -75.0,
            -145.0,
            -90.0,
            -300.0,
            -138.0,
            -80.0,
            -94.0,
            -151.0,
            -88.0,
            -93.0,
            -83.0,
            -90.0,
            -140.0,
            -173.0,
            -92.0,
            -74.0,
            -90.0,
            -115.0,
            -138.0,
            -76.0,
            -88.0,
            -113.0,
            -225.0,
            -272.0,
            -117.0,
            -62.0,
            -130.0,
            -98.0,
            -106.0,
            -137.0,
            -89.0,
            -107.0,
            -100.0,
            -78.0,
            -148.0,
            -79.0,
            -220.0,
            -96.0,
            -114.0,
            -86.0,
            -109.0,
            -82.0,
            -82.0,
            -300.0,
            -167.0,
            -131.0,
            -148.0,
            -62.0,
            -107.0,
            -175.0,
            -70.0,
            -109.0,
            -80.0,
            -88.0,
            -120.0,
            -131.0,
            -92.0,
            -102.0,
            -114.0,
            -71.0,
            -300.0,
            -170.0,
            -184.0,
            -127.0,
            -109.0,
            -72.0,
            -123.0,
            -86.0,
            -300.0,
            -138.0,
            -179.0,
            -142.0,
            -110.0,
            -102.0,
            -56.0,
            -88.0,
            -67.0
        ],
        [
            -100.0,
            -186.0,
            -90.0,
            -90.0,
            -103.0,
            -211.0,
            -208.0,
            -148.0,
            -193.0,
            -106.0,
            -70.0,
            -74.0,
            -120.0,
            -95.0,
            -95.0,
            -94.0,
            -168.0,
            -74.0,
            -107.0,
            -152.0,
            -99.0,
            -135.0,
            -87.0,
            -221.0,
            -93.0,
            -136.0,
            -258.0,
            -160.0,
            -164.0,
            -135.0,
            -149.0,
            -145.0,
            -130.0,
            -77.0,
            -179.0,
            -145.0,
            -82.0,
            -85.0,
            -217.0,
            -181.0,
            -72.0,
            -84.0,
            -101.0,
            -140.0,
            -68.0,
            -77.0,
            -179.0,
            -298.0,
            -84.0,
            -267.0,
            -90.0,
            -100.0,
            -77.0,
            -75.0,
            -129.0,
            -275.0,
            -91.0,
            -92.0,
            -77.0,
            -72.0,
            -86.0,
            -124.0,
            -77.0,
            -248.0,
            -79.0,
            -144.0,
            -107.0,
            -108.0,
            -90.0,
            -120.0,
            -135.0,
            -68.0,
            -151.0,
            -84.0,
            -79.0,
            -124.0,
            -60.0,
            -101.0,
            -162.0,
            -96.0,
            -144.0,
            -143.0,
            -96.0,
            -77.0,
            -137.0,
            -104.0,
            -85.0,
            -81.0,
            -82.0,
            -91.0,
            -260.0,
            -95.0,
            -240.0,
            -136.0,
            -98.0,
            -170.0,
            -128.0,
            -127.0,
            -92.0,
            -138.0
        ],
        [
            -163.0,
            -98.0,
            -61.0,
            -299.0,
            -163.0,
            -300.0,
            -120.0,
            -87.0,
            -104.0,
            -95.0,
            -93.0,
            -222.0,
            -105.0,
            -173.0,
            -146.0,
            -182.0,
            -173.0,
            -148.0,
            -118.0,
            -87.0,
            -84.0,
            -108.0,
            -180.0,
            -258.0,
            -148.0,
            -99.0,
            -106.0,
            -79.0,
            -75.0,
            -300.0,
            -119.0,
            -231.0,
            -110.0,
            -74.0,
            -111.0,
            -108.0,
            -137.0,
            -73.0,
            -69.0,
            -90.0,
            -90.0,
            -150.0,
            -74.0,
            -107.0,
            -110.0,
            -115.0,
            -109.0,
            -110.0,
            -149.0,
            -120.0,
            -158.0,
            -97.0,
            -90.0,
            -81.0,
            -139.0,
            -96.0,
            -131.0,
            -79.0,
            -251.0,
            -109.0,
            -115.0,
            -77.0,
            -102.0,
            -104.0,
            -153.0,
            -103.0,
            -251.0,
            -124.0,
            -88.0,
            -79.0,
            -81.0,
            -113.0,
            -79.0,
            -96.0,
            -85.0,
