{"n_seeds": 5, "n_evals_per_seed": 100, "reward_mean": -269.6399841308594, "reward_std": 4.212194919586182, "success_mean": 0.31400000000000006, "success_std": 0.025099800796022267, "episode_seeds": [1619, 1620, 1621, 1622, 1623], "seed_reward_means": [-270.0199890136719, -274.6199951171875, -272.6400146484375, -266.4800109863281, -264.44000244140625], "seed_success_means": [0.33, 0.27, 0.33, 0.32, 0.32], "reward_matrix": [[-210.0, -200.0, -178.0, -300.0, -300.0, -300.0, -300.0, -286.0, -170.0, -179.0, -251.0, -300.0, -300.0, -178.0, -300.0, -249.0, -300.0, -154.0, -300.0, -196.0, -300.0, -300.0, -163.0, -300.0, -300.0, -300.0, -300.0, -300.0, -239.0, -146.0, -300.0, -300.0, -300.0, -300.0, -300.0, -300.0, -300.0, -300.0, -300.0, -300.0, -235.0, -300.0, -300.0, -166.0, -300.0, -300.0, -300.0, -300.0, -300.0, -204.0, -300.0, -214.0, -300.0, -300.0, -300.0, -300.0, -300.0, -214.0, -300.0, -214.0, -300.0, -188.0, -300.0, -300.0, -300.0, -295.0, -300.0, -300.0, -282.0, -300.0, -300.0, -300.0, -277.0, -300.0, -300.0, -300.0, -300.0, -225.0, -249.0, -300.0, -300.0, -300.0, -300.0, -300.0, -300.0, -300.0, -149.0, -239.0, -207.0, -300.0, -300.0, -232.0, -170.0, -300.0, -300.0, -300.0, -183.0, -300.0, -300.0, -160.0], [-300.0, -300.0, -300.0, -300.0, -300.0, -300.0, -300.0, -300.0, -300.0, -300.0, -207.0, -300.0, -300.0, -300.0, -300.0, -300.0, -300.0, -300.0, -300.0, -300.0, -300.0, -300.0, -300.0, -300.0, -300.0, -300.0, -300.0, -300.0, -300.0, -300.0, -300.0, -271.0, -300.0, -300.0, -300.0, -300.0, -300.0, -300.0, -150.0, -178.0, -258.0, -300.0, -300.0, -214.0, -300.0, -300.0, -211.0, -147.0, -163.0, -300.0, -300.0, -199.0, -300.0, -274.0, -300.0, -300.0, -300.0, -300.0, -300.0, -300.0, -174.0, -300.0, -300.0, -300.0, -300.0, -274.0, -300.0, -153.0, -300.0, -163.0, -300.0, -300.0, -300.0, -300.0, -300.0, -289.0, -196.0, -215.0, -158.0, -300.0, -161.0, -300.0, -300.0, -300.0, -194.0, -146.0, -197.0, -300.0, -300.0, -266.0, -300.0, -300.0, -287.0, -300.0, -186.0, -300.0, -300.0, -300.0, -300.0, -231.0], [-300.0, -300.0, -300.0, -300.0, -281.0, -300.0, -286.0, -188.0, -234.0, -152.0, -300.0, -300.0, -300.0, -154.0, -300.0, -300.0, -300.0, -217.0, -300.0, -144.0, -300.0, -300.0, -300.0, -300.0, -300.0, -300.0, -300.0, -300.0, -207.0, -278.0, -300.0, -300.0, -243.0, -300.0, -300.0, -300.0, -233.0, -300.0, -300.0, -297.0, -300.0, -291.0, -157.0, -300.0, -264.0, -300.0, -243.0, -219.0, -300.0, -196.0, -142.0, -191.0, -300.0, -300.0, -300.0, -300.0, -300.0, -300.0, -300.0, -300.0, -219.0, -226.0, -241.0, -300.0, -187.0, -300.0, -300.0, -300.0, -300.0, -300.0, -300.0, -300.0, -300.0, -216.0, -274.0, -300.0, -300.0, -300.0, -300.0, -171.0, -300.0, -207.0, -295.0, -300.0, -300.0, -300.0, -300.0, -300.0, -179.0, -231.0, -300.0, -300.0, -300.0, -300.0, -165.0, -300.0, -300.0, -300.0, -236.0, -300.0], [-300.0, -233.0, -171.0, -225.0, -300.0, -300.0, -300.0, -300.0, -270.0, -198.0, -300.0, -227.0, -197.0, -300.0, -300.0, -240.0, -300.0, -300.0, -300.0, -300.0, -244.0, -200.0, -141.0, -300.0, -160.0, -183.0, -244.0, -300.0, -300.0, -300.0, -300.0, -300.0, -300.0, -300.0, -189.0, -300.0, -300.0, -300.0, -300.0, -300.0, -300.0, -300.0, -300.0, -300.0, -201.0, -300.0, -300.0, -300.0, -300.0, -300.0, -300.0, -300.0, -243.0, -300.0, -300.0, -300.0, -210.0, -214.0, -300.0, -158.0, -134.0, -134.0, -171.0, -161.0, -300.0, -300.0, -262.0, -300.0, -201.0, -300.0, -300.0, -300.0, -159.0, -300.0, -300.0, -300.0, -300.0, -300.0, -300.0, -300.0, -300.0, -300.0, -300.0, -163.0, -300.0, -300.0, -300.0, -187.0, -300.0, -246.0, -300.0, -300.0, -142.0, -300.0, -300.0, -300.0, -300.0, -300.0, -140.0, -300.0], [-300.0, -300.0, -192.0, -300.0, -300.0, -166.0, -300.0, -300.0, -300.0, -300.0, -300.0, -300.0, -181.0, -300.0, -300.0, -228.0, -300.0, -159.0, -300.0, -300.0, -191.0, -143.0, -300.0, -198.0, -300.0, -300.0, -300.0, -300.0, -206.0, -300.0, -300.0, -300.0, -300.0, -216.0, -300.0, -300.0, -300.0, -300.0, -300.0, -300.0, -300.0, -300.0, -300.0, -300.0, -142.0, -220.0, -140.0, -300.0, -300.0, -203.0, -184.0, -175.0, -258.0, -300.0, -300.0, -300.0, -300.0, -300.0, -300.0, -300.0, -181.0, -169.0, -300.0, -182.0, -300.0, -300.0, -300.0, -300.0, -300.0, -300.0, -300.0, -169.0, -154.0, -300.0, -300.0, -166.0, -300.0, -300.0, -283.0, -300.0, -181.0, -300.0, -300.0, -300.0, -300.0, -300.0, -300.0, -151.0, -220.0, -135.0, -300.0, -137.0, -300.0, -300.0, -300.0, -300.0, -249.0, -300.0, -235.0, -230.0]], "success_matrix": [[true, true, true, false, false, false, false, true, true, true, true, false, false, true, false, true, false, true, false, true, false, false, true, false, false, false, false, false, true, true, false, false, false, false, false, false, false, false, false, false, true, false, false, true, false, false, false, false, false, true, false, true, false, false, false, false, false, true, false, true, false, true, false, false, false, true, false, false, true, false, false, false, true, false, false, false, false, true, true, false, false, false, false, false, false, false, true, true, true, false, false, true, true, false, false, false, true, false, false, true], [false, false, false, false, false, false, false, false, false, false, true, false, false, false, false, false, false, false, false, false, false, false, false, false, false, false, false, false, false, false, false, true, false, false, false, false, false, false, true, true, true, false, false, true, false, false, true, true, true, false, false, true, false, true, false, false, false, false, false, false, true, false, false, false, false, true, false, true, false, true, false, false, false, false, false, true, true, true, true, false, true, false, false, false, true, true, true, false, false, true, false, false, true, false, true, false, false, false, false, true], [false, false, false, false, true, false, true, true, true, true, false, false, false, true, false, false, false, true, false, true, false, false, false, false, false, false, false, false, true, true, false, false, true, false, false, false, true, false, false, false, false, true, true, false, true, false, true, true, false, true, true, true, false, false, false, false, false, false, false, false, true, true, true, false, true, false, false, false, false, false, false, false, false, true, true, false, false, false, false, true, false, true, true, false, false, false, false, false, true, true, false, false, false, false, true, false, false, false, true, false], [false, true, true, true, false, false, false, false, true, true, false, true, true, false, false, true, false, false, false, false, true, true, true, false, true, true, true, false, false, false, false, false, false, false, true, false, false, false, false, false, false, false, false, false, true, false, false, false, false, false, false, false, true, false, false, false, true, true, false, true, true, true, true, true, false, false, true, false, true, false, false, false, true, false, false, false, false, false, false, false, false, false, false, true, false, false, false, true, false, true, false, false, true, false, false, false, false, false, true, false], [false, false, true, false, false, true, false, false, false, false, false, false, true, false, false, true, false, true, false, false, true, true, false, true, false, false, false, false, true, false, false, false, false, true, false, false, false, false, false, false, false, false, false, false, true, true, true, false, false, true, true, true, true, false, false, false, false, false, false, false, true, true, false, true, false, false, false, false, false, false, false, true, true, false, false, true, false, false, true, false, true, false, false, false, false, false, false, true, true, true, false, true, false, false, false, false, true, false, true, true]], "ticket_name": "zo_envs10_iter100_cand10_lambda2.0_seed666_ddim8_20251212_062154/seed_671", "eval_noise_idx": 0, "eval_seed": 1619}