{"n_seeds": 5, "n_evals_per_seed": 100, "reward_mean": -253.90200805664062, "reward_std": 4.199182987213135, "success_mean": 0.34, "success_std": 0.02549509756796392, "episode_seeds": [1619, 1620, 1621, 1622, 1623], "seed_reward_means": [-250.22999572753906, -258.3500061035156, -253.11000061035156, -258.19000244140625, -249.6300048828125], "seed_success_means": [0.34, 0.32, 0.36, 0.31, 0.37], "reward_matrix": [[-300.0, -300.0, -256.0, -120.0, -300.0, -300.0, -300.0, -141.0, -300.0, -300.0, -223.0, -300.0, -143.0, -300.0, -149.0, -125.0, -300.0, -300.0, -228.0, -164.0, -300.0, -300.0, -133.0, -147.0, -300.0, -300.0, -300.0, -300.0, -232.0, -300.0, -156.0, -300.0, -300.0, -124.0, -300.0, -300.0, -300.0, -300.0, -300.0, -124.0, -300.0, -300.0, -300.0, -300.0, -117.0, -300.0, -149.0, -300.0, -145.0, -300.0, -138.0, -117.0, -300.0, -141.0, -134.0, -300.0, -300.0, -222.0, -300.0, -212.0, -300.0, -300.0, -119.0, -113.0, -300.0, -300.0, -300.0, -300.0, -127.0, -300.0, -300.0, -300.0, -300.0, -300.0, -300.0, -300.0, -300.0, -300.0, -213.0, -300.0, -300.0, -300.0, -300.0, -300.0, -300.0, -300.0, -300.0, -300.0, -134.0, -300.0, -125.0, -141.0, -131.0, -300.0, -300.0, -161.0, -300.0, -300.0, -300.0, -119.0], [-300.0, -300.0, -300.0, -300.0, -300.0, -300.0, -142.0, -300.0, -150.0, -300.0, -300.0, -147.0, -300.0, -300.0, -300.0, -300.0, -300.0, -300.0, -158.0, -300.0, -300.0, -300.0, -153.0, -138.0, -300.0, -186.0, -300.0, -300.0, -300.0, -300.0, -300.0, -300.0, -300.0, -300.0, -300.0, -129.0, -300.0, -300.0, -300.0, -300.0, -300.0, -300.0, -168.0, -300.0, -159.0, -120.0, -151.0, -246.0, -300.0, -263.0, -155.0, -300.0, -149.0, -263.0, -267.0, -142.0, -117.0, -300.0, -300.0, -300.0, -300.0, -300.0, -300.0, -300.0, -300.0, -147.0, -300.0, -300.0, -119.0, -300.0, -227.0, -227.0, -229.0, -139.0, -123.0, -300.0, -300.0, -300.0, -300.0, -300.0, -300.0, -300.0, -300.0, -300.0, -142.0, -300.0, -300.0, -146.0, -300.0, -166.0, -300.0, -246.0, -300.0, -300.0, -300.0, -300.0, -300.0, -121.0, -300.0, -300.0], [-300.0, -300.0, -135.0, -300.0, -300.0, -300.0, -300.0, -300.0, -182.0, -300.0, -300.0, -300.0, -213.0, -300.0, -300.0, -277.0, -147.0, -300.0, -300.0, -300.0, -300.0, -154.0, -123.0, -300.0, -300.0, -300.0, -128.0, -123.0, -300.0, -248.0, -238.0, -300.0, -300.0, -187.0, -300.0, -300.0, -300.0, -121.0, -300.0, -300.0, -300.0, -300.0, -243.0, -300.0, -300.0, -129.0, -300.0, -300.0, -300.0, -115.0, -300.0, -166.0, -265.0, -300.0, -131.0, -300.0, -147.0, -148.0, -300.0, -150.0, -300.0, -300.0, -293.0, -300.0, -270.0, -300.0, -118.0, -146.0, -300.0, -300.0, -300.0, -131.0, -300.0, -300.0, -258.0, -300.0, -300.0, -300.0, -300.0, -300.0, -128.0, -300.0, -131.0, -300.0, -129.0, -150.0, -164.0, -300.0, -300.0, -146.0, -300.0, -300.0, -152.0, -300.0, -300.0, -300.0, -300.0, -300.0, -300.0, -125.0], [-300.0, -264.0, -300.0, -300.0, -300.0, -121.0, -300.0, -109.0, -300.0, -300.0, -269.0, -176.0, -254.0, -300.0, -300.0, -300.0, -300.0, -138.0, -300.0, -300.0, -300.0, -248.0, -300.0, -300.0, -300.0, -300.0, -126.0, -300.0, -300.0, -149.0, -300.0, -300.0, -300.0, -150.0, -118.0, -143.0, -300.0, -300.0, -300.0, -300.0, -300.0, -300.0, -138.0, -300.0, -300.0, -300.0, -300.0, -300.0, -300.0, -135.0, -142.0, -143.0, -121.0, -300.0, -300.0, -136.0, -300.0, -136.0, -300.0, -300.0, -300.0, -300.0, -300.0, -300.0, -300.0, -141.0, -142.0, -294.0, -300.0, -300.0, -300.0, -300.0, -300.0, -300.0, -139.0, -300.0, -300.0, -300.0, -300.0, -300.0, -300.0, -117.0, -300.0, -300.0, -300.0, -300.0, -156.0, -264.0, -300.0, -300.0, -135.0, -300.0, -283.0, -300.0, -300.0, -216.0, -300.0, -138.0, -300.0, -178.0], [-137.0, -140.0, -111.0, -145.0, -300.0, -300.0, -300.0, -124.0, -300.0, -121.0, -300.0, -300.0, -300.0, -115.0, -300.0, -300.0, -300.0, -137.0, -300.0, -229.0, -300.0, -140.0, -300.0, -300.0, -220.0, -164.0, -248.0, -140.0, -256.0, -145.0, -300.0, -300.0, -300.0, -300.0, -124.0, -126.0, -300.0, -300.0, -300.0, -300.0, -300.0, -300.0, -300.0, -153.0, -300.0, -300.0, -191.0, -141.0, -300.0, -300.0, -300.0, -300.0, -300.0, -300.0, -300.0, -300.0, -300.0, -300.0, -116.0, -300.0, -149.0, -300.0, -145.0, -273.0, -126.0, -300.0, -300.0, -300.0, -300.0, -129.0, -300.0, -300.0, -268.0, -300.0, -300.0, -300.0, -300.0, -300.0, -300.0, -300.0, -300.0, -300.0, -144.0, -286.0, -134.0, -146.0, -131.0, -264.0, -300.0, -300.0, -300.0, -168.0, -300.0, -300.0, -300.0, -137.0, -300.0, -300.0, -300.0, -140.0]], "success_matrix": [[false, false, true, true, false, false, false, true, false, false, true, false, true, false, true, true, false, false, true, true, false, false, true, true, false, false, false, false, true, false, true, false, false, true, false, false, false, false, false, true, false, false, false, false, true, false, true, false, true, false, true, true, false, true, true, false, false, true, false, true, false, false, true, true, false, false, false, false, true, false, false, false, false, false, false, false, false, false, true, false, false, false, false, false, false, false, false, false, true, false, true, true, true, false, false, true, false, false, false, true], [false, false, false, false, false, false, true, false, true, false, false, true, false, false, false, false, false, false, true, false, false, false, true, true, false, true, false, false, false, false, false, false, false, false, false, true, false, false, false, false, false, false, true, false, true, true, true, true, false, true, true, false, true, true, true, true, true, false, false, false, false, false, false, false, false, true, false, false, true, false, true, true, true, true, true, false, false, false, false, false, false, false, false, false, true, false, false, true, false, true, false, true, false, false, false, false, false, true, false, false], [false, false, true, false, false, false, false, false, true, false, false, false, true, false, false, true, true, false, false, false, false, true, true, false, false, false, true, true, false, true, true, false, false, true, false, false, false, true, false, false, false, false, true, false, false, true, false, false, false, true, false, true, true, false, true, false, true, true, false, true, false, false, true, false, true, false, true, true, false, false, false, true, false, false, true, false, false, false, false, false, true, false, true, false, true, true, true, false, false, true, false, false, true, false, false, false, false, false, false, true], [false, true, false, false, false, true, false, true, false, false, true, true, true, false, false, false, false, true, false, false, false, true, false, false, false, false, true, false, false, true, false, false, false, true, true, true, false, false, false, false, false, false, true, false, false, false, false, false, false, true, true, true, true, false, false, true, false, true, false, false, false, false, false, false, false, true, true, false, false, false, false, false, false, false, true, false, false, false, false, false, false, true, false, false, false, false, true, true, false, false, true, false, true, false, false, true, false, true, false, true], [true, true, true, true, false, false, false, true, false, true, false, false, false, true, false, false, false, true, false, true, false, true, false, false, true, true, true, true, true, true, false, false, false, false, true, true, false, false, false, false, false, false, false, true, false, false, true, true, false, false, false, false, false, false, false, false, false, false, true, false, true, false, true, true, true, false, false, false, false, true, false, false, true, false, false, false, false, false, false, false, false, false, true, true, true, true, true, true, false, false, false, true, false, false, false, true, false, false, false, true]], "ticket_name": "envs100_samples5000_seed999_20251122_233346_ddim8", "eval_noise_idx": 9, "eval_seed": 1619}