{"n_seeds": 5, "n_evals_per_seed": 100, "reward_mean": -235.37600708007812, "reward_std": 6.9435224533081055, "success_mean": 0.534, "success_std": 0.03773592452822641, "episode_seeds": [1619, 1620, 1621, 1622, 1623], "seed_reward_means": [-221.63999938964844, -237.72999572753906, -238.4600067138672, -240.72999572753906, -238.32000732421875], "seed_success_means": [0.6, 0.55, 0.52, 0.5, 0.5], "reward_matrix": [[-167.0, -300.0, -300.0, -300.0, -300.0, -168.0, -300.0, -173.0, -300.0, -207.0, -300.0, -163.0, -198.0, -178.0, -180.0, -155.0, -155.0, -300.0, -190.0, -155.0, -300.0, -158.0, -135.0, -182.0, -300.0, -300.0, -164.0, -139.0, -300.0, -151.0, -161.0, -205.0, -159.0, -131.0, -168.0, -300.0, -300.0, -297.0, -300.0, -182.0, -300.0, -300.0, -300.0, -300.0, -143.0, -300.0, -162.0, -300.0, -156.0, -159.0, -132.0, -132.0, -136.0, -168.0, -165.0, -181.0, -167.0, -300.0, -300.0, -226.0, -269.0, -300.0, -143.0, -139.0, -300.0, -300.0, -300.0, -183.0, -136.0, -199.0, -151.0, -184.0, -193.0, -300.0, -300.0, -300.0, -172.0, -170.0, -197.0, -300.0, -300.0, -300.0, -163.0, -300.0, -300.0, -300.0, -300.0, -289.0, -163.0, -174.0, -168.0, -147.0, -167.0, -210.0, -141.0, -191.0, -300.0, -137.0, -300.0, -130.0], [-300.0, -300.0, -300.0, -300.0, -300.0, -300.0, -161.0, -195.0, -300.0, -300.0, -300.0, -176.0, -155.0, -300.0, -300.0, -233.0, -187.0, -300.0, -300.0, -171.0, -300.0, -300.0, -300.0, -165.0, -292.0, -241.0, -143.0, -300.0, -300.0, -300.0, -156.0, -300.0, -155.0, -220.0, -300.0, -176.0, -165.0, -209.0, -300.0, -300.0, -300.0, -217.0, -184.0, -188.0, -187.0, -149.0, -166.0, -193.0, -287.0, -300.0, -191.0, -300.0, -300.0, -186.0, -300.0, -178.0, -145.0, -300.0, -198.0, -124.0, -300.0, -300.0, -300.0, -185.0, -300.0, -139.0, -224.0, -165.0, -134.0, -300.0, -192.0, -211.0, -300.0, -134.0, -153.0, -217.0, -204.0, -300.0, -300.0, -138.0, -205.0, -300.0, -290.0, -158.0, -167.0, -300.0, -300.0, -176.0, -198.0, -197.0, -300.0, -217.0, -288.0, -300.0, -184.0, -300.0, -172.0, -132.0, -300.0, -300.0], [-300.0, -300.0, -159.0, -300.0, -300.0, -300.0, -200.0, -185.0, -191.0, -300.0, -300.0, -300.0, -300.0, -141.0, -253.0, -300.0, -300.0, -290.0, -300.0, -156.0, -300.0, -260.0, -140.0, -194.0, -300.0, -228.0, -214.0, -176.0, -153.0, -300.0, -300.0, -300.0, -300.0, -176.0, -172.0, -300.0, -201.0, -138.0, -300.0, -152.0, -169.0, -300.0, -300.0, -300.0, -145.0, -143.0, -300.0, -300.0, -155.0, -135.0, -300.0, -183.0, -300.0, -300.0, -147.0, -183.0, -183.0, -173.0, -300.0, -300.0, -179.0, -185.0, -289.0, -192.0, -300.0, -300.0, -300.0, -300.0, -188.0, -193.0, -300.0, -138.0, -203.0, -300.0, -300.0, -179.0, -300.0, -300.0, -129.0, -205.0, -300.0, -185.0, -155.0, -300.0, -167.0, -180.0, -196.0, -300.0, -300.0, -192.0, -300.0, -205.0, -190.0, -178.0, -300.0, -300.0, -167.0, -300.0, -300.0, -156.0], [-300.0, -291.0, -190.0, -300.0, -300.0, -127.0, -136.0, -300.0, -300.0, -194.0, -300.0, -144.0, -179.0, -300.0, -187.0, -300.0, -300.0, -181.0, -300.0, -300.0, -300.0, -300.0, -171.0, -300.0, -300.0, -300.0, -129.0, -300.0, -300.0, -181.0, -300.0, -166.0, -300.0, -190.0, -132.0, -300.0, -154.0, -300.0, -195.0, -300.0, -300.0, -300.0, -164.0, -173.0, -300.0, -300.0, -300.0, -300.0, -186.0, -150.0, -182.0, -169.0, -161.0, -300.0, -238.0, -206.0, -300.0, -176.0, -300.0, -300.0, -300.0, -261.0, -300.0, -235.0, -300.0, -152.0, -152.0, -300.0, -300.0, -215.0, -291.0, -300.0, -172.0, -300.0, -136.0, -135.0, -175.0, -300.0, -227.0, -212.0, -300.0, -165.0, -183.0, -300.0, -167.0, -300.0, -172.0, -300.0, -300.0, -300.0, -300.0, -300.0, -209.0, -136.0, -300.0, -266.0, -161.0, -156.0, -164.0, -179.0], [-152.0, -209.0, -124.0, -241.0, -300.0, -300.0, -300.0, -128.0, -159.0, -127.0, -300.0, -300.0, -300.0, -133.0, -219.0, -300.0, -176.0, -300.0, -300.0, -197.0, -300.0, -141.0, -300.0, -300.0, -212.0, -177.0, -300.0, -174.0, -284.0, -183.0, -300.0, -300.0, -300.0, -171.0, -300.0, -150.0, -300.0, -187.0, -231.0, -300.0, -172.0, -300.0, -300.0, -268.0, -300.0, -300.0, -300.0, -163.0, -299.0, -160.0, -300.0, -300.0, -300.0, -300.0, -224.0, -300.0, -140.0, -300.0, -300.0, -183.0, -300.0, -300.0, -182.0, -300.0, -172.0, -169.0, -300.0, -300.0, -300.0, -139.0, -300.0, -178.0, -181.0, -145.0, -207.0, -300.0, -300.0, -300.0, -192.0, -166.0, -300.0, -300.0, -201.0, -300.0, -156.0, -234.0, -134.0, -201.0, -300.0, -167.0, -162.0, -169.0, -300.0, -300.0, -136.0, -163.0, -159.0, -300.0, -300.0, -135.0]], "success_matrix": [[true, false, false, false, false, true, false, true, false, true, false, true, true, true, true, true, true, false, true, true, false, true, true, true, false, false, true, true, false, true, true, true, true, true, true, false, false, false, false, true, false, false, false, false, true, false, true, false, true, true, true, true, true, true, true, true, true, false, false, true, true, false, true, true, false, false, false, true, true, true, true, true, true, false, false, false, true, true, true, false, false, false, true, false, false, false, false, true, true, true, true, true, true, true, true, true, false, true, false, true], [false, false, false, false, false, false, true, true, false, false, false, true, true, false, false, true, true, false, false, true, false, false, false, true, true, true, true, false, false, false, true, false, true, true, false, true, true, true, false, false, false, true, true, true, true, true, true, true, true, false, true, false, false, true, false, true, true, false, true, true, false, false, false, true, false, true, true, true, true, false, true, true, false, true, true, true, true, false, false, true, true, false, true, true, true, false, false, true, true, true, false, true, true, false, true, false, true, true, false, false], [false, false, true, false, false, false, true, true, true, false, false, false, false, true, true, false, false, true, false, true, false, true, true, true, false, true, true, true, true, false, false, false, false, true, true, false, true, true, false, true, true, false, false, false, true, true, false, false, true, true, false, true, false, false, true, true, true, true, false, false, true, true, true, true, false, false, false, false, true, true, false, true, true, false, false, true, false, false, true, true, false, true, true, false, true, true, true, false, false, true, false, true, true, true, false, false, true, false, false, true], [false, true, true, false, false, true, true, false, false, true, false, true, true, false, true, false, false, true, false, false, false, false, true, false, false, false, true, false, false, true, false, true, false, true, true, false, true, false, true, false, false, false, true, true, false, false, false, false, true, true, true, true, true, false, true, true, false, true, false, false, false, true, false, true, false, true, true, false, false, true, true, false, true, false, true, true, true, false, true, true, false, true, true, false, true, false, true, false, false, false, false, false, true, true, false, true, true, true, true, true], [true, true, true, true, false, false, false, true, true, true, false, false, false, true, true, false, true, false, false, true, false, true, false, false, true, true, false, true, true, true, false, false, false, true, false, true, false, true, true, false, true, false, false, true, false, false, false, true, false, true, false, false, false, false, true, false, true, false, false, true, false, false, true, false, true, true, false, false, false, true, false, true, true, true, true, false, false, false, true, true, false, false, true, false, true, true, true, true, false, true, true, true, false, false, true, true, true, false, false, true]], "ticket_name": "envs100_samples1000_seeds999_1000_1001_1002_1003_1004_1005_1006_1007_1008_ddim2_20251208_043402/seed_1004", "eval_noise_idx": 0, "eval_seed": 1619}