{"n_seeds": 5, "n_evals_per_seed": 100, "reward_mean": -212.9499969482422, "reward_std": 5.811765670776367, "success_mean": 0.784, "success_std": 0.03911521443121588, "episode_seeds": [1619, 1620, 1621, 1622, 1623], "seed_reward_means": [-211.8699951171875, -212.02999877929688, -215.4199981689453, -220.67999267578125, -204.75], "seed_success_means": [0.78, 0.78, 0.76, 0.75, 0.85], "reward_matrix": [[-300.0, -300.0, -223.0, -300.0, -239.0, -183.0, -280.0, -149.0, -260.0, -251.0, -251.0, -167.0, -148.0, -300.0, -300.0, -168.0, -300.0, -300.0, -173.0, -167.0, -298.0, -267.0, -143.0, -300.0, -300.0, -187.0, -137.0, -147.0, -250.0, -175.0, -154.0, -187.0, -174.0, -151.0, -197.0, -143.0, -275.0, -207.0, -291.0, -248.0, -227.0, -199.0, -230.0, -223.0, -162.0, -160.0, -147.0, -300.0, -258.0, -300.0, -143.0, -152.0, -146.0, -146.0, -151.0, -256.0, -172.0, -151.0, -300.0, -163.0, -300.0, -213.0, -152.0, -165.0, -300.0, -163.0, -149.0, -159.0, -155.0, -300.0, -300.0, -122.0, -183.0, -300.0, -160.0, -205.0, -147.0, -283.0, -258.0, -300.0, -182.0, -196.0, -300.0, -300.0, -144.0, -278.0, -166.0, -212.0, -192.0, -154.0, -169.0, -159.0, -300.0, -182.0, -155.0, -167.0, -167.0, -178.0, -149.0, -147.0], [-167.0, -255.0, -203.0, -300.0, -300.0, -195.0, -212.0, -188.0, -211.0, -191.0, -300.0, -164.0, -179.0, -224.0, -170.0, -189.0, -163.0, -174.0, -237.0, -179.0, -300.0, -231.0, -214.0, -168.0, -151.0, -166.0, -150.0, -190.0, -215.0, -235.0, -164.0, -165.0, -300.0, -178.0, -190.0, -162.0, -147.0, -267.0, -185.0, -171.0, -196.0, -167.0, -300.0, -202.0, -192.0, -183.0, -214.0, -300.0, -300.0, -300.0, -300.0, -191.0, -259.0, -207.0, -280.0, -188.0, -155.0, -162.0, -158.0, -174.0, -157.0, -205.0, -222.0, -175.0, -198.0, -148.0, -300.0, -178.0, -148.0, -300.0, -168.0, -176.0, -208.0, -150.0, -168.0, -158.0, -190.0, -199.0, -157.0, -300.0, -208.0, -300.0, -300.0, -300.0, -158.0, -180.0, -212.0, -300.0, -300.0, -223.0, -203.0, -300.0, -168.0, -165.0, -169.0, -187.0, -300.0, -147.0, -300.0, -300.0], [-300.0, -239.0, -188.0, -187.0, -261.0, -151.0, -202.0, -220.0, -159.0, -277.0, -167.0, -300.0, -256.0, -147.0, -194.0, -166.0, -161.0, -185.0, -191.0, -300.0, -187.0, -194.0, -151.0, -170.0, -300.0, -198.0, -142.0, -180.0, -176.0, -263.0, -207.0, -212.0, -214.0, -152.0, -142.0, -300.0, -232.0, -176.0, -192.0, -300.0, -215.0, -230.0, -174.0, -280.0, -300.0, -166.0, -246.0, -300.0, -195.0, -167.0, -300.0, -140.0, -173.0, -174.0, -167.0, -158.0, -204.0, -155.0, -162.0, -207.0, -159.0, -220.0, -300.0, -180.0, -235.0, -300.0, -300.0, -300.0, -158.0, -167.0, -300.0, -147.0, -182.0, -223.0, -171.0, -170.0, -162.0, -300.0, -150.0, -300.0, -151.0, -235.0, -164.0, -300.0, -171.0, -160.0, -188.0, -300.0, -187.0, -300.0, -252.0, -171.0, -300.0, -300.0, -300.0, -300.0, -191.0, -300.0, -240.0, -156.0], [-254.0, -263.0, -229.0, -216.0, -275.0, -138.0, -158.0, -300.0, -300.0, -206.0, -203.0, -151.0, -192.0, -300.0, -291.0, -171.0, -300.0, -139.0, -206.0, -300.0, -205.0, -231.0, -300.0, -196.0, -161.0, -300.0, -143.0, -300.0, -191.0, -168.0, -300.0, -199.0, -256.0, -177.0, -143.0, -223.0, -300.0, -194.0, -174.0, -247.0, -177.0, -295.0, -300.0, -300.0, -213.0, -158.0, -300.0, -300.0, -163.0, -171.0, -300.0, -300.0, -151.0, -158.0, -300.0, -166.0, -235.0, -165.0, -300.0, -173.0, -300.0, -140.0, -183.0, -220.0, -183.0, -219.0, -163.0, -267.0, -218.0, -173.0, -239.0, -194.0, -224.0, -191.0, -147.0, -155.0, -300.0, -174.0, -169.0, -203.0, -300.0, -170.0, -300.0, -182.0, -300.0, -179.0, -228.0, -226.0, -136.0, -186.0, -257.0, -300.0, -260.0, -146.0, -178.0, -300.0, -195.0, -247.0, -139.0, -152.0], [-300.0, -176.0, -135.0, -227.0, -239.0, -156.0, -201.0, -150.0, -243.0, -139.0, -282.0, -263.0, -232.0, -151.0, -183.0, -166.0, -160.0, -191.0, -183.0, -173.0, -191.0, -151.0, -191.0, -191.0, -148.0, -152.0, -300.0, -168.0, -264.0, -300.0, -163.0, -240.0, -295.0, -300.0, -275.0, -156.0, -300.0, -145.0, -157.0, -163.0, -170.0, -300.0, -189.0, -262.0, -173.0, -223.0, -166.0, -180.0, -197.0, -184.0, -275.0, -147.0, -232.0, -300.0, -300.0, -300.0, -146.0, -300.0, -144.0, -191.0, -152.0, -179.0, -184.0, -263.0, -300.0, -151.0, -183.0, -156.0, -211.0, -161.0, -181.0, -300.0, -300.0, -146.0, -159.0, -199.0, -251.0, -179.0, -204.0, -148.0, -214.0, -180.0, -147.0, -247.0, -148.0, -198.0, -163.0, -300.0, -259.0, -145.0, -235.0, -300.0, -185.0, -174.0, -212.0, -167.0, -164.0, -139.0, -165.0, -147.0]], "success_matrix": [[false, false, true, false, true, true, true, true, true, true, true, true, true, false, false, true, false, false, true, true, false, true, true, false, false, true, true, true, true, true, true, true, true, true, true, true, true, true, true, true, true, true, true, true, true, true, true, false, true, false, true, true, true, true, true, true, true, true, false, true, false, true, true, true, false, true, true, true, true, false, false, true, true, false, true, true, true, true, true, false, true, true, false, false, true, true, true, true, true, true, true, true, false, true, true, true, true, true, true, true], [true, true, true, false, false, true, true, true, true, true, false, true, true, true, true, true, true, true, true, true, false, true, true, true, true, true, true, true, true, true, true, true, false, true, true, true, true, true, true, true, true, true, false, true, true, true, true, false, false, false, false, true, true, true, true, true, true, true, true, true, true, true, true, true, true, true, false, true, true, false, true, true, true, true, true, true, true, true, true, false, true, false, false, false, true, true, true, false, false, true, true, false, true, true, true, true, false, true, false, false], [false, true, true, true, true, true, true, true, true, true, true, false, true, true, true, true, true, true, true, false, true, true, true, true, false, true, true, true, true, true, true, true, true, true, true, false, true, true, true, false, true, true, true, true, false, true, true, false, true, true, false, true, true, true, true, true, true, true, true, true, true, true, false, true, true, false, false, false, true, true, false, true, true, true, true, true, true, false, true, false, true, true, true, false, true, true, true, false, true, false, true, true, false, false, false, false, true, false, true, true], [true, true, true, true, true, true, true, false, false, true, true, true, true, false, true, true, false, true, true, false, true, true, false, true, true, false, true, false, true, true, false, true, true, true, true, true, false, true, true, true, true, true, false, false, true, true, false, false, true, true, false, false, true, true, false, true, true, true, false, true, false, true, true, true, true, true, true, true, true, true, true, true, true, true, true, true, false, true, true, true, false, true, false, true, false, true, true, true, true, true, true, false, true, true, true, false, true, true, true, true], [false, true, true, true, true, true, true, true, true, true, true, true, true, true, true, true, true, true, true, true, true, true, true, true, true, true, false, true, true, false, true, true, true, false, true, true, false, true, true, true, true, false, true, true, true, true, true, true, true, true, true, true, true, false, false, false, true, false, true, true, true, true, true, true, false, true, true, true, true, true, true, false, false, true, true, true, true, true, true, true, true, true, true, true, true, true, true, false, true, true, true, false, true, true, true, true, true, true, true, true]], "ticket_name": "zo_envs10_iter100_cand10_lambda1.0_seed666_ddim8_20251210_050326/seed_671", "eval_noise_idx": 0, "eval_seed": 1619}