{"n_seeds": 5, "n_evals_per_seed": 100, "reward_mean": -116.98600006103516, "reward_std": 9.350640296936035, "success_mean": 0.8260000000000002, "success_std": 0.04335896677735758, "episode_seeds": [1619, 1620, 1621, 1622, 1623], "seed_reward_means": [-126.79000091552734, -111.95999908447266, -122.0199966430664, -103.27999877929688, -120.87999725341797], "seed_success_means": [0.79, 0.85, 0.81, 0.89, 0.79], "reward_matrix": [[-70.0, -59.0, -78.0, -300.0, -64.0, -58.0, -76.0, -68.0, -65.0, -75.0, -75.0, -74.0, -57.0, -112.0, -57.0, -300.0, -70.0, -300.0, -65.0, -300.0, -67.0, -63.0, -300.0, -57.0, -60.0, -300.0, -82.0, -65.0, -134.0, -62.0, -64.0, -80.0, -65.0, -157.0, -107.0, -70.0, -217.0, -300.0, -110.0, -73.0, -300.0, -68.0, -68.0, -66.0, -197.0, -300.0, -74.0, -101.0, -59.0, -63.0, -62.0, -91.0, -300.0, -300.0, -136.0, -61.0, -300.0, -61.0, -83.0, -199.0, -75.0, -300.0, -73.0, -300.0, -63.0, -66.0, -76.0, -300.0, -83.0, -139.0, -103.0, -300.0, -65.0, -67.0, -71.0, -67.0, -99.0, -68.0, -71.0, -72.0, -83.0, -72.0, -62.0, -62.0, -300.0, -111.0, -300.0, -300.0, -75.0, -66.0, -57.0, -75.0, -300.0, -91.0, -61.0, -300.0, -70.0, -65.0, -65.0, -61.0], [-61.0, -62.0, -56.0, -66.0, -300.0, -70.0, -145.0, -77.0, -300.0, -61.0, -64.0, -85.0, -300.0, -78.0, -61.0, -190.0, -68.0, -86.0, -66.0, -68.0, -97.0, -119.0, -106.0, -67.0, -63.0, -300.0, -83.0, -78.0, -67.0, -91.0, -104.0, -300.0, -65.0, -300.0, -68.0, -64.0, -97.0, -63.0, -61.0, -62.0, -67.0, -74.0, -300.0, -76.0, -76.0, -90.0, -65.0, -249.0, -54.0, -300.0, -73.0, -69.0, -73.0, -64.0, -72.0, -300.0, -58.0, -63.0, -80.0, -84.0, -82.0, -66.0, -57.0, -66.0, -68.0, -63.0, -74.0, -149.0, -73.0, -130.0, -300.0, -61.0, -300.0, -300.0, -66.0, -66.0, -63.0, -64.0, -73.0, -300.0, -300.0, -154.0, -57.0, -68.0, -63.0, -72.0, -72.0, -297.0, -57.0, -72.0, -61.0, -153.0, -69.0, -76.0, -84.0, -65.0, -62.0, -58.0, -74.0, -55.0], [-61.0, -82.0, -89.0, -300.0, -69.0, -113.0, -112.0, -300.0, -300.0, -300.0, -58.0, -300.0, -65.0, -81.0, -300.0, -89.0, -300.0, -61.0, -76.0, -79.0, -71.0, -195.0, -79.0, -109.0, -300.0, -98.0, -61.0, -132.0, -122.0, -68.0, -68.0, -66.0, -84.0, -65.0, -61.0, -249.0, -59.0, -300.0, -105.0, -73.0, -61.0, -62.0, -64.0, -65.0, -300.0, -60.0, -300.0, -79.0, -62.0, -113.0, -66.0, -54.0, -60.0, -64.0, -300.0, -87.0, -73.0, -63.0, -60.0, -58.0, -66.0, -81.0, -69.0, -300.0, -61.0, -64.0, -90.0, -67.0, -213.0, -56.0, -300.0, -66.0, -66.0, -300.0, -300.0, -69.0, -54.0, -69.0, -93.0, -69.0, -65.0, -67.0, -300.0, -71.0, -70.0, -78.0, -57.0, -60.0, -57.0, -65.0, -96.0, -83.0, -86.0, -72.0, -300.0, -68.0, -300.0, -172.0, -70.0, -61.0], [-300.0, -61.0, -300.0, -66.0, -60.0, -185.0, -300.0, -57.0, -89.0, -65.0, -69.0, -125.0, -67.0, -173.0, -94.0, -61.0, -140.0, -300.0, -84.0, -62.0, -66.0, -157.0, -70.0, -64.0, -81.0, -77.0, -55.0, -67.0, -58.0, -80.0, -170.0, -67.0, -66.0, -56.0, -68.0, -64.0, -73.0, -63.0, -68.0, -74.0, -300.0, -97.0, -61.0, -77.0, -75.0, -98.0, -97.0, -66.0, -55.0, -62.0, -300.0, -74.0, -66.0, -56.0, -77.0, -66.0, -65.0, -80.0, -60.0, -62.0, -300.0, -56.0, -82.0, -78.0, -66.0, -125.0, -77.0, -76.0, -63.0, -73.0, -90.0, -65.0, -60.0, -88.0, -64.0, -59.0, -66.0, -63.0, -72.0, -68.0, -61.0, -66.0, -116.0, -65.0, -67.0, -73.0, -70.0, -300.0, -65.0, -77.0, -300.0, -300.0, -113.0, -114.0, -109.0, -88.0, -300.0, -87.0, -73.0, -97.0], [-208.0, -109.0, -300.0, -67.0, -300.0, -63.0, -300.0, -55.0, -63.0, -74.0, -63.0, -78.0, -300.0, -300.0, -56.0, -77.0, -61.0, -71.0, -61.0, -58.0, -300.0, -300.0, -67.0, -82.0, -72.0, -300.0, -62.0, -300.0, -66.0, -69.0, -300.0, -67.0, -66.0, -81.0, -55.0, -300.0, -60.0, -117.0, -67.0, -226.0, -62.0, -83.0, -64.0, -65.0, -300.0, -300.0, -54.0, -69.0, -300.0, -57.0, -73.0, -300.0, -64.0, -300.0, -65.0, -70.0, -68.0, -72.0, -58.0, -90.0, -58.0, -64.0, -59.0, -65.0, -300.0, -51.0, -145.0, -67.0, -58.0, -300.0, -72.0, -84.0, -55.0, -62.0, -53.0, -63.0, -65.0, -65.0, -69.0, -83.0, -300.0, -71.0, -97.0, -300.0, -60.0, -83.0, -71.0, -63.0, -53.0, -69.0, -70.0, -55.0, -138.0, -56.0, -60.0, -74.0, -59.0, -297.0, -71.0, -68.0]], "success_matrix": [[true, true, true, false, true, true, true, true, true, true, true, true, true, true, true, false, true, false, true, false, true, true, false, true, true, false, true, true, true, true, true, true, true, true, true, true, true, false, true, true, false, true, true, true, true, false, true, true, true, true, true, true, false, false, true, true, false, true, true, true, true, false, true, false, true, true, true, false, true, true, true, false, true, true, true, true, true, true, true, true, true, true, true, true, false, true, false, false, true, true, true, true, false, true, true, false, true, true, true, true], [true, true, true, true, false, true, true, true, false, true, true, true, false, true, true, true, true, true, true, true, true, true, true, true, true, false, true, true, true, true, true, false, true, false, true, true, true, true, true, true, true, true, false, true, true, true, true, true, true, false, true, true, true, true, true, false, true, true, true, true, true, true, true, true, true, true, true, true, true, true, false, true, false, false, true, true, true, true, true, false, false, true, true, true, true, true, true, false, true, true, true, true, true, true, true, true, true, true, true, true], [true, true, true, false, true, true, true, false, false, false, true, false, true, true, false, true, false, true, true, true, true, true, true, true, false, true, true, true, true, true, true, true, true, true, true, true, true, false, true, true, true, true, true, true, false, true, false, true, true, true, true, true, true, true, false, true, true, true, true, true, true, true, true, false, true, true, true, true, true, true, false, true, true, false, false, true, true, true, true, true, true, true, false, true, true, true, true, true, true, true, true, true, true, true, false, true, false, true, true, true], [false, true, false, true, true, true, false, true, true, true, true, true, true, true, true, true, true, false, true, true, true, true, true, true, true, true, true, true, true, true, true, true, true, true, true, true, true, true, true, true, false, true, true, true, true, true, true, true, true, true, false, true, true, true, true, true, true, true, true, true, false, true, true, true, true, true, true, true, true, true, true, true, true, true, true, true, true, true, true, true, true, true, true, true, true, true, true, false, true, true, false, false, true, true, true, true, false, true, true, true], [true, true, false, true, false, true, false, true, true, true, true, true, false, false, true, true, true, true, true, true, false, false, true, true, true, false, true, false, true, true, false, true, true, true, true, false, true, true, true, true, true, true, true, true, false, false, true, true, false, true, true, false, true, false, true, true, true, true, true, true, true, true, true, true, false, true, true, true, true, false, true, true, true, true, true, true, true, true, true, true, false, true, true, false, true, true, true, true, true, true, true, true, true, true, true, true, true, false, true, true]], "ticket_name": "zo_envs10_iter100_cand10_lambda5.0_seed666_ddim8_20251213_184024/seed_670", "eval_noise_idx": 0, "eval_seed": 1619}