{
  "n_noise_indices": 3,
  "eval_indices": [
    0,
    1,
    2
  ],
  "reward_mean_across_indices": -207.83332316080728,
  "reward_std_across_indices": 9.963628400046682,
  "success_mean_across_indices": 0.684,
  "success_std_across_indices": 0.04660472079092417,
  "per_index_results": {
    "0": {
      "reward_mean": -207.25399780273438,
      "reward_std": 7.731410503387451,
      "success_mean": 0.736,
      "success_std": 0.04498888751680797
    },
    "1": {
      "reward_mean": -218.073974609375,
      "reward_std": 8.424979209899902,
      "success_mean": 0.6699999999999999,
      "success_std": 0.05366563145999495
    },
    "2": {
      "reward_mean": -198.1719970703125,
      "reward_std": 6.878126621246338,
      "success_mean": 0.646,
      "success_std": 0.04127953488110059
    }
  }
}