{"n_seeds": 5, "n_evals_per_seed": 100, "reward_mean": -116.35799407958984, "reward_std": 8.372514724731445, "success_mean": 0.752, "success_std": 0.046043457732885346, "episode_seeds": [1619, 1620, 1621, 1622, 1623], "seed_reward_means": [-120.7300033569336, -120.23999786376953, -102.30999755859375, -115.25, -123.26000213623047], "seed_success_means": [0.73, 0.74, 0.83, 0.75, 0.71], "reward_matrix": [[-57.0, -50.0, -300.0, -48.0, -50.0, -51.0, -54.0, -55.0, -300.0, -51.0, -52.0, -54.0, -52.0, -49.0, -44.0, -300.0, -51.0, -300.0, -51.0, -55.0, -59.0, -51.0, -48.0, -47.0, -55.0, -49.0, -59.0, -300.0, -47.0, -51.0, -51.0, -56.0, -57.0, -300.0, -54.0, -51.0, -159.0, -300.0, -59.0, -46.0, -51.0, -300.0, -55.0, -50.0, -67.0, -300.0, -54.0, -48.0, -53.0, -300.0, -47.0, -56.0, -300.0, -300.0, -51.0, -79.0, -49.0, -300.0, -63.0, -59.0, -63.0, -300.0, -59.0, -300.0, -48.0, -52.0, -52.0, -300.0, -63.0, -300.0, -51.0, -54.0, -51.0, -47.0, -45.0, -48.0, -55.0, -51.0, -50.0, -300.0, -300.0, -56.0, -52.0, -52.0, -300.0, -47.0, -59.0, -300.0, -52.0, -300.0, -52.0, -50.0, -300.0, -59.0, -49.0, -300.0, -300.0, -300.0, -300.0, -51.0], [-50.0, -44.0, -43.0, -300.0, -63.0, -51.0, -123.0, -91.0, -300.0, -300.0, -45.0, -55.0, -59.0, -300.0, -51.0, -300.0, -51.0, -267.0, -50.0, -51.0, -64.0, -55.0, -54.0, -300.0, -49.0, -299.0, -300.0, -47.0, -51.0, -51.0, -59.0, -300.0, -51.0, -300.0, -60.0, -52.0, -50.0, -54.0, -48.0, -300.0, -300.0, -48.0, -67.0, -47.0, -300.0, -54.0, -49.0, -300.0, -51.0, -300.0, -49.0, -55.0, -51.0, -300.0, -51.0, -48.0, -51.0, -52.0, -47.0, -51.0, -55.0, -52.0, -300.0, -48.0, -52.0, -300.0, -67.0, -66.0, -55.0, -55.0, -300.0, -51.0, -54.0, -300.0, -52.0, -71.0, -47.0, -48.0, -52.0, -44.0, -300.0, -91.0, -55.0, -51.0, -51.0, -300.0, -54.0, -49.0, -51.0, -300.0, -51.0, -300.0, -48.0, -300.0, -59.0, -47.0, -48.0, -43.0, -48.0, -300.0], [-300.0, -50.0, -62.0, -300.0, -52.0, -59.0, -52.0, -300.0, -300.0, -95.0, -52.0, -300.0, -300.0, -59.0, -56.0, -79.0, -59.0, -46.0, -56.0, -50.0, -50.0, -66.0, -56.0, -163.0, -300.0, -51.0, -51.0, -101.0, -51.0, -300.0, -273.0, -51.0, -51.0, -54.0, -44.0, -59.0, -55.0, -300.0, -56.0, -49.0, -47.0, -47.0, -300.0, -58.0, -300.0, -50.0, -55.0, -59.0, -46.0, -55.0, -51.0, -51.0, -51.0, -52.0, -51.0, -55.0, -46.0, -55.0, -51.0, -47.0, -51.0, -68.0, -50.0, -51.0, -51.0, -191.0, -52.0, -50.0, -300.0, -43.0, -76.0, -50.0, -52.0, -300.0, -51.0, -51.0, -47.0, -56.0, -61.0, -55.0, -300.0, -56.0, -143.0, -55.0, -300.0, -51.0, -51.0, -52.0, -50.0, -60.0, -54.0, -48.0, -101.0, -300.0, -48.0, -47.0, -300.0, -68.0, -51.0, -55.0], [-300.0, -55.0, -300.0, -300.0, -51.0, -298.0, -47.0, -47.0, -48.0, -50.0, -52.0, -300.0, -47.0, -300.0, -50.0, -51.0, -300.0, -300.0, -53.0, -47.0, -54.0, -49.0, -55.0, -54.0, -54.0, -47.0, -300.0, -300.0, -51.0, -55.0, -83.0, -49.0, -51.0, -46.0, -54.0, -50.0, -49.0, -47.0, -63.0, -50.0, -300.0, -56.0, -66.0, -50.0, -47.0, -58.0, -55.0, -300.0, -45.0, -47.0, -300.0, -51.0, -51.0, -52.0, -55.0, -300.0, -47.0, -63.0, -300.0, -300.0, -300.0, -47.0, -52.0, -55.0, -47.0, -51.0, -55.0, -52.0, -300.0, -300.0, -67.0, -50.0, -51.0, -300.0, -54.0, -47.0, -48.0, -51.0, -52.0, -50.0, -50.0, -50.0, -300.0, -44.0, -53.0, -300.0, -50.0, -52.0, -56.0, -47.0, -51.0, -300.0, -56.0, -300.0, -63.0, -52.0, -300.0, -163.0, -51.0, -58.0], [-59.0, -46.0, -300.0, -51.0, -300.0, -47.0, -53.0, -47.0, -48.0, -51.0, -48.0, -50.0, -300.0, -51.0, -300.0, -54.0, -55.0, -52.0, -52.0, -300.0, -300.0, -52.0, -44.0, -50.0, -59.0, -300.0, -300.0, -300.0, -47.0, -47.0, -50.0, -300.0, -300.0, -51.0, -51.0, -47.0, -54.0, -300.0, -50.0, -300.0, -44.0, -83.0, -51.0, -47.0, -47.0, -48.0, -47.0, -51.0, -51.0, -300.0, -52.0, -297.0, -295.0, -300.0, -300.0, -49.0, -300.0, -51.0, -51.0, -52.0, -54.0, -51.0, -47.0, -48.0, -296.0, -47.0, -56.0, -47.0, -51.0, -300.0, -300.0, -300.0, -50.0, -300.0, -51.0, -50.0, -49.0, -300.0, -54.0, -71.0, -51.0, -300.0, -54.0, -300.0, -47.0, -51.0, -47.0, -56.0, -300.0, -51.0, -51.0, -50.0, -66.0, -47.0, -48.0, -51.0, -55.0, -300.0, -50.0, -47.0]], "success_matrix": [[true, true, false, true, true, true, true, true, false, true, true, true, true, true, true, false, true, false, true, true, true, true, true, true, true, true, true, false, true, true, true, true, true, false, true, true, true, false, true, true, true, false, true, true, true, false, true, true, true, false, true, true, false, false, true, true, true, false, true, true, true, false, true, false, true, true, true, false, true, false, true, true, true, true, true, true, true, true, true, false, false, true, true, true, false, true, true, false, true, false, true, true, false, true, true, false, false, false, false, true], [true, true, true, false, true, true, true, true, false, false, true, true, true, false, true, false, true, true, true, true, true, true, true, false, true, false, false, true, true, true, true, false, true, false, true, true, true, true, true, false, false, true, true, true, false, true, true, false, true, false, true, true, true, false, true, true, true, true, true, true, true, true, false, true, true, false, true, true, true, true, false, true, true, false, true, true, true, true, true, true, false, true, true, true, true, false, true, true, true, false, true, false, true, false, true, true, true, true, true, false], [false, true, true, false, true, true, true, false, false, true, true, false, false, true, true, true, true, true, true, true, true, true, true, true, false, true, true, true, true, false, true, true, true, true, true, true, true, false, true, true, true, true, false, true, false, true, true, true, true, true, true, true, true, true, true, true, true, true, true, true, true, true, true, true, true, true, true, true, false, true, true, true, true, false, true, true, true, true, true, true, false, true, true, true, false, true, true, true, true, true, true, true, true, false, true, true, false, true, true, true], [false, true, false, false, true, false, true, true, true, true, true, false, true, false, true, true, false, false, true, true, true, true, true, true, true, true, false, false, true, true, true, true, true, true, true, true, true, true, true, true, false, true, true, true, true, true, true, false, true, true, false, true, true, true, true, false, true, true, false, false, false, true, true, true, true, true, true, true, false, false, true, true, true, false, true, true, true, true, true, true, true, true, false, true, true, false, true, true, true, true, true, false, true, false, true, true, false, true, true, true], [true, true, false, true, false, true, true, true, true, true, true, true, false, true, false, true, true, true, true, false, false, true, true, true, true, false, false, false, true, true, true, false, false, true, true, true, true, false, true, false, true, true, true, true, true, true, true, true, true, false, true, false, false, false, false, true, false, true, true, true, true, true, true, true, false, true, true, true, true, false, false, false, true, false, true, true, true, false, true, true, true, false, true, false, true, true, true, true, false, true, true, true, true, true, true, true, true, false, true, true]], "ticket_name": "zo_envs10_iter100_cand10_lambda1.0_seed666_ddim8_20251210_084952/seed_667", "eval_noise_idx": 0, "eval_seed": 1619}