{"num_noise_samples": 501, "num_envs": 10, "success_rate_mean": 0.3121756613254547, "success_rate_std": 0.23381927609443665, "best_success_rate": 0.9, "best_original_index": 496, "success_rates_sorted": [0.9, 0.8, 0.8, 0.8, 0.8, 0.8, 0.8, 0.8, 0.8, 0.8, 0.8, 0.8, 0.8, 0.8, 0.8, 0.8, 0.7, 0.7, 0.7, 0.7, 0.7, 0.7, 0.7, 0.7, 0.7, 0.7, 0.7, 0.7, 0.7, 0.7, 0.7, 0.7, 0.7, 0.7, 0.7, 0.7, 0.7, 0.7, 0.7, 0.7, 0.7, 0.7, 0.7, 0.7, 0.6, 0.6, 0.6, 0.6, 0.6, 0.6, 0.6, 0.6, 0.6, 0.6, 0.6, 0.6, 0.6, 0.6, 0.6, 0.6, 0.6, 0.6, 0.6, 0.6, 0.6, 0.6, 0.6, 0.6, 0.6, 0.6, 0.6, 0.6, 0.6, 0.6, 0.6, 0.6, 0.6, 0.6, 0.6, 0.6, 0.6, 0.6, 0.6, 0.6, 0.6, 0.6, 0.6, 0.6, 0.6, 0.6, 0.6, 0.6, 0.5, 0.5, 0.5, 0.5, 0.5, 0.5, 0.5, 0.5, 0.5, 0.5, 0.5, 0.5, 0.5, 0.5, 0.5, 0.5, 0.5, 0.5, 0.5, 0.5, 0.5, 0.5, 0.5, 0.5, 0.5, 0.5, 0.5, 0.5, 0.5, 0.5, 0.5, 0.5, 0.5, 0.5, 0.5, 0.5, 0.5, 0.5, 0.5, 0.5, 0.5, 0.5, 0.5, 0.5, 0.5, 0.5, 0.5, 0.5, 0.5, 0.5, 0.5, 0.5, 0.5, 0.5, 0.5, 0.5, 0.5, 0.5, 0.5, 0.5, 0.5, 0.4, 0.4, 0.4, 0.4, 0.4, 0.4, 0.4, 0.4, 0.4, 0.4, 0.4, 0.4, 0.4, 0.4, 0.4, 0.4, 0.4, 0.4, 0.4, 0.4, 0.4, 0.4, 0.4, 0.4, 0.4, 0.4, 0.4, 0.4, 0.4, 0.4, 0.4, 0.4, 0.4, 0.4, 0.4, 0.4, 0.4, 0.4, 0.4, 0.4, 0.4, 0.4, 0.4, 0.4, 0.4, 0.4, 0.4, 0.4, 0.4, 0.4, 0.4, 0.4, 0.4, 0.4, 0.4, 0.4, 0.4, 0.4, 0.4, 0.4, 0.4, 0.4, 0.4, 0.4, 0.4, 0.4, 0.4, 0.4, 0.3, 0.3, 0.3, 0.3, 0.3, 0.3, 0.3, 0.3, 0.3, 0.3, 0.3, 0.3, 0.3, 0.3, 0.3, 0.3, 0.3, 0.3, 0.3, 0.3, 0.3, 0.3, 0.3, 0.3, 0.3, 0.3, 0.3, 0.3, 0.3, 0.3, 0.3, 0.3, 0.3, 0.3, 0.3, 0.3, 0.3, 0.3, 0.3, 0.3, 0.3, 0.3, 0.3, 0.3, 0.3, 0.3, 0.3, 0.3, 0.3, 0.3, 0.3, 0.3, 0.3, 0.3, 0.3, 0.3, 0.3, 0.3, 0.3, 0.2, 0.2, 0.2, 0.2, 0.2, 0.2, 0.2, 0.2, 0.2, 0.2, 0.2, 0.2, 0.2, 0.2, 0.2, 0.2, 0.2, 0.2, 0.2, 0.2, 0.2, 0.2, 0.2, 0.2, 0.2, 0.2, 0.2, 0.2, 0.2, 0.2, 0.2, 0.2, 0.2, 0.2, 0.2, 0.2, 0.2, 0.2, 0.2, 0.2, 0.2, 0.2, 0.2, 0.2, 0.2, 0.2, 0.2, 0.2, 0.2, 0.2, 0.2, 0.2, 0.2, 0.2, 0.2, 0.2, 0.2, 0.2, 0.2, 0.2, 0.2, 0.2, 0.2, 0.2, 0.2, 0.2, 0.2, 0.1, 0.1, 0.1, 0.1, 0.1, 0.1, 0.1, 0.1, 0.1, 0.1, 0.1, 0.1, 0.1, 0.1, 0.1, 0.1, 0.1, 0.1, 0.1, 0.1, 0.1, 0.1, 0.1, 0.1, 0.1, 0.1, 0.1, 0.1, 0.1, 0.1, 0.1, 0.1, 0.1, 0.1, 0.1, 0.1, 0.1, 0.1, 0.1, 0.1, 0.1, 0.1, 0.1, 0.1, 0.1, 0.1, 0.1, 0.1, 0.1, 0.1, 0.1, 0.1, 0.1, 0.1, 0.1, 0.1, 0.1, 0.1, 0.1, 0.1, 0.1, 0.1, 0.1, 0.0, 0.0, 0.0, 0.0, 0.0, 0.0, 0.0, 0.0, 0.0, 0.0, 0.0, 0.0, 0.0, 0.0, 0.0, 0.0, 0.0, 0.0, 0.0, 0.0, 0.0, 0.0, 0.0, 0.0, 0.0, 0.0, 0.0, 0.0, 0.0, 0.0, 0.0, 0.0, 0.0, 0.0, 0.0, 0.0, 0.0, 0.0, 0.0, 0.0, 0.0, 0.0, 0.0, 0.0, 0.0, 0.0, 0.0, 0.0, 0.0, 0.0, 0.0, 0.0, 0.0, 0.0, 0.0, 0.0, 0.0, 0.0, 0.0, 0.0, 0.0, 0.0, 0.0, 0.0, 0.0, 0.0, 0.0, 0.0, 0.0, 0.0, 0.0, 0.0, 0.0, 0.0, 0.0, 0.0, 0.0, 0.0, 0.0, 0.0, 0.0, 0.0, 0.0, 0.0, 0.0, 0.0, 0.0, 0.0, 0.0, 0.0, 0.0], "original_success_rates": [0.0, 0.0, 0.0, 0.0, 0.0, 0.0, 0.0, 0.0, 0.0, 0.0, 0.0, 0.0, 0.0, 0.0, 0.0, 0.0, 0.0, 0.0, 0.0, 0.0, 0.0, 0.0, 0.0, 0.0, 0.0, 0.0, 0.0, 0.0, 0.0, 0.0, 0.1, 0.0, 0.0, 0.0, 0.1, 0.0, 0.0, 0.1, 0.0, 0.0, 0.0, 0.0, 0.0, 0.0, 0.0, 0.0, 0.1, 0.1, 0.0, 0.0, 0.0, 0.1, 0.1, 0.1, 0.0, 0.0, 0.0, 0.0, 0.0, 0.0, 0.0, 0.0, 0.0, 0.1, 0.0, 0.1, 0.0, 0.0, 0.1, 0.2, 0.0, 0.0, 0.2, 0.0, 0.0, 0.1, 0.1, 0.1, 0.0, 0.1, 0.2, 0.2, 0.0, 0.3, 0.1, 0.0, 0.2, 0.1, 0.1, 0.0, 0.0, 0.3, 0.1, 0.1, 0.1, 0.3, 0.0, 0.0, 0.2, 0.1, 0.2, 0.2, 0.2, 0.1, 0.2, 0.1, 0.0, 0.2, 0.2, 0.1, 0.2, 0.0, 0.2, 0.3, 0.1, 0.1, 0.0, 0.2, 0.1, 0.0, 0.1, 0.0, 0.2, 0.0, 0.1, 0.1, 0.2, 0.1, 0.0, 0.0, 0.0, 0.0, 0.0, 0.2, 0.1, 0.1, 0.2, 0.2, 0.0, 0.3, 0.2, 0.3, 0.2, 0.3, 0.3, 0.4, 0.2, 0.1, 0.3, 0.1, 0.3, 0.4, 0.4, 0.1, 0.4, 0.3, 0.3, 0.2, 0.5, 0.3, 0.3, 0.4, 0.5, 0.3, 0.4, 0.2, 0.3, 0.5, 0.5, 0.3, 0.4, 0.6, 0.6, 0.4, 0.5, 0.4, 0.2, 0.4, 0.3, 0.5, 0.4, 0.0, 0.2, 0.2, 0.2, 0.5, 0.5, 0.1, 0.6, 0.5, 0.4, 0.1, 0.4, 0.3, 0.4, 0.2, 0.4, 0.3, 0.1, 0.3, 0.2, 0.2, 0.7, 0.4, 0.3, 0.1, 0.3, 0.5, 0.2, 0.4, 0.1, 0.3, 0.4, 0.1, 0.5, 0.4, 0.1, 0.2, 0.3, 0.3, 0.2, 0.3, 0.4, 0.3, 0.0, 0.2, 0.5, 0.3, 0.3, 0.3, 0.1, 0.3, 0.3, 0.0, 0.2, 0.2, 0.1, 0.2, 0.2, 0.6, 0.5, 0.2, 0.2, 0.2, 0.0, 0.3, 0.6, 0.2, 0.2, 0.2, 0.4, 0.4, 0.3, 0.5, 0.4, 0.3, 0.2, 0.1, 0.4, 0.3, 0.2, 0.4, 0.3, 0.1, 0.2, 0.7, 0.5, 0.1, 0.6, 0.3, 0.4, 0.4, 0.5, 0.2, 0.5, 0.4, 0.1, 0.1, 0.6, 0.5, 0.6, 0.1, 0.3, 0.4, 0.1, 0.4, 0.4, 0.2, 0.5, 0.5, 0.5, 0.2, 0.3, 0.2, 0.3, 0.4, 0.2, 0.5, 0.1, 0.4, 0.5, 0.6, 0.4, 0.4, 0.6, 0.6, 0.5, 0.1, 0.3, 0.4, 0.2, 0.6, 0.5, 0.3, 0.2, 0.4, 0.6, 0.1, 0.5, 0.7, 0.4, 0.5, 0.4, 0.2, 0.5, 0.2, 0.3, 0.4, 0.2, 0.6, 0.1, 0.4, 0.4, 0.1, 0.1, 0.1, 0.4, 0.0, 0.7, 0.4, 0.1, 0.7, 0.2, 0.4, 0.4, 0.4, 0.1, 0.0, 0.2, 0.2, 0.5, 0.6, 0.5, 0.6, 0.0, 0.4, 0.3, 0.5, 0.0, 0.6, 0.5, 0.2, 0.0, 0.6, 0.7, 0.8, 0.6, 0.5, 0.7, 0.3, 0.1, 0.6, 0.7, 0.4, 0.8, 0.0, 0.6, 0.8, 0.5, 0.5, 0.7, 0.7, 0.5, 0.7, 0.6, 0.5, 0.8, 0.8, 0.2, 0.3, 0.5, 0.5, 0.4, 0.5, 0.5, 0.6, 0.6, 0.3, 0.6, 0.6, 0.5, 0.3, 0.4, 0.2, 0.5, 0.3, 0.4, 0.5, 0.6, 0.6, 0.7, 0.4, 0.4, 0.8, 0.5, 0.7, 0.5, 0.3, 0.7, 0.4, 0.7, 0.8, 0.6, 0.5, 0.4, 0.3, 0.7, 0.5, 0.5, 0.6, 0.5, 0.6, 0.4, 0.7, 0.6, 0.3, 0.2, 0.5, 0.5, 0.5, 0.4, 0.4, 0.5, 0.6, 0.5, 0.6, 0.6, 0.6, 0.7, 0.6, 0.4, 0.6, 0.5, 0.4, 0.6, 0.3, 0.6, 0.7, 0.6, 0.7, 0.3, 0.8, 0.8, 0.2, 0.8, 0.4, 0.5, 0.6, 0.3, 0.5, 0.8, 0.4, 0.6, 0.3, 0.3, 0.8, 0.5, 0.7, 0.4, 0.6, 0.7, 0.8, 0.5, 0.6, 0.7, 0.5, 0.7, 0.7, 0.4, 0.6, 0.6, 0.7, 0.4, 0.8, 0.8, 0.4, 0.9, 0.7, 0.7, 0.6, 0.4], "seed": 668, "env_seeds": [3392309375, 2576832973, 3602826677, 177538278, 2250722374, 3555615301, 2571209208, 2201306384, 1214019262, 1014873346]}