{"n_seeds": 5, "n_evals_per_seed": 100, "reward_mean": -262.760009765625, "reward_std": 3.4552900791168213, "success_mean": 0.5700000000000001, "success_std": 0.055497747702046435, "episode_seeds": [1619, 1620, 1621, 1622, 1623], "seed_reward_means": [-258.3299865722656, -263.20001220703125, -266.4200134277344, -266.55999755859375, -259.2900085449219], "seed_success_means": [0.67, 0.57, 0.55, 0.5, 0.56], "reward_matrix": [[-300.0, -296.0, -300.0, -300.0, -300.0, -300.0, -230.0, -184.0, -228.0, -226.0, -294.0, -231.0, -184.0, -217.0, -227.0, -208.0, -300.0, -242.0, -216.0, -203.0, -273.0, -194.0, -226.0, -300.0, -300.0, -300.0, -189.0, -276.0, -286.0, -300.0, -199.0, -300.0, -257.0, -288.0, -300.0, -205.0, -300.0, -240.0, -260.0, -241.0, -298.0, -300.0, -280.0, -210.0, -300.0, -219.0, -195.0, -279.0, -300.0, -264.0, -221.0, -280.0, -300.0, -188.0, -230.0, -226.0, -300.0, -226.0, -300.0, -242.0, -285.0, -184.0, -300.0, -300.0, -300.0, -210.0, -259.0, -268.0, -222.0, -252.0, -269.0, -300.0, -226.0, -300.0, -260.0, -291.0, -191.0, -222.0, -254.0, -300.0, -300.0, -272.0, -273.0, -268.0, -274.0, -300.0, -252.0, -300.0, -300.0, -207.0, -269.0, -209.0, -300.0, -300.0, -231.0, -208.0, -272.0, -300.0, -194.0, -233.0], [-300.0, -228.0, -300.0, -298.0, -300.0, -300.0, -300.0, -300.0, -235.0, -284.0, -185.0, -200.0, -214.0, -300.0, -208.0, -254.0, -300.0, -288.0, -300.0, -300.0, -300.0, -300.0, -203.0, -211.0, -217.0, -231.0, -277.0, -300.0, -272.0, -258.0, -230.0, -253.0, -246.0, -300.0, -255.0, -215.0, -300.0, -246.0, -287.0, -300.0, -269.0, -300.0, -300.0, -203.0, -300.0, -300.0, -300.0, -282.0, -279.0, -300.0, -280.0, -227.0, -300.0, -300.0, -300.0, -238.0, -262.0, -300.0, -300.0, -292.0, -166.0, -295.0, -300.0, -198.0, -300.0, -200.0, -300.0, -216.0, -300.0, -286.0, -232.0, -232.0, -300.0, -227.0, -268.0, -196.0, -244.0, -196.0, -200.0, -300.0, -226.0, -300.0, -300.0, -300.0, -192.0, -210.0, -240.0, -300.0, -300.0, -300.0, -300.0, -238.0, -236.0, -199.0, -216.0, -277.0, -300.0, -300.0, -160.0, -243.0], [-233.0, -300.0, -300.0, -232.0, -210.0, -212.0, -212.0, -203.0, -300.0, -300.0, -300.0, -278.0, -300.0, -206.0, -300.0, -288.0, -221.0, -224.0, -300.0, -300.0, -300.0, -269.0, -300.0, -212.0, -208.0, -196.0, -196.0, -300.0, -300.0, -283.0, -300.0, -260.0, -260.0, -200.0, -300.0, -300.0, -230.0, -300.0, -300.0, -300.0, -225.0, -300.0, -228.0, -300.0, -212.0, -300.0, -279.0, -300.0, -259.0, -296.0, -208.0, -192.0, -236.0, -300.0, -287.0, -276.0, -300.0, -291.0, -300.0, -205.0, -300.0, -214.0, -300.0, -266.0, -288.0, -300.0, -300.0, -300.0, -300.0, -218.0, -300.0, -222.0, -220.0, -273.0, -300.0, -198.0, -200.0, -266.0, -300.0, -229.0, -300.0, -222.0, -285.0, -300.0, -300.0, -196.0, -300.0, -300.0, -251.0, -300.0, -300.0, -300.0, -300.0, -254.0, -275.0, -298.0, -238.0, -255.0, -270.0, -277.0], [-300.0, -300.0, -218.0, -300.0, -218.0, -300.0, -222.0, -300.0, -300.0, -267.0, -276.0, -214.0, -300.0, -300.0, -250.0, -300.0, -300.0, -273.0, -300.0, -300.0, -300.0, -294.0, -187.0, -300.0, -207.0, -263.0, -215.0, -300.0, -300.0, -224.0, -300.0, -194.0, -300.0, -228.0, -210.0, -240.0, -254.0, -278.0, -300.0, -300.0, -216.0, -274.0, -300.0, -300.0, -300.0, -297.0, -294.0, -300.0, -177.0, -300.0, -300.0, -300.0, -208.0, -237.0, -300.0, -208.0, -300.0, -207.0, -297.0, -271.0, -185.0, -236.0, -193.0, -262.0, -255.0, -300.0, -273.0, -260.0, -300.0, -298.0, -259.0, -294.0, -222.0, -235.0, -300.0, -300.0, -242.0, -300.0, -298.0, -300.0, -300.0, -300.0, -210.0, -216.0, -300.0, -232.0, -300.0, -300.0, -196.0, -300.0, -300.0, -242.0, -242.0, -300.0, -300.0, -300.0, -194.0, -300.0, -195.0, -199.0], [-300.0, -300.0, -225.0, -300.0, -256.0, -300.0, -247.0, -300.0, -300.0, -185.0, -286.0, -180.0, -244.0, -193.0, -202.0, -252.0, -170.0, -261.0, -229.0, -232.0, -272.0, -227.0, -300.0, -260.0, -251.0, -200.0, -300.0, -228.0, -300.0, -300.0, -242.0, -238.0, -266.0, -300.0, -300.0, -197.0, -300.0, -191.0, -254.0, -300.0, -300.0, -187.0, -300.0, -300.0, -235.0, -238.0, -204.0, -300.0, -300.0, -300.0, -280.0, -179.0, -256.0, -300.0, -300.0, -300.0, -206.0, -300.0, -205.0, -300.0, -203.0, -271.0, -300.0, -300.0, -300.0, -300.0, -300.0, -300.0, -249.0, -300.0, -300.0, -227.0, -246.0, -244.0, -300.0, -231.0, -300.0, -300.0, -211.0, -300.0, -269.0, -300.0, -188.0, -279.0, -255.0, -208.0, -300.0, -222.0, -300.0, -180.0, -217.0, -192.0, -215.0, -300.0, -300.0, -300.0, -218.0, -300.0, -211.0, -215.0]], "success_matrix": [[false, true, false, false, false, false, true, true, true, true, true, true, true, true, true, true, false, true, true, true, true, true, true, false, false, false, true, true, true, false, true, false, true, true, false, true, false, true, true, true, false, false, true, true, false, true, true, true, false, true, true, true, false, true, true, true, false, true, false, true, true, true, false, false, false, true, true, true, true, true, true, false, true, false, true, true, true, true, true, false, false, true, true, true, true, false, true, false, false, true, true, true, false, false, true, true, true, false, true, true], [false, true, false, false, false, false, false, false, true, true, true, true, true, false, true, true, false, true, false, false, false, false, true, true, true, true, true, false, true, true, true, true, true, false, true, true, false, true, true, false, true, false, false, true, false, false, false, true, true, false, true, true, false, false, false, true, true, false, false, true, true, true, false, true, false, true, false, true, false, true, true, true, false, true, true, true, true, true, true, false, true, false, false, false, true, true, true, false, false, false, false, true, true, true, true, true, false, false, true, true], [true, false, false, true, true, true, true, true, false, false, false, true, false, true, false, true, true, true, false, false, false, true, false, true, true, true, true, false, false, true, false, true, true, true, false, false, true, false, false, false, true, false, true, false, true, false, true, false, true, true, true, true, true, false, true, true, false, true, false, true, false, true, false, true, true, false, false, false, false, true, false, true, true, true, false, true, true, true, false, true, false, true, true, false, false, true, false, false, true, false, false, false, false, true, true, false, true, true, true, true], [false, false, true, false, true, false, true, false, false, true, true, true, false, false, true, false, false, true, false, false, false, true, true, false, true, true, true, false, false, true, false, true, false, true, true, true, true, true, false, false, true, true, false, false, false, false, true, false, true, false, false, false, true, true, false, true, false, true, false, true, true, true, true, true, true, false, true, true, false, false, true, true, true, true, false, false, true, false, false, false, false, false, true, true, false, true, false, false, true, false, false, true, true, false, false, false, true, false, true, true], [false, false, true, false, true, false, true, false, false, true, true, true, true, true, true, true, true, true, true, true, true, true, false, true, true, true, false, true, false, false, true, true, true, false, false, true, false, true, true, false, false, true, false, false, true, true, true, false, false, false, true, true, true, false, false, false, true, false, true, false, true, true, false, false, false, false, false, false, true, false, false, true, true, true, false, true, false, false, true, false, true, false, true, true, true, true, false, true, false, true, true, true, true, false, false, false, true, false, true, true]], "ticket_name": "envs50_samples5000_seed999_ddim8_20251130_223116_nenvs_50", "eval_noise_idx": 15, "eval_seed": 1619}