{"n_seeds": 5, "n_evals_per_seed": 100, "reward_mean": -331.3540344238281, "reward_std": 3.5917491912841797, "success_mean": 0.406, "success_std": 0.03130495168499706, "episode_seeds": [1619, 1620, 1621, 1622, 1623], "seed_reward_means": [-336.1700134277344, -328.6400146484375, -329.6499938964844, -334.1600036621094, -328.1499938964844], "seed_success_means": [0.36, 0.44, 0.4, 0.4, 0.43], "reward_matrix": [[-302.0, -255.0, -400.0, -400.0, -400.0, -400.0, -400.0, -286.0, -214.0, -400.0, -400.0, -400.0, -400.0, -400.0, -400.0, -174.0, -185.0, -400.0, -237.0, -400.0, -400.0, -400.0, -165.0, -400.0, -166.0, -202.0, -370.0, -278.0, -400.0, -189.0, -400.0, -400.0, -218.0, -400.0, -400.0, -197.0, -239.0, -400.0, -400.0, -400.0, -400.0, -190.0, -400.0, -400.0, -400.0, -400.0, -400.0, -400.0, -400.0, -400.0, -233.0, -259.0, -400.0, -400.0, -400.0, -400.0, -400.0, -400.0, -400.0, -183.0, -400.0, -166.0, -162.0, -400.0, -197.0, -173.0, -400.0, -198.0, -400.0, -400.0, -206.0, -400.0, -398.0, -200.0, -400.0, -400.0, -400.0, -239.0, -210.0, -277.0, -400.0, -302.0, -400.0, -400.0, -226.0, -400.0, -400.0, -400.0, -400.0, -309.0, -183.0, -400.0, -172.0, -400.0, -400.0, -400.0, -400.0, -257.0, -400.0, -400.0], [-400.0, -400.0, -400.0, -400.0, -258.0, -295.0, -400.0, -400.0, -303.0, -192.0, -400.0, -400.0, -190.0, -400.0, -229.0, -400.0, -400.0, -400.0, -400.0, -194.0, -400.0, -321.0, -400.0, -400.0, -353.0, -400.0, -400.0, -216.0, -400.0, -400.0, -210.0, -400.0, -400.0, -178.0, -177.0, -400.0, -184.0, -291.0, -400.0, -206.0, -222.0, -400.0, -400.0, -289.0, -400.0, -400.0, -400.0, -400.0, -400.0, -400.0, -400.0, -278.0, -400.0, -400.0, -400.0, -400.0, -400.0, -400.0, -258.0, -400.0, -400.0, -400.0, -326.0, -383.0, -161.0, -400.0, -400.0, -400.0, -400.0, -400.0, -400.0, -238.0, -254.0, -400.0, -294.0, -400.0, -400.0, -193.0, -400.0, -202.0, -386.0, -269.0, -172.0, -400.0, -268.0, -178.0, -153.0, -221.0, -400.0, -400.0, -169.0, -266.0, -288.0, -317.0, -166.0, -162.0, -170.0, -233.0, -400.0, -151.0], [-400.0, -400.0, -266.0, -242.0, -400.0, -400.0, -177.0, -400.0, -198.0, -400.0, -400.0, -267.0, -400.0, -400.0, -273.0, -400.0, -186.0, -400.0, -400.0, -400.0, -400.0, -261.0, -400.0, -400.0, -400.0, -170.0, -400.0, -243.0, -162.0, -198.0, -400.0, -400.0, -178.0, -273.0, -400.0, -400.0, -222.0, -400.0, -250.0, -400.0, -400.0, -169.0, -400.0, -400.0, -400.0, -246.0, -166.0, -400.0, -400.0, -400.0, -400.0, -400.0, -194.0, -154.0, -270.0, -400.0, -400.0, -400.0, -400.0, -373.0, -226.0, -178.0, -400.0, -178.0, -197.0, -198.0, -400.0, -400.0, -263.0, -299.0, -400.0, -154.0, -198.0, -400.0, -400.0, -400.0, -400.0, -400.0, -400.0, -400.0, -400.0, -400.0, -400.0, -254.0, -198.0, -166.0, -315.0, -400.0, -158.0, -400.0, -400.0, -178.0, -400.0, -400.0, -400.0, -400.0, -274.0, -400.0, -393.0, -400.0], [-400.0, -400.0, -400.0, -194.0, -178.0, -400.0, -290.0, -169.0, -400.0, -400.0, -400.0, -400.0, -253.0, -194.0, -400.0, -302.0, -400.0, -173.0, -400.0, -233.0, -186.0, -182.0, -400.0, -265.0, -238.0, -400.0, -400.0, -400.0, -400.0, -400.0, -400.0, -170.0, -400.0, -190.0, -193.0, -400.0, -400.0, -292.0, -400.0, -210.0, -400.0, -311.0, -400.0, -400.0, -400.0, -400.0, -169.0, -400.0, -400.0, -198.0, -302.0, -400.0, -400.0, -400.0, -209.0, -400.0, -400.0, -228.0, -400.0, -174.0, -400.0, -400.0, -368.0, -157.0, -400.0, -400.0, -400.0, -223.0, -164.0, -400.0, -194.0, -304.0, -400.0, -400.0, -400.0, -269.0, -400.0, -274.0, -400.0, -222.0, -362.0, -400.0, -400.0, -400.0, -206.0, -262.0, -400.0, -400.0, -400.0, -253.0, -400.0, -400.0, -295.0, -360.0, -400.0, -400.0, -400.0, -400.0, -400.0, -400.0], [-175.0, -400.0, -186.0, -250.0, -223.0, -400.0, -400.0, -366.0, -190.0, -400.0, -400.0, -162.0, -202.0, -206.0, -400.0, -165.0, -400.0, -400.0, -275.0, -400.0, -400.0, -218.0, -400.0, -400.0, -267.0, -400.0, -400.0, -400.0, -246.0, -400.0, -228.0, -400.0, -400.0, -400.0, -400.0, -198.0, -181.0, -234.0, -400.0, -346.0, -166.0, -400.0, -173.0, -400.0, -400.0, -400.0, -400.0, -390.0, -400.0, -310.0, -400.0, -233.0, -400.0, -400.0, -174.0, -217.0, -254.0, -287.0, -400.0, -400.0, -310.0, -150.0, -400.0, -262.0, -179.0, -400.0, -400.0, -207.0, -400.0, -294.0, -400.0, -400.0, -400.0, -173.0, -400.0, -400.0, -400.0, -400.0, -400.0, -182.0, -282.0, -400.0, -242.0, -400.0, -400.0, -400.0, -161.0, -400.0, -400.0, -400.0, -400.0, -400.0, -400.0, -400.0, -289.0, -218.0, -400.0, -400.0, -226.0, -318.0]], "success_matrix": [[true, true, false, false, false, false, false, true, true, false, false, false, false, false, false, true, true, false, true, false, false, false, true, false, true, true, true, true, false, true, false, false, true, false, false, true, true, false, false, false, false, true, false, false, false, false, false, false, false, false, true, true, false, false, false, false, false, false, false, true, false, true, true, false, true, true, false, true, false, false, true, false, false, true, false, false, false, true, true, true, false, true, false, false, true, false, false, false, false, true, true, false, true, false, false, false, false, true, false, false], [false, false, false, false, true, true, false, false, true, true, false, false, true, false, true, false, false, false, false, true, false, true, false, false, true, false, false, true, false, false, true, false, false, true, true, false, true, true, false, true, true, false, false, true, false, false, false, false, false, false, false, true, false, false, false, false, false, false, true, false, false, false, true, true, true, false, false, false, false, false, false, true, true, false, true, false, false, true, false, true, true, true, true, false, true, true, true, true, false, false, true, true, true, true, true, true, true, true, false, true], [false, false, true, true, false, false, true, false, true, false, false, true, false, false, true, false, true, false, false, false, false, true, false, false, false, true, false, true, true, true, false, false, true, true, false, false, true, false, true, false, false, true, false, false, false, true, true, false, false, false, false, false, true, true, true, false, false, false, false, true, true, true, false, true, true, true, false, false, true, true, false, true, true, false, false, false, false, false, false, false, false, false, false, true, true, true, true, false, true, false, false, true, false, false, false, false, true, false, true, false], [false, false, false, true, true, false, true, true, false, false, false, false, true, true, false, true, false, true, false, true, true, true, false, true, true, false, false, false, false, false, false, true, false, true, true, false, false, true, false, true, false, true, false, false, false, false, true, false, false, true, true, false, false, false, true, false, false, true, false, true, false, false, true, true, false, false, false, true, true, false, true, true, false, false, false, true, false, true, false, true, true, false, false, false, true, true, false, false, false, true, false, false, true, true, false, false, false, false, false, false], [true, false, true, true, true, false, false, true, true, false, false, true, true, true, false, true, false, false, true, false, false, true, false, false, true, false, false, false, true, false, true, false, false, false, false, true, true, true, false, true, true, false, true, false, false, false, false, true, false, true, false, true, false, false, true, true, true, true, false, false, true, true, false, true, true, false, false, true, false, true, false, false, false, true, false, false, false, false, false, true, true, false, true, false, false, false, true, false, false, false, false, false, false, false, true, true, false, false, true, true]], "ticket_name": "envs100_samples5000_seed999_20251122_233359_ddim8", "eval_noise_idx": 0, "eval_seed": 1619}