{"n_seeds": 5, "n_evals_per_seed": 100, "reward_mean": -248.23599243164062, "reward_std": 3.6666736602783203, "success_mean": 0.612, "success_std": 0.04658325879540847, "episode_seeds": [1619, 1620, 1621, 1622, 1623], "seed_reward_means": [-246.42999267578125, -245.6699981689453, -247.42999267578125, -254.69000244140625, -246.9600067138672], "seed_success_means": [0.63, 0.68, 0.61, 0.56, 0.58], "reward_matrix": [[-188.0, -300.0, -300.0, -221.0, -300.0, -189.0, -300.0, -300.0, -300.0, -204.0, -292.0, -300.0, -166.0, -300.0, -209.0, -192.0, -264.0, -159.0, -218.0, -193.0, -300.0, -241.0, -189.0, -244.0, -185.0, -280.0, -173.0, -287.0, -300.0, -220.0, -300.0, -232.0, -221.0, -182.0, -201.0, -300.0, -300.0, -272.0, -253.0, -300.0, -300.0, -300.0, -253.0, -196.0, -193.0, -189.0, -179.0, -300.0, -202.0, -300.0, -193.0, -196.0, -300.0, -173.0, -300.0, -256.0, -300.0, -185.0, -300.0, -198.0, -297.0, -300.0, -185.0, -201.0, -300.0, -189.0, -300.0, -281.0, -193.0, -280.0, -300.0, -300.0, -212.0, -300.0, -300.0, -257.0, -181.0, -225.0, -252.0, -300.0, -209.0, -300.0, -241.0, -200.0, -300.0, -272.0, -300.0, -257.0, -205.0, -185.0, -217.0, -196.0, -213.0, -246.0, -197.0, -180.0, -300.0, -300.0, -300.0, -184.0], [-281.0, -300.0, -288.0, -204.0, -300.0, -244.0, -225.0, -300.0, -300.0, -215.0, -182.0, -197.0, -197.0, -273.0, -169.0, -221.0, -226.0, -248.0, -300.0, -209.0, -212.0, -300.0, -209.0, -189.0, -181.0, -300.0, -300.0, -272.0, -300.0, -300.0, -201.0, -269.0, -300.0, -232.0, -214.0, -300.0, -197.0, -224.0, -293.0, -220.0, -300.0, -226.0, -300.0, -182.0, -225.0, -229.0, -217.0, -300.0, -300.0, -257.0, -281.0, -200.0, -241.0, -205.0, -253.0, -221.0, -300.0, -173.0, -300.0, -178.0, -155.0, -300.0, -300.0, -184.0, -300.0, -193.0, -237.0, -209.0, -300.0, -300.0, -193.0, -205.0, -233.0, -190.0, -233.0, -300.0, -264.0, -217.0, -175.0, -300.0, -244.0, -300.0, -273.0, -264.0, -197.0, -182.0, -300.0, -221.0, -300.0, -265.0, -300.0, -219.0, -209.0, -300.0, -185.0, -240.0, -300.0, -188.0, -300.0, -212.0], [-229.0, -300.0, -237.0, -188.0, -300.0, -300.0, -196.0, -191.0, -216.0, -176.0, -300.0, -300.0, -237.0, -180.0, -217.0, -300.0, -300.0, -300.0, -220.0, -201.0, -230.0, -197.0, -205.0, -185.0, -300.0, -300.0, -188.0, -217.0, -300.0, -293.0, -300.0, -213.0, -233.0, -185.0, -250.0, -300.0, -236.0, -205.0, -273.0, -300.0, -300.0, -273.0, -237.0, -300.0, -197.0, -195.0, -257.0, -300.0, -300.0, -196.0, -300.0, -300.0, -300.0, -300.0, -214.0, -189.0, -209.0, -300.0, -300.0, -209.0, -208.0, -211.0, -300.0, -205.0, -300.0, -300.0, -300.0, -300.0, -216.0, -198.0, -300.0, -188.0, -300.0, -300.0, -228.0, -188.0, -183.0, -203.0, -192.0, -300.0, -300.0, -201.0, -193.0, -159.0, -213.0, -181.0, -177.0, -300.0, -284.0, -241.0, -285.0, -217.0, -245.0, -236.0, -300.0, -300.0, -300.0, -300.0, -228.0, -189.0], [-300.0, -300.0, -224.0, -190.0, -300.0, -204.0, -192.0, -300.0, -300.0, -300.0, -300.0, -189.0, -189.0, -256.0, -300.0, -224.0, -300.0, -300.0, -264.0, -268.0, -232.0, -288.0, -176.0, -300.0, -183.0, -300.0, -184.0, -300.0, -249.0, -300.0, -300.0, -195.0, -300.0, -228.0, -180.0, -223.0, -300.0, -266.0, -205.0, -300.0, -212.0, -264.0, -229.0, -243.0, -204.0, -300.0, -300.0, -300.0, -300.0, -209.0, -300.0, -206.0, -155.0, -300.0, -300.0, -205.0, -216.0, -194.0, -300.0, -300.0, -300.0, -300.0, -300.0, -300.0, -300.0, -200.0, -217.0, -300.0, -300.0, -300.0, -248.0, -272.0, -252.0, -260.0, -201.0, -185.0, -224.0, -209.0, -300.0, -230.0, -300.0, -217.0, -252.0, -181.0, -300.0, -253.0, -212.0, -300.0, -201.0, -300.0, -253.0, -300.0, -300.0, -300.0, -300.0, -283.0, -192.0, -220.0, -176.0, -185.0], [-249.0, -300.0, -180.0, -300.0, -300.0, -185.0, -233.0, -197.0, -300.0, -176.0, -176.0, -300.0, -291.0, -177.0, -220.0, -300.0, -300.0, -205.0, -300.0, -184.0, -300.0, -189.0, -300.0, -245.0, -300.0, -181.0, -296.0, -195.0, -300.0, -253.0, -300.0, -300.0, -165.0, -300.0, -267.0, -186.0, -300.0, -181.0, -210.0, -213.0, -300.0, -300.0, -204.0, -248.0, -249.0, -300.0, -172.0, -161.0, -264.0, -185.0, -300.0, -164.0, -300.0, -300.0, -205.0, -300.0, -182.0, -221.0, -300.0, -300.0, -185.0, -300.0, -176.0, -300.0, -249.0, -300.0, -300.0, -300.0, -205.0, -300.0, -300.0, -300.0, -300.0, -189.0, -293.0, -184.0, -230.0, -236.0, -208.0, -300.0, -300.0, -154.0, -196.0, -300.0, -190.0, -300.0, -300.0, -300.0, -280.0, -177.0, -212.0, -167.0, -209.0, -294.0, -185.0, -186.0, -300.0, -300.0, -194.0, -188.0]], "success_matrix": [[true, false, false, true, false, true, false, false, false, true, true, false, true, false, true, true, true, true, true, true, false, true, true, true, true, true, true, true, false, true, false, true, true, true, true, false, false, true, true, false, false, false, true, true, true, true, true, false, true, false, true, true, false, true, false, true, false, true, false, true, false, false, true, true, false, true, false, true, true, true, false, false, true, false, false, true, true, true, true, false, true, false, true, true, false, true, false, true, true, true, true, true, true, true, true, true, false, false, false, true], [true, false, true, true, false, true, true, false, false, true, true, true, true, true, true, true, true, true, false, true, true, false, true, true, true, false, false, true, false, false, true, true, false, true, true, false, true, true, true, true, false, true, false, true, true, true, true, false, false, true, true, true, true, true, true, true, false, true, false, true, true, false, false, true, false, true, true, true, false, false, true, true, true, true, true, false, true, true, true, false, true, false, true, true, true, true, false, true, false, true, false, true, true, false, true, true, false, true, false, true], [true, false, true, true, false, false, true, true, true, true, false, false, true, true, true, false, false, false, true, true, true, true, true, true, false, false, true, true, false, true, false, true, true, true, true, false, true, true, true, false, false, true, true, false, true, true, true, false, false, true, false, false, false, false, true, true, true, false, false, true, true, true, false, true, false, false, false, false, true, true, false, true, false, false, true, true, true, true, true, false, false, true, true, true, true, true, true, false, true, true, true, true, true, true, false, false, false, false, true, true], [false, false, true, true, false, true, true, false, false, false, false, true, true, true, false, true, false, false, true, true, true, true, true, false, true, false, true, false, true, false, false, true, false, true, true, true, false, true, true, false, true, true, true, true, true, false, false, false, false, true, false, true, true, false, false, true, true, true, false, false, false, false, false, false, false, true, true, false, false, false, true, true, true, true, true, true, true, true, false, true, false, true, true, true, false, true, true, false, true, false, true, false, false, false, false, true, true, true, true, true], [true, false, true, false, false, true, true, true, false, true, true, false, true, true, true, false, false, true, false, true, false, true, false, true, false, true, true, true, false, true, false, false, true, false, true, true, false, true, true, true, false, false, true, true, true, false, true, true, true, true, false, true, false, false, true, false, true, true, false, false, true, false, true, false, true, false, false, false, true, false, false, false, false, true, true, true, true, true, true, false, false, true, true, false, true, false, false, false, true, true, true, true, true, true, true, true, false, false, true, true]], "ticket_name": "zo_envs10_iter500_cand2_lambda2.0_seed666_ddim8_20251213_183610/seed_672", "eval_noise_idx": 0, "eval_seed": 1619}