{"n_seeds": 5, "n_evals_per_seed": 100, "reward_mean": -239.88198852539062, "reward_std": 4.512567520141602, "success_mean": 0.4619999999999999, "success_std": 0.033105890714493706, "episode_seeds": [1619, 1620, 1621, 1622, 1623], "seed_reward_means": [-234.3000030517578, -244.89999389648438, -245.5399932861328, -236.83999633789062, -237.8300018310547], "seed_success_means": [0.52, 0.45, 0.42, 0.45, 0.47], "reward_matrix": [[-300.0, -158.0, -184.0, -300.0, -300.0, -300.0, -300.0, -300.0, -162.0, -178.0, -168.0, -240.0, -300.0, -142.0, -300.0, -156.0, -300.0, -300.0, -300.0, -300.0, -134.0, -136.0, -300.0, -300.0, -300.0, -300.0, -300.0, -140.0, -188.0, -218.0, -156.0, -300.0, -166.0, -144.0, -148.0, -132.0, -300.0, -136.0, -150.0, -300.0, -300.0, -300.0, -300.0, -207.0, -300.0, -172.0, -244.0, -197.0, -300.0, -148.0, -134.0, -127.0, -132.0, -300.0, -300.0, -300.0, -300.0, -300.0, -219.0, -300.0, -300.0, -300.0, -222.0, -268.0, -183.0, -172.0, -147.0, -146.0, -300.0, -273.0, -124.0, -156.0, -200.0, -300.0, -157.0, -284.0, -300.0, -300.0, -196.0, -128.0, -300.0, -148.0, -300.0, -299.0, -300.0, -237.0, -155.0, -300.0, -211.0, -170.0, -300.0, -142.0, -300.0, -214.0, -142.0, -300.0, -300.0, -140.0, -300.0, -300.0], [-156.0, -128.0, -300.0, -175.0, -137.0, -300.0, -300.0, -300.0, -300.0, -300.0, -276.0, -300.0, -300.0, -300.0, -300.0, -300.0, -300.0, -250.0, -144.0, -300.0, -126.0, -188.0, -300.0, -230.0, -300.0, -300.0, -140.0, -258.0, -132.0, -300.0, -300.0, -168.0, -274.0, -161.0, -300.0, -174.0, -300.0, -205.0, -168.0, -300.0, -300.0, -158.0, -176.0, -176.0, -300.0, -209.0, -148.0, -139.0, -184.0, -300.0, -300.0, -300.0, -300.0, -300.0, -208.0, -183.0, -300.0, -300.0, -142.0, -122.0, -300.0, -300.0, -300.0, -230.0, -300.0, -149.0, -300.0, -300.0, -132.0, -163.0, -300.0, -300.0, -300.0, -132.0, -300.0, -217.0, -186.0, -300.0, -300.0, -300.0, -165.0, -300.0, -300.0, -217.0, -300.0, -300.0, -300.0, -300.0, -137.0, -300.0, -300.0, -168.0, -300.0, -300.0, -300.0, -245.0, -242.0, -136.0, -136.0, -300.0], [-178.0, -300.0, -195.0, -300.0, -248.0, -300.0, -300.0, -173.0, -300.0, -300.0, -133.0, -140.0, -300.0, -300.0, -140.0, -141.0, -241.0, -263.0, -300.0, -168.0, -300.0, -300.0, -300.0, -300.0, -300.0, -300.0, -300.0, -300.0, -300.0, -300.0, -168.0, -300.0, -300.0, -300.0, -300.0, -130.0, -144.0, -134.0, -168.0, -300.0, -139.0, -300.0, -300.0, -142.0, -300.0, -300.0, -300.0, -300.0, -199.0, -300.0, -284.0, -300.0, -139.0, -300.0, -152.0, -161.0, -300.0, -151.0, -147.0, -300.0, -300.0, -152.0, -172.0, -300.0, -145.0, -300.0, -300.0, -300.0, -148.0, -300.0, -300.0, -300.0, -300.0, -300.0, -145.0, -186.0, -300.0, -300.0, -129.0, -176.0, -300.0, -188.0, -300.0, -125.0, -300.0, -300.0, -300.0, -142.0, -156.0, -300.0, -288.0, -300.0, -300.0, -148.0, -176.0, -300.0, -196.0, -300.0, -204.0, -300.0], [-222.0, -180.0, -156.0, -300.0, -300.0, -127.0, -300.0, -300.0, -128.0, -251.0, -152.0, -300.0, -300.0, -300.0, -145.0, -300.0, -300.0, -130.0, -173.0, -300.0, -161.0, -176.0, -300.0, -232.0, -300.0, -167.0, -135.0, -300.0, -300.0, -300.0, -124.0, -297.0, -300.0, -300.0, -300.0, -300.0, -300.0, -300.0, -300.0, -300.0, -300.0, -172.0, -300.0, -137.0, -300.0, -150.0, -128.0, -300.0, -300.0, -300.0, -300.0, -300.0, -300.0, -300.0, -300.0, -300.0, -300.0, -214.0, -128.0, -148.0, -300.0, -175.0, -132.0, -152.0, -182.0, -141.0, -300.0, -300.0, -152.0, -300.0, -300.0, -300.0, -140.0, -300.0, -134.0, -300.0, -192.0, -300.0, -133.0, -157.0, -300.0, -300.0, -136.0, -300.0, -137.0, -173.0, -167.0, -200.0, -300.0, -157.0, -300.0, -117.0, -143.0, -140.0, -140.0, -300.0, -300.0, -300.0, -300.0, -251.0], [-300.0, -300.0, -119.0, -202.0, -125.0, -300.0, -300.0, -128.0, -300.0, -300.0, -300.0, -145.0, -164.0, -300.0, -262.0, -148.0, -300.0, -300.0, -189.0, -208.0, -156.0, -300.0, -300.0, -198.0, -145.0, -207.0, -300.0, -300.0, -180.0, -278.0, -130.0, -146.0, -300.0, -164.0, -300.0, -217.0, -230.0, -300.0, -130.0, -300.0, -140.0, -271.0, -125.0, -300.0, -300.0, -144.0, -300.0, -160.0, -300.0, -152.0, -300.0, -300.0, -300.0, -300.0, -300.0, -128.0, -300.0, -300.0, -300.0, -300.0, -300.0, -163.0, -241.0, -184.0, -300.0, -136.0, -300.0, -300.0, -300.0, -144.0, -151.0, -143.0, -144.0, -300.0, -154.0, -300.0, -168.0, -184.0, -168.0, -300.0, -300.0, -300.0, -208.0, -300.0, -300.0, -300.0, -136.0, -144.0, -300.0, -300.0, -300.0, -300.0, -300.0, -158.0, -129.0, -300.0, -300.0, -300.0, -300.0, -137.0]], "success_matrix": [[false, true, true, false, false, false, false, false, true, true, true, true, false, true, false, true, false, false, false, false, true, true, false, false, false, false, false, true, true, true, true, false, true, true, true, true, false, true, true, false, false, false, false, true, false, true, true, true, false, true, true, true, true, false, false, false, false, false, true, false, false, false, true, true, true, true, true, true, false, true, true, true, true, false, true, true, false, false, true, true, false, true, false, false, false, true, true, false, true, true, false, true, false, true, true, false, false, true, false, false], [true, true, false, true, true, false, false, false, false, false, true, false, false, false, false, false, false, true, true, false, true, true, false, true, false, false, true, true, true, false, false, true, true, true, false, true, false, true, true, false, false, true, true, true, false, true, true, true, true, false, false, false, false, false, true, true, false, false, true, true, false, false, false, true, false, true, false, false, true, true, false, false, false, true, false, true, true, false, false, false, true, false, false, true, false, false, false, false, true, false, false, true, false, false, false, true, true, true, true, false], [true, false, true, false, true, false, false, true, false, false, true, true, false, false, true, true, true, true, false, true, false, false, false, false, false, false, false, false, false, false, true, false, false, false, false, true, true, true, true, false, true, false, false, true, false, false, false, false, true, false, true, false, true, false, true, true, false, true, true, false, false, true, true, false, true, false, false, false, true, false, false, false, false, false, true, true, false, false, true, true, false, true, false, true, false, false, false, true, true, false, true, false, false, true, true, false, true, false, true, false], [true, true, true, false, false, true, false, false, true, true, true, false, false, false, true, false, false, true, true, false, true, true, false, true, false, true, true, false, false, false, true, false, false, false, false, false, false, false, false, false, false, true, false, true, false, true, true, false, false, false, false, false, false, false, false, false, false, true, true, true, false, true, true, true, true, true, false, false, true, false, false, false, true, false, true, false, true, false, true, true, false, false, true, false, true, true, true, true, false, true, false, true, true, true, true, false, false, false, false, true], [false, false, true, true, true, false, false, true, false, false, false, true, true, false, true, true, false, false, true, true, true, false, false, true, true, true, false, false, true, true, true, true, false, true, false, true, true, false, true, false, true, true, true, false, false, true, false, true, false, true, false, false, false, false, false, true, false, false, false, false, false, true, true, true, false, true, false, false, false, true, true, true, true, false, true, false, true, true, true, false, false, false, true, false, false, false, true, true, false, false, false, false, false, true, true, false, false, false, false, true]], "ticket_name": "envs10_samples5000_seed999_ddim8_20251130_223053_nenvs_10", "eval_noise_idx": 10, "eval_seed": 1619}