{"n_seeds": 5, "n_evals_per_seed": 100, "reward_mean": -186.5260009765625, "reward_std": 5.792648792266846, "success_mean": 0.7459999999999999, "success_std": 0.01341640786499875, "episode_seeds": [1619, 1620, 1621, 1622, 1623], "seed_reward_means": [-193.41000366210938, -187.02000427246094, -183.27999877929688, -190.27000427246094, -178.64999389648438], "seed_success_means": [0.74, 0.73, 0.76, 0.74, 0.76], "reward_matrix": [[-178.0, -300.0, -300.0, -169.0, -168.0, -116.0, -176.0, -104.0, -300.0, -152.0, -143.0, -139.0, -92.0, -248.0, -110.0, -300.0, -131.0, -276.0, -146.0, -87.0, -105.0, -118.0, -256.0, -114.0, -297.0, -155.0, -165.0, -145.0, -198.0, -300.0, -192.0, -219.0, -141.0, -101.0, -300.0, -245.0, -132.0, -121.0, -300.0, -103.0, -132.0, -200.0, -300.0, -120.0, -300.0, -300.0, -300.0, -153.0, -132.0, -300.0, -122.0, -294.0, -300.0, -106.0, -106.0, -105.0, -156.0, -300.0, -158.0, -149.0, -300.0, -300.0, -152.0, -144.0, -151.0, -134.0, -300.0, -300.0, -125.0, -124.0, -300.0, -186.0, -128.0, -114.0, -274.0, -158.0, -136.0, -173.0, -300.0, -300.0, -163.0, -300.0, -156.0, -219.0, -160.0, -212.0, -99.0, -300.0, -129.0, -300.0, -165.0, -167.0, -300.0, -172.0, -119.0, -170.0, -239.0, -111.0, -241.0, -145.0], [-89.0, -131.0, -113.0, -198.0, -132.0, -169.0, -82.0, -139.0, -253.0, -168.0, -211.0, -234.0, -129.0, -300.0, -147.0, -300.0, -159.0, -87.0, -243.0, -300.0, -300.0, -83.0, -300.0, -134.0, -169.0, -181.0, -300.0, -300.0, -221.0, -300.0, -105.0, -127.0, -99.0, -149.0, -103.0, -157.0, -300.0, -158.0, -128.0, -152.0, -300.0, -119.0, -132.0, -145.0, -300.0, -300.0, -300.0, -113.0, -114.0, -300.0, -160.0, -101.0, -126.0, -210.0, -300.0, -219.0, -193.0, -146.0, -171.0, -119.0, -172.0, -108.0, -107.0, -179.0, -211.0, -300.0, -99.0, -300.0, -234.0, -140.0, -102.0, -115.0, -300.0, -125.0, -244.0, -99.0, -101.0, -300.0, -215.0, -142.0, -300.0, -300.0, -93.0, -300.0, -104.0, -206.0, -300.0, -129.0, -117.0, -300.0, -121.0, -300.0, -138.0, -146.0, -300.0, -300.0, -152.0, -75.0, -120.0, -90.0], [-175.0, -300.0, -138.0, -164.0, -143.0, -300.0, -300.0, -222.0, -145.0, -143.0, -169.0, -300.0, -220.0, -105.0, -130.0, -198.0, -143.0, -133.0, -184.0, -222.0, -165.0, -300.0, -300.0, -120.0, -300.0, -300.0, -300.0, -111.0, -178.0, -300.0, -102.0, -163.0, -245.0, -121.0, -133.0, -300.0, -122.0, -300.0, -300.0, -227.0, -171.0, -103.0, -108.0, -88.0, -129.0, -122.0, -300.0, -142.0, -95.0, -191.0, -276.0, -106.0, -137.0, -115.0, -106.0, -229.0, -91.0, -248.0, -300.0, -167.0, -98.0, -114.0, -112.0, -300.0, -82.0, -108.0, -205.0, -143.0, -100.0, -128.0, -154.0, -75.0, -142.0, -300.0, -170.0, -164.0, -86.0, -248.0, -300.0, -123.0, -300.0, -300.0, -135.0, -158.0, -300.0, -86.0, -137.0, -81.0, -185.0, -300.0, -300.0, -133.0, -114.0, -300.0, -213.0, -123.0, -174.0, -134.0, -156.0, -102.0], [-172.0, -155.0, -78.0, -205.0, -81.0, -300.0, -164.0, -108.0, -200.0, -125.0, -152.0, -300.0, -128.0, -300.0, -300.0, -142.0, -300.0, -300.0, -279.0, -142.0, -300.0, -186.0, -300.0, -300.0, -251.0, -88.0, -225.0, -300.0, -152.0, -196.0, -88.0, -186.0, -89.0, -95.0, -177.0, -102.0, -154.0, -117.0, -86.0, -278.0, -234.0, -133.0, -104.0, -266.0, -167.0, -300.0, -90.0, -300.0, -94.0, -146.0, -154.0, -203.0, -157.0, -106.0, -192.0, -300.0, -135.0, -148.0, -125.0, -180.0, -158.0, -97.0, -300.0, -234.0, -128.0, -138.0, -300.0, -261.0, -126.0, -101.0, -112.0, -208.0, -125.0, -300.0, -296.0, -93.0, -300.0, -125.0, -300.0, -134.0, -300.0, -300.0, -300.0, -104.0, -139.0, -92.0, -231.0, -207.0, -207.0, -147.0, -118.0, -300.0, -177.0, -85.0, -300.0, -173.0, -300.0, -133.0, -143.0, -300.0], [-116.0, -139.0, -111.0, -300.0, -147.0, -122.0, -100.0, -91.0, -103.0, -190.0, -145.0, -141.0, -300.0, -115.0, -160.0, -300.0, -103.0, -300.0, -105.0, -174.0, -100.0, -162.0, -152.0, -104.0, -270.0, -131.0, -165.0, -300.0, -300.0, -300.0, -233.0, -300.0, -300.0, -300.0, -104.0, -122.0, -112.0, -216.0, -218.0, -300.0, -98.0, -179.0, -136.0, -106.0, -240.0, -76.0, -86.0, -232.0, -140.0, -140.0, -300.0, -110.0, -170.0, -87.0, -300.0, -160.0, -300.0, -139.0, -113.0, -300.0, -143.0, -131.0, -86.0, -137.0, -237.0, -86.0, -300.0, -300.0, -96.0, -144.0, -300.0, -112.0, -107.0, -94.0, -107.0, -135.0, -173.0, -300.0, -178.0, -166.0, -106.0, -300.0, -300.0, -300.0, -178.0, -214.0, -87.0, -107.0, -118.0, -300.0, -300.0, -110.0, -119.0, -86.0, -222.0, -138.0, -118.0, -110.0, -206.0, -251.0]], "success_matrix": [[true, false, false, true, true, true, true, true, false, true, true, true, true, true, true, false, true, true, true, true, true, true, true, true, false, true, true, true, true, false, true, true, true, true, false, true, true, true, false, true, true, true, false, true, false, false, false, true, true, false, true, true, false, true, true, true, true, false, true, true, false, false, true, true, true, true, false, false, true, true, false, true, true, true, true, true, true, true, false, false, true, false, true, true, true, true, true, false, true, false, true, true, false, true, true, true, true, true, true, true], [true, true, true, true, true, true, true, true, true, true, true, true, true, false, true, false, true, true, true, false, false, true, false, true, true, true, false, false, true, false, true, true, true, true, true, true, false, true, true, true, false, true, true, true, false, false, false, true, true, false, true, true, true, true, false, true, true, true, true, true, true, true, true, true, true, false, true, false, true, true, true, true, false, true, true, true, true, false, true, true, false, false, true, false, true, true, false, true, true, false, true, false, true, true, false, false, true, true, true, true], [true, false, true, true, true, false, false, true, true, true, true, false, true, true, true, true, true, true, true, true, true, false, false, true, false, false, false, true, true, false, true, true, true, true, true, false, true, false, false, true, true, true, true, true, true, true, false, true, true, true, true, true, true, true, true, true, true, true, false, true, true, true, true, false, true, true, true, true, true, true, true, true, true, false, true, true, true, true, false, true, false, false, true, true, false, true, true, true, true, false, false, true, true, false, true, true, true, true, true, true], [true, true, true, true, true, false, true, true, true, true, true, false, true, false, false, true, false, false, true, true, false, true, false, false, true, true, true, false, true, true, true, true, true, true, true, true, true, true, true, true, true, true, true, true, true, false, true, false, true, true, true, true, true, true, true, false, true, true, true, true, true, true, false, true, true, true, false, true, true, true, true, true, true, false, false, true, false, true, false, true, false, false, false, true, true, true, true, true, true, true, true, false, true, true, false, true, false, true, true, false], [true, true, true, false, true, true, true, true, true, true, true, true, false, true, true, false, true, false, true, true, true, true, true, true, true, true, true, false, false, false, true, false, false, false, true, true, true, true, true, false, true, true, true, true, true, true, true, true, true, true, false, true, true, true, false, true, false, true, true, false, true, true, true, true, true, true, false, false, true, true, false, true, true, true, true, true, true, false, true, true, true, false, false, false, true, true, true, true, true, false, false, true, true, true, true, true, true, true, true, true]], "ticket_name": "envs100_samples5000_seed999_20251127_043624_ddim2", "eval_noise_idx": 8, "eval_seed": 1619}