{"n_seeds": 5, "n_evals_per_seed": 100, "reward_mean": -233.9300079345703, "reward_std": 4.083462715148926, "success_mean": 0.594, "success_std": 0.020591260281973982, "episode_seeds": [1619, 1620, 1621, 1622, 1623], "seed_reward_means": [-229.6199951171875, -240.8699951171875, -234.22999572753906, -234.94000244140625, -229.99000549316406], "seed_success_means": [0.61, 0.56, 0.59, 0.62, 0.59], "reward_matrix": [[-300.0, -165.0, -287.0, -300.0, -300.0, -158.0, -185.0, -300.0, -300.0, -300.0, -252.0, -169.0, -145.0, -150.0, -173.0, -270.0, -300.0, -300.0, -181.0, -300.0, -300.0, -170.0, -147.0, -300.0, -300.0, -300.0, -146.0, -164.0, -218.0, -187.0, -300.0, -300.0, -190.0, -146.0, -181.0, -203.0, -300.0, -236.0, -216.0, -235.0, -300.0, -178.0, -300.0, -300.0, -300.0, -300.0, -164.0, -300.0, -300.0, -197.0, -154.0, -155.0, -180.0, -156.0, -151.0, -190.0, -300.0, -154.0, -300.0, -185.0, -246.0, -300.0, -150.0, -154.0, -300.0, -300.0, -300.0, -207.0, -173.0, -300.0, -300.0, -154.0, -172.0, -300.0, -216.0, -281.0, -142.0, -199.0, -300.0, -300.0, -300.0, -228.0, -213.0, -204.0, -138.0, -300.0, -169.0, -240.0, -173.0, -158.0, -227.0, -170.0, -176.0, -300.0, -157.0, -300.0, -162.0, -165.0, -300.0, -150.0], [-300.0, -204.0, -300.0, -300.0, -190.0, -300.0, -188.0, -300.0, -238.0, -270.0, -300.0, -155.0, -157.0, -300.0, -152.0, -300.0, -300.0, -300.0, -185.0, -156.0, -300.0, -300.0, -177.0, -176.0, -152.0, -300.0, -165.0, -300.0, -300.0, -300.0, -166.0, -300.0, -300.0, -300.0, -300.0, -167.0, -165.0, -205.0, -300.0, -300.0, -300.0, -201.0, -300.0, -300.0, -186.0, -173.0, -205.0, -300.0, -238.0, -248.0, -209.0, -300.0, -278.0, -232.0, -242.0, -176.0, -300.0, -184.0, -205.0, -142.0, -193.0, -300.0, -290.0, -300.0, -300.0, -161.0, -209.0, -300.0, -149.0, -228.0, -178.0, -187.0, -300.0, -153.0, -162.0, -158.0, -191.0, -300.0, -300.0, -154.0, -205.0, -300.0, -244.0, -150.0, -300.0, -300.0, -185.0, -195.0, -283.0, -300.0, -258.0, -208.0, -300.0, -300.0, -168.0, -244.0, -300.0, -147.0, -300.0, -300.0], [-300.0, -300.0, -228.0, -190.0, -300.0, -182.0, -300.0, -300.0, -177.0, -211.0, -176.0, -231.0, -224.0, -150.0, -165.0, -213.0, -176.0, -175.0, -188.0, -300.0, -300.0, -190.0, -159.0, -300.0, -169.0, -163.0, -149.0, -218.0, -300.0, -235.0, -300.0, -300.0, -300.0, -156.0, -300.0, -300.0, -200.0, -173.0, -300.0, -300.0, -300.0, -269.0, -300.0, -300.0, -300.0, -188.0, -300.0, -299.0, -300.0, -166.0, -124.0, -300.0, -300.0, -185.0, -162.0, -157.0, -186.0, -181.0, -300.0, -169.0, -191.0, -200.0, -278.0, -300.0, -264.0, -300.0, -300.0, -177.0, -205.0, -173.0, -300.0, -155.0, -300.0, -197.0, -193.0, -300.0, -186.0, -300.0, -153.0, -154.0, -157.0, -300.0, -164.0, -300.0, -218.0, -300.0, -300.0, -300.0, -227.0, -195.0, -165.0, -300.0, -186.0, -198.0, -227.0, -152.0, -258.0, -300.0, -300.0, -166.0], [-235.0, -267.0, -193.0, -300.0, -167.0, -135.0, -166.0, -139.0, -300.0, -300.0, -300.0, -165.0, -206.0, -300.0, -216.0, -299.0, -300.0, -157.0, -300.0, -168.0, -287.0, -255.0, -300.0, -233.0, -165.0, -130.0, -146.0, -300.0, -226.0, -164.0, -300.0, -177.0, -251.0, -172.0, -150.0, -186.0, -300.0, -300.0, -300.0, -300.0, -166.0, -208.0, -181.0, -205.0, -300.0, -193.0, -236.0, -221.0, -300.0, -170.0, -189.0, -187.0, -182.0, -205.0, -266.0, -300.0, -300.0, -162.0, -300.0, -300.0, -300.0, -161.0, -192.0, -266.0, -300.0, -159.0, -208.0, -174.0, -300.0, -300.0, -300.0, -300.0, -210.0, -300.0, -159.0, -146.0, -300.0, -300.0, -169.0, -269.0, -221.0, -216.0, -190.0, -155.0, -300.0, -207.0, -201.0, -256.0, -300.0, -300.0, -300.0, -300.0, -225.0, -298.0, -300.0, -256.0, -174.0, -221.0, -135.0, -300.0], [-197.0, -151.0, -135.0, -180.0, -158.0, -300.0, -300.0, -139.0, -300.0, -146.0, -300.0, -122.0, -200.0, -178.0, -300.0, -231.0, -147.0, -164.0, -156.0, -176.0, -259.0, -159.0, -300.0, -300.0, -185.0, -202.0, -300.0, -166.0, -242.0, -300.0, -167.0, -209.0, -184.0, -147.0, -300.0, -300.0, -300.0, -145.0, -161.0, -300.0, -280.0, -300.0, -300.0, -300.0, -217.0, -215.0, -150.0, -161.0, -300.0, -151.0, -198.0, -300.0, -237.0, -300.0, -206.0, -146.0, -153.0, -300.0, -154.0, -300.0, -158.0, -300.0, -163.0, -272.0, -212.0, -173.0, -300.0, -300.0, -300.0, -297.0, -300.0, -300.0, -300.0, -165.0, -227.0, -300.0, -300.0, -300.0, -230.0, -151.0, -300.0, -300.0, -146.0, -300.0, -162.0, -159.0, -158.0, -300.0, -259.0, -300.0, -300.0, -300.0, -300.0, -300.0, -158.0, -283.0, -160.0, -144.0, -190.0, -158.0]], "success_matrix": [[false, true, true, false, false, true, true, false, false, false, true, true, true, true, true, true, false, false, true, false, false, true, true, false, false, false, true, true, true, true, false, false, true, true, true, true, false, true, true, true, false, true, false, false, false, false, true, false, false, true, true, true, true, true, true, true, false, true, false, true, true, false, true, true, false, false, false, true, true, false, false, true, true, false, true, true, true, true, false, false, false, true, true, true, true, false, true, true, true, true, true, true, true, false, true, false, true, true, false, true], [false, true, false, false, true, false, true, false, true, true, false, true, true, false, true, false, false, false, true, true, false, false, true, true, true, false, true, false, false, false, true, false, false, false, false, true, true, true, false, false, false, true, false, false, true, true, true, false, true, true, true, false, true, true, true, true, false, true, true, true, true, false, true, false, false, true, true, false, true, true, true, true, false, true, true, true, true, false, false, true, true, false, true, true, false, false, true, true, true, false, true, true, false, false, true, true, false, true, false, false], [false, false, true, true, false, true, false, false, true, true, true, true, true, true, true, true, true, true, true, false, false, true, true, false, true, true, true, true, false, true, false, false, false, true, false, false, true, true, false, false, false, true, false, false, false, true, false, false, false, true, true, false, false, true, true, true, true, true, false, true, true, true, true, false, true, false, false, true, true, true, false, true, false, true, true, false, true, false, true, true, true, false, true, false, true, false, false, false, true, true, true, false, true, true, true, true, true, false, false, true], [true, true, true, false, true, true, true, true, false, false, false, true, true, false, true, false, false, true, false, true, true, true, false, true, true, true, true, false, true, true, false, true, true, true, true, true, false, false, false, false, true, true, true, true, false, true, true, true, false, true, true, true, true, true, true, false, false, true, false, false, false, true, true, true, false, true, true, true, false, false, false, false, true, false, true, true, false, false, true, true, true, true, true, true, false, true, true, true, false, false, false, false, true, false, false, true, true, true, true, false], [true, true, true, true, true, false, false, true, false, true, false, true, true, true, false, true, true, true, true, true, true, true, false, false, true, true, false, true, true, false, true, true, true, true, false, false, false, true, true, false, true, false, false, false, true, true, true, true, false, true, true, false, true, false, true, true, true, false, true, false, true, false, true, true, true, true, false, false, false, false, false, false, false, true, true, false, false, false, true, true, false, false, true, false, true, true, true, false, true, false, false, false, false, false, true, true, true, true, true, true]], "ticket_name": "envs100_samples1000_seeds999_1000_1001_1002_1003_1004_1005_1006_1007_1008_ddim2_20251208_043402/seed_1007", "eval_noise_idx": 0, "eval_seed": 1619}