{"num_noise_samples": 101, "num_envs": 10, "success_rate_mean": 0.2673267126083374, "success_rate_std": 0.31689396500587463, "best_success_rate": 1.0, "best_original_index": 40, "success_rates_sorted": [1.0, 0.9, 0.9, 0.9, 0.9, 0.9, 0.9, 0.8, 0.8, 0.8, 0.8, 0.8, 0.7, 0.7, 0.7, 0.7, 0.7, 0.6, 0.6, 0.6, 0.6, 0.6, 0.6, 0.6, 0.6, 0.5, 0.5, 0.5, 0.4, 0.4, 0.4, 0.4, 0.4, 0.4, 0.4, 0.4, 0.3, 0.3, 0.3, 0.3, 0.3, 0.3, 0.2, 0.2, 0.2, 0.2, 0.2, 0.2, 0.1, 0.1, 0.1, 0.1, 0.1, 0.1, 0.0, 0.0, 0.0, 0.0, 0.0, 0.0, 0.0, 0.0, 0.0, 0.0, 0.0, 0.0, 0.0, 0.0, 0.0, 0.0, 0.0, 0.0, 0.0, 0.0, 0.0, 0.0, 0.0, 0.0, 0.0, 0.0, 0.0, 0.0, 0.0, 0.0, 0.0, 0.0, 0.0, 0.0, 0.0, 0.0, 0.0, 0.0, 0.0, 0.0, 0.0, 0.0, 0.0, 0.0, 0.0, 0.0, 0.0], "original_success_rates": [0.0, 0.0, 0.0, 0.0, 0.0, 0.0, 0.0, 0.0, 0.0, 0.0, 0.0, 0.0, 0.0, 0.0, 0.0, 0.0, 0.0, 0.0, 0.0, 0.0, 0.0, 0.0, 0.0, 0.0, 0.0, 0.0, 0.2, 0.0, 0.0, 0.0, 0.0, 0.0, 0.0, 0.0, 0.0, 0.0, 0.0, 0.5, 0.6, 0.7, 1.0, 0.4, 0.0, 0.2, 0.2, 0.0, 0.6, 0.3, 0.1, 0.2, 0.7, 0.6, 0.0, 0.4, 0.7, 0.5, 0.1, 0.6, 0.1, 0.7, 0.4, 0.6, 0.4, 0.0, 0.8, 0.3, 0.4, 0.0, 0.3, 0.9, 0.0, 0.0, 0.4, 0.8, 0.9, 0.9, 0.0, 0.5, 0.8, 0.1, 0.4, 0.0, 0.6, 0.4, 0.0, 0.3, 0.6, 0.3, 0.1, 0.9, 0.2, 0.9, 0.6, 0.1, 0.7, 0.9, 0.0, 0.2, 0.8, 0.3, 0.8], "seed": 670, "env_seeds": [2712038615, 3880840832, 344755814, 995192579, 646814705, 1580534010, 186193140, 2481667443, 683572091, 684080674]}