{"n_seeds": 5, "n_evals_per_seed": 100, "reward_mean": -224.9199981689453, "reward_std": 7.029336452484131, "success_mean": 0.62, "success_std": 0.028284271247461926, "episode_seeds": [1619, 1620, 1621, 1622, 1623], "seed_reward_means": [-217.60000610351562, -223.8800048828125, -220.9600067138672, -236.14999389648438, -226.00999450683594], "seed_success_means": [0.64, 0.6, 0.66, 0.6, 0.6], "reward_matrix": [[-300.0, -300.0, -300.0, -174.0, -300.0, -140.0, -300.0, -149.0, -165.0, -188.0, -300.0, -151.0, -144.0, -248.0, -144.0, -207.0, -300.0, -300.0, -213.0, -151.0, -151.0, -254.0, -126.0, -300.0, -300.0, -300.0, -156.0, -155.0, -300.0, -187.0, -147.0, -166.0, -185.0, -123.0, -152.0, -217.0, -191.0, -300.0, -300.0, -300.0, -300.0, -143.0, -300.0, -236.0, -131.0, -149.0, -133.0, -280.0, -167.0, -162.0, -144.0, -173.0, -194.0, -134.0, -147.0, -258.0, -135.0, -130.0, -300.0, -279.0, -255.0, -300.0, -300.0, -136.0, -300.0, -158.0, -195.0, -176.0, -300.0, -300.0, -300.0, -159.0, -300.0, -300.0, -213.0, -300.0, -300.0, -300.0, -300.0, -300.0, -300.0, -300.0, -151.0, -300.0, -118.0, -300.0, -203.0, -256.0, -128.0, -135.0, -136.0, -151.0, -139.0, -191.0, -144.0, -149.0, -207.0, -300.0, -137.0, -144.0], [-188.0, -231.0, -300.0, -160.0, -219.0, -300.0, -142.0, -147.0, -135.0, -300.0, -148.0, -157.0, -300.0, -300.0, -300.0, -300.0, -144.0, -300.0, -300.0, -144.0, -284.0, -300.0, -157.0, -147.0, -137.0, -300.0, -159.0, -300.0, -209.0, -171.0, -145.0, -300.0, -300.0, -188.0, -300.0, -137.0, -151.0, -300.0, -300.0, -181.0, -300.0, -165.0, -300.0, -186.0, -140.0, -145.0, -139.0, -300.0, -300.0, -300.0, -236.0, -300.0, -163.0, -139.0, -273.0, -136.0, -134.0, -186.0, -159.0, -300.0, -145.0, -174.0, -300.0, -207.0, -300.0, -139.0, -300.0, -162.0, -165.0, -300.0, -184.0, -162.0, -147.0, -156.0, -149.0, -300.0, -208.0, -300.0, -143.0, -300.0, -269.0, -300.0, -300.0, -300.0, -146.0, -292.0, -186.0, -140.0, -297.0, -151.0, -300.0, -300.0, -157.0, -171.0, -300.0, -300.0, -287.0, -134.0, -235.0, -300.0], [-156.0, -263.0, -215.0, -300.0, -149.0, -245.0, -183.0, -226.0, -158.0, -206.0, -167.0, -300.0, -300.0, -299.0, -157.0, -214.0, -159.0, -300.0, -214.0, -300.0, -181.0, -159.0, -130.0, -300.0, -300.0, -300.0, -133.0, -153.0, -155.0, -291.0, -300.0, -300.0, -161.0, -139.0, -144.0, -300.0, -241.0, -300.0, -205.0, -142.0, -300.0, -290.0, -221.0, -300.0, -139.0, -143.0, -300.0, -300.0, -300.0, -210.0, -139.0, -161.0, -271.0, -186.0, -143.0, -136.0, -139.0, -148.0, -167.0, -151.0, -148.0, -251.0, -300.0, -300.0, -300.0, -300.0, -226.0, -159.0, -159.0, -243.0, -300.0, -129.0, -300.0, -300.0, -179.0, -189.0, -140.0, -300.0, -139.0, -300.0, -135.0, -200.0, -131.0, -300.0, -141.0, -140.0, -150.0, -278.0, -300.0, -163.0, -287.0, -300.0, -156.0, -300.0, -253.0, -300.0, -172.0, -300.0, -300.0, -139.0], [-300.0, -282.0, -300.0, -300.0, -300.0, -139.0, -140.0, -300.0, -300.0, -300.0, -300.0, -155.0, -142.0, -179.0, -300.0, -169.0, -300.0, -157.0, -245.0, -234.0, -300.0, -300.0, -300.0, -300.0, -180.0, -179.0, -134.0, -250.0, -300.0, -144.0, -300.0, -223.0, -300.0, -131.0, -300.0, -159.0, -300.0, -300.0, -300.0, -195.0, -218.0, -263.0, -160.0, -266.0, -300.0, -237.0, -300.0, -268.0, -300.0, -132.0, -248.0, -157.0, -147.0, -154.0, -254.0, -168.0, -300.0, -132.0, -159.0, -214.0, -282.0, -300.0, -241.0, -296.0, -300.0, -159.0, -151.0, -246.0, -300.0, -300.0, -300.0, -300.0, -300.0, -300.0, -187.0, -128.0, -300.0, -300.0, -187.0, -165.0, -300.0, -151.0, -261.0, -300.0, -300.0, -217.0, -151.0, -291.0, -149.0, -245.0, -191.0, -300.0, -300.0, -179.0, -193.0, -245.0, -221.0, -173.0, -153.0, -139.0], [-171.0, -300.0, -135.0, -159.0, -227.0, -300.0, -300.0, -137.0, -300.0, -132.0, -256.0, -169.0, -300.0, -231.0, -300.0, -272.0, -136.0, -132.0, -300.0, -188.0, -300.0, -131.0, -300.0, -241.0, -168.0, -141.0, -300.0, -300.0, -300.0, -179.0, -237.0, -300.0, -300.0, -199.0, -144.0, -141.0, -300.0, -139.0, -300.0, -164.0, -300.0, -300.0, -300.0, -175.0, -300.0, -300.0, -300.0, -132.0, -300.0, -133.0, -187.0, -176.0, -300.0, -300.0, -230.0, -275.0, -139.0, -300.0, -125.0, -300.0, -139.0, -191.0, -139.0, -291.0, -183.0, -172.0, -144.0, -300.0, -188.0, -157.0, -210.0, -300.0, -300.0, -300.0, -183.0, -300.0, -238.0, -186.0, -257.0, -140.0, -300.0, -132.0, -300.0, -271.0, -139.0, -300.0, -179.0, -300.0, -300.0, -145.0, -220.0, -300.0, -180.0, -154.0, -300.0, -131.0, -300.0, -121.0, -171.0, -139.0]], "success_matrix": [[false, false, false, true, false, true, false, true, true, true, false, true, true, true, true, true, false, false, true, true, true, true, true, false, false, false, true, true, false, true, true, true, true, true, true, true, true, false, false, false, false, true, false, true, true, true, true, true, true, true, true, true, true, true, true, true, true, true, false, true, true, false, false, true, false, true, true, true, false, false, false, true, false, false, true, false, false, false, false, false, false, false, true, false, true, false, true, true, true, true, true, true, true, true, true, true, true, false, true, true], [true, true, false, true, true, false, true, true, true, false, true, true, false, false, false, false, true, false, false, true, true, false, true, true, true, false, true, false, true, true, true, false, false, true, false, true, true, false, false, true, false, true, false, true, true, true, true, false, false, false, true, false, true, true, true, true, true, true, true, false, true, true, false, true, false, true, false, true, true, false, true, true, true, true, true, false, true, false, true, false, true, false, false, false, true, true, true, true, false, true, false, false, true, true, false, false, true, true, true, false], [true, true, true, false, true, true, true, true, true, true, true, false, false, false, true, true, true, false, true, false, true, true, true, false, false, false, true, true, true, true, false, false, true, true, true, false, true, false, true, true, false, true, true, false, true, true, false, false, false, true, true, true, true, true, true, true, true, true, true, true, true, true, false, false, false, false, true, true, true, true, false, true, false, false, true, true, true, false, true, false, true, true, true, false, true, true, true, true, false, true, true, false, true, false, true, false, true, false, false, true], [false, true, false, false, false, true, true, false, false, false, false, true, true, true, false, true, false, true, true, true, false, false, false, false, true, true, true, true, false, true, false, true, false, true, false, true, false, false, false, true, true, true, true, true, false, true, false, true, false, true, true, true, true, true, true, true, false, true, true, true, true, false, true, true, false, true, true, true, false, false, false, false, false, false, true, true, false, false, true, true, false, true, true, false, false, true, true, true, true, true, true, false, false, true, true, true, true, true, true, true], [true, false, true, true, true, false, false, true, false, true, true, true, false, true, false, true, true, true, false, true, false, true, false, true, true, true, false, false, false, true, true, false, false, true, true, true, false, true, false, true, false, false, false, true, false, false, false, true, false, true, true, true, false, false, true, true, true, false, true, false, true, true, true, true, true, true, true, false, true, true, true, false, false, false, true, false, true, true, true, true, false, true, false, true, true, false, true, false, false, true, true, false, true, true, false, true, false, true, true, true]], "ticket_name": "zo_envs10_iter500_cand2_lambda2.0_seed666_ddim2_20251215_221847/seed_673", "eval_noise_idx": 0, "eval_seed": 1619}