{"n_seeds": 5, "n_evals_per_seed": 100, "reward_mean": -213.9619903564453, "reward_std": 5.453876495361328, "success_mean": 0.53, "success_std": 0.039370039370059055, "episode_seeds": [1619, 1620, 1621, 1622, 1623], "seed_reward_means": [-216.4600067138672, -219.60000610351562, -204.99000549316406, -214.61000061035156, -214.14999389648438], "seed_success_means": [0.47, 0.53, 0.54, 0.58, 0.53], "reward_matrix": [[-139.0, -90.0, -300.0, -300.0, -66.0, -73.0, -76.0, -300.0, -300.0, -300.0, -138.0, -205.0, -300.0, -300.0, -300.0, -73.0, -300.0, -300.0, -300.0, -300.0, -210.0, -67.0, -300.0, -300.0, -300.0, -74.0, -300.0, -64.0, -300.0, -300.0, -83.0, -100.0, -300.0, -300.0, -135.0, -199.0, -300.0, -300.0, -300.0, -260.0, -300.0, -127.0, -72.0, -300.0, -300.0, -83.0, -300.0, -175.0, -88.0, -300.0, -97.0, -83.0, -129.0, -300.0, -300.0, -162.0, -67.0, -115.0, -300.0, -300.0, -79.0, -300.0, -300.0, -300.0, -300.0, -75.0, -168.0, -72.0, -247.0, -300.0, -187.0, -300.0, -130.0, -77.0, -300.0, -71.0, -300.0, -300.0, -289.0, -105.0, -300.0, -147.0, -61.0, -300.0, -300.0, -300.0, -160.0, -138.0, -300.0, -300.0, -300.0, -300.0, -74.0, -299.0, -253.0, -300.0, -300.0, -300.0, -69.0, -95.0], [-231.0, -300.0, -81.0, -92.0, -183.0, -300.0, -230.0, -132.0, -101.0, -79.0, -103.0, -300.0, -64.0, -140.0, -300.0, -212.0, -101.0, -300.0, -300.0, -219.0, -126.0, -298.0, -300.0, -111.0, -77.0, -171.0, -300.0, -227.0, -300.0, -176.0, -221.0, -78.0, -300.0, -300.0, -175.0, -69.0, -300.0, -300.0, -90.0, -145.0, -300.0, -300.0, -300.0, -300.0, -300.0, -300.0, -292.0, -163.0, -300.0, -300.0, -300.0, -254.0, -211.0, -300.0, -69.0, -133.0, -236.0, -264.0, -300.0, -300.0, -300.0, -119.0, -300.0, -119.0, -300.0, -300.0, -300.0, -300.0, -300.0, -300.0, -89.0, -300.0, -222.0, -86.0, -300.0, -264.0, -65.0, -90.0, -59.0, -147.0, -211.0, -300.0, -221.0, -300.0, -300.0, -146.0, -168.0, -300.0, -116.0, -91.0, -184.0, -300.0, -300.0, -300.0, -60.0, -300.0, -300.0, -300.0, -149.0, -300.0], [-300.0, -300.0, -300.0, -86.0, -300.0, -292.0, -300.0, -79.0, -66.0, -181.0, -74.0, -112.0, -60.0, -85.0, -300.0, -230.0, -176.0, -126.0, -211.0, -300.0, -300.0, -300.0, -107.0, -298.0, -300.0, -300.0, -160.0, -236.0, -80.0, -300.0, -300.0, -124.0, -300.0, -300.0, -68.0, -300.0, -69.0, -147.0, -300.0, -124.0, -73.0, -300.0, -61.0, -300.0, -170.0, -65.0, -122.0, -300.0, -90.0, -207.0, -133.0, -300.0, -218.0, -300.0, -93.0, -300.0, -300.0, -195.0, -300.0, -111.0, -178.0, -300.0, -300.0, -300.0, -300.0, -300.0, -78.0, -194.0, -300.0, -298.0, -300.0, -300.0, -90.0, -145.0, -89.0, -300.0, -68.0, -70.0, -300.0, -71.0, -300.0, -300.0, -202.0, -300.0, -104.0, -300.0, -69.0, -300.0, -64.0, -165.0, -300.0, -300.0, -300.0, -300.0, -72.0, -62.0, -277.0, -97.0, -104.0, -73.0], [-112.0, -73.0, -300.0, -300.0, -300.0, -300.0, -300.0, -300.0, -300.0, -300.0, -172.0, -95.0, -163.0, -262.0, -266.0, -109.0, -300.0, -202.0, -176.0, -300.0, -300.0, -126.0, -300.0, -239.0, -109.0, -292.0, -300.0, -98.0, -300.0, -171.0, -276.0, -300.0, -87.0, -64.0, -300.0, -300.0, -300.0, -300.0, -300.0, -289.0, -123.0, -300.0, -300.0, -300.0, -300.0, -210.0, -300.0, -300.0, -220.0, -300.0, -83.0, -197.0, -142.0, -58.0, -300.0, -300.0, -277.0, -300.0, -300.0, -295.0, -300.0, -245.0, -236.0, -70.0, -166.0, -64.0, -300.0, -71.0, -62.0, -250.0, -244.0, -173.0, -63.0, -300.0, -87.0, -76.0, -300.0, -130.0, -300.0, -78.0, -70.0, -222.0, -77.0, -188.0, -300.0, -217.0, -292.0, -82.0, -188.0, -300.0, -72.0, -115.0, -300.0, -70.0, -77.0, -300.0, -86.0, -265.0, -300.0, -139.0], [-297.0, -300.0, -67.0, -107.0, -91.0, -300.0, -146.0, -87.0, -92.0, -300.0, -300.0, -99.0, -300.0, -76.0, -300.0, -192.0, -300.0, -278.0, -83.0, -300.0, -300.0, -62.0, -231.0, -137.0, -300.0, -300.0, -76.0, -145.0, -300.0, -300.0, -248.0, -300.0, -148.0, -269.0, -300.0, -72.0, -300.0, -300.0, -118.0, -300.0, -170.0, -185.0, -70.0, -300.0, -95.0, -300.0, -143.0, -230.0, -83.0, -300.0, -300.0, -300.0, -56.0, -64.0, -300.0, -192.0, -300.0, -300.0, -80.0, -283.0, -300.0, -222.0, -300.0, -101.0, -76.0, -67.0, -300.0, -111.0, -300.0, -76.0, -160.0, -74.0, -300.0, -300.0, -300.0, -271.0, -300.0, -298.0, -153.0, -178.0, -148.0, -300.0, -300.0, -275.0, -91.0, -300.0, -220.0, -300.0, -300.0, -300.0, -119.0, -67.0, -300.0, -300.0, -172.0, -300.0, -300.0, -80.0, -184.0, -300.0]], "success_matrix": [[true, true, false, false, true, true, true, false, false, false, true, true, false, false, false, true, false, false, false, false, true, true, false, false, false, true, false, true, false, false, true, true, false, false, true, true, false, false, false, true, false, true, true, false, false, true, false, true, true, false, true, true, true, false, false, true, true, true, false, false, true, false, false, false, false, true, true, true, true, false, true, false, true, true, false, true, false, false, true, true, false, true, true, false, false, false, true, true, false, false, false, false, true, false, true, false, false, false, true, true], [true, false, true, true, true, false, true, true, true, true, true, false, true, true, false, true, true, false, false, true, true, false, false, true, true, true, false, true, false, true, true, true, false, false, true, true, false, false, true, true, false, false, false, false, false, false, true, true, false, false, false, true, true, false, true, true, true, true, false, false, false, true, false, true, false, false, false, false, false, false, true, false, true, true, false, true, true, true, true, true, true, false, true, false, false, true, true, false, true, true, true, false, false, false, true, false, false, false, true, false], [false, false, false, true, false, true, false, true, true, true, true, true, true, true, false, true, true, true, true, false, false, false, true, false, false, false, true, true, true, false, false, true, false, false, true, false, true, true, false, true, true, false, true, false, true, true, true, false, true, true, true, false, true, false, true, false, false, true, false, true, true, false, false, false, false, false, true, true, false, false, false, false, true, true, true, false, true, true, false, true, false, false, true, false, true, false, true, false, true, true, false, false, false, false, true, true, true, true, true, true], [true, true, false, false, false, false, false, false, false, false, true, true, true, true, true, true, false, true, true, false, false, true, false, true, true, true, false, true, false, true, true, false, true, true, false, false, false, false, false, true, true, false, false, false, false, true, false, false, true, false, true, true, true, true, false, false, true, false, false, false, false, true, true, true, true, true, false, true, true, true, true, true, true, false, true, true, false, true, false, true, true, true, true, true, false, true, true, true, true, false, true, true, false, true, true, false, true, true, false, true], [false, false, true, true, true, false, true, true, true, false, false, true, false, true, false, true, false, true, true, false, false, true, true, true, false, false, true, true, false, false, true, false, true, true, false, true, false, false, true, false, true, true, true, false, true, false, true, true, true, false, false, false, true, true, false, true, false, false, true, true, false, true, false, true, true, true, false, true, false, true, true, true, false, false, false, true, false, false, true, true, true, false, false, true, true, false, true, false, false, false, true, true, false, false, true, false, false, true, true, false]], "ticket_name": "zo_envs10_iter100_cand10_lambda1.0_seed666_ddim8_20251210_084952/seed_672", "eval_noise_idx": 0, "eval_seed": 1619}