{"n_seeds": 5, "n_evals_per_seed": 100, "reward_mean": -140.46800231933594, "reward_std": 6.6224446296691895, "success_mean": 0.866, "success_std": 0.02073644135332774, "episode_seeds": [1619, 1620, 1621, 1622, 1623], "seed_reward_means": [-132.4499969482422, -134.86000061035156, -148.22999572753906, -142.33999633789062, -144.4600067138672], "seed_success_means": [0.87, 0.89, 0.85, 0.88, 0.84], "reward_matrix": [[-102.0, -88.0, -151.0, -92.0, -85.0, -83.0, -140.0, -300.0, -110.0, -134.0, -225.0, -105.0, -76.0, -116.0, -86.0, -91.0, -84.0, -93.0, -96.0, -97.0, -77.0, -92.0, -300.0, -85.0, -96.0, -88.0, -174.0, -96.0, -153.0, -88.0, -99.0, -100.0, -105.0, -300.0, -157.0, -97.0, -109.0, -80.0, -115.0, -85.0, -81.0, -92.0, -100.0, -300.0, -300.0, -206.0, -116.0, -92.0, -84.0, -160.0, -96.0, -126.0, -165.0, -80.0, -300.0, -75.0, -95.0, -300.0, -300.0, -96.0, -300.0, -119.0, -89.0, -109.0, -108.0, -102.0, -90.0, -169.0, -201.0, -87.0, -102.0, -300.0, -96.0, -98.0, -118.0, -99.0, -170.0, -82.0, -156.0, -96.0, -300.0, -95.0, -79.0, -300.0, -87.0, -147.0, -77.0, -88.0, -109.0, -300.0, -98.0, -80.0, -97.0, -88.0, -80.0, -100.0, -133.0, -84.0, -111.0, -87.0], [-146.0, -96.0, -86.0, -100.0, -300.0, -107.0, -85.0, -103.0, -93.0, -96.0, -111.0, -300.0, -106.0, -183.0, -300.0, -169.0, -86.0, -249.0, -97.0, -136.0, -123.0, -141.0, -136.0, -81.0, -100.0, -300.0, -300.0, -92.0, -87.0, -95.0, -300.0, -83.0, -232.0, -85.0, -100.0, -154.0, -172.0, -101.0, -116.0, -83.0, -300.0, -96.0, -86.0, -97.0, -129.0, -145.0, -111.0, -136.0, -97.0, -110.0, -252.0, -161.0, -84.0, -92.0, -258.0, -104.0, -99.0, -86.0, -100.0, -108.0, -188.0, -300.0, -105.0, -107.0, -106.0, -108.0, -89.0, -117.0, -96.0, -87.0, -77.0, -111.0, -300.0, -83.0, -140.0, -86.0, -90.0, -91.0, -152.0, -92.0, -96.0, -94.0, -80.0, -102.0, -300.0, -144.0, -112.0, -84.0, -98.0, -109.0, -81.0, -300.0, -90.0, -104.0, -214.0, -101.0, -125.0, -86.0, -87.0, -73.0], [-300.0, -109.0, -92.0, -110.0, -114.0, -183.0, -300.0, -133.0, -113.0, -97.0, -84.0, -85.0, -191.0, -102.0, -240.0, -90.0, -97.0, -90.0, -103.0, -238.0, -96.0, -300.0, -98.0, -174.0, -89.0, -167.0, -137.0, -87.0, -108.0, -300.0, -300.0, -101.0, -155.0, -89.0, -97.0, -136.0, -85.0, -300.0, -300.0, -120.0, -113.0, -86.0, -81.0, -77.0, -82.0, -94.0, -133.0, -209.0, -86.0, -102.0, -127.0, -198.0, -80.0, -93.0, -179.0, -128.0, -79.0, -84.0, -100.0, -140.0, -95.0, -300.0, -93.0, -177.0, -77.0, -300.0, -150.0, -92.0, -267.0, -181.0, -300.0, -126.0, -102.0, -106.0, -100.0, -233.0, -78.0, -171.0, -300.0, -103.0, -118.0, -300.0, -82.0, -83.0, -97.0, -108.0, -92.0, -82.0, -300.0, -95.0, -201.0, -128.0, -85.0, -146.0, -182.0, -300.0, -90.0, -300.0, -101.0, -201.0], [-95.0, -117.0, -75.0, -300.0, -84.0, -300.0, -148.0, -300.0, -96.0, -88.0, -85.0, -148.0, -94.0, -108.0, -103.0, -165.0, -120.0, -124.0, -97.0, -102.0, -102.0, -152.0, -240.0, -101.0, -149.0, -200.0, -122.0, -99.0, -121.0, -115.0, -94.0, -106.0, -182.0, -98.0, -210.0, -82.0, -188.0, -120.0, -80.0, -114.0, -119.0, -300.0, -80.0, -195.0, -94.0, -107.0, -235.0, -99.0, -78.0, -181.0, -229.0, -300.0, -126.0, -88.0, -103.0, -102.0, -135.0, -90.0, -90.0, -300.0, -140.0, -80.0, -97.0, -165.0, -102.0, -300.0, -280.0, -300.0, -88.0, -216.0, -88.0, -149.0, -85.0, -136.0, -86.0, -80.0, -106.0, -95.0, -300.0, -143.0, -93.0, -102.0, -102.0, -89.0, -126.0, -81.0, -90.0, -91.0, -132.0, -113.0, -92.0, -110.0, -300.0, -233.0, -300.0, -106.0, -99.0, -83.0, -81.0, -300.0], [-200.0, -107.0, -92.0, -99.0, -88.0, -82.0, -77.0, -84.0, -103.0, -92.0, -215.0, -258.0, -98.0, -300.0, -91.0, -300.0, -183.0, -102.0, -92.0, -88.0, -81.0, -222.0, -103.0, -300.0, -300.0, -80.0, -109.0, -91.0, -105.0, -121.0, -91.0, -109.0, -120.0, -123.0, -300.0, -94.0, -99.0, -152.0, -108.0, -93.0, -114.0, -99.0, -89.0, -117.0, -94.0, -82.0, -74.0, -85.0, -94.0, -89.0, -300.0, -143.0, -256.0, -74.0, -133.0, -97.0, -300.0, -94.0, -95.0, -169.0, -298.0, -78.0, -86.0, -92.0, -109.0, -75.0, -300.0, -120.0, -138.0, -300.0, -96.0, -243.0, -90.0, -93.0, -300.0, -89.0, -300.0, -100.0, -86.0, -87.0, -300.0, -119.0, -204.0, -105.0, -281.0, -300.0, -95.0, -300.0, -91.0, -101.0, -125.0, -85.0, -229.0, -80.0, -136.0, -99.0, -88.0, -85.0, -93.0, -300.0]], "success_matrix": [[true, true, true, true, true, true, true, false, true, true, true, true, true, true, true, true, true, true, true, true, true, true, false, true, true, true, true, true, true, true, true, true, true, false, true, true, true, true, true, true, true, true, true, false, false, true, true, true, true, true, true, true, true, true, false, true, true, false, false, true, false, true, true, true, true, true, true, true, true, true, true, false, true, true, true, true, true, true, true, true, false, true, true, false, true, true, true, true, true, false, true, true, true, true, true, true, true, true, true, true], [true, true, true, true, false, true, true, true, true, true, true, false, true, true, false, true, true, true, true, true, true, true, true, true, true, false, false, true, true, true, false, true, true, true, true, true, true, true, true, true, false, true, true, true, true, true, true, true, true, true, true, true, true, true, true, true, true, true, true, true, true, false, true, true, true, true, true, true, true, true, true, true, false, true, true, true, true, true, true, true, true, true, true, true, false, true, true, true, true, true, true, false, true, true, true, true, true, true, true, true], [false, true, true, true, true, true, false, true, true, true, true, true, true, true, true, true, true, true, true, true, true, false, true, true, true, true, true, true, true, false, false, true, true, true, true, true, true, false, false, true, true, true, true, true, true, true, true, true, true, true, true, true, true, true, true, true, true, true, true, true, true, false, true, true, true, false, true, true, true, true, false, true, true, true, true, true, true, true, false, true, true, false, true, true, true, true, true, true, false, true, true, true, true, true, true, false, true, false, true, true], [true, true, true, false, true, false, true, false, true, true, true, true, true, true, true, true, true, true, true, true, true, true, true, true, true, true, true, true, true, true, true, true, true, true, true, true, true, true, true, true, true, false, true, true, true, true, true, true, true, true, true, false, true, true, true, true, true, true, true, false, true, true, true, true, true, false, true, false, true, true, true, true, true, true, true, true, true, true, false, true, true, true, true, true, true, true, true, true, true, true, true, true, false, true, false, true, true, true, true, false], [true, true, true, true, true, true, true, true, true, true, true, true, true, false, true, false, true, true, true, true, true, true, true, false, false, true, true, true, true, true, true, true, true, true, false, true, true, true, true, true, true, true, true, true, true, true, true, true, true, true, false, true, true, true, true, true, false, true, true, true, false, true, true, true, true, true, false, true, true, false, true, true, true, true, false, true, false, true, true, true, false, true, true, true, true, false, true, false, true, true, true, true, true, true, true, true, true, true, true, false]], "ticket_name": "zo_envs10_iter100_cand10_lambda2.0_seed666_ddim2_20251215_221703/seed_672", "eval_noise_idx": 0, "eval_seed": 1619}