{"n_seeds": 5, "n_evals_per_seed": 100, "reward_mean": -209.614013671875, "reward_std": 3.658766746520996, "success_mean": 0.666, "success_std": 0.024166091947189126, "episode_seeds": [1619, 1620, 1621, 1622, 1623], "seed_reward_means": [-210.0, -213.38999938964844, -212.36000061035156, -202.91000366210938, -209.41000366210938], "seed_success_means": [0.64, 0.66, 0.65, 0.71, 0.67], "reward_matrix": [[-251.0, -300.0, -174.0, -300.0, -300.0, -300.0, -130.0, -179.0, -170.0, -171.0, -154.0, -152.0, -164.0, -300.0, -139.0, -136.0, -300.0, -300.0, -167.0, -300.0, -300.0, -130.0, -148.0, -165.0, -202.0, -199.0, -170.0, -138.0, -179.0, -300.0, -154.0, -300.0, -300.0, -147.0, -171.0, -300.0, -300.0, -129.0, -142.0, -300.0, -190.0, -300.0, -300.0, -162.0, -142.0, -300.0, -152.0, -300.0, -173.0, -149.0, -138.0, -134.0, -300.0, -147.0, -300.0, -165.0, -300.0, -300.0, -300.0, -160.0, -159.0, -177.0, -133.0, -300.0, -161.0, -300.0, -150.0, -151.0, -146.0, -197.0, -300.0, -300.0, -167.0, -300.0, -158.0, -300.0, -182.0, -148.0, -172.0, -300.0, -300.0, -140.0, -138.0, -186.0, -300.0, -163.0, -165.0, -186.0, -142.0, -163.0, -140.0, -145.0, -142.0, -170.0, -158.0, -155.0, -300.0, -300.0, -300.0, -133.0], [-158.0, -122.0, -300.0, -300.0, -300.0, -300.0, -300.0, -186.0, -270.0, -155.0, -271.0, -154.0, -204.0, -300.0, -300.0, -300.0, -150.0, -162.0, -300.0, -146.0, -300.0, -199.0, -300.0, -154.0, -168.0, -166.0, -141.0, -176.0, -300.0, -300.0, -300.0, -160.0, -126.0, -156.0, -280.0, -167.0, -300.0, -163.0, -164.0, -169.0, -300.0, -154.0, -154.0, -164.0, -300.0, -300.0, -173.0, -150.0, -163.0, -192.0, -152.0, -260.0, -300.0, -300.0, -187.0, -149.0, -140.0, -136.0, -154.0, -205.0, -164.0, -300.0, -300.0, -161.0, -300.0, -152.0, -183.0, -151.0, -300.0, -176.0, -164.0, -180.0, -300.0, -152.0, -130.0, -174.0, -167.0, -300.0, -172.0, -148.0, -159.0, -210.0, -175.0, -300.0, -300.0, -200.0, -164.0, -138.0, -128.0, -300.0, -300.0, -154.0, -300.0, -300.0, -187.0, -174.0, -132.0, -144.0, -300.0, -300.0], [-151.0, -300.0, -138.0, -167.0, -212.0, -211.0, -174.0, -160.0, -150.0, -300.0, -300.0, -139.0, -280.0, -300.0, -145.0, -137.0, -300.0, -300.0, -300.0, -191.0, -158.0, -224.0, -300.0, -198.0, -300.0, -228.0, -127.0, -144.0, -169.0, -300.0, -158.0, -297.0, -300.0, -151.0, -151.0, -300.0, -149.0, -300.0, -181.0, -172.0, -300.0, -300.0, -167.0, -131.0, -203.0, -138.0, -300.0, -128.0, -300.0, -300.0, -150.0, -148.0, -300.0, -139.0, -153.0, -188.0, -147.0, -300.0, -300.0, -300.0, -300.0, -153.0, -162.0, -228.0, -150.0, -168.0, -146.0, -300.0, -154.0, -233.0, -166.0, -154.0, -192.0, -175.0, -135.0, -173.0, -156.0, -300.0, -300.0, -300.0, -300.0, -174.0, -148.0, -300.0, -144.0, -146.0, -175.0, -132.0, -152.0, -157.0, -300.0, -300.0, -167.0, -151.0, -166.0, -300.0, -300.0, -300.0, -185.0, -140.0], [-223.0, -162.0, -144.0, -166.0, -300.0, -300.0, -162.0, -300.0, -300.0, -187.0, -146.0, -174.0, -276.0, -300.0, -135.0, -159.0, -300.0, -300.0, -162.0, -300.0, -155.0, -166.0, -182.0, -196.0, -162.0, -186.0, -131.0, -140.0, -178.0, -138.0, -130.0, -152.0, -300.0, -158.0, -300.0, -152.0, -124.0, -300.0, -300.0, -300.0, -180.0, -165.0, -140.0, -139.0, -173.0, -300.0, -300.0, -198.0, -241.0, -153.0, -300.0, -174.0, -146.0, -150.0, -203.0, -174.0, -151.0, -143.0, -300.0, -148.0, -184.0, -164.0, -300.0, -154.0, -172.0, -154.0, -152.0, -300.0, -147.0, -175.0, -180.0, -192.0, -138.0, -300.0, -146.0, -155.0, -168.0, -297.0, -138.0, -170.0, -132.0, -300.0, -137.0, -161.0, -300.0, -165.0, -300.0, -159.0, -300.0, -142.0, -300.0, -300.0, -170.0, -300.0, -300.0, -205.0, -158.0, -148.0, -154.0, -150.0], [-300.0, -193.0, -300.0, -135.0, -300.0, -223.0, -300.0, -300.0, -300.0, -131.0, -142.0, -154.0, -171.0, -172.0, -173.0, -148.0, -300.0, -145.0, -196.0, -164.0, -150.0, -162.0, -162.0, -188.0, -142.0, -168.0, -178.0, -188.0, -163.0, -138.0, -300.0, -139.0, -124.0, -300.0, -300.0, -138.0, -300.0, -166.0, -300.0, -300.0, -300.0, -212.0, -300.0, -161.0, -200.0, -135.0, -163.0, -155.0, -300.0, -161.0, -300.0, -184.0, -183.0, -300.0, -187.0, -300.0, -167.0, -300.0, -300.0, -300.0, -191.0, -165.0, -176.0, -170.0, -300.0, -300.0, -300.0, -192.0, -297.0, -300.0, -158.0, -280.0, -138.0, -154.0, -142.0, -172.0, -167.0, -143.0, -152.0, -158.0, -191.0, -300.0, -158.0, -164.0, -300.0, -195.0, -300.0, -140.0, -127.0, -155.0, -156.0, -160.0, -189.0, -139.0, -300.0, -139.0, -167.0, -300.0, -300.0, -145.0]], "success_matrix": [[true, false, true, false, false, false, true, true, true, true, true, true, true, false, true, true, false, false, true, false, false, true, true, true, true, true, true, true, true, false, true, false, false, true, true, false, false, true, true, false, true, false, false, true, true, false, true, false, true, true, true, true, false, true, false, true, false, false, false, true, true, true, true, false, true, false, true, true, true, true, false, false, true, false, true, false, true, true, true, false, false, true, true, true, false, true, true, true, true, true, true, true, true, true, true, true, false, false, false, true], [true, true, false, false, false, false, false, true, true, true, true, true, true, false, false, false, true, true, false, true, false, true, false, true, true, true, true, true, false, false, false, true, true, true, true, true, false, true, true, true, false, true, true, true, false, false, true, true, true, true, true, true, false, false, true, true, true, true, true, true, true, false, false, true, false, true, true, true, false, true, true, true, false, true, true, true, true, false, true, true, true, true, true, false, false, true, true, true, true, false, false, true, false, false, true, true, true, true, false, false], [true, false, true, true, true, true, true, true, true, false, false, true, true, false, true, true, false, false, false, true, true, true, false, true, false, true, true, true, true, false, true, false, false, true, true, false, true, false, true, true, false, false, true, true, true, true, false, true, false, false, true, true, false, true, true, true, true, false, false, false, false, true, true, true, true, true, true, false, true, true, true, true, true, true, true, true, true, false, false, false, false, true, true, false, true, true, true, true, true, true, false, false, true, true, true, false, false, false, true, true], [true, true, true, true, false, false, true, false, false, true, true, true, true, false, true, true, false, false, true, false, true, true, true, true, true, true, true, true, true, true, true, true, false, true, false, true, true, false, false, false, true, true, true, true, true, false, false, true, true, true, false, true, true, true, true, true, true, true, false, true, true, true, false, true, true, true, true, false, true, true, true, true, true, false, true, true, true, false, true, true, true, false, true, true, false, true, false, true, false, true, false, false, true, false, false, true, true, true, true, true], [false, true, false, true, false, true, false, false, false, true, true, true, true, true, true, true, false, true, true, true, true, true, true, true, true, true, true, true, true, true, false, true, true, false, false, true, false, true, false, false, false, true, false, true, true, true, true, true, false, true, false, true, true, false, true, false, true, false, false, false, true, true, true, true, false, false, false, true, false, false, true, true, true, true, true, true, true, true, true, true, true, false, true, true, false, true, false, true, true, true, true, true, true, true, false, true, true, false, false, true]], "ticket_name": "envs100_samples1000_seeds999_1000_1001_1002_1003_1004_1005_1006_1007_1008_ddim2_20251208_043402/seed_1001", "eval_noise_idx": 0, "eval_seed": 1619}