{"n_seeds": 5, "n_evals_per_seed": 100, "reward_mean": -300.57415771484375, "reward_std": 13.867741584777832, "success_mean": 0.19, "success_std": 0.05431390245600109, "episode_seeds": [1619, 1620, 1621, 1622, 1623], "seed_reward_means": [-321.1997985839844, -307.1952209472656, -294.1700134277344, -285.58221435546875, -294.7235107421875], "seed_success_means": [0.12, 0.2, 0.19, 0.27, 0.17], "reward_matrix": [[-360.25347900390625, -369.2667541503906, -372.6722717285156, -373.83233642578125, -268.46490478515625, -374.98876953125, -336.727783203125, -253.34214782714844, -291.54803466796875, -367.0152587890625, -133.8749542236328, -386.56005859375, -371.6236267089844, -377.1731872558594, -377.22967529296875, -211.65545654296875, -126.36237335205078, -313.416748046875, -275.7571716308594, -350.61492919921875, -354.1565856933594, -290.9861755371094, -384.71746826171875, -113.63430786132812, -282.35369873046875, -369.6185607910156, -329.0270080566406, -331.0860290527344, -377.9910888671875, -185.7266387939453, -388.1367492675781, -369.36334228515625, -351.6780700683594, -374.6317138671875, -337.5999450683594, -278.7143249511719, -370.4588623046875, -397.3871765136719, -316.5285339355469, -352.1461181640625, -394.0072937011719, -381.05853271484375, -377.26568603515625, -362.44940185546875, -388.7680358886719, -389.2857360839844, -360.99932861328125, -361.16339111328125, -132.83486938476562, -379.1847839355469, -338.17852783203125, -232.56228637695312, -291.5140075683594, -365.1902770996094, -129.62681579589844, -387.3854675292969, -384.8005065917969, -381.3874816894531, -321.6085205078125, -374.098876953125, -292.7796936035156, -371.9534606933594, -376.3511657714844, -295.7427062988281, -347.0938415527344, -314.4732360839844, -291.6679992675781, -367.4804382324219, -292.2023010253906, -358.9252624511719, -379.6492004394531, -390.94940185546875, -346.1087341308594, -373.34075927734375, -397.4974670410156, -315.1612243652344, -264.5101013183594, -245.899658203125, -351.7601013183594, -329.76141357421875, -243.97207641601562, -384.0539855957031, -120.53355407714844, -214.2648162841797, -372.9183044433594, -321.2132263183594, -279.0096435546875, -342.15008544921875, -136.97128295898438, -326.8846435546875, -391.09259033203125, -371.5673828125, -383.6927490234375, -365.0748596191406, -150.79022216796875, -387.744384765625, -222.75245666503906, -244.8112335205078, -239.2703094482422, -336.2138366699219], [-316.295654296875, -369.00665283203125, -147.28260803222656, -307.8566589355469, -165.4156951904297, -381.041748046875, -374.81103515625, -389.7668762207031, -345.2797546386719, -377.1766662597656, -327.4302062988281, -394.9231872558594, -345.2568359375, -313.1058349609375, -393.68212890625, -150.7262725830078, -128.43214416503906, -366.96588134765625, -363.9556884765625, -183.8070831298828, -106.70498657226562, -302.1284484863281, -358.4831237792969, -311.6564025878906, -373.77960205078125, -346.3310546875, -357.09014892578125, -378.42498779296875, -382.25927734375, -369.2523193359375, -388.4490966796875, -306.06610107421875, -386.45220947265625, -376.49517822265625, -372.82781982421875, -256.48760986328125, -312.8329772949219, -126.32373046875, -376.9288330078125, -127.32186889648438, -392.169921875, -377.9518127441406, -375.213134765625, -365.39892578125, -374.7325134277344, -164.060791015625, -377.2464904785156, -378.0462951660156, -318.1162109375, -355.9812316894531, -345.06878662109375, -229.54327392578125, -295.65594482421875, -399.2784118652344, -269.5843505859375, -149.014892578125, -266.9083251953125, -259.5093688964844, -281.0120849609375, -396.9115905761719, -353.02069091796875, -236.64791870117188, -379.80023193359375, -354.1790466308594, -348.3896789550781, -390.6112365722656, -323.9007873535156, -371.3065490722656, -150.4985809326172, -374.09716796875, -375.26031494140625, -116.89488983154297, -381.8580627441406, -372.6592712402344, -334.26055908203125, -267.9266357421875, -319.9160461425781, -178.48382568359375, -380.7102966308594, -313.7240905761719, -274.91937255859375, -137.1131134033203, -362.3042297363281, -357.3454284667969, -198.3093719482422, -298.6896057128906, -111.9380111694336, -371.49774169921875, -301.7435302734375, -366.46502685546875, -321.0092468261719, -165.80545043945312, -373.4211120605469, -326.002685546875, -315.0864562988281, -103.52479553222656, -365.35711669921875, -163.75811767578125, -395.0035095214844, -256.16412353515625], [-219.4896697998047, -329.2636413574219, -239.81089782714844, -260.6999206542969, -369.84722900390625, -387.91961669921875, -344.18389892578125, -370.67193603515625, -265.0059509277344, -237.6382293701172, -185.29193115234375, -246.71417236328125, -249.5458526611328, -376.04254150390625, -223.47865295410156, -293.4317626953125, -372.3352966308594, -355.5928955078125, -385.44317626953125, -323.3199462890625, -212.79144287109375, -250.72134399414062, -331.5559387207031, -202.19189453125, -277.1492614746094, -368.6301574707031, -283.02398681640625, -387.1506652832031, -301.72259521484375, -118.38145446777344, -343.3672180175781, -249.42276000976562, -378.6661682128906, -332.0589599609375, -386.9084167480469, -187.83547973632812, -396.7997131347656, -266.13201904296875, -120.14463806152344, -220.0972442626953, -383.3927917480469, -311.9571533203125, -399.63116455078125, -378.66204833984375, -385.5549011230469, -374.6084899902344, -321.7296142578125, -215.81105041503906, -345.90106201171875, -390.5003967285156, -181.70309448242188, -386.3280029296875, -380.4114074707031, -352.9007263183594, -388.3517761230469, -244.3472900390625, -310.57440185546875, -106.6672592163086, -319.8465576171875, -391.96795654296875, -293.39593505859375, -315.3625183105469, -346.01348876953125, -270.61932373046875, -273.5456237792969, -350.3824157714844, -371.107666015625, -363.6806945800781, -385.55645751953125, -349.9963073730469, -106.16789245605469, -103.73556518554688, -227.5288848876953, -191.77471923828125, -289.8212585449219, -382.27777099609375, -342.96966552734375, -317.7425537109375, -388.2591857910156, -334.15301513671875, -355.4939880371094, -290.5063781738281, -248.5397491455078, -295.74822998046875, -246.72113037109375, -244.9402618408203, -356.5884704589844, -99.3778076171875, -385.95855712890625, -284.7082214355469, -375.0316467285156, -153.3600311279297, -104.84436798095703, -139.1917724609375, -302.3832092285156, -131.12660217285156, -313.8752136230469, -325.5447692871094, -250.3557586669922, -287.2866516113281], [-380.83526611328125, -384.85784912109375, -282.9430847167969, -118.21489715576172, -247.38583374023438, -107.55404663085938, -229.72076416015625, -290.58251953125, -262.0209655761719, -375.634521484375, -389.2887268066406, -126.35945892333984, -161.02247619628906, -272.96478271484375, -268.4015808105469, -359.6936950683594, -342.22698974609375, -380.4583435058594, -167.25921630859375, -152.99644470214844, -236.80662536621094, -118.74760437011719, -237.03286743164062, -389.6112060546875, -127.6546630859375, -354.8566589355469, -277.2181396484375, -110.33207702636719, -375.3382263183594, -386.3387451171875, -116.52061462402344, -375.022216796875, -172.35423278808594, -302.14013671875, -108.32981872558594, -131.78778076171875, -381.2168273925781, -285.7218017578125, -282.408935546875, -245.8516082763672, -351.0248107910156, -281.78173828125, -328.95965576171875, -379.0331726074219, -391.3171691894531, -375.1092529296875, -363.97418212890625, -396.1954345703125, -315.4112854003906, -382.6749572753906, -216.7984161376953, -243.44586181640625, -374.35504150390625, -295.6239318847656, -195.5386505126953, -202.27687072753906, -225.52120971679688, -372.1192932128906, -230.40650939941406, -333.0546569824219, -255.85948181152344, -217.83941650390625, -277.8198547363281, -290.7132263183594, -375.9311218261719, -392.1161804199219, -142.41932678222656, -359.47991943359375, -111.11367797851562, -334.5870361328125, -328.54144287109375, -300.3511047363281, -157.5032196044922, -332.2861633300781, 