{"n_seeds": 5, "n_evals_per_seed": 100, "reward_mean": -128.0080108642578, "reward_std": 15.875513076782227, "success_mean": 0.794, "success_std": 0.06693280212272605, "episode_seeds": [1619, 1620, 1621, 1622, 1623], "seed_reward_means": [-150.74000549316406, -114.27999877929688, -133.88999938964844, -129.44000244140625, -111.69000244140625], "seed_success_means": [0.69, 0.85, 0.77, 0.81, 0.85], "reward_matrix": [[-76.0, -59.0, -91.0, -74.0, -68.0, -63.0, -300.0, -64.0, -300.0, -125.0, -300.0, -59.0, -50.0, -300.0, -57.0, -300.0, -84.0, -80.0, -77.0, -68.0, -300.0, -300.0, -159.0, -55.0, -65.0, -300.0, -52.0, -132.0, -108.0, -67.0, -58.0, -300.0, -182.0, -300.0, -185.0, -99.0, -61.0, -64.0, -300.0, -59.0, -300.0, -57.0, -300.0, -137.0, -300.0, -300.0, -61.0, -171.0, -56.0, -300.0, -64.0, -147.0, -55.0, -74.0, -300.0, -58.0, -64.0, -106.0, -300.0, -300.0, -83.0, -63.0, -300.0, -180.0, -300.0, -74.0, -300.0, -300.0, -300.0, -300.0, -66.0, -88.0, -57.0, -60.0, -65.0, -89.0, -75.0, -85.0, -66.0, -56.0, -69.0, -93.0, -58.0, -57.0, -66.0, -116.0, -82.0, -300.0, -203.0, -126.0, -55.0, -300.0, -300.0, -62.0, -300.0, -300.0, -76.0, -300.0, -54.0, -59.0], [-51.0, -62.0, -72.0, -180.0, -300.0, -95.0, -99.0, -64.0, -73.0, -80.0, -58.0, -196.0, -71.0, -300.0, -300.0, -92.0, -69.0, -116.0, -70.0, -62.0, -300.0, -49.0, -106.0, -55.0, -77.0, -300.0, -89.0, -100.0, -71.0, -132.0, -82.0, -65.0, -75.0, -64.0, -61.0, -71.0, -59.0, -100.0, -87.0, -64.0, -159.0, -300.0, -67.0, -93.0, -300.0, -96.0, -70.0, -99.0, -74.0, -300.0, -57.0, -300.0, -73.0, -73.0, -117.0, -80.0, -55.0, -63.0, -67.0, -108.0, -196.0, -64.0, -58.0, -65.0, -143.0, -83.0, -68.0, -97.0, -300.0, -300.0, -67.0, -67.0, -103.0, -60.0, -66.0, -300.0, -300.0, -74.0, -61.0, -68.0, -71.0, -81.0, -67.0, -59.0, -59.0, -300.0, -87.0, -48.0, -58.0, -108.0, -72.0, -105.0, -300.0, -56.0, -156.0, -69.0, -61.0, -50.0, -60.0, -53.0], [-300.0, -178.0, -300.0, -300.0, -144.0, -66.0, -75.0, -78.0, -300.0, -67.0, -58.0, -57.0, -58.0, -300.0, -300.0, -78.0, -300.0, -63.0, -300.0, -68.0, -78.0, -156.0, -61.0, -300.0, -58.0, -131.0, -103.0, -144.0, -72.0, -63.0, -129.0, -56.0, -185.0, -83.0, -55.0, -300.0, -63.0, -300.0, -229.0, -72.0, -67.0, -74.0, -79.0, -107.0, -57.0, -74.0, -300.0, -61.0, -55.0, -300.0, -63.0, -60.0, -63.0, -52.0, -54.0, -119.0, -300.0, -57.0, -54.0, -62.0, -71.0, -62.0, -57.0, -69.0, -51.0, -82.0, -78.0, -70.0, -135.0, -300.0, -143.0, -51.0, -68.0, -63.0, -87.0, -193.0, -51.0, -109.0, -170.0, -75.0, -300.0, -101.0, -300.0, -300.0, -62.0, -69.0, -70.0, -300.0, -300.0, -57.0, -71.0, -69.0, -300.0, -131.0, -73.0, -56.0, -300.0, -300.0, -100.0, -59.0], [-63.0, -64.0, -53.0, -89.0, -103.0, -300.0, -64.0, -84.0, -164.0, -80.0, -159.0, -100.0, -73.0, -63.0, -68.0, -64.0, -68.0, -66.0, -300.0, -75.0, -60.0, -64.0, -87.0, -69.0, -163.0, -300.0, -300.0, -300.0, -83.0, -84.0, -50.0, -88.0, -63.0, -52.0, -100.0, -59.0, -300.0, -79.0, -68.0, -89.0, -99.0, -79.0, -51.0, -56.0, -279.0, -61.0, -300.0, -69.0, -65.0, -71.0, -69.0, -128.0, -75.0, -65.0, -300.0, -300.0, -57.0, -300.0, -55.0, -116.0, -300.0, -62.0, -63.0, -300.0, -50.0, -87.0, -80.0, -89.0, -96.0, -300.0, -300.0, -148.0, -64.0, -179.0, -58.0, -56.0, -98.0, -71.0, -68.0, -63.0, -58.0, -71.0, -300.0, -72.0, -54.0, -300.0, -85.0, -96.0, -70.0, -148.0, -87.0, -300.0, -121.0, -300.0, -152.0, -270.0, -74.0, -300.0, -172.0, -229.0], [-53.0, -208.0, -300.0, -74.0, -77.0, -59.0, -52.0, -69.0, -59.0, -187.0, -83.0, -61.0, -57.0, -300.0, -59.0, -88.0, -58.0, -59.0, -70.0, -69.0, -300.0, -60.0, -89.0, -60.0, -114.0, -66.0, -85.0, -300.0, -300.0, -59.0, -96.0, -72.0, -69.0, -91.0, -73.0, -76.0, -64.0, -107.0, -72.0, -300.0, -53.0, -300.0, -61.0, -80.0, -73.0, -54.0, -48.0, -300.0, -89.0, -67.0, -159.0, -300.0, -56.0, -56.0, -74.0, -107.0, -98.0, -75.0, -66.0, -200.0, -62.0, -72.0, -52.0, -78.0, -300.0, -53.0, -199.0, -88.0, -52.0, -83.0, -91.0, -103.0, -70.0, -56.0, -300.0, -65.0, -59.0, -63.0, -67.0, -57.0, -300.0, -92.0, -74.0, -82.0, -56.0, -300.0, -49.0, -52.0, -300.0, -68.0, -75.0, -69.0, -52.0, -57.0, -66.0, -86.0, -71.0, -300.0, -151.0, -88.0]], "success_matrix": [[true, true, true, true, true, true, false, true, false, true, false, true, true, false, true, false, true, true, true, true, false, false, true, true, true, false, true, true, true, true, true, false, true, false, true, true, true, true, false, true, false, true, false, true, false, false, true, true, true, false, true, true, true, true, false, true, true, true, false, false, true, true, false, true, false, true, false, false, false, false, true, true, true, true, true, true, true, true, true, true, true, true, true, true, true, true, true, false, true, true, true, false, false, true, false, false, true, false, true, true], [true, true, true, true, false, true, true, true, true, true, true, true, true, false, false, true, true, true, true, true, false, true, true, true, true, false, true, true, true, true, true, true, true, true, true, true, true, true, true, true, true, false, true, true, false, true, true, true, true, false, true, false, true, true, true, true, true, true, true, true, true, true, true, true, true, true, true, true, false, false, true, true, true, true, true, false, false, true, true, true, true, true, true, true, true, false, true, true, true, true, true, true, false, true, true, true, true, true, true, true], [false, true, false, false, true, true, true, true, false, true, true, true, true, false, false, true, false, true, false, true, true, true, true, false, true, true, true, true, true, true, true, true, true, true, true, false, true, false, true, true, true, true, true, true, true, true, false, true, true, false, true, true, true, true, true, true, false, true, true, true, true, true, true, true, true, true, true, true, true, false, true, true, true, true, true, true, true, true, true, true, false, true, false, false, true, true, true, false, false, true, true, true, false, true, true, true, false, false, true, true], [true, true, true, true, true, false, true, true, true, true, true, true, true, true, true, true, true, true, false, true, true, true, true, true, true, false, false, false, true, true, true, true, true, true, true, true, false, true, true, true, true, true, true, true, true, true, false, true, true, true, true, true, true, true, false, false, true, false, true, true, false, true, true, false, true, true, true, true, true, false, false, true, true, true, true, true, true, true, true, true, true, true, false, true, true, false, true, true, true, true, true, false, true, false, true, true, true, false, true, true], [true, true, false, true, true, true, true, true, true, true, true, true, true, false, true, true, true, true, true, true, false, true, true, true, true, true, true, false, false, true, true, true, true, true, true, true, true, true, true, false, true, false, true, true, true, true, true, false, true, true, true, false, true, true, true, true, true, true, true, true, true, true, true, true, false, true, true, true, true, true, true, true, true, true, false, true, true, true, true, true, false, true, true, true, true, false, true, true, false, true, true, true, true, true, true, true, true, false, true, true]], "ticket_name": "zo_envs10_iter100_cand10_lambda2.0_seed666_ddim8_20251212_061609/seed_671", "eval_noise_idx": 0, "eval_seed": 1619}