{"n_seeds": 5, "n_evals_per_seed": 100, "reward_mean": -230.7519989013672, "reward_std": 4.355130195617676, "success_mean": 0.784, "success_std": 0.025099800796022247, "episode_seeds": [1619, 1620, 1621, 1622, 1623], "seed_reward_means": [-229.5, -233.02000427246094, -231.2100067138672, -235.83999633789062, -224.19000244140625], "seed_success_means": [0.75, 0.79, 0.78, 0.78, 0.82], "reward_matrix": [[-216.0, -300.0, -235.0, -300.0, -244.0, -204.0, -236.0, -142.0, -300.0, -203.0, -257.0, -181.0, -172.0, -260.0, -222.0, -286.0, -300.0, -300.0, -193.0, -196.0, -300.0, -181.0, -180.0, -300.0, -171.0, -237.0, -177.0, -300.0, -241.0, -216.0, -182.0, -209.0, -198.0, -171.0, -219.0, -300.0, -300.0, -204.0, -238.0, -300.0, -245.0, -242.0, -241.0, -194.0, -184.0, -184.0, -172.0, -300.0, -254.0, -300.0, -172.0, -188.0, -300.0, -169.0, -186.0, -211.0, -196.0, -172.0, -300.0, -191.0, -231.0, -179.0, -182.0, -184.0, -300.0, -192.0, -300.0, -197.0, -194.0, -259.0, -300.0, -300.0, -231.0, -300.0, -191.0, -240.0, -173.0, -219.0, -233.0, -300.0, -210.0, -195.0, -300.0, -229.0, -300.0, -296.0, -300.0, -232.0, -204.0, -185.0, -197.0, -180.0, -214.0, -217.0, -173.0, -162.0, -300.0, -226.0, -184.0, -169.0], [-203.0, -300.0, -249.0, -232.0, -300.0, -221.0, -250.0, -208.0, -242.0, -211.0, -300.0, -189.0, -202.0, -242.0, -198.0, -204.0, -300.0, -221.0, -300.0, -300.0, -300.0, -229.0, -243.0, -188.0, -174.0, -300.0, -175.0, -241.0, -300.0, -282.0, -192.0, -188.0, -281.0, -209.0, -208.0, -300.0, -192.0, -300.0, -208.0, -206.0, -233.0, -201.0, -298.0, -187.0, -240.0, -210.0, -234.0, -300.0, -214.0, -256.0, -300.0, -209.0, -272.0, -300.0, -270.0, -208.0, -183.0, -193.0, -181.0, -180.0, -182.0, -250.0, -259.0, -183.0, -224.0, -172.0, -300.0, -205.0, -300.0, -228.0, -197.0, -200.0, -246.0, -178.0, -200.0, -193.0, -213.0, -215.0, -176.0, -221.0, -200.0, -190.0, -240.0, -300.0, -179.0, -192.0, -217.0, -230.0, -300.0, -274.0, -257.0, -277.0, -194.0, -194.0, -191.0, -239.0, -300.0, -169.0, -300.0, -260.0], [-162.0, -283.0, -300.0, -209.0, -300.0, -200.0, -204.0, -183.0, -189.0, -300.0, -201.0, -272.0, -264.0, -177.0, -183.0, -197.0, -300.0, -233.0, -201.0, -199.0, -225.0, -229.0, -198.0, -193.0, -203.0, -197.0, -169.0, -199.0, -300.0, -269.0, -217.0, -224.0, -228.0, -185.0, -300.0, -300.0, -207.0, -228.0, -215.0, -300.0, -300.0, -253.0, -196.0, -300.0, -300.0, -168.0, -243.0, -300.0, -203.0, -208.0, -269.0, -138.0, -248.0, -209.0, -202.0, -180.0, -222.0, -184.0, -176.0, -222.0, -186.0, -199.0, -229.0, -196.0, -237.0, -249.0, -300.0, -300.0, -185.0, -200.0, -243.0, -178.0, -223.0, -229.0, -205.0, -195.0, -188.0, -300.0, -300.0, -284.0, -190.0, -212.0, -194.0, -300.0, -195.0, -176.0, -206.0, -300.0, -221.0, -256.0, -277.0, -201.0, -246.0, -259.0, -212.0, -300.0, -300.0, -300.0, -300.0, -186.0], [-239.0, -241.0, -202.0, -250.0, -213.0, -165.0, -185.0, -300.0, -300.0, -213.0, -197.0, -184.0, -230.0, -300.0, -268.0, -198.0, -291.0, -175.0, -241.0, -300.0, -268.0, -241.0, -172.0, -237.0, -186.0, -271.0, -168.0, -300.0, -212.0, -199.0, -300.0, -179.0, -247.0, -205.0, -179.0, -237.0, -273.0, -233.0, -196.0, -300.0, -191.0, -278.0, -234.0, -258.0, -191.0, -300.0, -300.0, -300.0, -192.0, -220.0, -300.0, -243.0, -171.0, -170.0, -300.0, -300.0, -283.0, -189.0, -300.0, -195.0, -167.0, -300.0, -300.0, -247.0, -241.0, -300.0, -259.0, -275.0, -253.0, -202.0, -281.0, -245.0, -207.0, -183.0, -175.0, -180.0, -271.0, -202.0, -202.0, -209.0, -300.0, -196.0, -213.0, -197.0, -300.0, -207.0, -252.0, -249.0, -165.0, -209.0, -298.0, -300.0, -241.0, -182.0, -265.0, -300.0, -175.0, -274.0, -176.0, -176.0], [-286.0, -300.0, -159.0, -230.0, -209.0, -188.0, -211.0, -300.0, -208.0, -161.0, -300.0, -300.0, -211.0, -187.0, -199.0, -300.0, -184.0, -206.0, -205.0, -197.0, -194.0, -186.0, -217.0, -216.0, -181.0, -185.0, -300.0, -192.0, -223.0, -300.0, -300.0, -239.0, -276.0, -277.0, -272.0, -172.0, -249.0, -177.0, -187.0, -186.0, -300.0, -300.0, -300.0, -300.0, -200.0, -253.0, -189.0, -182.0, -235.0, -199.0, -300.0, -168.0, -225.0, -300.0, -220.0, -300.0, -170.0, -238.0, -182.0, -208.0, -178.0, -204.0, -196.0, -241.0, -292.0, -186.0, -220.0, -185.0, -224.0, -300.0, -205.0, -300.0, -258.0, -249.0, -205.0, -171.0, -215.0, -232.0, -196.0, -204.0, -248.0, -216.0, -177.0, -249.0, -194.0, -197.0, -300.0, -195.0, -278.0, -164.0, -182.0, -172.0, -200.0, -205.0, -234.0, -188.0, -181.0, -183.0, -184.0, -172.0]], "success_matrix": [[true, false, true, false, true, true, true, true, false, true, true, true, true, true, true, true, false, false, true, true, false, true, true, false, true, true, true, false, true, true, true, true, true, true, true, false, false, true, true, false, true, true, true, true, true, true, true, false, true, false, true, true, false, true, true, true, true, true, false, true, true, true, true, true, false, true, false, true, true, true, false, false, true, false, true, true, true, true, true, false, true, true, false, true, false, true, false, true, true, true, true, true, true, true, true, true, false, true, true, true], [true, false, true, true, false, true, true, true, true, true, false, true, true, true, true, true, false, true, false, false, false, true, true, true, true, false, true, true, false, true, true, true, true, true, true, false, true, false, true, true, true, true, false, true, true, true, true, false, true, true, false, true, true, false, true, true, true, true, true, true, true, true, true, true, true, true, false, true, false, true, true, true, true, true, true, true, true, true, true, true, true, true, true, false, true, true, true, true, false, true, true, true, true, true, true, true, false, true, false, true], [true, true, false, true, false, true, true, true, true, false, true, true, true, true, true, true, false, true, true, true, true, true, true, true, true, true, true, true, false, true, true, true, true, true, false, false, true, true, true, false, false, true, true, false, false, true, true, false, true, true, true, true, true, true, true, true, true, true, true, true, true, true, true, true, true, true, false, false, true, true, true, true, true, true, true, true, true, false, false, true, true, true, true, false, true, true, true, false, true, true, true, true, true, true, true, false, false, false, false, true], [true, true, true, true, true, true, true, false, false, true, true, true, true, false, true, true, true, true, true, false, true, true, true, true, true, true, true, false, true, true, false, true, true, true, true, true, true, true, true, false, true, true, true, true, true, false, false, false, true, true, false, true, true, true, false, false, true, true, false, true, true, false, false, true, true, false, true, true, true, true, true, true, true, true, true, true, true, true, true, true, false, true, true, true, false, true, true, true, true, true, false, false, true, true, true, false, true, true, true, true], [true, false, true, true, true, true, true, false, true, true, false, false, true, true, true, false, true, true, true, true, true, true, true, true, true, true, false, true, true, false, false, true, true, true, true, true, true, true, true, true, false, false, false, false, true, true, true, true, true, true, false, true, true, false, true, false, true, true, true, true, true, true, true, true, true, true, true, true, true, false, true, false, true, true, true, true, true, true, true, true, true, true, true, true, true, true, false, true, true, true, true, true, true, true, true, true, true, true, true, true]], "ticket_name": "zo_envs10_iter500_cand2_lambda2.0_seed666_ddim8_20251213_183610/seed_673", "eval_noise_idx": 0, "eval_seed": 1619}