{"n_seeds": 5, "n_evals_per_seed": 100, "reward_mean": -209.5339813232422, "reward_std": 5.767542839050293, "success_mean": 0.744, "success_std": 0.039293765408777, "episode_seeds": [1619, 1620, 1621, 1622, 1623], "seed_reward_means": [-202.50999450683594, -212.6699981689453, -211.14999389648438, -217.80999755859375, -203.52999877929688], "seed_success_means": [0.79, 0.72, 0.76, 0.68, 0.77], "reward_matrix": [[-300.0, -159.0, -216.0, -124.0, -187.0, -300.0, -231.0, -300.0, -300.0, -195.0, -240.0, -144.0, -164.0, -143.0, -142.0, -151.0, -196.0, -300.0, -221.0, -155.0, -144.0, -300.0, -131.0, -160.0, -300.0, -187.0, -299.0, -178.0, -228.0, -124.0, -211.0, -183.0, -167.0, -150.0, -300.0, -148.0, -160.0, -246.0, -300.0, -174.0, -212.0, -139.0, -186.0, -251.0, -185.0, -158.0, -209.0, -300.0, -150.0, -133.0, -131.0, -128.0, -188.0, -151.0, -147.0, -216.0, -140.0, -139.0, -300.0, -167.0, -188.0, -300.0, -197.0, -235.0, -170.0, -153.0, -143.0, -159.0, -131.0, -275.0, -300.0, -182.0, -179.0, -199.0, -156.0, -199.0, -300.0, -300.0, -228.0, -300.0, -300.0, -176.0, -300.0, -247.0, -112.0, -243.0, -155.0, -206.0, -248.0, -300.0, -209.0, -143.0, -155.0, -300.0, -233.0, -194.0, -132.0, -141.0, -147.0, -128.0], [-166.0, -201.0, -191.0, -136.0, -186.0, -167.0, -140.0, -300.0, -152.0, -159.0, -300.0, -300.0, -300.0, -300.0, -300.0, -171.0, -300.0, -179.0, -300.0, -141.0, -219.0, -199.0, -171.0, -291.0, -144.0, -263.0, -143.0, -199.0, -146.0, -300.0, -159.0, -300.0, -300.0, -171.0, -172.0, -185.0, -141.0, -192.0, -178.0, -170.0, -300.0, -167.0, -171.0, -184.0, -140.0, -300.0, -165.0, -300.0, -200.0, -300.0, -300.0, -243.0, -140.0, -147.0, -283.0, -300.0, -166.0, -155.0, -139.0, -129.0, -300.0, -195.0, -223.0, -172.0, -195.0, -139.0, -231.0, -300.0, -131.0, -188.0, -186.0, -174.0, -148.0, -135.0, -197.0, -300.0, -191.0, -300.0, -300.0, -300.0, -188.0, -300.0, -208.0, -169.0, -300.0, -170.0, -219.0, -189.0, -300.0, -156.0, -195.0, -300.0, -174.0, -131.0, -224.0, -191.0, -300.0, -183.0, -136.0, -268.0], [-155.0, -152.0, -300.0, -206.0, -300.0, -135.0, -168.0, -225.0, -147.0, -294.0, -143.0, -300.0, -257.0, -124.0, -207.0, -144.0, -204.0, -158.0, -151.0, -300.0, -163.0, -167.0, -124.0, -193.0, -300.0, -187.0, -128.0, -190.0, -300.0, -227.0, -180.0, -292.0, -234.0, -156.0, -300.0, -300.0, -211.0, -135.0, -253.0, -119.0, -300.0, -219.0, -225.0, -194.0, -300.0, -171.0, -300.0, -279.0, -300.0, -127.0, -300.0, -166.0, -162.0, -159.0, -137.0, -300.0, -300.0, -139.0, -146.0, -167.0, -147.0, -248.0, -300.0, -159.0, -216.0, -191.0, -300.0, -211.0, -155.0, -178.0, -227.0, -131.0, -179.0, -232.0, -159.0, -166.0, -300.0, -157.0, -223.0, -150.0, -128.0, -225.0, -244.0, -243.0, -143.0, -207.0, -159.0, -300.0, -212.0, -300.0, -186.0, -169.0, -167.0, -300.0, -188.0, -300.0, -300.0, -300.0, -235.0, -160.0], [-215.0, -228.0, -300.0, -265.0, -208.0, -127.0, -147.0, -300.0, -300.0, -240.0, -176.0, -147.0, -143.0, -123.0, -300.0, -159.0, -300.0, -135.0, -183.0, -131.0, -207.0, -244.0, -300.0, -188.0, -175.0, -300.0, -131.0, -151.0, -187.0, -300.0, -300.0, -300.0, -204.0, -175.0, -123.0, -300.0, -300.0, -171.0, -166.0, -159.0, -217.0, -227.0, -189.0, -300.0, -199.0, -147.0, -300.0, -228.0, -300.0, -139.0, -230.0, -300.0, -134.0, -188.0, -300.0, -160.0, -223.0, -300.0, -174.0, -164.0, -300.0, -151.0, -155.0, -198.0, -215.0, -300.0, -219.0, -300.0, -195.0, -158.0, -179.0, -187.0, -300.0, -300.0, -155.0, -128.0, -300.0, -300.0, -143.0, -167.0, -300.0, -186.0, -300.0, -199.0, -300.0, -223.0, -154.0, -200.0, -119.0, -184.0, -132.0, -300.0, -198.0, -210.0, -159.0, -300.0, -300.0, -144.0, -300.0, -296.0], [-215.0, -163.0, -120.0, -152.0, -135.0, -300.0, -260.0, -173.0, -300.0, -127.0, -300.0, -300.0, -211.0, -127.0, -168.0, -168.0, -300.0, -136.0, -300.0, -199.0, -164.0, -143.0, -167.0, -233.0, -140.0, -159.0, -300.0, -154.0, -224.0, -300.0, -135.0, -207.0, -300.0, -162.0, -128.0, -300.0, -195.0, -147.0, -146.0, -166.0, -154.0, -300.0, -154.0, -152.0, -217.0, -234.0, -170.0, -300.0, -190.0, -300.0, -144.0, -136.0, -247.0, -300.0, -223.0, -127.0, -143.0, -300.0, -127.0, -193.0, -155.0, -167.0, -196.0, -208.0, -135.0, -143.0, -170.0, -163.0, -229.0, -206.0, -156.0, -300.0, -300.0, -124.0, -159.0, -300.0, -294.0, -178.0, -208.0, -300.0, -266.0, -136.0, -178.0, -179.0, -136.0, -271.0, -181.0, -199.0, -223.0, -300.0, -300.0, -300.0, -195.0, -167.0, -120.0, -183.0, -300.0, -112.0, -238.0, -143.0]], "success_matrix": [[false, true, true, true, true, false, true, false, false, true, true, true, true, true, true, true, true, false, true, true, true, false, true, true, false, true, false, true, true, true, true, true, true, true, false, true, true, true, false, true, true, true, true, true, true, true, true, false, true, true, true, true, true, true, true, true, true, true, false, true, true, false, true, true, true, true, true, true, true, true, false, true, true, true, true, true, false, false, true, false, false, true, false, true, true, true, true, true, true, false, true, true, true, false, true, true, true, true, true, true], [true, true, true, true, true, true, true, false, true, true, false, false, false, false, false, true, false, true, false, true, true, true, true, true, true, true, true, true, true, false, true, false, false, true, true, true, true, true, true, true, false, true, true, true, true, false, true, false, true, false, false, true, true, true, true, false, true, true, true, true, false, true, true, true, true, true, true, false, true, true, true, true, true, true, true, false, true, false, false, false, true, false, true, true, false, true, true, true, false, true, true, false, true, true, true, true, false, true, true, true], [true, true, false, true, false, true, true, true, true, true, true, false, true, true, true, true, true, true, true, false, true, true, true, true, false, true, true, true, false, true, true, true, true, true, false, false, true, true, true, true, false, true, true, true, false, true, false, true, false, true, false, true, true, true, true, false, false, true, true, true, true, true, false, true, true, true, false, true, true, true, true, true, true, true, true, true, false, true, true, true, true, true, true, true, true, true, true, false, true, false, true, true, true, false, true, false, false, false, true, true], [true, true, false, true, true, true, true, false, false, true, true, true, true, true, false, true, false, true, true, true, true, true, false, true, true, false, true, true, true, false, false, false, true, true, true, false, false, true, true, true, true, true, true, false, true, true, false, true, false, true, true, false, true, true, false, true, true, false, true, true, false, true, true, true, true, false, true, false, true, true, true, true, false, false, true, true, false, false, true, true, false, true, false, true, false, true, true, true, true, true, true, false, true, true, true, false, false, true, false, true], [true, true, true, true, true, false, true, true, false, true, false, false, true, true, true, true, false, true, false, true, true, true, true, true, true, true, false, true, true, false, true, true, false, true, true, false, true, true, true, true, true, false, true, true, true, true, true, false, true, false, true, true, true, false, true, true, true, false, true, true, true, true, true, true, true, true, true, true, true, true, true, false, false, true, true, false, true, true, true, false, true, true, true, true, true, true, true, true, true, false, false, false, true, true, true, true, false, true, true, true]], "ticket_name": "envs100_samples1000_seeds999_1000_1001_1002_1003_1004_1005_1006_1007_1008_ddim8_20251208_041639/seed_1008", "eval_noise_idx": 0, "eval_seed": 1619}