{"n_seeds": 5, "n_evals_per_seed": 100, "reward_mean": -111.55000305175781, "reward_std": 6.27374792098999, "success_mean": 0.874, "success_std": 0.03209361307176246, "episode_seeds": [1619, 1620, 1621, 1622, 1623], "seed_reward_means": [-112.95999908447266, -113.23999786376953, -120.16000366210938, -103.47000122070312, -107.91999816894531], "seed_success_means": [0.87, 0.87, 0.83, 0.92, 0.88], "reward_matrix": [[-107.0, -300.0, -300.0, -81.0, -84.0, -300.0, -103.0, -68.0, -95.0, -92.0, -87.0, -79.0, -64.0, -112.0, -70.0, -78.0, -76.0, -300.0, -91.0, -70.0, -68.0, -79.0, -105.0, -69.0, -88.0, -73.0, -81.0, -86.0, -83.0, -76.0, -300.0, -104.0, -81.0, -101.0, -128.0, -80.0, -300.0, -300.0, -111.0, -69.0, -71.0, -84.0, -300.0, -86.0, -300.0, -87.0, -95.0, -79.0, -300.0, -300.0, -76.0, -107.0, -83.0, -76.0, -81.0, -65.0, -75.0, -300.0, -109.0, -84.0, -104.0, -100.0, -87.0, -89.0, -78.0, -79.0, -83.0, -134.0, -79.0, -300.0, -84.0, -86.0, -72.0, -66.0, -78.0, -78.0, -75.0, -80.0, -96.0, -87.0, -91.0, -86.0, -76.0, -103.0, -83.0, -79.0, -64.0, -90.0, -100.0, -99.0, -87.0, -86.0, -79.0, -76.0, -64.0, -71.0, -113.0, -71.0, -75.0, -71.0], [-65.0, -72.0, -69.0, -84.0, -79.0, -93.0, -65.0, -79.0, -74.0, -77.0, -75.0, -300.0, -77.0, -142.0, -300.0, -128.0, -88.0, -71.0, -79.0, -79.0, -115.0, -63.0, -126.0, -70.0, -80.0, -98.0, -132.0, -92.0, -90.0, -91.0, -72.0, -70.0, -74.0, -82.0, -64.0, -79.0, -82.0, -102.0, -300.0, -80.0, -300.0, -86.0, -80.0, -82.0, -104.0, -111.0, -300.0, -79.0, -300.0, -95.0, -79.0, -77.0, -72.0, -89.0, -114.0, -84.0, -300.0, -78.0, -91.0, -77.0, -84.0, -73.0, -68.0, -77.0, -300.0, -300.0, -74.0, -93.0, -94.0, -77.0, -300.0, -72.0, -114.0, -71.0, -99.0, -74.0, -75.0, -79.0, -92.0, -72.0, -89.0, -87.0, -71.0, -300.0, -75.0, -85.0, -120.0, -68.0, -71.0, -100.0, -77.0, -148.0, -78.0, -73.0, -112.0, -300.0, -83.0, -300.0, -76.0, -67.0], [-298.0, -97.0, -88.0, -300.0, -104.0, -110.0, -109.0, -86.0, -81.0, -83.0, -72.0, -300.0, -79.0, -77.0, -76.0, -79.0, -87.0, -68.0, -110.0, -89.0, -79.0, -115.0, -300.0, -105.0, -300.0, -124.0, -85.0, -76.0, -85.0, -300.0, -75.0, -70.0, -84.0, -74.0, -300.0, -300.0, -73.0, -300.0, -300.0, -83.0, -296.0, -72.0, -74.0, -77.0, -300.0, -79.0, -98.0, -86.0, -64.0, -79.0, -83.0, -78.0, -70.0, -76.0, -67.0, -110.0, -65.0, -74.0, -86.0, -74.0, -300.0, -77.0, -77.0, -90.0, -67.0, -74.0, -95.0, -78.0, -67.0, -66.0, -300.0, -63.0, -83.0, -86.0, -87.0, -91.0, -60.0, -113.0, -300.0, -78.0, -102.0, -110.0, -75.0, -87.0, -300.0, -67.0, -86.0, -72.0, -76.0, -300.0, -132.0, -72.0, -87.0, -101.0, -81.0, -73.0, -83.0, -84.0, -77.0, -70.0], [-84.0, -80.0, -62.0, -113.0, -67.0, -183.0, -86.0, -78.0, -83.0, -79.0, -84.0, -105.0, -76.0, -93.0, -93.0, -79.0, -132.0, -300.0, -99.0, -80.0, -83.0, -79.0, -107.0, -86.0, -99.0, -64.0, -300.0, -300.0, -77.0, -96.0, -62.0, -85.0, -64.0, -300.0, -123.0, -72.0, -89.0, -70.0, -77.0, -78.0, -105.0, -84.0, -66.0, -96.0, -80.0, -78.0, -84.0, -83.0, -68.0, -76.0, -76.0, -95.0, -82.0, -75.0, -108.0, -83.0, -74.0, -91.0, -69.0, -105.0, -300.0, -71.0, -87.0, -109.0, -64.0, -79.0, -127.0, -92.0, -73.0, -73.0, -82.0, -84.0, -73.0, -113.0, -72.0, -69.0, -86.0, -84.0, -88.0, -73.0, -300.0, -300.0, -90.0, -66.0, -82.0, -70.0, -82.0, -300.0, -88.0, -83.0, -80.0, -104.0, -87.0, -60.0, -121.0, -111.0, -82.0, -80.0, -83.0, -134.0], [-297.0, -74.0, -72.0, -92.0, -300.0, -71.0, -300.0, -72.0, -69.0, -73.0, -80.0, -72.0, -78.0, -83.0, -87.0, -89.0, -70.0, -84.0, -76.0, -83.0, -77.0, -93.0, -79.0, -68.0, -97.0, -300.0, -89.0, -74.0, -84.0, -76.0, -88.0, -95.0, -300.0, -94.0, -300.0, -83.0, -76.0, -86.0, -85.0, -82.0, -66.0, -88.0, -77.0, -81.0, -78.0, -63.0, -300.0, -84.0, -76.0, -79.0, -113.0, -80.0, -297.0, -300.0, -300.0, -89.0, -82.0, -92.0, -75.0, -300.0, -79.0, -75.0, -68.0, -79.0, -87.0, -64.0, -154.0, -97.0, -74.0, -86.0, -95.0, -77.0, -72.0, -67.0, -73.0, -75.0, -90.0, -90.0, -75.0, -73.0, -72.0, -102.0, -102.0, -90.0, -80.0, -95.0, -62.0, -67.0, -76.0, -91.0, -87.0, -75.0, -78.0, -67.0, -76.0, -97.0, -86.0, -300.0, -84.0, -87.0]], "success_matrix": [[true, false, false, true, true, false, true, true, true, true, true, true, true, true, true, true, true, false, true, true, true, true, true, true, true, true, true, true, true, true, false, true, true, true, true, true, false, false, true, true, true, true, false, true, false, true, true, true, false, false, true, true, true, true, true, true, true, false, true, true, true, true, true, true, true, true, true, true, true, false, true, true, true, true, true, true, true, true, true, true, true, true, true, true, true, true, true, true, true, true, true, true, true, true, true, true, true, true, true, true], [true, true, true, true, true, true, true, true, true, true, true, false, true, true, false, true, true, true, true, true, true, true, true, true, true, true, true, true, true, true, true, true, true, true, true, true, true, true, false, true, false, true, true, true, true, true, false, true, false, true, true, true, true, true, true, true, false, true, true, true, true, true, true, true, false, false, true, true, true, true, false, true, true, true, true, true, true, true, true, true, true, true, true, false, true, true, true, true, true, true, true, true, true, true, true, false, true, false, true, true], [false, true, true, false, true, true, true, true, true, true, true, false, true, true, true, true, true, true, true, true, true, true, false, true, false, true, true, true, true, false, true, true, true, true, false, false, true, false, false, true, false, true, true, true, false, true, true, true, true, true, true, true, true, true, true, true, true, true, true, true, false, true, true, true, true, true, true, true, true, true, false, true, true, true, true, true, true, true, false, true, true, true, true, true, false, true, true, true, true, false, true, true, true, true, true, true, true, true, true, true], [true, true, true, true, true, true, true, true, true, true, true, true, true, true, true, true, true, false, true, true, true, true, true, true, true, true, false, false, true, true, true, true, true, false, true, true, true, true, true, true, true, true, true, true, true, true, true, true, true, true, true, true, true, true, true, true, true, true, true, true, false, true, true, true, true, true, true, true, true, true, true, true, true, true, true, true, true, true, true, true, false, false, true, true, true, true, true, false, true, true, true, true, true, true, true, true, true, true, true, true], [false, true, true, true, false, true, false, true, true, true, true, true, true, true, true, true, true, true, true, true, true, true, true, true, true, false, true, true, true, true, true, true, false, true, false, true, true, true, true, true, true, true, true, true, true, true, false, true, true, true, true, true, false, false, false, true, true, true, true, false, true, true, true, true, true, true, true, true, true, true, true, true, true, true, true, true, true, true, true, true, true, true, true, true, true, true, true, true, true, true, true, true, true, true, true, true, true, false, true, true]], "ticket_name": "envs100_samples5000_seed999_20251127_042954_ddim8", "eval_noise_idx": 3, "eval_seed": 1619}