{"n_seeds": 5, "n_evals_per_seed": 100, "reward_mean": -85.89199829101562, "reward_std": 2.9034059047698975, "success_mean": 0.9960000000000001, "success_std": 0.0054772255750516665, "episode_seeds": [1619, 1620, 1621, 1622, 1623], "seed_reward_means": [-88.41000366210938, -83.80000305175781, -87.08000183105469, -88.2699966430664, -81.9000015258789], "seed_success_means": [0.99, 0.99, 1.0, 1.0, 1.0], "reward_matrix": [[-82.0, -75.0, -91.0, -64.0, -80.0, -76.0, -91.0, -68.0, -74.0, -82.0, -96.0, -69.0, -69.0, -100.0, -72.0, -77.0, -67.0, -83.0, -78.0, -77.0, -64.0, -71.0, -177.0, -59.0, -83.0, -64.0, -290.0, -93.0, -84.0, -78.0, -74.0, -91.0, -88.0, -99.0, -151.0, -75.0, -100.0, -72.0, -138.0, -61.0, -76.0, -67.0, -69.0, -139.0, -116.0, -85.0, -108.0, -81.0, -60.0, -300.0, -74.0, -103.0, -82.0, -62.0, -84.0, -63.0, -81.0, -84.0, -76.0, -64.0, -99.0, -88.0, -70.0, -84.0, -67.0, -80.0, -79.0, -107.0, -189.0, -66.0, -99.0, -72.0, -74.0, -61.0, -68.0, -87.0, -77.0, -84.0, -97.0, -96.0, -147.0, -67.0, -73.0, -102.0, -95.0, -102.0, -66.0, -79.0, -86.0, -73.0, -79.0, -68.0, -88.0, -71.0, -65.0, -88.0, -93.0, -62.0, -76.0, -60.0], [-68.0, -70.0, -66.0, -87.0, -71.0, -73.0, -60.0, -74.0, -64.0, -71.0, -65.0, -79.0, -69.0, -204.0, -75.0, -166.0, -82.0, -83.0, -78.0, -91.0, -134.0, -67.0, -98.0, -76.0, -66.0, -78.0, -90.0, -77.0, -78.0, -94.0, -131.0, -65.0, -66.0, -91.0, -65.0, -81.0, -85.0, -91.0, -63.0, -76.0, -82.0, -70.0, -88.0, -80.0, -119.0, -85.0, -83.0, -80.0, -70.0, -77.0, -72.0, -70.0, -83.0, -83.0, -85.0, -80.0, -67.0, -74.0, -79.0, -71.0, -72.0, -120.0, -65.0, -84.0, -81.0, -85.0, -66.0, -112.0, -72.0, -109.0, -63.0, -77.0, -134.0, -71.0, -75.0, -64.0, -62.0, -67.0, -81.0, -63.0, -76.0, -95.0, -62.0, -89.0, -69.0, -90.0, -96.0, -73.0, -65.0, -89.0, -72.0, -300.0, -77.0, -79.0, -125.0, -64.0, -68.0, -61.0, -75.0, -66.0], [-105.0, -87.0, -73.0, -80.0, -92.0, -114.0, -122.0, -95.0, -79.0, -99.0, -70.0, -69.0, -98.0, -72.0, -66.0, -77.0, -105.0, -71.0, -116.0, -78.0, -77.0, -84.0, -87.0, -100.0, -82.0, -87.0, -87.0, -72.0, -81.0, -88.0, -138.0, -75.0, -88.0, -83.0, -65.0, -104.0, -74.0, -71.0, -120.0, -74.0, -74.0, -65.0, -77.0, -68.0, -70.0, -86.0, -107.0, -77.0, -70.0, -196.0, -90.0, -69.0, -72.0, -59.0, -77.0, -105.0, -65.0, -77.0, -71.0, -81.0, -76.0, -73.0, -70.0, -73.0, -64.0, -164.0, -106.0, -94.0, -132.0, -60.0, -95.0, -57.0, -75.0, -69.0, -75.0, -113.0, -59.0, -103.0, -130.0, -82.0, -128.0, -89.0, -71.0, -69.0, -81.0, -81.0, -83.0, -66.0, -80.0, -75.0, -167.0, -86.0, -77.0, -81.0, -88.0, -134.0, -86.0, -90.0, -78.0, -67.0], [-75.0, -69.0, -71.0, -156.0, -68.0, -186.0, -113.0, -75.0, -87.0, -80.0, -81.0, -117.0, -68.0, -114.0, -126.0, -76.0, -159.0, -104.0, -112.0, -84.0, -73.0, -88.0, -127.0, -78.0, -119.0, -58.0, -78.0, -111.0, -74.0, -101.0, -89.0, -73.0, -69.0, -62.0, -96.0, -62.0, -97.0, -72.0, -61.0, -74.0, -88.0, -94.0, -69.0, -89.0, -79.0, -103.0, -70.0, -80.0, -66.0, -92.0, -124.0, -109.0, -91.0, -70.0, -87.0, -109.0, -86.0, -75.0, -87.0, -110.0, -77.0, -62.0, -93.0, -103.0, -68.0, -78.0, -89.0, -97.0, -77.0, -96.0, -88.0, -77.0, -58.0, -110.0, -65.0, -59.0, -71.0, -86.0, -107.0, -66.0, -81.0, -80.0, -169.0, -69.0, -71.0, -71.0, -66.0, -77.0, -85.0, -80.0, -76.0, -108.0, -109.0, -72.0, -87.0, -96.0, -98.0, -84.0, -69.0, -91.0], [-80.0, -72.0, -77.0, -87.0, -64.0, -68.0, -70.0, -70.0, -61.0, -79.0, -70.0, -69.0, -82.0, -74.0, -72.0, -76.0, -82.0, -91.0, -72.0, -75.0, -69.0, -80.0, -82.0, -83.0, -186.0, -83.0, -87.0, -78.0, -71.0, -72.0, -86.0, -76.0, -85.0, -112.0, -70.0, -83.0, -68.0, -133.0, -70.0, -86.0, -66.0, -149.0, -67.0, -76.0, -79.0, -58.0, -60.0, -65.0, -65.0, -99.0, -115.0, -66.0, -77.0, -60.0, -179.0, -95.0, -87.0, -71.0, -75.0, -99.0, -90.0, -76.0, -57.0, -74.0, -101.0, -67.0, -129.0, -70.0, -69.0, -90.0, -78.0, -91.0, -75.0, -70.0, -68.0, -66.0, -81.0, -88.0, -76.0, -73.0, -84.0, -99.0, -86.0, -69.0, -84.0, -79.0, -93.0, -64.0, -79.0, -77.0, -98.0, -70.0, -142.0, -68.0, -67.0, -80.0, -70.0, -63.0, -85.0, -85.0]], "success_matrix": [[true, true, true, true, true, true, true, true, true, true, true, true, true, true, true, true, true, true, true, true, true, true, true, true, true, true, true, true, true, true, true, true, true, true, true, true, true, true, true, true, true, true, true, true, true, true, true, true, true, false, true, true, true, true, true, true, true, true, true, true, true, true, true, true, true, true, true, true, true, true, true, true, true, true, true, true, true, true, true, true, true, true, true, true, true, true, true, true, true, true, true, true, true, true, true, true, true, true, true, true], [true, true, true, true, true, true, true, true, true, true, true, true, true, true, true, true, true, true, true, true, true, true, true, true, true, true, true, true, true, true, true, true, true, true, true, true, true, true, true, true, true, true, true, true, true, true, true, true, true, true, true, true, true, true, true, true, true, true, true, true, true, true, true, true, true, true, true, true, true, true, true, true, true, true, true, true, true, true, true, true, true, true, true, true, true, true, true, true, true, true, true, false, true, true, true, true, true, true, true, true], [true, true, true, true, true, true, true, true, true, true, true, true, true, true, true, true, true, true, true, true, true, true, true, true, true, true, true, true, true, true, true, true, true, true, true, true, true, true, true, true, true, true, true, true, true, true, true, true, true, true, true, true, true, true, true, true, true, true, true, true, true, true, true, true, true, true, true, true, true, true, true, true, true, true, true, true, true, true, true, true, true, true, true, true, true, true, true, true, true, true, true, true, true, true, true, true, true, true, true, true], [true, true, true, true, true, true, true, true, true, true, true, true, true, true, true, true, true, true, true, true, true, true, true, true, true, true, true, true, true, true, true, true, true, true, true, true, true, true, true, true, true, true, true, true, true, true, true, true, true, true, true, true, true, true, true, true, true, true, true, true, true, true, true, true, true, true, true, true, true, true, true, true, true, true, true, true, true, true, true, true, true, true, true, true, true, true, true, true, true, true, true, true, true, true, true, true, true, true, true, true], [true, true, true, true, true, true, true, true, true, true, true, true, true, true, true, true, true, true, true, true, true, true, true, true, true, true, true, true, true, true, true, true, true, true, true, true, true, true, true, true, true, true, true, true, true, true, true, true, true, true, true, true, true, true, true, true, true, true, true, true, true, true, true, true, true, true, true, true, true, true, true, true, true, true, true, true, true, true, true, true, true, true, true, true, true, true, true, true, true, true, true, true, true, true, true, true, true, true, true, true]], "ticket_name": "envs100_samples5000_seed999_20251127_043624_ddim2", "eval_noise_idx": 0, "eval_seed": 1619}