{"n_seeds": 5, "n_evals_per_seed": 100, "reward_mean": -242.7899932861328, "reward_std": 3.5574612617492676, "success_mean": 0.48200000000000004, "success_std": 0.03544009029333871, "episode_seeds": [1619, 1620, 1621, 1622, 1623], "seed_reward_means": [-242.08999633789062, -245.13999938964844, -246.4600067138672, -243.97999572753906, -236.27999877929688], "seed_success_means": [0.51, 0.5, 0.43, 0.45, 0.52], "reward_matrix": [[-300.0, -300.0, -300.0, -269.0, -262.0, -300.0, -300.0, -300.0, -300.0, -300.0, -300.0, -300.0, -202.0, -300.0, -169.0, -300.0, -161.0, -300.0, -246.0, -129.0, -300.0, -162.0, -300.0, -300.0, -205.0, -194.0, -199.0, -150.0, -173.0, -300.0, -181.0, -153.0, -226.0, -165.0, -253.0, -133.0, -142.0, -221.0, -300.0, -300.0, -300.0, -236.0, -300.0, -300.0, -300.0, -300.0, -300.0, -162.0, -300.0, -300.0, -300.0, -300.0, -300.0, -130.0, -300.0, -300.0, -184.0, -300.0, -300.0, -175.0, -269.0, -187.0, -300.0, -162.0, -173.0, -300.0, -220.0, -300.0, -114.0, -300.0, -300.0, -235.0, -130.0, -300.0, -268.0, -182.0, -278.0, -143.0, -300.0, -300.0, -209.0, -300.0, -135.0, -166.0, -300.0, -168.0, -267.0, -300.0, -154.0, -300.0, -179.0, -123.0, -300.0, -245.0, -100.0, -300.0, -180.0, -300.0, -156.0, -184.0], [-131.0, -300.0, -169.0, -139.0, -300.0, -300.0, -182.0, -300.0, -233.0, -139.0, -150.0, -300.0, -181.0, -300.0, -114.0, -300.0, -282.0, -198.0, -300.0, -300.0, -299.0, -109.0, -300.0, -300.0, -300.0, -300.0, -300.0, -300.0, -300.0, -300.0, -222.0, -300.0, -300.0, -288.0, -175.0, -300.0, -300.0, -300.0, -130.0, -214.0, -300.0, -190.0, -231.0, -272.0, -300.0, -300.0, -261.0, -178.0, -112.0, -300.0, -140.0, -300.0, -254.0, -234.0, -300.0, -300.0, -300.0, -166.0, -289.0, -201.0, -260.0, -300.0, -116.0, -300.0, -300.0, -258.0, -300.0, -246.0, -300.0, -121.0, -102.0, -286.0, -300.0, -249.0, -300.0, -300.0, -182.0, -300.0, -241.0, -190.0, -300.0, -300.0, -300.0, -300.0, -300.0, -178.0, -300.0, -210.0, -117.0, -290.0, -141.0, -300.0, -121.0, -300.0, -300.0, -297.0, -146.0, -93.0, -280.0, -107.0], [-300.0, -300.0, -161.0, -238.0, -300.0, -300.0, -300.0, -249.0, -139.0, -300.0, -300.0, -300.0, -210.0, -300.0, -153.0, -150.0, -169.0, -122.0, -210.0, -172.0, -238.0, -300.0, -300.0, -146.0, -300.0, -187.0, -300.0, -168.0, -300.0, -300.0, -300.0, -300.0, -234.0, -300.0, -130.0, -300.0, -300.0, -300.0, -300.0, -289.0, -300.0, -125.0, -300.0, -233.0, -300.0, -300.0, -300.0, -300.0, -119.0, -188.0, -257.0, -300.0, -300.0, -136.0, -162.0, -300.0, -99.0, -300.0, -164.0, -300.0, -300.0, -300.0, -159.0, -300.0, -125.0, -300.0, -300.0, -173.0, -144.0, -178.0, -300.0, -300.0, -300.0, -300.0, -300.0, -300.0, -118.0, -300.0, -300.0, -300.0, -300.0, -300.0, -242.0, -284.0, -300.0, -107.0, -162.0, -300.0, -300.0, -300.0, -300.0, -182.0, -300.0, -300.0, -300.0, -137.0, -201.0, -187.0, -138.0, -161.0], [-182.0, -297.0, -86.0, -262.0, -300.0, -300.0, -300.0, -300.0, -126.0, -138.0, -297.0, -300.0, -250.0, -300.0, -300.0, -300.0, -300.0, -173.0, -190.0, -182.0, -300.0, -278.0, -300.0, -300.0, -206.0, -300.0, -300.0, -300.0, -198.0, -300.0, -104.0, -300.0, -162.0, -110.0, -300.0, -300.0, -200.0, -173.0, -218.0, -134.0, -300.0, -300.0, -300.0, -300.0, -144.0, -276.0, -191.0, -300.0, -97.0, -230.0, -300.0, -300.0, -300.0, -145.0, -300.0, -300.0, -136.0, -300.0, -172.0, -153.0, -272.0, -300.0, -300.0, -176.0, -193.0, -300.0, -300.0, -300.0, -125.0, -300.0, -300.0, -254.0, -143.0, -300.0, -300.0, -126.0, -300.0, -300.0, -300.0, -150.0, -170.0, -300.0, -300.0, -141.0, -300.0, -188.0, -300.0, -167.0, -300.0, -181.0, -154.0, -300.0, -300.0, -300.0, -183.0, -300.0, -205.0, -300.0, -160.0, -300.0], [-125.0, -149.0, -300.0, -218.0, -300.0, -136.0, -300.0, -187.0, -144.0, -126.0, -182.0, -174.0, -300.0, -300.0, -143.0, -300.0, -300.0, -300.0, -300.0, -216.0, -119.0, -300.0, -141.0, -129.0, -300.0, -130.0, -165.0, -300.0, -300.0, -300.0, -300.0, -300.0, -300.0, -300.0, -300.0, -300.0, -300.0, -233.0, -240.0, -219.0, -108.0, -135.0, -153.0, -120.0, -300.0, -300.0, -133.0, -257.0, -300.0, -149.0, -300.0, -156.0, -130.0, -240.0, -300.0, -136.0, -300.0, -300.0, -300.0, -213.0, -300.0, -118.0, -195.0, -300.0, -266.0, -193.0, -300.0, -300.0, -137.0, -216.0, -232.0, -218.0, -254.0, -173.0, -151.0, -300.0, -276.0, -278.0, -300.0, -248.0, -300.0, -300.0, -300.0, -300.0, -213.0, -300.0, -96.0, -298.0, -148.0, -252.0, -300.0, -200.0, -140.0, -300.0, -300.0, -300.0, -300.0, -120.0, -300.0, -300.0]], "success_matrix": [[false, false, false, true, true, false, false, false, false, false, false, false, true, false, true, false, true, false, true, true, false, true, false, false, true, true, true, true, true, false, true, true, true, true, true, true, true, true, false, false, false, true, false, false, false, false, false, true, false, false, false, false, false, true, false, false, true, false, false, true, true, true, false, true, true, false, true, false, true, false, false, true, true, false, true, true, true, true, false, false, true, false, true, true, false, true, true, false, true, false, true, true, false, true, true, false, true, false, true, true], [true, false, true, true, false, false, true, false, true, true, true, false, true, false, true, false, true, true, false, false, false, true, false, false, false, false, false, false, false, false, true, false, false, true, true, false, false, false, true, true, false, true, true, true, false, false, true, true, true, false, true, false, true, true, false, false, false, true, true, true, true, false, true, false, false, true, false, true, false, true, true, true, false, true, false, false, true, false, true, true, false, false, false, false, false, true, false, true, true, true, true, false, true, false, false, false, true, true, true, true], [false, false, true, true, false, false, false, true, true, false, false, false, true, false, true, true, true, true, true, true, true, false, false, true, false, true, false, true, false, false, false, false, true, false, true, false, false, false, false, true, false, true, false, true, false, false, false, false, true, true, true, false, false, true, true, false, true, false, true, false, false, false, true, false, true, false, false, true, true, true, false, false, false, false, false, false, true, false, false, false, false, false, true, true, false, true, true, false, false, false, false, true, false, false, false, true, true, true, true, true], [true, false, true, true, false, false, false, false, true, true, false, false, true, false, false, false, false, true, true, true, false, true, false, false, true, false, false, false, true, false, true, false, true, true, false, false, true, true, true, true, false, false, false, false, true, true, true, false, true, true, false, false, false, true, false, false, true, false, true, true, true, false, false, true, true, false, false, false, true, false, false, true, true, false, false, true, false, false, false, true, true, false, false, true, false, true, false, true, false, true, true, false, false, false, true, false, true, false, true, false], [true, true, false, true, false, true, false, true, true, true, true, true, false, false, true, false, false, false, false, true, true, false, true, true, false, true, true, false, false, false, false, false, false, false, false, false, false, true, true, true, true, true, true, true, false, false, true, true, false, true, false, true, true, true, false, true, false, false, false, true, false, true, true, false, true, true, false, false, true, true, true, true, true, true, true, false, true, true, false, true, false, false, false, false, true, false, true, false, true, true, false, true, true, false, false, false, false, true, false, false]], "ticket_name": "envs100_samples100_seed999_ddim8_20251130_223312_nsamples_100", "eval_noise_idx": 2, "eval_seed": 1619}