{"n_seeds": 5, "n_evals_per_seed": 100, "reward_mean": -224.5859832763672, "reward_std": 7.06788969039917, "success_mean": 0.538, "success_std": 0.043243496620879306, "episode_seeds": [1619, 1620, 1621, 1622, 1623], "seed_reward_means": [-218.75, -232.44000244140625, -228.75, -227.30999755859375, -215.67999267578125], "seed_success_means": [0.56, 0.49, 0.53, 0.51, 0.6], "reward_matrix": [[-300.0, -300.0, -206.0, -300.0, -239.0, -300.0, -157.0, -134.0, -300.0, -226.0, -214.0, -300.0, -127.0, -203.0, -300.0, -131.0, -300.0, -300.0, -164.0, -143.0, -300.0, -300.0, -130.0, -300.0, -300.0, -186.0, -143.0, -130.0, -300.0, -300.0, -138.0, -299.0, -300.0, -120.0, -300.0, -300.0, -151.0, -133.0, -158.0, -129.0, -293.0, -129.0, -298.0, -300.0, -122.0, -143.0, -134.0, -300.0, -161.0, -138.0, -295.0, -129.0, -295.0, -143.0, -138.0, -157.0, -300.0, -135.0, -300.0, -150.0, -300.0, -293.0, -126.0, -300.0, -157.0, -143.0, -152.0, -297.0, -126.0, -300.0, -300.0, -300.0, -160.0, -300.0, -162.0, -206.0, -151.0, -300.0, -241.0, -300.0, -210.0, -164.0, -300.0, -300.0, -128.0, -300.0, -166.0, -300.0, -106.0, -147.0, -113.0, -130.0, -117.0, -298.0, -296.0, -143.0, -300.0, -300.0, -198.0, -124.0], [-154.0, -119.0, -298.0, -300.0, -300.0, -299.0, -164.0, -300.0, -300.0, -300.0, -300.0, -152.0, -300.0, -300.0, -150.0, -300.0, -159.0, -300.0, -300.0, -175.0, -300.0, -300.0, -300.0, -130.0, -139.0, -149.0, -138.0, -300.0, -300.0, -149.0, -300.0, -154.0, -300.0, -295.0, -176.0, -300.0, -300.0, -150.0, -166.0, -156.0, -243.0, -299.0, -300.0, -170.0, -300.0, -300.0, -300.0, -185.0, -196.0, -300.0, -300.0, -175.0, -124.0, -300.0, -300.0, -120.0, -122.0, -299.0, -138.0, -300.0, -133.0, -212.0, -300.0, -152.0, -186.0, -130.0, -300.0, -163.0, -300.0, -196.0, -300.0, -171.0, -300.0, -134.0, -129.0, -169.0, -300.0, -300.0, -134.0, -300.0, -152.0, -300.0, -300.0, -300.0, -135.0, -163.0, -300.0, -300.0, -300.0, -300.0, -197.0, -202.0, -154.0, -300.0, -173.0, -178.0, -260.0, -116.0, -300.0, -262.0], [-300.0, -300.0, -300.0, -300.0, -209.0, -300.0, -185.0, -300.0, -140.0, -300.0, -300.0, -155.0, -300.0, -300.0, -130.0, -297.0, -132.0, -300.0, -300.0, -198.0, -300.0, -150.0, -300.0, -175.0, -147.0, -178.0, -130.0, -300.0, -151.0, -300.0, -175.0, -300.0, -178.0, -147.0, -139.0, -300.0, -147.0, -112.0, -295.0, -122.0, -300.0, -300.0, -171.0, -300.0, -135.0, -117.0, -270.0, -300.0, -300.0, -300.0, -112.0, -300.0, -135.0, -300.0, -138.0, -136.0, -117.0, -143.0, -300.0, -300.0, -142.0, -148.0, -202.0, -300.0, -178.0, -217.0, -300.0, -300.0, -297.0, -154.0, -300.0, -133.0, -217.0, -300.0, -150.0, -220.0, -139.0, -290.0, -300.0, -136.0, -300.0, -210.0, -130.0, -300.0, -134.0, -131.0, -300.0, -300.0, -300.0, -300.0, -300.0, -278.0, -300.0, -151.0, -186.0, -300.0, -262.0, -300.0, -274.0, -130.0], [-300.0, -220.0, -295.0, -196.0, -300.0, -118.0, -150.0, -300.0, -300.0, -183.0, -159.0, -134.0, -300.0, -300.0, -151.0, -158.0, -300.0, -299.0, -300.0, -300.0, -300.0, -298.0, -163.0, -300.0, -151.0, -146.0, -130.0, -223.0, -194.0, -146.0, -300.0, -130.0, -300.0, -300.0, -300.0, -130.0, -300.0, -300.0, -211.0, -300.0, -171.0, -166.0, -300.0, -300.0, -193.0, -300.0, -300.0, -226.0, -300.0, -125.0, -300.0, -300.0, -128.0, -138.0, -300.0, -139.0, -300.0, -130.0, -300.0, -168.0, -133.0, -161.0, -300.0, -165.0, -300.0, -300.0, -137.0, -300.0, -298.0, -300.0, -300.0, -179.0, -300.0, -300.0, -122.0, -129.0, -170.0, -176.0, -300.0, -299.0, -155.0, -133.0, -146.0, -177.0, -300.0, -300.0, -300.0, -190.0, -300.0, -300.0, -300.0, -117.0, -180.0, -138.0, -158.0, -300.0, -140.0, -169.0, -151.0, -139.0], [-300.0, -152.0, -118.0, -300.0, -300.0, -153.0, -175.0, -112.0, -300.0, -123.0, -300.0, -134.0, -172.0, -300.0, -169.0, -156.0, -300.0, -111.0, -158.0, -300.0, -159.0, -138.0, -300.0, -218.0, -144.0, -143.0, -300.0, -129.0, -208.0, -300.0, -300.0, -162.0, -268.0, -139.0, -119.0, -122.0, -210.0, -147.0, -300.0, -146.0, -142.0, -300.0, -300.0, -149.0, -163.0, -148.0, -163.0, -300.0, -184.0, -300.0, -300.0, -127.0, -300.0, -300.0, -300.0, -300.0, -135.0, -247.0, -227.0, -180.0, -130.0, -170.0, -122.0, -260.0, -300.0, -134.0, -300.0, -155.0, -199.0, -295.0, -299.0, -300.0, -300.0, -300.0, -299.0, -201.0, -223.0, -300.0, -300.0, -147.0, -182.0, -300.0, -159.0, -300.0, -145.0, -148.0, -300.0, -300.0, -158.0, -140.0, -139.0, -141.0, -164.0, -296.0, -300.0, -129.0, -300.0, -300.0, -157.0, -126.0]], "success_matrix": [[false, false, true, false, true, false, true, true, false, true, true, false, true, true, false, true, false, false, true, true, false, false, true, false, false, true, true, true, false, false, true, false, false, true, false, false, true, true, true, true, true, true, false, false, true, true, true, false, true, true, false, true, false, true, true, true, false, true, false, true, false, false, true, false, true, true, true, false, true, false, false, false, true, false, true, true, true, false, true, false, true, true, false, false, true, false, true, false, true, true, true, true, true, false, false, true, false, false, true, true], [true, true, false, false, false, false, true, false, false, false, false, true, false, false, true, false, true, false, false, true, false, false, false, true, true, true, true, false, false, true, false, true, false, false, true, false, false, true, true, true, true, false, false, true, false, false, false, true, true, false, false, true, true, false, false, true, true, false, true, false, true, true, false, true, true, true, false, true, false, true, false, true, false, true, true, true, false, false, true, false, true, false, false, false, true, true, false, false, false, false, true, true, true, false, true, true, true, true, false, true], [false, false, false, false, true, false, true, false, true, false, false, true, false, false, true, false, true, false, false, true, false, true, false, true, true, true, true, false, true, false, true, false, true, true, true, false, true, true, false, true, false, false, true, false, true, true, true, false, false, false, true, false, true, false, true, true, true, true, false, false, true, true, true, false, true, true, false, false, false, true, false, true, true, false, true, true, true, true, false, true, false, true, true, false, true, true, false, false, false, false, false, true, false, true, true, false, true, false, true, true], [false, true, false, true, false, true, true, false, false, true, true, true, false, false, true, true, false, false, false, false, false, false, true, false, true, true, true, true, true, true, false, true, false, false, false, true, false, false, true, false, true, true, false, false, true, false, false, true, false, true, false, false, true, true, false, true, false, true, false, true, true, true, false, true, false, false, true, false, false, false, false, true, false, false, true, true, true, true, false, false, true, true, true, true, false, false, false, true, false, false, false, true, true, true, true, false, true, true, true, true], [false, true, true, false, false, true, true, true, false, true, false, true, true, false, true, true, false, true, true, false, true, true, false, true, true, true, false, true, true, false, false, true, true, true, true, true, true, true, false, true, true, false, false, true, true, true, true, false, true, false, false, true, false, false, false, false, true, true, true, true, true, true, true, true, false, true, false, true, true, false, false, false, false, false, false, true, true, false, false, true, true, false, true, false, true, true, false, false, true, true, true, true, true, false, false, true, false, false, true, true]], "ticket_name": "zo_envs10_iter100_cand10_lambda2.0_seed666_ddim2_20251215_221809/seed_671", "eval_noise_idx": 0, "eval_seed": 1619}