{
  "n_noise_indices": 3,
  "eval_indices": [
    0,
    1,
    2
  ],
  "reward_mean_across_indices": -200.76867167154947,
  "reward_std_across_indices": 13.592911476928371,
  "success_mean_across_indices": 0.734,
  "success_std_across_indices": 0.06409368143584829,
  "per_index_results": {
    "0": {
      "reward_mean": -185.71600341796875,
      "reward_std": 6.985599517822266,
      "success_mean": 0.808,
      "success_std": 0.046647615158762396
    },
    "1": {
      "reward_mean": -212.14599609375,
      "reward_std": 7.523906707763672,
      "success_mean": 0.696,
      "success_std": 0.04363484845854285
    },
    "2": {
      "reward_mean": -204.4440155029297,
      "reward_std": 6.0149383544921875,
      "success_mean": 0.6980000000000001,
      "success_std": 0.026381811916545813
    }
  }
}