{"n_seeds": 5, "n_evals_per_seed": 100, "reward_mean": -170.9919891357422, "reward_std": 7.639504909515381, "success_mean": 0.8720000000000001, "success_std": 0.027748873851023242, "episode_seeds": [1619, 1620, 1621, 1622, 1623], "seed_reward_means": [-169.82000732421875, -166.8800048828125, -174.02999877929688, -182.1999969482422, -162.02999877929688], "seed_success_means": [0.85, 0.88, 0.84, 0.91, 0.88], "reward_matrix": [[-151.0, -132.0, -300.0, -215.0, -115.0, -126.0, -258.0, -113.0, -300.0, -300.0, -154.0, -131.0, -83.0, -300.0, -102.0, -225.0, -97.0, -188.0, -126.0, -79.0, -84.0, -106.0, -300.0, -103.0, -226.0, -127.0, -114.0, -180.0, -136.0, -126.0, -133.0, -216.0, -242.0, -117.0, -205.0, -163.0, -105.0, -97.0, -211.0, -87.0, -96.0, -131.0, -115.0, -300.0, -300.0, -228.0, -247.0, -215.0, -115.0, -234.0, -100.0, -199.0, -243.0, -116.0, -86.0, -82.0, -114.0, -300.0, -103.0, -142.0, -300.0, -231.0, -104.0, -186.0, -219.0, -156.0, -172.0, -300.0, -214.0, -107.0, -300.0, -179.0, -105.0, -93.0, -127.0, -207.0, -107.0, -104.0, -300.0, -190.0, -300.0, -131.0, -96.0, -137.0, -120.0, -238.0, -93.0, -271.0, -122.0, -300.0, -160.0, -134.0, -131.0, -127.0, -120.0, -117.0, -300.0, -84.0, -140.0, -121.0], [-83.0, -117.0, -107.0, -234.0, -107.0, -300.0, -84.0, -121.0, -140.0, -174.0, -233.0, -300.0, -125.0, -297.0, -181.0, -247.0, -121.0, -88.0, -138.0, -195.0, -253.0, -74.0, -300.0, -104.0, -111.0, -149.0, -300.0, -135.0, -103.0, -288.0, -88.0, -112.0, -103.0, -139.0, -88.0, -143.0, -155.0, -181.0, -121.0, -105.0, -300.0, -278.0, -210.0, -112.0, -222.0, -300.0, -211.0, -99.0, -113.0, -300.0, -216.0, -103.0, -100.0, -118.0, -252.0, -277.0, -159.0, -101.0, -112.0, -99.0, -280.0, -122.0, -88.0, -117.0, -185.0, -297.0, -95.0, -179.0, -121.0, -129.0, -107.0, -160.0, -233.0, -118.0, -206.0, -86.0, -114.0, -134.0, -252.0, -125.0, -154.0, -300.0, -94.0, -190.0, -81.0, -250.0, -170.0, -96.0, -97.0, -241.0, -103.0, -300.0, -187.0, -169.0, -211.0, -300.0, -220.0, -70.0, -102.0, -79.0], [-300.0, -265.0, -110.0, -133.0, -300.0, -300.0, -230.0, -137.0, -217.0, -217.0, -92.0, -123.0, -160.0, -101.0, -98.0, -168.0, -212.0, -141.0, -271.0, -173.0, -127.0, -300.0, -143.0, -83.0, -132.0, -210.0, -245.0, -108.0, -136.0, -300.0, -210.0, -110.0, -284.0, -111.0, -118.0, -300.0, -95.0, -159.0, -300.0, -136.0, -220.0, -104.0, -95.0, -82.0, -112.0, -120.0, -300.0, -144.0, -94.0, -254.0, -183.0, -134.0, -92.0, -95.0, -114.0, -300.0, -147.0, -113.0, -199.0, -256.0, -127.0, -83.0, -82.0, -188.0, -68.0, -195.0, -140.0, -171.0, -109.0, -211.0, -300.0, -70.0, -127.0, -188.0, -164.0, -300.0, -80.0, -209.0, -300.0, -103.0, -300.0, -300.0, -111.0, -107.0, -271.0, -89.0, -110.0, -80.0, -105.0, -263.0, -300.0, -154.0, -103.0, -267.0, -148.0, -300.0, -270.0, -135.0, -175.0, -87.0], [-190.0, -103.0, -83.0, -296.0, -84.0, -300.0, -300.0, -122.0, -240.0, -123.0, -133.0, -238.0, -159.0, -300.0, -272.0, -208.0, -246.0, -280.0, -244.0, -245.0, -212.0, -230.0, -300.0, -168.0, -239.0, -96.0, -203.0, -100.0, -149.0, -300.0, -78.0, -213.0, -80.0, -85.0, -297.0, -84.0, -290.0, -144.0, -71.0, -155.0, -236.0, -270.0, -87.0, -274.0, -204.0, -227.0, -104.0, -135.0, -97.0, -161.0, -111.0, -207.0, -254.0, -100.0, -254.0, -268.0, -176.0, -192.0, -102.0, -211.0, -106.0, -102.0, -191.0, -185.0, -91.0, -239.0, -294.0, -192.0, -156.0, -134.0, -125.0, -288.0, -103.0, -219.0, -90.0, -83.0, -300.0, -150.0, -300.0, -85.0, -128.0, -160.0, -300.0, -178.0, -138.0, -90.0, -122.0, -130.0, -220.0, -178.0, -108.0, -231.0, -199.0, -73.0, -272.0, -212.0, -254.0, -103.0, -110.0, -251.0], [-92.0, -184.0, -99.0, -153.0, -190.0, -97.0, -95.0, -108.0, -88.0, -147.0, -144.0, -102.0, -235.0, -127.0, -148.0, -144.0, -97.0, -122.0, -109.0, -124.0, -97.0, -300.0, -144.0, -80.0, -291.0, -108.0, -200.0, -156.0, -186.0, -132.0, -262.0, -300.0, -300.0, -300.0, -205.0, -153.0, -101.0, -236.0, -208.0, -225.0, -111.0, -300.0, -114.0, -105.0, -214.0, -74.0, -87.0, -134.0, -108.0, -186.0, -300.0, -120.0, -118.0, -99.0, -300.0, -154.0, -249.0, -146.0, -103.0, -271.0, -255.0, -95.0, -75.0, -124.0, -132.0, -86.0, -300.0, -180.0, -71.0, -118.0, -219.0, -84.0, -112.0, -95.0, -196.0, -100.0, -229.0, -164.0, -122.0, -131.0, -133.0, -300.0, -300.0, -178.0, -107.0, -300.0, -80.0, -96.0, -120.0, -159.0, -251.0, -122.0, -83.0, -94.0, -261.0, -112.0, -94.0, -118.0, -225.0, -300.0]], "success_matrix": [[true, true, false, true, true, true, true, true, false, false, true, true, true, false, true, true, true, true, true, true, true, true, false, true, true, true, true, true, true, true, true, true, true, true, true, true, true, true, true, true, true, true, true, false, false, true, true, true, true, true, true, true, true, true, true, true, true, false, true, true, false, true, true, true, true, true, true, false, true, true, false, true, true, true, true, true, true, true, false, true, false, true, true, true, true, true, true, true, true, false, true, true, true, true, true, true, false, true, true, true], [true, true, true, true, true, false, true, true, true, true, true, false, true, false, true, true, true, true, true, true, true, true, false, true, true, true, false, true, true, true, true, true, true, true, true, true, true, true, true, true, false, true, true, true, true, false, true, true, true, false, true, true, true, true, true, true, true, true, true, true, true, true, true, true, true, false, true, true, true, true, true, true, true, true, true, true, true, true, true, true, true, false, true, true, true, true, true, true, true, true, true, false, true, true, true, false, true, true, true, true], [false, true, true, true, false, false, true, true, true, true, true, true, true, true, true, true, true, true, true, true, true, false, true, true, true, true, true, true, true, false, true, true, true, true, true, false, true, true, false, true, true, true, true, true, true, true, false, true, true, true, true, true, true, true, true, false, true, true, true, true, true, true, true, true, true, true, true, true, true, true, false, true, true, true, true, false, true, true, false, true, false, false, true, true, true, true, true, true, true, true, false, true, true, true, true, false, true, true, true, true], [true, true, true, true, true, false, false, true, true, true, true, true, true, false, true, true, true, true, true, true, true, true, false, true, true, true, true, true, true, false, true, true, true, true, false, true, true, true, true, true, true, true, true, true, true, true, true, true, true, true, true, true, true, true, true, true, true, true, true, true, true, true, true, true, true, true, true, true, true, true, true, true, true, true, true, true, false, true, false, true, true, true, false, true, true, true, true, true, true, true, true, true, true, true, true, true, true, true, true, true], [true, true, true, true, true, true, true, true, true, true, true, true, true, true, true, true, true, true, true, true, true, false, true, true, true, true, true, true, true, true, true, false, false, false, true, true, true, true, true, true, true, false, true, true, true, true, true, true, true, true, false, true, true, true, false, true, true, true, true, true, true, true, true, true, true, true, false, true, true, true, true, true, true, true, true, true, true, true, true, true, true, false, false, true, true, false, true, true, true, true, true, true, true, true, true, true, true, true, true, false]], "ticket_name": "envs100_samples5000_seed999_20251127_043624_ddim2", "eval_noise_idx": 0, "eval_seed": 1619}