{"n_seeds": 5, "n_evals_per_seed": 100, "reward_mean": -98.83399963378906, "reward_std": 14.164701461791992, "success_mean": 0.882, "success_std": 0.06760177512462227, "episode_seeds": [1619, 1620, 1621, 1622, 1623], "seed_reward_means": [-122.51000213623047, -93.29000091552734, -99.94000244140625, -85.68000030517578, -92.75], "seed_success_means": [0.77, 0.91, 0.88, 0.95, 0.9], "reward_matrix": [[-62.0, -300.0, -300.0, -73.0, -61.0, -64.0, -84.0, -62.0, -72.0, -108.0, -67.0, -64.0, -300.0, -80.0, -56.0, -77.0, -59.0, -300.0, -66.0, -79.0, -300.0, -60.0, -87.0, -59.0, -67.0, -298.0, -58.0, -84.0, -50.0, -64.0, -57.0, -82.0, -300.0, -300.0, -89.0, -60.0, -56.0, -300.0, -104.0, -50.0, -62.0, -67.0, -68.0, -119.0, -300.0, -80.0, -300.0, -72.0, -56.0, -300.0, -58.0, -83.0, -62.0, -300.0, -60.0, -57.0, -57.0, -300.0, -300.0, -63.0, -68.0, -86.0, -64.0, -87.0, -67.0, -64.0, -68.0, -78.0, -300.0, -60.0, -198.0, -65.0, -55.0, -300.0, -63.0, -69.0, -58.0, -62.0, -67.0, -58.0, -67.0, -68.0, -58.0, -55.0, -300.0, -59.0, -68.0, -300.0, -67.0, -300.0, -54.0, -84.0, -300.0, -59.0, -63.0, -300.0, -70.0, -300.0, -57.0, -62.0], [-54.0, -63.0, -64.0, -82.0, -66.0, -300.0, -80.0, -62.0, -69.0, -64.0, -60.0, -300.0, -59.0, -300.0, -72.0, -77.0, -61.0, -139.0, -63.0, -61.0, -106.0, -48.0, -92.0, -55.0, -68.0, -300.0, -85.0, -68.0, -62.0, -71.0, -103.0, -64.0, -93.0, -58.0, -55.0, -66.0, -63.0, -84.0, -58.0, -60.0, -300.0, -164.0, -59.0, -60.0, -63.0, -108.0, -63.0, -115.0, -72.0, -82.0, -59.0, -67.0, -62.0, -68.0, -77.0, -74.0, -62.0, -55.0, -58.0, -75.0, -137.0, -60.0, -53.0, -67.0, -99.0, -300.0, -107.0, -66.0, -156.0, -79.0, -67.0, -63.0, -92.0, -300.0, -71.0, -300.0, -60.0, -68.0, -74.0, -65.0, -64.0, -63.0, -59.0, -59.0, -63.0, -92.0, -67.0, -53.0, -57.0, -67.0, -60.0, -300.0, -123.0, -59.0, -70.0, -71.0, -59.0, -47.0, -60.0, -54.0], [-300.0, -70.0, -167.0, -63.0, -135.0, -65.0, -69.0, -63.0, -66.0, -59.0, -58.0, -62.0, -60.0, -58.0, -54.0, -68.0, -72.0, -54.0, -71.0, -62.0, -66.0, -139.0, -62.0, -292.0, -62.0, -107.0, -88.0, -88.0, -71.0, -74.0, -145.0, -55.0, -79.0, -72.0, -55.0, -300.0, -56.0, -300.0, -300.0, -64.0, -65.0, -59.0, -59.0, -68.0, -59.0, -64.0, -72.0, -63.0, -54.0, -300.0, -63.0, -60.0, -59.0, -58.0, -59.0, -87.0, -75.0, -56.0, -59.0, -66.0, -75.0, -56.0, -55.0, -67.0, -51.0, -92.0, -76.0, -63.0, -165.0, -63.0, -300.0, -60.0, -62.0, -64.0, -84.0, -127.0, -300.0, -65.0, -139.0, -59.0, -300.0, -300.0, -79.0, -155.0, -59.0, -59.0, -57.0, -300.0, -59.0, -61.0, -73.0, -67.0, -300.0, -79.0, -66.0, -54.0, -59.0, -68.0, -62.0, -58.0], [-65.0, -57.0, -58.0, -79.0, -74.0, -147.0, -64.0, -67.0, -87.0, -63.0, -71.0, -76.0, -68.0, -65.0, -60.0, -64.0, -75.0, -300.0, -80.0, -71.0, -71.0, -71.0, -104.0, -66.0, -71.0, -300.0, -300.0, -300.0, -73.0, -76.0, -52.0, -68.0, -58.0, -51.0, -272.0, -55.0, -104.0, -70.0, -64.0, -61.0, -75.0, -66.0, -54.0, -63.0, -87.0, -70.0, -67.0, -59.0, -58.0, -59.0, -64.0, -80.0, -71.0, -55.0, -84.0, -59.0, -58.0, -231.0, -57.0, -88.0, -58.0, -63.0, -59.0, -66.0, -54.0, -60.0, -68.0, -75.0, -63.0, -76.0, -66.0, -79.0, -58.0, -104.0, -56.0, -52.0, -83.0, -67.0, -69.0, -53.0, -58.0, -60.0, -61.0, -82.0, -60.0, -82.0, -63.0, -71.0, -63.0, -92.0, -62.0, -72.0, -75.0, -60.0, -123.0, -83.0, -58.0, -300.0, -144.0, -87.0], [-52.0, -131.0, -55.0, -68.0, -300.0, -56.0, -55.0, -62.0, -56.0, -143.0, -79.0, -59.0, -60.0, -79.0, -66.0, -63.0, -60.0, -62.0, -60.0, -67.0, -59.0, -67.0, -60.0, -60.0, -72.0, -300.0, -70.0, -58.0, -300.0, -64.0, -70.0, -300.0, -300.0, -80.0, -83.0, -64.0, -62.0, -69.0, -63.0, -61.0, -54.0, -300.0, -59.0, -65.0, -74.0, -59.0, -52.0, -85.0, -55.0, -71.0, -87.0, -67.0, -55.0, -63.0, -80.0, -63.0, -99.0, -67.0, -61.0, -95.0, -66.0, -64.0, -50.0, -66.0, -67.0, -52.0, -220.0, -72.0, -51.0, -67.0, -67.0, -102.0, -63.0, -55.0, -300.0, -59.0, -63.0, -76.0, -56.0, -58.0, -300.0, -300.0, -82.0, -70.0, -55.0, -300.0, -51.0, -55.0, -64.0, -67.0, -66.0, -63.0, -52.0, -59.0, -62.0, -60.0, -107.0, -64.0, -119.0, -99.0]], "success_matrix": [[true, false, false, true, true, true, true, true, true, true, true, true, false, true, true, true, true, false, true, true, false, true, true, true, true, false, true, true, true, true, true, true, false, false, true, true, true, false, true, true, true, true, true, true, false, true, false, true, true, false, true, true, true, false, true, true, true, false, false, true, true, true, true, true, true, true, true, true, false, true, true, true, true, false, true, true, true, true, true, true, true, true, true, true, false, true, true, false, true, false, true, true, false, true, true, false, true, false, true, true], [true, true, true, true, true, false, true, true, true, true, true, false, true, false, true, true, true, true, true, true, true, true, true, true, true, false, true, true, true, true, true, true, true, true, true, true, true, true, true, true, false, true, true, true, true, true, true, true, true, true, true, true, true, true, true, true, true, true, true, true, true, true, true, true, true, false, true, true, true, true, true, true, true, false, true, false, true, true, true, true, true, true, true, true, true, true, true, true, true, true, true, false, true, true, true, true, true, true, true, true], [false, true, true, true, true, true, true, true, true, true, true, true, true, true, true, true, true, true, true, true, true, true, true, false, true, true, true, true, true, true, true, true, true, true, true, false, true, false, false, true, true, true, true, true, true, true, true, true, true, false, true, true, true, true, true, true, true, true, true, true, true, true, true, true, true, true, true, true, true, true, false, true, true, true, true, true, false, true, true, true, false, false, true, true, true, true, true, false, true, true, true, true, false, true, true, true, true, true, true, true], [true, true, true, true, true, true, true, true, true, true, true, true, true, true, true, true, true, false, true, true, true, true, true, true, true, false, false, false, true, true, true, true, true, true, true, true, true, true, true, true, true, true, true, true, true, true, true, true, true, true, true, true, true, true, true, true, true, true, true, true, true, true, true, true, true, true, true, true, true, true, true, true, true, true, true, true, true, true, true, true, true, true, true, true, true, true, true, true, true, true, true, true, true, true, true, true, true, false, true, true], [true, true, true, true, false, true, true, true, true, true, true, true, true, true, true, true, true, true, true, true, true, true, true, true, true, false, true, true, false, true, true, false, false, true, true, true, true, true, true, true, true, false, true, true, true, true, true, true, true, true, true, true, true, true, true, true, true, true, true, true, true, true, true, true, true, true, true, true, true, true, true, true, true, true, false, true, true, true, true, true, false, false, true, true, true, false, true, true, true, true, true, true, true, true, true, true, true, true, true, true]], "ticket_name": "zo_envs10_iter100_cand10_lambda1.0_seed666_ddim8_20251210_084952/seed_667", "eval_noise_idx": 0, "eval_seed": 1619}