{"n_seeds": 5, "n_evals_per_seed": 100, "reward_mean": -247.42800903320312, "reward_std": 6.474442481994629, "success_mean": 0.42200000000000004, "success_std": 0.04707440918375928, "episode_seeds": [1619, 1620, 1621, 1622, 1623], "seed_reward_means": [-243.80999755859375, -257.94000244140625, -245.9499969482422, -250.60000610351562, -238.83999633789062], "seed_success_means": [0.45, 0.36, 0.43, 0.38, 0.49], "reward_matrix": [[-224.0, -174.0, -212.0, -300.0, -300.0, -300.0, -300.0, -300.0, -300.0, -200.0, -216.0, -146.0, -300.0, -154.0, -300.0, -300.0, -300.0, -300.0, -300.0, -300.0, -173.0, -300.0, -300.0, -300.0, -300.0, -300.0, -300.0, -137.0, -196.0, -300.0, -266.0, -169.0, -157.0, -136.0, -155.0, -142.0, -300.0, -140.0, -152.0, -300.0, -300.0, -300.0, -300.0, -300.0, -300.0, -300.0, -239.0, -164.0, -300.0, -148.0, -129.0, -300.0, -132.0, -300.0, -300.0, -300.0, -300.0, -146.0, -300.0, -300.0, -300.0, -300.0, -147.0, -175.0, -156.0, -300.0, -148.0, -209.0, -142.0, -300.0, -152.0, -156.0, -300.0, -300.0, -223.0, -300.0, -300.0, -300.0, -300.0, -148.0, -208.0, -148.0, -300.0, -274.0, -300.0, -300.0, -158.0, -300.0, -283.0, -160.0, -237.0, -176.0, -300.0, -166.0, -136.0, -300.0, -300.0, -172.0, -300.0, -300.0], [-144.0, -132.0, -300.0, -300.0, -246.0, -300.0, -300.0, -300.0, -300.0, -300.0, -300.0, -300.0, -300.0, -300.0, -300.0, -300.0, -300.0, -292.0, -300.0, -300.0, -300.0, -250.0, -300.0, -273.0, -300.0, -300.0, -144.0, -264.0, -133.0, -300.0, -300.0, -287.0, -184.0, -300.0, -300.0, -164.0, -300.0, -300.0, -164.0, -300.0, -300.0, -145.0, -164.0, -180.0, -300.0, -300.0, -300.0, -176.0, -230.0, -300.0, -300.0, -300.0, -300.0, -181.0, -300.0, -300.0, -249.0, -300.0, -144.0, -135.0, -300.0, -300.0, -300.0, -300.0, -300.0, -189.0, -300.0, -300.0, -137.0, -186.0, -300.0, -185.0, -300.0, -137.0, -145.0, -300.0, -300.0, -300.0, -300.0, -137.0, -172.0, -156.0, -300.0, -150.0, -300.0, -300.0, -300.0, -300.0, -300.0, -300.0, -300.0, -196.0, -300.0, -300.0, -300.0, -300.0, -300.0, -140.0, -175.0, -208.0], [-155.0, -300.0, -175.0, -300.0, -300.0, -300.0, -300.0, -168.0, -158.0, -300.0, -129.0, -300.0, -300.0, -300.0, -136.0, -145.0, -300.0, -224.0, -252.0, -168.0, -300.0, -300.0, -300.0, -300.0, -300.0, -300.0, -300.0, -300.0, -300.0, -220.0, -172.0, -300.0, -168.0, -300.0, -300.0, -150.0, -152.0, -129.0, -160.0, -300.0, -172.0, -300.0, -300.0, -268.0, -300.0, -300.0, -188.0, -252.0, -300.0, -300.0, -300.0, -300.0, -168.0, -300.0, -134.0, -300.0, -300.0, -153.0, -143.0, -300.0, -140.0, -167.0, -300.0, -300.0, -164.0, -300.0, -300.0, -300.0, -137.0, -168.0, -300.0, -300.0, -300.0, -300.0, -149.0, -164.0, -300.0, -300.0, -142.0, -162.0, -300.0, -184.0, -188.0, -300.0, -300.0, -300.0, -300.0, -236.0, -160.0, -300.0, -300.0, -172.0, -225.0, -156.0, -238.0, -300.0, -300.0, -300.0, -204.0, -300.0], [-300.0, -300.0, -180.0, -300.0, -300.0, -135.0, -300.0, -300.0, -149.0, -300.0, -160.0, -145.0, -300.0, -300.0, -300.0, -153.0, -300.0, -129.0, -300.0, -300.0, -300.0, -188.0, -300.0, -300.0, -300.0, -160.0, -124.0, -300.0, -300.0, -300.0, -172.0, -300.0, -300.0, -300.0, -300.0, -300.0, -172.0, -300.0, -300.0, -300.0, -300.0, -300.0, -300.0, -300.0, -192.0, -154.0, -132.0, -264.0, -300.0, -300.0, -300.0, -300.0, -300.0, -300.0, -300.0, -300.0, -300.0, -278.0, -140.0, -152.0, -300.0, -160.0, -134.0, -172.0, -260.0, -300.0, -300.0, -288.0, -152.0, -300.0, -300.0, -300.0, -164.0, -300.0, -133.0, -300.0, -300.0, -300.0, -133.0, -153.0, -300.0, -253.0, -144.0, -300.0, -172.0, -300.0, -300.0, -176.0, -300.0, -148.0, -300.0, -152.0, -211.0, -140.0, -136.0, -300.0, -300.0, -300.0, -300.0, -300.0], [-300.0, -300.0, -135.0, -204.0, -300.0, -163.0, -300.0, -137.0, -168.0, -300.0, -300.0, -151.0, -300.0, -300.0, -300.0, -156.0, -300.0, -144.0, -300.0, -222.0, -160.0, -300.0, -300.0, -280.0, -157.0, -246.0, -300.0, -300.0, -300.0, -300.0, -137.0, -147.0, -244.0, -152.0, -300.0, -242.0, -300.0, -300.0, -125.0, -300.0, -140.0, -166.0, -246.0, -300.0, -300.0, -144.0, -300.0, -242.0, -300.0, -300.0, -300.0, -300.0, -285.0, -180.0, -300.0, -140.0, -300.0, -172.0, -300.0, -300.0, -151.0, -160.0, -154.0, -240.0, -300.0, -136.0, -300.0, -300.0, -300.0, -151.0, -148.0, -176.0, -176.0, -300.0, -141.0, -176.0, -148.0, -300.0, -180.0, -300.0, -169.0, -300.0, -300.0, -164.0, -300.0, -300.0, -149.0, -176.0, -236.0, -300.0, -300.0, -300.0, -300.0, -144.0, -300.0, -297.0, -159.0, -300.0, -300.0, -168.0]], "success_matrix": [[true, true, true, false, false, false, false, false, false, true, true, true, false, true, false, false, false, false, false, false, true, false, false, false, false, false, false, true, true, false, true, true, true, true, true, true, false, true, true, false, false, false, false, false, false, false, true, true, false, true, true, false, true, false, false, false, false, true, false, false, false, false, true, true, true, false, true, true, true, false, true, true, false, false, true, false, false, false, false, true, true, true, false, true, false, false, true, false, true, true, true, true, false, true, true, false, false, true, false, false], [true, true, false, false, true, false, false, false, false, false, false, false, false, false, false, false, false, true, false, false, false, true, false, true, false, false, true, true, true, false, false, true, true, false, false, true, false, false, true, false, false, true, true, true, false, false, false, true, true, false, false, false, false, true, false, false, true, false, true, true, false, false, false, false, false, true, false, false, true, true, false, true, false, true, true, false, false, false, false, true, true, true, false, true, false, false, false, false, false, false, false, true, false, false, false, false, false, true, true, true], [true, false, true, false, false, false, false, true, true, false, true, false, false, false, true, true, false, true, true, true, false, false, false, false, false, false, false, false, false, true, true, false, true, false, false, true, true, true, true, false, true, false, false, true, false, false, true, true, false, false, false, false, true, false, true, false, false, true, true, false, true, true, false, false, true, false, false, false, true, true, false, false, false, false, true, true, false, false, true, true, false, true, true, false, false, false, false, true, true, false, false, true, true, true, true, false, false, false, true, false], [false, false, true, false, false, true, false, false, true, false, true, true, false, false, false, true, false, true, false, false, false, true, false, false, false, true, true, false, false, false, true, false, false, false, false, false, true, false, false, false, false, false, false, false, true, true, true, true, false, false, false, false, false, false, false, false, false, true, true, true, false, true, true, true, true, false, false, true, true, false, false, false, true, false, true, false, false, false, true, true, false, true, true, false, true, false, false, true, false, true, false, true, true, true, true, false, false, false, false, false], [false, false, true, true, false, true, false, true, true, false, false, true, false, false, false, true, false, true, false, true, true, false, false, true, true, true, false, false, false, false, true, true, true, true, false, true, false, false, true, false, true, true, true, false, false, true, false, true, false, false, false, false, true, true, false, true, false, true, false, false, true, true, true, true, false, true, false, false, false, true, true, true, true, false, true, true, true, false, true, false, true, false, false, true, false, false, true, true, true, false, false, false, false, true, false, false, true, false, false, true]], "ticket_name": "envs10_samples5000_seed999_ddim8_20251130_223053_nenvs_10", "eval_noise_idx": 20, "eval_seed": 1619}