{"n_seeds": 5, "n_evals_per_seed": 100, "reward_mean": -231.1280059814453, "reward_std": 10.697488784790039, "success_mean": 0.28200000000000003, "success_std": 0.0303315017762062, "episode_seeds": [1619, 1620, 1621, 1622, 1623], "seed_reward_means": [-246.8000030517578, -237.41000366210938, -221.38999938964844, -226.2899932861328, -223.75], "seed_success_means": [0.24, 0.26, 0.31, 0.3, 0.3], "reward_matrix": [[-300.0, -296.0, -300.0, -207.0, -300.0, -38.0, -300.0, -38.0, -290.0, -39.0, -300.0, -36.0, -36.0, -295.0, -300.0, -300.0, -35.0, -300.0, -297.0, -300.0, -300.0, -300.0, -300.0, -38.0, -266.0, -36.0, -300.0, -300.0, -300.0, -299.0, -35.0, -300.0, -300.0, -300.0, -300.0, -298.0, -300.0, -300.0, -300.0, -300.0, -300.0, -300.0, -300.0, -172.0, -300.0, -177.0, -35.0, -300.0, -300.0, -300.0, -300.0, -300.0, -36.0, -300.0, -300.0, -300.0, -169.0, -300.0, -300.0, -36.0, -300.0, -300.0, -300.0, -300.0, -300.0, -35.0, -300.0, -38.0, -300.0, -38.0, -36.0, -300.0, -299.0, -300.0, -300.0, -300.0, -300.0, -300.0, -297.0, -300.0, -137.0, -300.0, -300.0, -300.0, -300.0, -35.0, -300.0, -300.0, -300.0, -300.0, -300.0, -300.0, -300.0, -300.0, -300.0, -300.0, -300.0, -300.0, -161.0, -300.0], [-300.0, -199.0, -36.0, -300.0, -300.0, -35.0, -300.0, -300.0, -300.0, -300.0, -172.0, -40.0, -34.0, -300.0, -300.0, -296.0, -300.0, -300.0, -32.0, -33.0, -300.0, -299.0, -36.0, -300.0, -300.0, -300.0, -300.0, -298.0, -300.0, -300.0, -300.0, -300.0, -38.0, -300.0, -300.0, -300.0, -35.0, -300.0, -300.0, -300.0, -300.0, -35.0, -300.0, -300.0, -300.0, -36.0, -300.0, -300.0, -300.0, -300.0, -172.0, -300.0, -300.0, -300.0, -300.0, -224.0, -300.0, -295.0, -300.0, -300.0, -300.0, -38.0, -300.0, -36.0, -300.0, -300.0, -300.0, -300.0, -300.0, -300.0, -36.0, -300.0, -38.0, -300.0, -32.0, -300.0, -38.0, -300.0, -32.0, -35.0, -300.0, -300.0, -300.0, -300.0, -300.0, -300.0, -300.0, -300.0, -300.0, -300.0, -300.0, -300.0, -300.0, -38.0, -38.0, -300.0, -35.0, -300.0, -300.0, -300.0], [-300.0, -35.0, -35.0, -300.0, -38.0, -39.0, -37.0, -300.0, -300.0, -300.0, -300.0, -300.0, -300.0, -300.0, -300.0, -297.0, -300.0, -35.0, -300.0, -36.0, -38.0, -299.0, -38.0, -300.0, -300.0, -300.0, -299.0, -300.0, -300.0, -300.0, -38.0, -295.0, -36.0, -40.0, -220.0, -300.0, -300.0, -300.0, -300.0, -38.0, -300.0, -38.0, -300.0, -300.0, -300.0, -35.0, -300.0, -296.0, -36.0, -300.0, -32.0, -40.0, -294.0, -300.0, -300.0, -40.0, -34.0, -300.0, -300.0, -37.0, -300.0, -39.0, -300.0, -300.0, -300.0, -40.0, -300.0, -295.0, -300.0, -35.0, -300.0, -300.0, -300.0, -300.0, -300.0, -300.0, -35.0, -300.0, -300.0, -300.0, -300.0, -39.0, -300.0, -300.0, -300.0, -297.0, -300.0, -300.0, -295.0, -297.0, -300.0, -300.0, -300.0, -300.0, -38.0, -179.0, -300.0, -40.0, -35.0, -300.0], [-300.0, -300.0, -300.0, -300.0, -300.0, -40.0, -300.0, -292.0, -300.0, -34.0, -300.0, -300.0, -37.0, -300.0, -300.0, -35.0, -295.0, -300.0, -300.0, -296.0, -295.0, -150.0, -300.0, -300.0, -35.0, -300.0, -300.0, -300.0, -300.0, -34.0, -300.0, -300.0, -300.0, -300.0, -39.0, -36.0, -36.0, -300.0, -300.0, -300.0, -300.0, -39.0, -300.0, -300.0, -300.0, -300.0, -40.0, -300.0, -300.0, -300.0, -31.0, -300.0, -39.0, -32.0, -300.0, -176.0, -298.0, -300.0, -296.0, -300.0, -300.0, -36.0, -300.0, -300.0, -300.0, -39.0, -300.0, -34.0, -300.0, -300.0, -300.0, -300.0, -34.0, -300.0, -300.0, -300.0, -295.0, -38.0, -39.0, -35.0, -36.0, -35.0, -300.0, -300.0, -38.0, -300.0, -300.0, -295.0, -200.0, -300.0, -197.0, -300.0, -37.0, -300.0, -300.0, -300.0, -300.0, -300.0, -300.0, -36.0], [-300.0, -300.0, -300.0, -300.0, -300.0, -300.0, -300.0, -36.0, -37.0, -300.0, -300.0, -300.0, -300.0, -300.0, -300.0, -300.0, -40.0, -300.0, -38.0, -300.0, -300.0, -32.0, -300.0, -300.0, -300.0, -300.0, -295.0, -300.0, -300.0, -37.0, -300.0, -300.0, -300.0, -300.0, -36.0, -38.0, -36.0, -300.0, -36.0, -300.0, -36.0, -300.0, -38.0, -37.0, -300.0, -300.0, -33.0, -300.0, -300.0, -300.0, -300.0, -175.0, -32.0, -300.0, -285.0, -300.0, -300.0, -300.0, -300.0, -300.0, -33.0, -300.0, -300.0, -300.0, -38.0, -300.0, -32.0, -35.0, -297.0, -35.0, -300.0, -300.0, -300.0, -38.0, -300.0, -300.0, -38.0, -300.0, -300.0, -300.0, -300.0, -300.0, -32.0, -300.0, -36.0, -300.0, -300.0, -39.0, -300.0, -300.0, -36.0, -37.0, -300.0, -300.0, -212.0, -300.0, -300.0, -300.0, -300.0, -40.0]], "success_matrix": [[false, false, false, true, false, true, false, true, false, true, false, true, true, false, false, false, true, false, false, false, false, false, false, true, true, true, false, false, false, false, true, false, false, false, false, false, false, false, false, false, false, false, false, true, false, true, true, false, false, false, false, false, true, false, false, false, true, false, false, true, false, false, false, false, false, true, false, true, false, true, true, false, false, false, false, false, false, false, false, false, true, false, false, false, false, true, false, false, false, false, false, false, false, false, false, false, false, false, true, false], [false, true, true, false, false, true, false, false, false, false, true, true, true, false, false, false, false, false, true, true, false, false, true, false, false, false, false, false, false, false, false, false, true, false, false, false, true, false, false, false, false, true, false, false, false, true, false, false, false, false, true, false, false, false, false, true, false, false, false, false, false, true, false, true, false, false, false, false, false, false, true, false, true, false, true, false, true, false, true, true, false, false, false, false, false, false, false, false, false, false, false, false, false, true, true, false, true, false, false, false], [false, true, true, false, true, true, true, false, false, false, false, false, false, false, false, false, false, true, false, true, true, false, true, false, false, false, false, false, false, false, true, false, true, true, true, false, false, false, false, true, false, true, false, false, false, true, false, false, true, false, true, true, false, false, false, true, true, false, false, true, false, true, false, false, false, true, false, false, false, true, false, false, false, false, false, false, true, false, false, false, false, true, false, false, false, false, false, false, false, false, false, false, false, false, true, true, false, true, true, false], [false, false, false, false, false, true, false, false, false, true, false, false, true, false, false, true, false, false, false, false, false, true, false, false, true, false, false, false, false, true, false, false, false, false, true, true, true, false, false, false, false, true, false, false, false, false, true, false, false, false, true, false, true, true, false, true, false, false, false, false, false, true, false, false, false, true, false, true, false, false, false, false, true, false, false, false, false, true, true, true, true, true, false, false, true, false, false, false, true, false, true, false, true, false, false, false, false, false, false, true], [false, false, false, false, false, false, false, true, true, false, false, false, false, false, false, false, true, false, true, false, false, true, false, false, false, false, false, false, false, true, false, false, false, false, true, true, true, false, true, false, true, false, true, true, false, false, true, false, false, false, false, true, true, false, false, false, false, false, false, false, true, false, false, false, true, false, true, true, false, true, false, false, false, true, false, false, true, false, false, false, false, false, true, false, true, false, false, true, false, false, true, true, false, false, true, false, false, false, false, true]], "ticket_name": "zo_envs10_iter100_cand10_lambda10.0_seed666_ddim8_20251213_183951/seed_675", "eval_noise_idx": 0, "eval_seed": 1619}