{"n_seeds": 5, "n_evals_per_seed": 100, "reward_mean": -215.27200317382812, "reward_std": 13.53066349029541, "success_mean": 0.32, "success_std": 0.051478150704935, "episode_seeds": [1619, 1620, 1621, 1622, 1623], "seed_reward_means": [-230.75999450683594, -225.02999877929688, -196.1999969482422, -209.5, -214.8699951171875], "seed_success_means": [0.26, 0.28, 0.39, 0.34, 0.33], "reward_matrix": [[-33.0, -300.0, -300.0, -294.0, -300.0, -38.0, -31.0, -33.0, -300.0, -300.0, -300.0, -32.0, -36.0, -295.0, -300.0, -300.0, -300.0, -300.0, -34.0, -300.0, -300.0, -300.0, -300.0, -35.0, -35.0, -300.0, -300.0, -300.0, -300.0, -300.0, -300.0, -300.0, -300.0, -300.0, -300.0, -300.0, -300.0, -300.0, -300.0, -300.0, -300.0, -32.0, -300.0, -39.0, -300.0, -300.0, -294.0, -300.0, -300.0, -300.0, -300.0, -300.0, -41.0, -300.0, -300.0, -300.0, -294.0, -300.0, -300.0, -33.0, -300.0, -300.0, -300.0, -300.0, -30.0, -34.0, -300.0, -36.0, -300.0, -300.0, -39.0, -34.0, -300.0, -300.0, -300.0, -31.0, -300.0, -300.0, -36.0, -300.0, -39.0, -300.0, -300.0, -26.0, -300.0, -36.0, -300.0, -300.0, -300.0, -300.0, -34.0, -300.0, -300.0, -300.0, -300.0, -300.0, -299.0, -38.0, -35.0, -300.0], [-31.0, -294.0, -35.0, -300.0, -300.0, -38.0, -300.0, -300.0, -300.0, -297.0, -294.0, -40.0, -34.0, -300.0, -294.0, -295.0, -300.0, -34.0, -300.0, -300.0, -300.0, -294.0, -300.0, -300.0, -300.0, -300.0, -300.0, -300.0, -300.0, -300.0, -300.0, -300.0, -38.0, -300.0, -300.0, -30.0, -33.0, -296.0, -300.0, -300.0, -300.0, -35.0, -300.0, -300.0, -300.0, -35.0, -294.0, -300.0, -35.0, -300.0, -33.0, -34.0, -300.0, -300.0, -34.0, -294.0, -300.0, -36.0, -300.0, -300.0, -300.0, -37.0, -294.0, -32.0, -300.0, -300.0, -300.0, -300.0, -300.0, -35.0, -300.0, -32.0, -300.0, -300.0, -36.0, -300.0, -300.0, -300.0, -32.0, -35.0, -300.0, -300.0, -300.0, -300.0, -300.0, -299.0, -295.0, -37.0, -294.0, -300.0, -294.0, -300.0, -300.0, -36.0, -38.0, -300.0, -32.0, -300.0, -300.0, -38.0], [-300.0, -300.0, -33.0, -300.0, -34.0, -33.0, -291.0, -294.0, -300.0, -300.0, -300.0, -300.0, -36.0, -300.0, -32.0, -300.0, -300.0, -36.0, -36.0, -33.0, -34.0, -300.0, -33.0, -300.0, -300.0, -300.0, -34.0, -300.0, -32.0, -300.0, -42.0, -300.0, -36.0, -44.0, -300.0, -35.0, -300.0, -300.0, -32.0, -33.0, -300.0, -36.0, -300.0, -300.0, -300.0, -296.0, -300.0, -32.0, -36.0, -300.0, -31.0, -30.0, -38.0, -300.0, -42.0, -300.0, -300.0, -300.0, -292.0, -300.0, -300.0, -300.0, -300.0, -36.0, -300.0, -39.0, -300.0, -300.0, -300.0, -36.0, -300.0, -33.0, -35.0, -300.0, -300.0, -300.0, -300.0, -32.0, -32.0, -300.0, -300.0, -33.0, -300.0, -300.0, -300.0, -300.0, -294.0, -300.0, -300.0, -300.0, -34.0, -34.0, -300.0, -300.0, -37.0, -34.0, -300.0, -300.0, -34.0, -31.0], [-300.0, -33.0, -300.0, -300.0, -33.0, -300.0, -42.0, -297.0, -300.0, -40.0, -300.0, -300.0, -34.0, -300.0, -300.0, -32.0, -300.0, -300.0, -300.0, -34.0, -300.0, -32.0, -300.0, -300.0, -300.0, -300.0, -300.0, -300.0, -32.0, -35.0, -300.0, -300.0, -300.0, -300.0, -300.0, -300.0, -38.0, -31.0, -300.0, -34.0, -300.0, -32.0, -38.0, -300.0, -300.0, -38.0, -300.0, -300.0, -36.0, -300.0, -31.0, -300.0, -300.0, -30.0, -300.0, -36.0, -300.0, -300.0, -294.0, -300.0, -300.0, -300.0, -300.0, -300.0, -300.0, -38.0, -32.0, -34.0, -294.0, -300.0, -300.0, -32.0, -30.0, -300.0, -300.0, -300.0, -38.0, -39.0, -300.0, -34.0, -294.0, -295.0, -300.0, -38.0, -300.0, -300.0, -300.0, -294.0, -38.0, -34.0, -34.0, -300.0, -38.0, -300.0, -300.0, -300.0, -300.0, -300.0, -300.0, -32.0], [-300.0, -300.0, -40.0, -300.0, -300.0, -300.0, -300.0, -34.0, -38.0, -300.0, -31.0, -300.0, -300.0, -300.0, -300.0, -300.0, -36.0, -36.0, -30.0, -300.0, -300.0, -300.0, -300.0, -34.0, -300.0, -300.0, -286.0, -300.0, -300.0, -35.0, -300.0, -300.0, -300.0, -300.0, -37.0, -300.0, -33.0, -40.0, -34.0, -300.0, -300.0, -300.0, -37.0, -33.0, -300.0, -300.0, -300.0, -300.0, -300.0, -300.0, -31.0, -35.0, -31.0, -300.0, -300.0, -300.0, -300.0, -300.0, -300.0, -38.0, -34.0, -300.0, -294.0, -300.0, -300.0, -300.0, -37.0, -34.0, -32.0, -34.0, -300.0, -300.0, -32.0, -300.0, -300.0, -38.0, -300.0, -300.0, -300.0, -300.0, -300.0, -300.0, -32.0, -300.0, -300.0, -37.0, -300.0, -35.0, -32.0, -300.0, -33.0, -34.0, -300.0, -300.0, -300.0, -300.0, -300.0, -300.0, -300.0, -300.0]], "success_matrix": [[true, false, false, false, false, true, true, true, false, false, false, true, true, false, false, false, false, false, true, false, false, false, false, true, true, false, false, false, false, false, false, false, false, false, false, false, false, false, false, false, false, true, false, true, false, false, false, false, false, false, false, false, true, false, false, false, false, false, false, true, false, false, false, false, true, true, false, true, false, false, true, true, false, false, false, true, false, false, true, false, true, false, false, true, false, true, false, false, false, false, true, false, false, false, false, false, false, true, true, false], [true, false, true, false, false, true, false, false, false, false, false, true, true, false, false, false, false, true, false, false, false, false, false, false, false, false, false, false, false, false, false, false, true, false, false, true, true, false, false, false, false, true, false, false, false, true, false, false, true, false, true, true, false, false, true, false, false, true, false, false, false, true, false, true, false, false, false, false, false, true, false, true, false, false, true, false, false, false, true, true, false, false, false, false, false, false, false, true, false, false, false, false, false, true, true, false, true, false, false, true], [false, false, true, false, true, true, false, false, false, false, false, false, true, false, true, false, false, true, true, true, true, false, true, false, false, false, true, false, true, false, true, false, true, true, false, true, false, false, true, true, false, true, false, false, false, false, false, true, true, false, true, true, true, false, true, false, false, false, false, false, false, false, false, true, false, true, false, false, false, true, false, true, true, false, false, false, false, true, true, false, false, true, false, false, false, false, false, false, false, false, true, true, false, false, true, true, false, false, true, true], [false, true, false, false, true, false, true, false, false, true, false, false, true, false, false, true, false, false, false, true, false, true, false, false, false, false, false, false, true, true, false, false, false, false, false, false, true, true, false, true, false, true, true, false, false, true, false, false, true, false, true, false, false, true, false, true, false, false, false, false, false, false, false, false, false, true, true, true, false, false, false, true, true, false, false, false, true, true, false, true, false, false, false, true, false, false, false, false, true, true, true, false, true, false, false, false, false, false, false, true], [false, false, true, false, false, false, false, true, true, false, true, false, false, false, false, false, true, true, true, false, false, false, false, true, false, false, true, false, false, true, false, false, false, false, true, false, true, true, true, false, false, false, true, true, false, false, false, false, false, false, true, true, true, false, false, false, false, false, false, true, true, false, false, false, false, false, true, true, true, true, false, false, true, false, false, true, false, false, false, false, false, false, true, false, false, true, false, true, true, false, true, true, false, false, false, false, false, false, false, false]], "ticket_name": "zo_envs10_iter500_cand2_lambda10.0_seed666_ddim8_20251213_183924/seed_674", "eval_noise_idx": 0, "eval_seed": 1619}