{"n_seeds": 5, "n_evals_per_seed": 100, "reward_mean": -268.2079772949219, "reward_std": 5.100393295288086, "success_mean": 0.316, "success_std": 0.052383203414835176, "episode_seeds": [1619, 1620, 1621, 1622, 1623], "seed_reward_means": [-265.6300048828125, -266.7300109863281, -268.6300048828125, -277.5899963378906, -262.4599914550781], "seed_success_means": [0.33, 0.32, 0.33, 0.22, 0.38], "reward_matrix": [[-168.0, -300.0, -300.0, -300.0, -300.0, -157.0, -300.0, -300.0, -300.0, -300.0, -300.0, -300.0, -300.0, -300.0, -300.0, -300.0, -300.0, -300.0, -300.0, -200.0, -300.0, -300.0, -157.0, -300.0, -168.0, -300.0, -151.0, -183.0, -300.0, -300.0, -242.0, -204.0, -188.0, -177.0, -175.0, -300.0, -300.0, -300.0, -300.0, -300.0, -300.0, -300.0, -300.0, -300.0, -290.0, -165.0, -300.0, -300.0, -145.0, -221.0, -179.0, -300.0, -186.0, -300.0, -300.0, -300.0, -300.0, -167.0, -300.0, -202.0, -300.0, -300.0, -300.0, -300.0, -300.0, -185.0, -300.0, -213.0, -300.0, -300.0, -300.0, -300.0, -300.0, -300.0, -300.0, -300.0, -174.0, -300.0, -300.0, -286.0, -300.0, -300.0, -221.0, -300.0, -300.0, -289.0, -300.0, -300.0, -143.0, -165.0, -300.0, -187.0, -287.0, -219.0, -186.0, -300.0, -300.0, -300.0, -300.0, -183.0], [-300.0, -300.0, -300.0, -300.0, -300.0, -192.0, -300.0, -160.0, -300.0, -300.0, -134.0, -300.0, -150.0, -300.0, -300.0, -185.0, -300.0, -269.0, -300.0, -153.0, -300.0, -289.0, -300.0, -237.0, -153.0, -300.0, -201.0, -265.0, -300.0, -300.0, -169.0, -300.0, -300.0, -188.0, -196.0, -300.0, -174.0, -300.0, -300.0, -188.0, -300.0, -202.0, -143.0, -300.0, -300.0, -300.0, -152.0, -300.0, -300.0, -300.0, -300.0, -300.0, -300.0, -300.0, -300.0, -300.0, -263.0, -300.0, -181.0, -204.0, -150.0, -300.0, -300.0, -300.0, -300.0, -185.0, -300.0, -300.0, -300.0, -300.0, -300.0, -300.0, -300.0, -300.0, -300.0, -300.0, -300.0, -300.0, -145.0, -248.0, -300.0, -151.0, -300.0, -284.0, -300.0, -300.0, -300.0, -300.0, -300.0, -300.0, -300.0, -189.0, -300.0, -300.0, -300.0, -300.0, -196.0, -300.0, -277.0, -300.0], [-300.0, -300.0, -300.0, -300.0, -300.0, -300.0, -300.0, -144.0, -255.0, -300.0, -300.0, -300.0, -300.0, -300.0, -300.0, -258.0, -300.0, -300.0, -164.0, -162.0, -300.0, -300.0, -300.0, -300.0, -297.0, -300.0, -166.0, -300.0, -151.0, -300.0, -300.0, -300.0, -275.0, -176.0, -148.0, -300.0, -300.0, -229.0, -269.0, -132.0, -300.0, -300.0, -300.0, -300.0, -300.0, -300.0, -300.0, -300.0, -161.0, -240.0, -300.0, -300.0, -300.0, -300.0, -300.0, -300.0, -300.0, -177.0, -252.0, -300.0, -234.0, -215.0, -300.0, -204.0, -300.0, -300.0, -300.0, -300.0, -195.0, -208.0, -185.0, -300.0, -300.0, -300.0, -263.0, -300.0, -165.0, -300.0, -300.0, -217.0, -300.0, -300.0, -184.0, -300.0, -271.0, -300.0, -175.0, -259.0, -300.0, -300.0, -300.0, -193.0, -300.0, -300.0, -300.0, -300.0, -183.0, -300.0, -300.0, -256.0], [-300.0, -300.0, -284.0, -300.0, -300.0, -300.0, -179.0, -300.0, -300.0, -300.0, -300.0, -171.0, -300.0, -300.0, -300.0, -270.0, -300.0, -176.0, -258.0, -300.0, -300.0, -300.0, -300.0, -300.0, -300.0, -194.0, -173.0, -300.0, -300.0, -300.0, -300.0, -300.0, -300.0, -300.0, -300.0, -300.0, -300.0, -187.0, -190.0, -300.0, -300.0, -300.0, -300.0, -300.0, -300.0, -300.0, -300.0, -193.0, -184.0, -300.0, -300.0, -300.0, -186.0, -232.0, -300.0, -300.0, -300.0, -181.0, -300.0, -300.0, -300.0, -300.0, -300.0, -300.0, -300.0, -172.0, -165.0, -300.0, -300.0, -300.0, -193.0, -300.0, -300.0, -300.0, -219.0, -300.0, -300.0, -192.0, -300.0, -202.0, -300.0, -300.0, -300.0, -300.0, -300.0, -300.0, -158.0, -300.0, -300.0, -300.0, -300.0, -300.0, -300.0, -300.0, -300.0, -300.0, -300.0, -300.0, -300.0, -300.0], [-277.0, -181.0, -300.0, -300.0, -300.0, -300.0, -300.0, -268.0, -165.0, -173.0, -300.0, -166.0, -300.0, -300.0, -300.0, -300.0, -180.0, -300.0, -300.0, -216.0, -300.0, -155.0, -300.0, -300.0, -225.0, -300.0, -300.0, -185.0, -300.0, -217.0, -300.0, -300.0, -178.0, -208.0, -300.0, -200.0, -300.0, -300.0, -300.0, -225.0, -280.0, -300.0, -300.0, -300.0, -300.0, -300.0, -300.0, -300.0, -228.0, -167.0, -162.0, -300.0, -300.0, -300.0, -300.0, -300.0, -149.0, -300.0, -300.0, -200.0, -181.0, -300.0, -177.0, -300.0, -300.0, -194.0, -300.0, -300.0, -300.0, -182.0, -277.0, -300.0, -300.0, -145.0, -203.0, -300.0, -201.0, -300.0, -224.0, -300.0, -300.0, -300.0, -243.0, -300.0, -300.0, -300.0, -300.0, -300.0, -300.0, -162.0, -202.0, -300.0, -300.0, -300.0, -300.0, -207.0, -183.0, -300.0, -281.0, -179.0]], "success_matrix": [[true, false, false, false, false, true, false, false, false, false, false, false, false, false, false, false, false, false, false, true, false, false, true, false, true, false, true, true, false, false, true, true, true, true, true, false, false, false, false, false, false, false, false, false, true, true, false, false, true, true, true, false, true, false, false, false, false, true, false, true, false, false, false, false, false, true, false, true, false, false, false, false, false, false, false, false, true, false, false, true, false, false, true, false, false, true, false, false, true, true, false, true, true, true, true, false, false, false, false, true], [false, false, false, false, false, true, false, true, false, false, true, false, true, false, false, true, false, true, false, true, false, true, false, true, true, false, true, true, false, false, true, false, false, true, true, false, true, false, false, true, false, true, true, false, false, false, true, false, false, false, false, false, false, false, false, false, true, false, true, true, true, false, false, false, false, true, false, false, false, false, false, false, false, false, false, false, false, false, true, true, false, true, false, true, false, false, false, false, false, false, false, true, false, false, false, false, true, false, true, false], [false, false, false, false, false, false, false, true, true, false, false, false, false, false, false, true, false, false, true, true, false, false, false, false, false, false, true, false, true, false, false, false, true, true, true, false, false, true, true, true, false, false, false, false, false, false, false, false, true, true, false, false, false, false, false, false, false, true, true, false, true, true, false, true, false, false, false, false, true, true, true, false, false, false, true, false, true, false, false, true, false, false, true, false, true, false, true, true, false, false, false, true, false, false, false, false, true, false, false, true], [false, false, true, false, false, false, true, false, false, false, false, true, false, false, false, true, false, true, true, false, false, false, false, false, false, true, true, false, false, false, false, false, false, false, false, false, false, true, true, false, false, false, false, false, false, false, false, true, true, false, false, false, true, true, false, false, false, true, false, false, false, false, false, false, false, true, true, false, false, false, true, false, false, false, true, false, false, true, false, true, false, false, false, false, false, false, true, false, false, false, false, false, false, false, false, false, false, false, false, false], [true, true, false, false, false, false, false, true, true, true, false, true, false, false, false, false, true, false, false, true, false, true, false, false, true, false, false, true, false, true, false, false, true, true, false, true, false, false, false, true, true, false, false, false, false, false, false, false, true, true, true, false, false, false, false, false, true, false, false, true, true, false, true, false, false, true, false, false, false, true, true, false, false, true, true, false, true, false, true, false, false, false, true, false, false, false, false, false, false, true, true, false, false, false, false, true, true, false, true, true]], "ticket_name": "envs100_samples1000_seeds999_1000_1001_1002_1003_1004_1005_1006_1007_1008_ddim2_20251208_043402/seed_1002", "eval_noise_idx": 0, "eval_seed": 1619}