{"n_seeds": 5, "n_evals_per_seed": 100, "reward_mean": -218.114013671875, "reward_std": 8.620036125183105, "success_mean": 0.55, "success_std": 0.0632455532033676, "episode_seeds": [1619, 1620, 1621, 1622, 1623], "seed_reward_means": [-208.35000610351562, -219.16000366210938, -227.1999969482422, -227.74000549316406, -208.1199951171875], "seed_success_means": [0.61, 0.55, 0.49, 0.47, 0.63], "reward_matrix": [[-223.0, -162.0, -183.0, -300.0, -300.0, -300.0, -300.0, -300.0, -137.0, -283.0, -300.0, -123.0, -131.0, -127.0, -123.0, -193.0, -300.0, -300.0, -151.0, -131.0, -153.0, -300.0, -243.0, -147.0, -300.0, -300.0, -131.0, -119.0, -299.0, -300.0, -127.0, -300.0, -300.0, -107.0, -216.0, -116.0, -300.0, -300.0, -163.0, -151.0, -300.0, -300.0, -172.0, -300.0, -119.0, -127.0, -127.0, -300.0, -300.0, -122.0, -120.0, -271.0, -111.0, -127.0, -300.0, -300.0, -300.0, -156.0, -300.0, -300.0, -300.0, -300.0, -110.0, -138.0, -135.0, -127.0, -127.0, -300.0, -300.0, -246.0, -134.0, -170.0, -300.0, -166.0, -147.0, -180.0, -130.0, -300.0, -172.0, -135.0, -143.0, -152.0, -126.0, -191.0, -300.0, -300.0, -145.0, -167.0, -112.0, -123.0, -140.0, -129.0, -118.0, -300.0, -111.0, -135.0, -300.0, -135.0, -300.0, -300.0], [-127.0, -127.0, -300.0, -171.0, -300.0, -300.0, -300.0, -300.0, -228.0, -300.0, -134.0, -131.0, -207.0, -192.0, -130.0, -300.0, -131.0, -291.0, -300.0, -130.0, -111.0, -300.0, -300.0, -122.0, -179.0, -300.0, -123.0, -300.0, -300.0, -300.0, -300.0, -132.0, -300.0, -300.0, -155.0, -124.0, -300.0, -300.0, -139.0, -300.0, -300.0, -300.0, -131.0, -152.0, -300.0, -196.0, -300.0, -143.0, -184.0, -300.0, -235.0, -145.0, -300.0, -300.0, -300.0, -123.0, -115.0, -300.0, -122.0, -275.0, -122.0, -300.0, -300.0, -300.0, -300.0, -115.0, -183.0, -147.0, -118.0, -175.0, -151.0, -135.0, -300.0, -215.0, -111.0, -147.0, -158.0, -300.0, -123.0, -134.0, -300.0, -300.0, -300.0, -132.0, -137.0, -142.0, -175.0, -135.0, -300.0, -244.0, -300.0, -300.0, -131.0, -300.0, -147.0, -300.0, -300.0, -119.0, -115.0, -300.0], [-139.0, -300.0, -235.0, -159.0, -133.0, -300.0, -300.0, -300.0, -300.0, -300.0, -300.0, -300.0, -300.0, -300.0, -111.0, -300.0, -139.0, -136.0, -300.0, -135.0, -300.0, -300.0, -300.0, -151.0, -143.0, -146.0, -288.0, -130.0, -300.0, -300.0, -154.0, -176.0, -160.0, -127.0, -300.0, -127.0, -147.0, -251.0, -139.0, -143.0, -138.0, -272.0, -143.0, -300.0, -143.0, -122.0, -188.0, -300.0, -137.0, -300.0, -132.0, -139.0, -130.0, -300.0, -116.0, -300.0, -120.0, -131.0, -128.0, -300.0, -300.0, -300.0, -300.0, -163.0, -300.0, -300.0, -300.0, -300.0, -300.0, -300.0, -300.0, -300.0, -300.0, -191.0, -300.0, -300.0, -123.0, -300.0, -181.0, -151.0, -300.0, -300.0, -115.0, -300.0, -115.0, -139.0, -300.0, -300.0, -300.0, -300.0, -300.0, -148.0, -135.0, -300.0, -178.0, -300.0, -300.0, -161.0, -300.0, -112.0], [-300.0, -300.0, -162.0, -174.0, -300.0, -132.0, -300.0, -300.0, -300.0, -152.0, -154.0, -175.0, -300.0, -300.0, -300.0, -300.0, -300.0, -122.0, -300.0, -300.0, -300.0, -300.0, -142.0, -300.0, -127.0, -149.0, -127.0, -146.0, -300.0, -127.0, -300.0, -300.0, -216.0, -124.0, -300.0, -300.0, -300.0, -300.0, -300.0, -300.0, -143.0, -300.0, -119.0, -300.0, -300.0, -138.0, -300.0, -300.0, -148.0, -119.0, -283.0, -300.0, -127.0, -131.0, -300.0, -300.0, -300.0, -127.0, -114.0, -141.0, -131.0, -147.0, -127.0, -142.0, -300.0, -300.0, -184.0, -300.0, -151.0, -300.0, -300.0, -300.0, -147.0, -300.0, -182.0, -300.0, -300.0, -163.0, -300.0, -300.0, -147.0, -139.0, -171.0, -151.0, -300.0, -300.0, -120.0, -168.0, -300.0, -147.0, -300.0, -300.0, -141.0, -120.0, -123.0, -300.0, -300.0, -300.0, -127.0, -127.0], [-123.0, -242.0, -300.0, -226.0, -300.0, -141.0, -151.0, -116.0, -227.0, -300.0, -300.0, -115.0, -300.0, -300.0, -300.0, -145.0, -300.0, -211.0, -244.0, -159.0, -143.0, -300.0, -300.0, -147.0, -128.0, -127.0, -300.0, -154.0, -183.0, -207.0, -300.0, -139.0, -300.0, -141.0, -300.0, -119.0, -300.0, -127.0, -300.0, -119.0, -126.0, -154.0, -300.0, -263.0, -135.0, -142.0, -147.0, -116.0, -300.0, -300.0, -300.0, -131.0, -179.0, -300.0, -171.0, -111.0, -300.0, -300.0, -300.0, -160.0, -144.0, -131.0, -300.0, -300.0, -300.0, -118.0, -292.0, -300.0, -174.0, -203.0, -127.0, -139.0, -147.0, -123.0, -300.0, -300.0, -144.0, -300.0, -159.0, -300.0, -154.0, -300.0, -143.0, -152.0, -185.0, -135.0, -133.0, -139.0, -300.0, -131.0, -300.0, -139.0, -138.0, -300.0, -187.0, -127.0, -128.0, -300.0, -135.0, -116.0]], "success_matrix": [[true, true, true, false, false, false, false, false, true, true, false, true, true, true, true, true, false, false, true, true, true, false, true, true, false, false, true, true, false, false, true, false, false, true, true, true, false, false, true, true, false, false, true, false, true, true, true, false, false, true, true, true, true, true, false, false, false, true, false, false, false, false, true, true, true, true, true, false, false, true, true, true, false, true, true, true, true, false, true, true, true, true, true, true, false, false, true, true, true, true, true, true, true, false, true, true, false, true, false, false], [true, true, false, true, false, false, false, false, true, false, true, true, true, true, true, false, true, true, false, true, true, false, false, true, true, false, true, false, false, false, false, true, false, false, true, true, false, false, true, false, false, false, true, true, false, true, false, true, true, false, true, true, false, false, false, true, true, false, true, true, true, false, false, false, false, true, true, true, true, true, true, true, false, true, true, true, true, false, true, true, false, false, false, true, true, true, true, true, false, true, false, false, true, false, true, false, false, true, true, false], [true, false, true, true, true, false, false, false, false, false, false, false, false, false, true, false, true, true, false, true, false, false, false, true, true, true, true, true, false, false, true, true, true, true, false, true, true, true, true, true, true, true, true, false, true, true, true, false, true, false, true, true, true, false, true, false, true, true, true, false, false, false, false, true, false, false, false, false, false, false, false, false, false, true, false, false, true, false, true, true, false, false, true, false, true, true, false, false, false, false, false, true, true, false, true, false, false, true, false, true], [false, false, true, true, false, true, false, false, false, true, true, true, false, false, false, false, false, true, false, false, false, false, true, false, true, true, true, true, false, true, false, false, true, true, false, false, false, false, false, false, true, false, true, false, false, true, false, false, true, true, true, false, true, true, false, false, false, true, true, true, true, true, true, true, false, false, true, false, true, false, false, false, true, false, true, false, false, true, false, false, true, true, true, true, false, false, true, true, false, true, false, false, true, true, true, false, false, false, true, true], [true, true, false, true, false, true, true, true, true, false, false, true, false, false, false, true, false, true, true, true, true, false, false, true, true, true, false, true, true, true, false, true, false, true, false, true, false, true, false, true, true, true, false, true, true, true, true, true, false, false, false, true, true, false, true, true, false, false, false, true, true, true, false, false, false, true, true, false, true, true, true, true, true, true, false, false, true, false, true, false, true, false, true, true, true, true, true, true, false, true, false, true, true, false, true, true, true, false, true, true]], "ticket_name": "envs50_samples5000_seed999_ddim8_20251130_223116_nenvs_50", "eval_noise_idx": 31, "eval_seed": 1619}