{"n_seeds": 5, "n_evals_per_seed": 100, "reward_mean": -247.33200073242188, "reward_std": 8.950098037719727, "success_mean": 0.49000000000000005, "success_std": 0.05513619500836091, "episode_seeds": [1619, 1620, 1621, 1622, 1623], "seed_reward_means": [-237.07000732421875, -257.3900146484375, -245.55999755859375, -258.0400085449219, -238.60000610351562], "seed_success_means": [0.52, 0.43, 0.52, 0.42, 0.56], "reward_matrix": [[-300.0, -164.0, -300.0, -135.0, -300.0, -300.0, -300.0, -215.0, -147.0, -291.0, -300.0, -167.0, -182.0, -199.0, -204.0, -201.0, -300.0, -300.0, -300.0, -178.0, -135.0, -300.0, -300.0, -267.0, -300.0, -300.0, -196.0, -155.0, -300.0, -127.0, -167.0, -210.0, -192.0, -147.0, -175.0, -300.0, -300.0, -300.0, -300.0, -182.0, -300.0, -300.0, -214.0, -300.0, -139.0, -300.0, -300.0, -192.0, -300.0, -162.0, -143.0, -131.0, -151.0, -163.0, -230.0, -300.0, -300.0, -300.0, -300.0, -300.0, -300.0, -300.0, -143.0, -143.0, -187.0, -204.0, -187.0, -190.0, -150.0, -300.0, -300.0, -146.0, -300.0, -300.0, -300.0, -263.0, -148.0, -300.0, -300.0, -300.0, -300.0, -300.0, -155.0, -300.0, -118.0, -300.0, -227.0, -300.0, -236.0, -170.0, -300.0, -174.0, -300.0, -219.0, -165.0, -219.0, -163.0, -300.0, -300.0, -139.0], [-202.0, -300.0, -300.0, -159.0, -300.0, -300.0, -300.0, -300.0, -300.0, -300.0, -300.0, -175.0, -187.0, -247.0, -300.0, -300.0, -277.0, -300.0, -300.0, -178.0, -300.0, -300.0, -300.0, -183.0, -179.0, -300.0, -163.0, -300.0, -300.0, -300.0, -176.0, -230.0, -300.0, -300.0, -211.0, -167.0, -300.0, -300.0, -275.0, -300.0, -300.0, -191.0, -231.0, -268.0, -300.0, -300.0, -300.0, -300.0, -300.0, -300.0, -300.0, -300.0, -224.0, -300.0, -300.0, -227.0, -139.0, -260.0, -160.0, -137.0, -151.0, -300.0, -300.0, -275.0, -255.0, -157.0, -300.0, -219.0, -147.0, -300.0, -300.0, -201.0, -300.0, -158.0, -146.0, -180.0, -300.0, -300.0, -187.0, -300.0, -256.0, -300.0, -300.0, -182.0, -209.0, -300.0, -300.0, -300.0, -300.0, -248.0, -300.0, -300.0, -236.0, -300.0, -210.0, -300.0, -300.0, -131.0, -300.0, -245.0], [-214.0, -300.0, -300.0, -300.0, -147.0, -143.0, -264.0, -300.0, -166.0, -300.0, -175.0, -300.0, -300.0, -139.0, -150.0, -191.0, -167.0, -175.0, -211.0, -300.0, -300.0, -300.0, -300.0, -205.0, -180.0, -176.0, -147.0, -300.0, -269.0, -245.0, -300.0, -300.0, -300.0, -170.0, -282.0, -300.0, -300.0, -131.0, -213.0, -168.0, -223.0, -300.0, -300.0, -300.0, -164.0, -150.0, -231.0, -300.0, -181.0, -127.0, -210.0, -195.0, -235.0, -203.0, -161.0, -157.0, -258.0, -163.0, -179.0, -205.0, -300.0, -300.0, -300.0, -300.0, -300.0, -300.0, -300.0, -167.0, -282.0, -213.0, -300.0, -300.0, -300.0, -300.0, -300.0, -300.0, -183.0, -300.0, -139.0, -220.0, -300.0, -272.0, -300.0, -300.0, -172.0, -195.0, -300.0, -300.0, -300.0, -256.0, -300.0, -180.0, -243.0, -300.0, -300.0, -300.0, -300.0, -300.0, -264.0, -300.0], [-300.0, -300.0, -300.0, -300.0, -300.0, -134.0, -300.0, -300.0, -300.0, -184.0, -300.0, -300.0, -300.0, -139.0, -300.0, -300.0, -300.0, -139.0, -300.0, -139.0, -300.0, -300.0, -173.0, -300.0, -202.0, -159.0, -154.0, -274.0, -300.0, -198.0, -300.0, -300.0, -300.0, -183.0, -131.0, -205.0, -300.0, -231.0, -163.0, -300.0, -300.0, -300.0, -219.0, -300.0, -272.0, -163.0, -300.0, -300.0, -300.0, -300.0, -300.0, -272.0, -158.0, -170.0, -300.0, -245.0, -300.0, -300.0, -300.0, -247.0, -172.0, -300.0, -223.0, -255.0, -300.0, -152.0, -243.0, -300.0, -295.0, -300.0, -271.0, -300.0, -300.0, -300.0, -153.0, -300.0, -300.0, -300.0, -300.0, -199.0, -300.0, -300.0, -300.0, -300.0, -230.0, -300.0, -203.0, -300.0, -300.0, -275.0, -300.0, -187.0, -247.0, -143.0, -235.0, -300.0, -300.0, -300.0, -184.0, -183.0], [-192.0, -300.0, -119.0, -300.0, -300.0, -300.0, -279.0, -139.0, -300.0, -143.0, -300.0, -154.0, -300.0, -146.0, -300.0, -287.0, -157.0, -264.0, -163.0, -300.0, -296.0, -300.0, -300.0, -300.0, -183.0, -175.0, -300.0, -163.0, -300.0, -300.0, -300.0, -300.0, -300.0, -159.0, -168.0, -176.0, -300.0, -167.0, -158.0, -191.0, -179.0, -203.0, -300.0, -300.0, -300.0, -300.0, -215.0, -167.0, -226.0, -175.0, -195.0, -179.0, -300.0, -300.0, -300.0, -300.0, -300.0, -300.0, -137.0, -300.0, -300.0, -271.0, -171.0, -300.0, -286.0, -154.0, -300.0, -194.0, -300.0, -143.0, -215.0, -223.0, -300.0, -143.0, -182.0, -300.0, -300.0, -228.0, -264.0, -300.0, -300.0, -300.0, -176.0, -300.0, -158.0, -175.0, -142.0, -247.0, -300.0, -224.0, -300.0, -191.0, -236.0, -279.0, -300.0, -163.0, -158.0, -118.0, -206.0, -158.0]], "success_matrix": [[false, true, false, true, false, false, false, true, true, true, false, true, true, true, true, true, false, false, false, true, true, false, false, true, false, false, true, true, false, true, true, true, true, true, true, false, false, false, false, true, false, false, true, false, true, false, false, true, false, true, true, true, true, true, true, false, false, false, false, false, false, false, true, true, true, true, true, true, true, false, false, true, false, false, false, true, true, false, false, false, false, false, true, false, true, false, true, false, true, true, false, true, false, true, true, true, true, false, false, true], [true, false, false, true, false, false, false, false, false, false, false, true, true, true, false, false, true, false, false, true, false, false, false, true, true, false, true, false, false, false, true, true, false, false, true, true, false, false, true, false, false, true, true, true, false, false, false, false, false, false, false, false, true, false, false, true, true, true, true, true, true, false, false, true, true, true, false, true, true, false, false, true, false, true, true, true, false, false, true, false, true, false, false, true, true, false, false, false, false, true, false, false, true, false, true, false, false, true, false, true], [true, false, false, false, true, true, true, false, true, false, true, false, false, true, true, true, true, true, true, false, false, false, false, true, true, true, true, false, true, true, false, false, false, true, true, false, false, true, true, true, true, false, false, false, true, true, true, false, true, true, true, true, true, true, true, true, true, true, true, true, false, false, false, false, false, false, false, true, true, true, false, false, false, false, false, false, true, false, true, true, false, true, false, false, true, true, false, false, false, true, false, true, true, false, false, false, false, false, true, false], [false, false, false, false, false, true, false, false, false, true, false, false, false, true, false, false, false, true, false, true, false, false, true, false, true, true, true, true, false, true, false, false, false, true, true, true, false, true, true, false, false, false, true, false, true, true, false, false, false, false, false, true, true, true, false, true, false, false, false, true, true, false, true, true, false, true, true, false, true, false, true, false, false, false, true, false, false, false, false, true, false, false, false, false, true, false, true, false, false, true, false, true, true, true, true, false, false, false, true, true], [true, false, true, false, false, false, true, true, false, true, false, true, false, true, false, true, true, true, true, false, true, false, false, false, true, true, false, true, false, false, false, false, false, true, true, true, false, true, true, true, true, true, false, false, false, false, true, true, true, true, true, true, false, false, false, false, false, false, true, false, false, true, true, false, true, true, false, true, false, true, true, true, false, true, true, false, false, true, true, false, false, false, true, false, true, true, true, true, false, true, false, true, true, true, false, true, true, true, true, true]], "ticket_name": "envs50_samples5000_seed999_ddim8_20251130_223116_nenvs_50", "eval_noise_idx": 47, "eval_seed": 1619}