{"n_seeds": 5, "n_evals_per_seed": 100, "reward_mean": -210.30801391601562, "reward_std": 2.0638599395751953, "success_mean": 0.374, "success_std": 0.008944271909999166, "episode_seeds": [1619, 1620, 1621, 1622, 1623], "seed_reward_means": [-208.64999389648438, -208.07000732421875, -212.39999389648438, -209.92999267578125, -212.49000549316406], "seed_success_means": [0.38, 0.38, 0.36, 0.38, 0.37], "reward_matrix": [[-300.0, -298.0, -30.0, -300.0, -94.0, -300.0, -300.0, -300.0, -127.0, -32.0, -32.0, -300.0, -92.0, -34.0, -300.0, -297.0, -300.0, -32.0, -36.0, -299.0, -300.0, -300.0, -58.0, -300.0, -300.0, -300.0, -99.0, -300.0, -299.0, -299.0, -297.0, -31.0, -300.0, -300.0, -300.0, -299.0, -300.0, -32.0, -300.0, -300.0, -34.0, -69.0, -32.0, -32.0, -300.0, -300.0, -34.0, -298.0, -298.0, -300.0, -300.0, -300.0, -70.0, -300.0, -300.0, -32.0, -92.0, -300.0, -298.0, -300.0, -300.0, -130.0, -300.0, -300.0, -300.0, -34.0, -298.0, -300.0, -62.0, -36.0, -32.0, -300.0, -300.0, -91.0, -300.0, -300.0, -299.0, -300.0, -300.0, -75.0, -95.0, -297.0, -95.0, -300.0, -32.0, -300.0, -32.0, -298.0, -300.0, -300.0, -300.0, -300.0, -34.0, -92.0, -32.0, -104.0, -157.0, -34.0, -300.0, -300.0], [-300.0, -31.0, -300.0, -31.0, -300.0, -300.0, -31.0, -300.0, -300.0, -84.0, -70.0, -300.0, -90.0, -300.0, -300.0, -108.0, -35.0, -300.0, -300.0, -300.0, -66.0, -300.0, -300.0, -295.0, -300.0, -31.0, -300.0, -300.0, -300.0, -298.0, -31.0, -32.0, -32.0, -300.0, -296.0, -300.0, -300.0, -300.0, -148.0, -76.0, -300.0, -300.0, -140.0, -300.0, -117.0, -300.0, -300.0, -31.0, -300.0, -32.0, -35.0, -300.0, -300.0, -34.0, -38.0, -300.0, -300.0, -300.0, -300.0, -300.0, -300.0, -83.0, -300.0, -35.0, -300.0, -34.0, -300.0, -298.0, -300.0, -300.0, -300.0, -300.0, -59.0, -34.0, -300.0, -300.0, -31.0, -32.0, -300.0, -300.0, -300.0, -31.0, -92.0, -297.0, -300.0, -32.0, -300.0, -34.0, -300.0, -156.0, -57.0, -300.0, -298.0, -59.0, -102.0, -300.0, -300.0, -300.0, -297.0, -34.0], [-300.0, -300.0, -300.0, -31.0, -300.0, -300.0, -91.0, -34.0, -137.0, -96.0, -300.0, -115.0, -300.0, -300.0, -300.0, -300.0, -72.0, -300.0, -300.0, -300.0, -36.0, -296.0, -32.0, -300.0, -116.0, -300.0, -300.0, -300.0, -300.0, -31.0, -32.0, -32.0, -300.0, -295.0, -300.0, -300.0, -32.0, -103.0, -300.0, -57.0, -31.0, -300.0, -99.0, -300.0, -31.0, -300.0, -30.0, -300.0, -300.0, -30.0, -300.0, -300.0, -299.0, -300.0, -157.0, -300.0, -300.0, -31.0, -300.0, -300.0, -31.0, -300.0, -300.0, -299.0, -300.0, -31.0, -300.0, -66.0, -32.0, -300.0, -300.0, -300.0, -300.0, -297.0, -300.0, -300.0, -300.0, -300.0, -300.0, -32.0, -121.0, -300.0, -31.0, -300.0, -32.0, -300.0, -300.0, -298.0, -300.0, -32.0, -300.0, -300.0, -300.0, -32.0, -96.0, -300.0, -32.0, -32.0, -300.0, -300.0], [-111.0, -300.0, -34.0, -119.0, -32.0, -30.0, -34.0, -300.0, -300.0, -36.0, -86.0, -100.0, -300.0, -128.0, -300.0, -35.0, -98.0, -112.0, -31.0, -300.0, -300.0, -87.0, -300.0, -300.0, -299.0, -299.0, -300.0, -32.0, -300.0, -300.0, -299.0, -300.0, -32.0, -300.0, -300.0, -300.0, -300.0, -300.0, -300.0, -299.0, -114.0, -300.0, -87.0, -300.0, -31.0, -32.0, -299.0, -32.0, -300.0, -300.0, -300.0, -102.0, -300.0, -300.0, -300.0, -95.0, -300.0, -299.0, -300.0, -300.0, -34.0, -32.0, -300.0, -300.0, -300.0, -108.0, -300.0, -300.0, -300.0, -90.0, -60.0, -300.0, -300.0, -32.0, -300.0, -300.0, -300.0, -31.0, -300.0, -300.0, -300.0, -300.0, -100.0, -61.0, -300.0, -31.0, -300.0, -300.0, -300.0, -300.0, -300.0, -32.0, -32.0, -32.0, -299.0, -300.0, -95.0, -300.0, -300.0, -300.0], [-300.0, -299.0, -34.0, -35.0, -300.0, -300.0, -94.0, -300.0, -300.0, -300.0, -300.0, -31.0, -298.0, -300.0, -34.0, -32.0, -82.0, -300.0, -300.0, -300.0, -77.0, -300.0, -77.0, -300.0, -300.0, -300.0, -300.0, -102.0, -32.0, -300.0, -298.0, -32.0, -32.0, -300.0, -300.0, -300.0, -300.0, -62.0, -300.0, -100.0, -300.0, -131.0, -108.0, -300.0, -31.0, -298.0, -91.0, -300.0, -300.0, -300.0, -300.0, -300.0, -300.0, -106.0, -31.0, -128.0, -300.0, -31.0, -300.0, -103.0, -94.0, -298.0, -300.0, -32.0, -139.0, -300.0, -58.0, -300.0, -300.0, -300.0, -88.0, -298.0, -300.0, -32.0, -300.0, -32.0, -300.0, -300.0, -296.0, -32.0, -34.0, -300.0, -300.0, -296.0, -300.0, -300.0, -300.0, -300.0, -300.0, -298.0, -300.0, -300.0, -300.0, -31.0, -30.0, -95.0, -300.0, -300.0, -57.0, -300.0]], "success_matrix": [[false, false, true, false, true, false, false, false, true, true, true, false, true, true, false, false, false, true, true, false, false, false, true, false, false, false, true, false, false, false, false, true, false, false, false, false, false, true, false, false, true, true, true, true, false, false, true, false, false, false, false, false, true, false, false, true, true, false, false, false, false, true, false, false, false, true, false, false, true, true, true, false, false, true, false, false, false, false, false, true, true, false, true, false, true, false, true, false, false, false, false, false, true, true, true, true, true, true, false, false], [false, true, false, true, false, false, true, false, false, true, true, false, true, false, false, true, true, false, false, false, true, false, false, false, false, true, false, false, false, false, true, true, true, false, false, false, false, false, true, true, false, false, true, false, true, false, false, true, false, true, true, false, false, true, true, false, false, false, false, false, false, true, false, true, false, true, false, false, false, false, false, false, true, true, false, false, true, true, false, false, false, true, true, false, false, true, false, true, false, true, true, false, false, true, true, false, false, false, false, true], [false, false, false, true, false, false, true, true, true, true, false, true, false, false, false, false, true, false, false, false, true, false, true, false, true, false, false, false, false, true, true, true, false, false, false, false, true, true, false, true, true, false, true, false, true, false, true, false, false, true, false, false, false, false, true, false, false, true, false, false, true, false, false, false, false, true, false, true, true, false, false, false, false, false, false, false, false, false, false, true, true, false, true, false, true, false, false, false, false, true, false, false, false, true, true, false, true, true, false, false], [true, false, true, true, true, true, true, false, false, true, true, true, false, true, false, true, true, true, true, false, false, true, false, false, false, false, false, true, false, false, false, false, true, false, false, false, false, false, false, false, true, false, true, false, true, true, false, true, false, false, false, true, false, false, false, true, false, false, false, false, true, true, false, false, false, true, false, false, false, true, true, false, false, true, false, false, false, true, false, false, false, false, true, true, false, true, false, false, false, false, false, true, true, true, false, false, true, false, false, false], [false, false, true, true, false, false, true, false, false, false, false, true, false, false, true, true, true, false, false, false, true, false, true, false, false, false, false, true, true, false, false, true, true, false, false, false, false, true, false, true, false, true, true, false, true, false, true, false, false, false, false, false, false, true, true, true, false, true, false, true, true, false, false, true, true, false, true, false, false, false, true, false, false, true, false, true, false, false, false, true, true, false, false, false, false, false, false, false, false, false, false, false, false, true, true, true, false, false, true, false]], "ticket_name": "zo_envs10_iter500_cand2_lambda10.0_seed666_ddim8_20251213_183924/seed_672", "eval_noise_idx": 0, "eval_seed": 1619}