{
  "n_noise_indices": 50,
  "eval_indices": [
    1,
    2,
    3,
    4,
    5,
    6,
    7,
    8,
    9,
    10,
    11,
    12,
    13,
    14,
    15,
    16,
    17,
    18,
    19,
    20,
    21,
    22,
    23,
    24,
    25,
    26,
    27,
    28,
    29,
    30,
    31,
    32,
    33,
    34,
    35,
    36,
    37,
    38,
    39,
    40,
    41,
    42,
    43,
    44,
    45,
    46,
    47,
    48,
    49,
    50
  ],
  "reward_mean_across_indices": -241.6217626953125,
  "reward_std_across_indices": 21.026310893410884,
  "success_mean_across_indices": 0.48764,
  "success_std_across_indices": 0.12176436930667797,
  "per_index_results": {
    "1": {
      "reward_mean": -207.96200561523438,
      "reward_std": 7.611765384674072,
      "success_mean": 0.648,
      "success_std": 0.03867815921162744
    },
    "2": {
      "reward_mean": -208.43801879882812,
      "reward_std": 7.649878978729248,
      "success_mean": 0.666,
      "success_std": 0.039293765408777
    },
    "3": {
      "reward_mean": -216.2480010986328,
      "reward_std": 5.472194671630859,
      "success_mean": 0.696,
      "success_std": 0.01496662954709574
    },
    "4": {
      "reward_mean": -222.7740020751953,
      "reward_std": 7.1847381591796875,
      "success_mean": 0.5640000000000001,
      "success_std": 0.04079215610874227
    },
    "5": {
      "reward_mean": -227.8319854736328,
      "reward_std": 5.630547046661377,
      "success_mean": 0.622,
      "success_std": 0.04445222154178578
    },
    "6": {
      "reward_mean": -256.66802978515625,
      "reward_std": 2.7281925678253174,
      "success_mean": 0.48200000000000004,
      "success_std": 0.02481934729198172
    },
    "7": {
      "reward_mean": -219.08999633789062,
      "reward_std": 7.881478309631348,
      "success_mean": 0.5459999999999999,
      "success_std": 0.05462600113499064
    },
    "8": {
      "reward_mean": -206.6439971923828,
      "reward_std": 5.815433502197266,
      "success_mean": 0.614,
      "success_std": 0.027276363393971735
    },
    "9": {
      "reward_mean": -249.26400756835938,
      "reward_std": 6.612466335296631,
      "success_mean": 0.382,
      "success_std": 0.054184868736576276
    },
    "10": {
      "reward_mean": -239.88198852539062,
      "reward_std": 4.512567520141602,
      "success_mean": 0.4619999999999999,
      "success_std": 0.033105890714493706
    },
    "11": {
      "reward_mean": -212.14599609375,
      "reward_std": 7.523906707763672,
      "success_mean": 0.696,
      "success_std": 0.04363484845854285
    },
    "12": {
      "reward_mean": -239.7320098876953,
      "reward_std": 9.163895606994629,
      "success_mean": 0.514,
      "success_std": 0.08236504112789601
    },
    "13": {
      "reward_mean": -233.4580078125,
      "reward_std": 6.777111530303955,
      "success_mean": 0.564,
      "success_std": 0.04127953488110057
    },
    "14": {
      "reward_mean": -230.1719970703125,
      "reward_std": 10.873991012573242,
      "success_mean": 0.632,
      "success_std": 0.07626270385975045
    },
    "15": {
      "reward_mean": -249.1800079345703,
      "reward_std": 6.756476879119873,
      "success_mean": 0.422,
      "success_std": 0.04955804677345546
    },
    "16": {
      "reward_mean": -230.38400268554688,
      "reward_std": 3.550119161605835,
      "success_mean": 0.556,
      "success_std": 0.022449944320643633
    },
    "17": {
      "reward_mean": -247.6280059814453,
      "reward_std": 8.407554626464844,
      "success_mean": 0.49400000000000005,
      "success_std": 0.07088018058667739
    },
    "18": {
      "reward_mean": -245.37600708007812,
      "reward_std": 9.652536392211914,
      "success_mean": 0.51,
      "success_std": 0.0812403840463596
    },
    "19": {
      "reward_mean": -274.052001953125,
      "reward_std": 5.689438819885254,
      "success_mean": 0.31799999999999995,
      "success_std": 0.027856776554368242
    },
    "20": {
      "reward_mean": -247.42800903320312,
      "reward_std": 6.474442481994629,
      "success_mean": 0.42200000000000004,
      "success_std": 0.04707440918375928
    },
    "21": {
      "reward_mean": -261.8999938964844,
      "reward_std": 4.526524543762207,
      "success_mean": 0.404,
      "success_std": 0.040792156108742275
    },
    "22": {
      "reward_mean": -241.46200561523438,
      "reward_std": 6.431525230407715,
      "success_mean": 0.65,
      "success_std": 0.04335896677735759
    },
    "23": {
      "reward_mean": -251.01998901367188,
      "reward_std": 5.787665367126465,
      "success_mean": 0.5199999999999999,
      "success_std": 0.04560701700396553
    },
    "24": {
      "reward_mean": -222.0579833984375,
      "reward_std": 7.898950099945068,
      "success_mean": 0.496,
      "success_std": 0.0475815090134813
    },
    "25": {
      "reward_mean": -199.17999267578125,
      "reward_std": 1.891834020614624,
      "success_mean": 0.632,
      "success_std": 0.011661903789690611
    },
    "26": {
      "reward_mean": -213.56201171875,
      "reward_std": 3.8850021362304688,
      "success_mean": 0.5680000000000001,
      "success_std": 0.044899888641287286
    },
    "27": {
      "reward_mean": -226.24398803710938,
      "reward_std": 6.8967671394348145,
      "success_mean": 0.49399999999999994,
      "success_std": 0.04409081537009723
    },
    "28": {
      "reward_mean": -241.11599731445312,
      "reward_std": 4.580301284790039,
      "success_mean": 0.42400000000000004,
      "success_std": 0.038262252939417984
    },
    "29": {
      "reward_mean": -204.4440155029297,
      "reward_std": 6.0149383544921875,
      "success_mean": 0.6980000000000001,
      "success_std": 0.026381811916545813
    },
    "30": {
      "reward_mean": -243.90200805664062,
      "reward_std": 2.9681649208068848,
      "success_mean": 0.418,
      "success_std": 0.023999999999999997
    },
    "31": {
      "reward_mean": -259.42401123046875,
      "reward_std": 8.780388832092285,
      "success_mean": 0.328,
      "success_std": 0.05035871324805669
    },
    "32": {
      "reward_mean": -221.97799682617188,
      "reward_std": 6.367347717285156,
      "success_mean": 0.562,
      "success_std": 0.036551333764994115
    },
    "33": {
      "reward_mean": -238.06201171875,
      "reward_std": 9.874958038330078,
      "success_mean": 0.45400000000000007,
      "success_std": 0.06858571279792901
    },
    "34": {
      "reward_mean": -249.2060089111328,
      "reward_std": 4.88909912109375,
      "success_mean": 0.44800000000000006,
      "success_std": 0.03655133376499413
    },
    "35": {
      "reward_mean": -254.6900177001953,
      "reward_std": 9.223577499389648,
      "success_mean": 0.376,
      "success_std": 0.06858571279792898
    },
    "36": {
      "reward_mean": -231.10000610351562,
      "reward_std": 6.284256935119629,
      "success_mean": 0.558,
      "success_std": 0.039191835884530846
    },
    "37": {
      "reward_mean": -245.26998901367188,
      "reward_std": 8.503663063049316,
      "success_mean": 0.518,
      "success_std": 0.057758116312774596
    },
    "38": {
      "reward_mean": -237.9040069580078,
      "reward_std": 6.857602596282959,
      "success_mean": 0.446,
      "success_std": 0.055353410012392204
    },
    "39": {
      "reward_mean": -262.02203369140625,
      "reward_std": 2.8852813243865967,
      "success_mean": 0.36,
      "success_std": 0.016733200530681506
    },
    "40": {
      "reward_mean": -274.3999938964844,
      "reward_std": 4.889612674713135,
      "success_mean": 0.21400000000000002,
      "success_std": 0.025768197453450253
    },
    "41": {
      "reward_mean": -261.0379943847656,
      "reward_std": 6.58588981628418,
      "success_mean": 0.32200000000000006,
      "success_std": 0.05035871324805668
    },
    "42": {
      "reward_mean": -252.78799438476562,
      "reward_std": 7.874189376831055,
      "success_mean": 0.422,
      "success_std": 0.05418486873657625
    },