{"n_seeds": 5, "n_evals_per_seed": 100, "reward_mean": -190.5800018310547, "reward_std": 6.628304481506348, "success_mean": 0.772, "success_std": 0.043243496620879306, "episode_seeds": [1619, 1620, 1621, 1622, 1623], "seed_reward_means": [-184.41000366210938, -197.0800018310547, -182.7100067138672, -192.75999450683594, -195.94000244140625], "seed_success_means": [0.78, 0.76, 0.83, 0.78, 0.71], "reward_matrix": [[-300.0, -129.0, -300.0, -183.0, -300.0, -300.0, -138.0, -146.0, -137.0, -191.0, -204.0, -145.0, -140.0, -133.0, -174.0, -135.0, -150.0, -300.0, -162.0, -300.0, -121.0, -130.0, -133.0, -174.0, -178.0, -300.0, -146.0, -137.0, -220.0, -128.0, -139.0, -300.0, -172.0, -127.0, -154.0, -121.0, -300.0, -141.0, -142.0, -300.0, -236.0, -300.0, -300.0, -167.0, -130.0, -155.0, -144.0, -300.0, -300.0, -131.0, -129.0, -122.0, -123.0, -144.0, -300.0, -154.0, -300.0, -145.0, -209.0, -157.0, -158.0, -300.0, -126.0, -128.0, -133.0, -149.0, -135.0, -139.0, -132.0, -250.0, -120.0, -129.0, -180.0, -202.0, -149.0, -300.0, -161.0, -158.0, -207.0, -120.0, -300.0, -146.0, -148.0, -300.0, -300.0, -168.0, -146.0, -204.0, -149.0, -154.0, -140.0, -137.0, -148.0, -181.0, -137.0, -154.0, -123.0, -129.0, -300.0, -125.0], [-172.0, -124.0, -300.0, -131.0, -141.0, -300.0, -300.0, -173.0, -300.0, -300.0, -134.0, -156.0, -300.0, -300.0, -300.0, -300.0, -146.0, -179.0, -137.0, -162.0, -126.0, -300.0, -300.0, -142.0, -146.0, -150.0, -127.0, -300.0, -125.0, -300.0, -210.0, -152.0, -138.0, -181.0, -300.0, -162.0, -192.0, -300.0, -300.0, -168.0, -274.0, -153.0, -190.0, -169.0, -177.0, -138.0, -154.0, -300.0, -174.0, -300.0, -185.0, -300.0, -162.0, -182.0, -256.0, -157.0, -128.0, -149.0, -141.0, -133.0, -143.0, -268.0, -262.0, -159.0, -300.0, -135.0, -300.0, -162.0, -123.0, -172.0, -177.0, -300.0, -300.0, -131.0, -130.0, -156.0, -174.0, -154.0, -149.0, -141.0, -158.0, -178.0, -194.0, -153.0, -150.0, -179.0, -188.0, -170.0, -136.0, -170.0, -242.0, -216.0, -300.0, -131.0, -181.0, -186.0, -136.0, -122.0, -127.0, -259.0], [-300.0, -300.0, -142.0, -176.0, -130.0, -300.0, -194.0, -158.0, -131.0, -134.0, -129.0, -138.0, -266.0, -122.0, -141.0, -128.0, -135.0, -164.0, -133.0, -300.0, -198.0, -300.0, -128.0, -300.0, -151.0, -153.0, -130.0, -138.0, -152.0, -256.0, -177.0, -300.0, -300.0, -146.0, -147.0, -124.0, -136.0, -126.0, -270.0, -138.0, -125.0, -260.0, -163.0, -131.0, -144.0, -132.0, -300.0, -139.0, -205.0, -124.0, -135.0, -136.0, -139.0, -153.0, -145.0, -166.0, -157.0, -135.0, -141.0, -300.0, -149.0, -157.0, -171.0, -300.0, -170.0, -252.0, -133.0, -300.0, -149.0, -174.0, -246.0, -136.0, -209.0, -187.0, -141.0, -300.0, -151.0, -205.0, -123.0, -137.0, -300.0, -203.0, -147.0, -128.0, -142.0, -146.0, -300.0, -136.0, -169.0, -180.0, -189.0, -300.0, -172.0, -142.0, -167.0, -138.0, -234.0, -127.0, -300.0, -140.0], [-197.0, -192.0, -179.0, -189.0, -208.0, -118.0, -149.0, -300.0, -120.0, -161.0, -150.0, -141.0, -300.0, -300.0, -138.0, -165.0, -206.0, -123.0, -300.0, -157.0, -171.0, -300.0, -152.0, -300.0, -152.0, -147.0, -127.0, -145.0, -182.0, -162.0, -115.0, -160.0, -300.0, -250.0, -119.0, -300.0, -137.0, -300.0, -259.0, -300.0, -300.0, -168.0, -160.0, -128.0, -217.0, -131.0, -126.0, -211.0, -238.0, -256.0, -158.0, -300.0, -134.0, -141.0, -278.0, -158.0, -150.0, -153.0, -121.0, -159.0, -138.0, -141.0, -128.0, -149.0, -300.0, -142.0, -145.0, -131.0, -199.0, -252.0, -300.0, -300.0, -134.0, -198.0, -136.0, -300.0, -172.0, -300.0, -141.0, -177.0, -133.0, -130.0, -132.0, -158.0, -292.0, -172.0, -177.0, -300.0, -117.0, -177.0, -300.0, -300.0, -139.0, -127.0, -141.0, -300.0, -150.0, -300.0, -146.0, -144.0], [-144.0, -300.0, -114.0, -163.0, -129.0, -262.0, -300.0, -123.0, -300.0, -127.0, -150.0, -300.0, -168.0, -124.0, -171.0, -138.0, -300.0, -147.0, -165.0, -190.0, -149.0, -300.0, -280.0, -188.0, -133.0, -149.0, -272.0, -156.0, -182.0, -169.0, -127.0, -138.0, -136.0, -130.0, -300.0, -127.0, -222.0, -150.0, -137.0, -154.0, -131.0, -300.0, -125.0, -175.0, -300.0, -142.0, -153.0, -159.0, -300.0, -139.0, -131.0, -134.0, -300.0, -300.0, -300.0, -124.0, -300.0, -300.0, -300.0, -300.0, -143.0, -179.0, -160.0, -200.0, -300.0, -129.0, -300.0, -300.0, -300.0, -131.0, -165.0, -136.0, -140.0, -136.0, -139.0, -300.0, -300.0, -153.0, -147.0, -300.0, -169.0, -300.0, -152.0, -300.0, -300.0, -154.0, -129.0, -136.0, -145.0, -144.0, -156.0, -143.0, -300.0, -169.0, -132.0, -146.0, -147.0, -300.0, -160.0, -127.0]], "success_matrix": [[false, true, false, true, false, false, true, true, true, true, true, true, true, true, true, true, true, false, true, false, true, true, true, true, true, false, true, true, true, true, true, false, true, true, true, true, false, true, true, false, true, false, false, true, true, true, true, false, false, true, true, true, true, true, false, true, false, true, true, true, true, false, true, true, true, true, true, true, true, true, true, true, true, true, true, false, true, true, true, true, false, true, true, false, false, true, true, true, true, true, true, true, true, true, true, true, true, true, false, true], [true, true, false, true, true, false, false, true, false, false, true, true, false, false, false, false, true, true, true, true, true, false, false, true, true, true, true, false, true, false, true, true, true, true, false, true, true, false, false, true, true, true, true, true, true, true, true, false, true, false, true, false, true, true, true, true, true, true, true, true, true, true, true, true, false, true, false, true, true, true, true, false, false, true, true, true, true, true, true, true, true, true, true, true, true, true, true, true, true, true, true, true, false, true, true, true, true, true, true, true], [false, false, true, true, true, false, true, true, true, true, true, true, true, true, true, true, true, true, true, false, true, false, true, false, true, true, true, true, true, true, true, false, false, true, true, true, true, true, true, true, true, true, true, true, true, true, false, true, true, true, true, true, true, true, true, true, true, true, true, false, true, true, true, false, true, true, true, false, true, true, true, true, true, true, true, false, true, true, true, true, false, true, true, true, true, true, false, true, true, true, true, false, true, true, true, true, true, true, false, true], [true, true, true, true, true, true, true, false, true, true, true, true, false, false, true, true, true, true, false, true, true, false, true, false, true, true, true, true, true, true, true, true, false, true, true, false, true, false, true, false, false, true, true, true, true, true, true, true, true, true, true, false, true, true, true, true, true, true, true, true, true, true, true, true, false, true, true, true, true, true, false, false, true, true, true, false, true, false, true, true, true, true, true, true, true, true, true, false, true, true, false, false, true, true, true, false, true, false, true, true], [true, false, true, true, true, true, false, true, false, true, true, false, true, true, true, true, false, true, true, true, true, false, true, true, true, true, true, true, true, true, true, true, true, true, false, true, true, true, true, true, true, false, true, true, false, true, true, true, false, true, true, true, false, false, false, true, false, false, false, false, true, true, true, true, false, true, false, false, false, true, true, true, true, true, true, false, false, true, true, false, true, false, true, false, false, true, true, true, true, true, true, true, false, true, true, true, true, false, true, true]], "ticket_name": "zo_envs10_iter100_cand10_lambda2.0_seed666_ddim8_20251212_062154/seed_670", "eval_noise_idx": 0, "eval_seed": 1619}