{"n_seeds": 5, "n_evals_per_seed": 100, "reward_mean": -262.02203369140625, "reward_std": 2.8852813243865967, "success_mean": 0.36, "success_std": 0.016733200530681506, "episode_seeds": [1619, 1620, 1621, 1622, 1623], "seed_reward_means": [-260.9599914550781, -266.6700134277344, -258.5199890136719, -260.1600036621094, -263.79998779296875], "seed_success_means": [0.36, 0.37, 0.38, 0.36, 0.33], "reward_matrix": [[-300.0, -300.0, -300.0, -300.0, -218.0, -300.0, -300.0, -300.0, -300.0, -300.0, -300.0, -300.0, -198.0, -300.0, -300.0, -256.0, -300.0, -300.0, -300.0, -300.0, -300.0, -300.0, -273.0, -221.0, -300.0, -300.0, -300.0, -139.0, -300.0, -300.0, -183.0, -300.0, -194.0, -142.0, -300.0, -139.0, -300.0, -300.0, -300.0, -153.0, -300.0, -300.0, -300.0, -300.0, -300.0, -300.0, -230.0, -300.0, -239.0, -300.0, -176.0, -257.0, -148.0, -172.0, -300.0, -300.0, -300.0, -300.0, -300.0, -300.0, -211.0, -300.0, -218.0, -300.0, -300.0, -165.0, -150.0, -223.0, -300.0, -254.0, -300.0, -108.0, -155.0, -300.0, -183.0, -184.0, -300.0, -300.0, -178.0, -300.0, -300.0, -144.0, -300.0, -219.0, -300.0, -300.0, -300.0, -300.0, -300.0, -181.0, -300.0, -299.0, -207.0, -263.0, -198.0, -179.0, -139.0, -300.0, -300.0, -300.0], [-119.0, -300.0, -300.0, -300.0, -300.0, -183.0, -200.0, -300.0, -300.0, -171.0, -300.0, -300.0, -300.0, -300.0, -300.0, -196.0, -300.0, -300.0, -300.0, -142.0, -300.0, -293.0, -300.0, -263.0, -151.0, -159.0, -193.0, -282.0, -300.0, -300.0, -300.0, -130.0, -300.0, -300.0, -300.0, -300.0, -300.0, -169.0, -300.0, -244.0, -300.0, -261.0, -300.0, -300.0, -300.0, -300.0, -300.0, -300.0, -203.0, -232.0, -188.0, -300.0, -266.0, -300.0, -223.0, -300.0, -300.0, -300.0, -286.0, -294.0, -300.0, -300.0, -206.0, -164.0, -300.0, -187.0, -223.0, -300.0, -211.0, -300.0, -300.0, -203.0, -300.0, -223.0, -300.0, -300.0, -300.0, -300.0, -300.0, -300.0, -300.0, -300.0, -221.0, -300.0, -300.0, -300.0, -300.0, -232.0, -300.0, -278.0, -300.0, -300.0, -300.0, -300.0, -300.0, -167.0, -144.0, -227.0, -300.0, -233.0], [-300.0, -300.0, -300.0, -300.0, -300.0, -300.0, -190.0, -300.0, -207.0, -174.0, -187.0, -300.0, -300.0, -257.0, -298.0, -187.0, -184.0, -149.0, -300.0, -300.0, -300.0, -300.0, -217.0, -300.0, -159.0, -300.0, -191.0, -300.0, -300.0, -300.0, -300.0, -300.0, -300.0, -300.0, -300.0, -300.0, -300.0, -300.0, -143.0, -124.0, -300.0, -300.0, -300.0, -214.0, -300.0, -213.0, -300.0, -198.0, -300.0, -224.0, -300.0, -300.0, -300.0, -193.0, -167.0, -154.0, -300.0, -130.0, -183.0, -186.0, -300.0, -300.0, -196.0, -300.0, -300.0, -300.0, -300.0, -300.0, -203.0, -300.0, -300.0, -297.0, -205.0, -300.0, -300.0, -161.0, -152.0, -300.0, -295.0, -300.0, -300.0, -201.0, -243.0, -300.0, -165.0, -248.0, -300.0, -131.0, -300.0, -300.0, -300.0, -300.0, -226.0, -300.0, -160.0, -300.0, -300.0, -300.0, -244.0, -196.0], [-300.0, -166.0, -300.0, -300.0, -300.0, -113.0, -206.0, -300.0, -300.0, -300.0, -300.0, -268.0, -300.0, -300.0, -300.0, -300.0, -300.0, -167.0, -181.0, -151.0, -163.0, -300.0, -300.0, -300.0, -300.0, -300.0, -179.0, -300.0, -219.0, -300.0, -300.0, -300.0, -300.0, -175.0, -293.0, -300.0, -300.0, -300.0, -246.0, -300.0, -300.0, -300.0, -217.0, -140.0, -300.0, -179.0, -300.0, -300.0, -300.0, -300.0, -263.0, -300.0, -151.0, -131.0, -251.0, -180.0, -300.0, -300.0, -300.0, -300.0, -300.0, -300.0, -300.0, -300.0, -300.0, -300.0, -300.0, -131.0, -300.0, -300.0, -171.0, -300.0, -300.0, -300.0, -264.0, -180.0, -300.0, -300.0, -195.0, -243.0, -173.0, -288.0, -300.0, -300.0, -300.0, -176.0, -148.0, -300.0, -300.0, -166.0, -140.0, -300.0, -300.0, -134.0, -120.0, -300.0, -300.0, -300.0, -300.0, -248.0], [-300.0, -300.0, -253.0, -300.0, -300.0, -300.0, -300.0, -217.0, -300.0, -186.0, -148.0, -300.0, -300.0, -186.0, -300.0, -300.0, -300.0, -300.0, -300.0, -162.0, -300.0, -300.0, -171.0, -163.0, -179.0, -300.0, -300.0, -300.0, -300.0, -300.0, -300.0, -153.0, -300.0, -300.0, -300.0, -240.0, -300.0, -300.0, -191.0, -251.0, -124.0, -300.0, -300.0, -221.0, -300.0, -300.0, -300.0, -300.0, -300.0, -300.0, -187.0, -112.0, -300.0, -300.0, -300.0, -300.0, -245.0, -300.0, -300.0, -300.0, -300.0, -300.0, -209.0, -300.0, -265.0, -175.0, -300.0, -300.0, -300.0, -239.0, -184.0, -300.0, -300.0, -143.0, -231.0, -300.0, -300.0, -248.0, -300.0, -300.0, -300.0, -300.0, -300.0, -300.0, -158.0, -150.0, -118.0, -300.0, -300.0, -300.0, -300.0, -300.0, -300.0, -253.0, -300.0, -191.0, -300.0, -300.0, -128.0, -199.0]], "success_matrix": [[false, false, false, false, true, false, false, false, false, false, false, false, true, false, false, true, false, false, false, false, false, false, true, true, false, false, false, true, false, false, true, false, true, true, false, true, false, false, false, true, false, false, false, false, false, false, true, false, true, false, true, true, true, true, false, false, false, false, false, false, true, false, true, false, false, true, true, true, false, true, false, true, true, false, true, true, false, false, true, false, false, true, false, true, false, false, false, false, false, true, false, false, true, true, true, true, true, false, false, false], [true, false, false, false, false, true, true, false, false, true, false, false, false, false, false, true, false, false, false, true, false, true, false, true, true, true, true, true, false, false, false, true, false, false, false, false, false, true, false, true, false, true, false, false, false, false, false, false, true, true, true, false, true, false, true, false, false, false, true, true, false, false, true, true, false, true, true, false, true, false, false, true, false, true, false, false, false, false, false, false, false, false, true, false, false, false, false, true, false, true, false, false, false, false, false, true, true, true, false, true], [false, false, false, false, false, false, true, false, true, true, true, false, false, true, false, true, true, true, false, false, false, false, true, false, true, false, true, false, false, false, false, false, false, false, false, false, false, false, true, true, false, false, false, true, false, true, false, true, false, true, false, false, false, true, true, true, false, true, true, true, false, false, true, false, false, false, false, false, true, false, false, false, true, false, false, true, true, false, true, false, false, true, true, false, true, true, false, true, false, false, false, false, true, false, true, false, false, false, true, true], [false, true, false, false, false, true, true, false, false, false, false, true, false, false, false, false, false, true, true, true, true, false, false, false, false, false, true, false, true, false, false, false, false, true, true, false, false, false, true, false, false, false, true, true, false, true, false, false, false, false, true, false, true, true, true, true, false, false, false, false, false, false, false, false, false, false, false, true, false, false, true, false, false, false, true, true, false, false, true, true, true, true, false, false, false, true, true, false, false, true, true, false, false, true, true, false, false, false, false, true], [false, false, true, false, false, false, false, true, false, true, true, false, false, true, false, false, false, false, false, true, false, false, true, true, true, false, false, false, false, false, false, true, false, false, false, true, false, false, true, true, true, false, false, true, false, false, false, false, false, false, true, true, false, false, false, false, true, false, false, false, false, false, true, false, true, true, false, false, false, true, true, false, false, true, true, false, false, true, false, false, false, false, false, false, true, true, true, false, false, false, false, false, false, true, false, true, false, false, true, true]], "ticket_name": "envs10_samples5000_seed999_ddim8_20251130_223053_nenvs_10", "eval_noise_idx": 39, "eval_seed": 1619}