{"n_seeds": 5, "n_evals_per_seed": 100, "reward_mean": -81.4000015258789, "reward_std": 3.249922513961792, "success_mean": 0.9359999999999999, "success_std": 0.01019803902718553, "episode_seeds": [1619, 1620, 1621, 1622, 1623], "seed_reward_means": [-80.12000274658203, -83.61000061035156, -85.02999877929688, -82.48999786376953, -75.75], "seed_success_means": [0.93, 0.94, 0.92, 0.95, 0.94], "reward_matrix": [[-295.0, -59.0, -57.0, -56.0, -60.0, -59.0, -74.0, -62.0, -66.0, -297.0, -67.0, -69.0, -56.0, -69.0, -52.0, -56.0, -64.0, -59.0, -64.0, -71.0, -55.0, -59.0, -80.0, -55.0, -63.0, -56.0, -59.0, -64.0, -64.0, -57.0, -60.0, -80.0, -57.0, -63.0, -92.0, -63.0, -65.0, -55.0, -84.0, -52.0, -55.0, -60.0, -52.0, -70.0, -95.0, -64.0, -70.0, -59.0, -51.0, -300.0, -63.0, -84.0, -57.0, -300.0, -82.0, -54.0, -56.0, -61.0, -88.0, -67.0, -79.0, -71.0, -70.0, -300.0, -61.0, -63.0, -68.0, -87.0, -66.0, -58.0, -62.0, -66.0, -61.0, -54.0, -58.0, -61.0, -63.0, -60.0, -63.0, -300.0, -62.0, -69.0, -55.0, -59.0, -60.0, -61.0, -56.0, -56.0, -68.0, -65.0, -62.0, -63.0, -55.0, -57.0, -58.0, -54.0, -85.0, -298.0, -59.0, -56.0], [-59.0, -53.0, -52.0, -62.0, -57.0, -64.0, -173.0, -72.0, -51.0, -56.0, -55.0, -69.0, -60.0, -79.0, -66.0, -81.0, -64.0, -52.0, -62.0, -62.0, -81.0, -149.0, -71.0, -56.0, -63.0, -300.0, -300.0, -66.0, -61.0, -64.0, -183.0, -51.0, -61.0, -63.0, -167.0, -64.0, -62.0, -300.0, -65.0, -58.0, -64.0, -61.0, -63.0, -63.0, -61.0, -69.0, -60.0, -204.0, -300.0, -59.0, -60.0, -70.0, -66.0, -62.0, -68.0, -60.0, -56.0, -60.0, -64.0, -73.0, -65.0, -61.0, -54.0, -58.0, -63.0, -300.0, -62.0, -190.0, -66.0, -62.0, -300.0, -55.0, -78.0, -50.0, -77.0, -69.0, -58.0, -56.0, -71.0, -54.0, -57.0, -60.0, -53.0, -60.0, -69.0, -64.0, -77.0, -54.0, -57.0, -71.0, -58.0, -75.0, -56.0, -60.0, -81.0, -55.0, -63.0, -52.0, -64.0, -49.0], [-64.0, -70.0, -63.0, -55.0, -297.0, -75.0, -73.0, -59.0, -59.0, -63.0, -57.0, -54.0, -58.0, -300.0, -58.0, -65.0, -67.0, -53.0, -78.0, -63.0, -58.0, -73.0, -66.0, -300.0, -296.0, -83.0, -300.0, -162.0, -64.0, -57.0, -64.0, -58.0, -65.0, -62.0, -52.0, -74.0, -59.0, -56.0, -72.0, -59.0, -58.0, -57.0, -57.0, -300.0, -51.0, -61.0, -81.0, -67.0, -53.0, -57.0, -62.0, -62.0, -60.0, -56.0, -55.0, -74.0, -56.0, -59.0, -300.0, -55.0, -57.0, -73.0, -63.0, -64.0, -57.0, -62.0, -66.0, -63.0, -140.0, -51.0, -63.0, -55.0, -61.0, -58.0, -63.0, -65.0, -49.0, -77.0, -80.0, -61.0, -299.0, -68.0, -65.0, -68.0, -59.0, -87.0, -65.0, -63.0, -61.0, -59.0, -84.0, -62.0, -204.0, -68.0, -63.0, -60.0, -56.0, -69.0, -60.0, -63.0], [-55.0, -63.0, -49.0, -71.0, -60.0, -80.0, -61.0, -58.0, -213.0, -62.0, -67.0, -65.0, -61.0, -61.0, -68.0, -61.0, -90.0, -300.0, -68.0, -58.0, -300.0, -61.0, -80.0, -65.0, -73.0, -53.0, -60.0, -54.0, -57.0, -70.0, -170.0, -63.0, -54.0, -54.0, -66.0, -65.0, -69.0, -300.0, -137.0, -61.0, -65.0, -64.0, -56.0, -71.0, -62.0, -62.0, -300.0, -60.0, -53.0, -55.0, -59.0, -68.0, -60.0, -58.0, -81.0, -58.0, -58.0, -75.0, -300.0, -84.0, -55.0, -54.0, -65.0, -88.0, -54.0, -59.0, -68.0, -66.0, -57.0, -94.0, -66.0, -61.0, -57.0, -75.0, -60.0, -59.0, -58.0, -61.0, -64.0, -62.0, -63.0, -63.0, -61.0, -56.0, -60.0, -180.0, -63.0, -76.0, -67.0, -65.0, -59.0, -68.0, -74.0, -70.0, -77.0, -82.0, -59.0, -219.0, -66.0, -106.0], [-65.0, -57.0, -55.0, -63.0, -55.0, -56.0, -52.0, -54.0, -59.0, -59.0, -61.0, -63.0, -56.0, -63.0, -300.0, -67.0, -58.0, -300.0, -61.0, -63.0, -54.0, -68.0, -59.0, -66.0, -186.0, -300.0, -68.0, -54.0, -57.0, -57.0, -60.0, -56.0, -57.0, -64.0, -57.0, -59.0, -61.0, -61.0, -65.0, -58.0, -51.0, -68.0, -57.0, -62.0, -55.0, -47.0, -51.0, -60.0, -57.0, -57.0, -70.0, -58.0, -56.0, -49.0, -300.0, -65.0, -57.0, -59.0, -60.0, -85.0, -59.0, -58.0, -55.0, -58.0, -65.0, -53.0, -96.0, -65.0, -60.0, -58.0, -65.0, -300.0, -57.0, -53.0, -59.0, -63.0, -61.0, -300.0, -60.0, -59.0, -52.0, -63.0, -68.0, -56.0, -65.0, -58.0, -49.0, -59.0, -57.0, -65.0, -65.0, -57.0, -79.0, -51.0, -53.0, -66.0, -73.0, -54.0, -65.0, -58.0]], "success_matrix": [[false, true, true, true, true, true, true, true, true, false, true, true, true, true, true, true, true, true, true, true, true, true, true, true, true, true, true, true, true, true, true, true, true, true, true, true, true, true, true, true, true, true, true, true, true, true, true, true, true, false, true, true, true, false, true, true, true, true, true, true, true, true, true, false, true, true, true, true, true, true, true, true, true, true, true, true, true, true, true, false, true, true, true, true, true, true, true, true, true, true, true, true, true, true, true, true, true, false, true, true], [true, true, true, true, true, true, true, true, true, true, true, true, true, true, true, true, true, true, true, true, true, true, true, true, true, false, false, true, true, true, true, true, true, true, true, true, true, false, true, true, true, true, true, true, true, true, true, true, false, true, true, true, true, true, true, true, true, true, true, true, true, true, true, true, true, false, true, true, true, true, false, true, true, true, true, true, true, true, true, true, true, true, true, true, true, true, true, true, true, true, true, true, true, true, true, true, true, true, true, true], [true, true, true, true, false, true, true, true, true, true, true, true, true, false, true, true, true, true, true, true, true, true, true, false, false, true, false, true, true, true, true, true, true, true, true, true, true, true, true, true, true, true, true, false, true, true, true, true, true, true, true, true, true, true, true, true, true, true, false, true, true, true, true, true, true, true, true, true, true, true, true, true, true, true, true, true, true, true, true, true, false, true, true, true, true, true, true, true, true, true, true, true, true, true, true, true, true, true, true, true], [true, true, true, true, true, true, true, true, true, true, true, true, true, true, true, true, true, false, true, true, false, true, true, true, true, true, true, true, true, true, true, true, true, true, true, true, true, false, true, true, true, true, true, true, true, true, false, true, true, true, true, true, true, true, true, true, true, true, false, true, true, true, true, true, true, true, true, true, true, true, true, true, true, true, true, true, true, true, true, true, true, true, true, true, true, true, true, true, true, true, true, true, true, true, true, true, true, true, true, true], [true, true, true, true, true, true, true, true, true, true, true, true, true, true, false, true, true, false, true, true, true, true, true, true, true, false, true, true, true, true, true, true, true, true, true, true, true, true, true, true, true, true, true, true, true, true, true, true, true, true, true, true, true, true, false, true, true, true, true, true, true, true, true, true, true, true, true, true, true, true, true, false, true, true, true, true, true, false, true, true, true, true, true, true, true, true, true, true, true, true, true, true, true, true, true, true, true, true, true, true]], "ticket_name": "envs100_samples1000_seeds999_1000_1001_1002_1003_1004_1005_1006_1007_1008_ddim2_20251208_052117/seed_1006", "eval_noise_idx": 0, "eval_seed": 1619}