{"n_seeds": 5, "n_evals_per_seed": 100, "reward_mean": -204.4440155029297, "reward_std": 6.0149383544921875, "success_mean": 0.6980000000000001, "success_std": 0.026381811916545813, "episode_seeds": [1619, 1620, 1621, 1622, 1623], "seed_reward_means": [-198.9600067138672, -215.82000732421875, -201.41000366210938, -205.02999877929688, -201.0], "seed_success_means": [0.74, 0.67, 0.71, 0.7, 0.67], "reward_matrix": [[-300.0, -300.0, -185.0, -127.0, -300.0, -300.0, -147.0, -220.0, -129.0, -191.0, -191.0, -139.0, -151.0, -134.0, -192.0, -151.0, -142.0, -300.0, -284.0, -151.0, -300.0, -300.0, -147.0, -159.0, -300.0, -259.0, -151.0, -130.0, -205.0, -127.0, -139.0, -174.0, -153.0, -131.0, -300.0, -127.0, -208.0, -300.0, -151.0, -153.0, -206.0, -300.0, -178.0, -300.0, -127.0, -151.0, -143.0, -300.0, -143.0, -137.0, -127.0, -123.0, -123.0, -141.0, -139.0, -300.0, -300.0, -143.0, -300.0, -159.0, -172.0, -300.0, -127.0, -131.0, -300.0, -150.0, -139.0, -143.0, -135.0, -282.0, -297.0, -134.0, -155.0, -169.0, -151.0, -300.0, -300.0, -300.0, -210.0, -298.0, -300.0, -147.0, -178.0, -265.0, -115.0, -243.0, -154.0, -224.0, -151.0, -154.0, -225.0, -139.0, -220.0, -171.0, -139.0, -236.0, -127.0, -300.0, -300.0, -127.0], [-168.0, -300.0, -243.0, -141.0, -300.0, -300.0, -159.0, -300.0, -170.0, -300.0, -300.0, -190.0, -300.0, -175.0, -300.0, -300.0, -207.0, -163.0, -300.0, -155.0, -300.0, -219.0, -300.0, -147.0, -170.0, -235.0, -131.0, -235.0, -135.0, -300.0, -160.0, -155.0, -300.0, -202.0, -300.0, -147.0, -300.0, -155.0, -172.0, -163.0, -221.0, -151.0, -153.0, -182.0, -163.0, -219.0, -250.0, -300.0, -175.0, -300.0, -300.0, -300.0, -147.0, -163.0, -300.0, -159.0, -127.0, -147.0, -139.0, -126.0, -300.0, -201.0, -300.0, -167.0, -239.0, -135.0, -203.0, -171.0, -131.0, -175.0, -176.0, -171.0, -147.0, -135.0, -123.0, -167.0, -183.0, -300.0, -139.0, -300.0, -171.0, -300.0, -199.0, -300.0, -195.0, -300.0, -208.0, -163.0, -300.0, -179.0, -300.0, -206.0, -170.0, -300.0, -181.0, -280.0, -300.0, -123.0, -300.0, -225.0], [-300.0, -300.0, -151.0, -300.0, -300.0, -300.0, -198.0, -300.0, -135.0, -143.0, -131.0, -300.0, -300.0, -300.0, -131.0, -139.0, -143.0, -163.0, -135.0, -300.0, -175.0, -188.0, -127.0, -300.0, -156.0, -160.0, -127.0, -220.0, -132.0, -300.0, -179.0, -300.0, -300.0, -147.0, -151.0, -139.0, -150.0, -123.0, -180.0, -178.0, -300.0, -300.0, -215.0, -135.0, -171.0, -131.0, -300.0, -147.0, -300.0, -123.0, -128.0, -190.0, -300.0, -155.0, -176.0, -138.0, -178.0, -139.0, -139.0, -165.0, -139.0, -300.0, -179.0, -300.0, -300.0, -300.0, -135.0, -146.0, -139.0, -174.0, -300.0, -131.0, -189.0, -300.0, -143.0, -177.0, -184.0, -177.0, -127.0, -141.0, -129.0, -207.0, -143.0, -300.0, -139.0, -169.0, -286.0, -151.0, -142.0, -175.0, -223.0, -300.0, -171.0, -300.0, -171.0, -135.0, -240.0, -300.0, -226.0, -222.0], [-236.0, -191.0, -300.0, -300.0, -181.0, -127.0, -147.0, -119.0, -300.0, -173.0, -146.0, -143.0, -183.0, -138.0, -300.0, -155.0, -300.0, -123.0, -180.0, -123.0, -167.0, -181.0, -300.0, -204.0, -161.0, -300.0, -127.0, -300.0, -179.0, -206.0, -300.0, -152.0, -193.0, -155.0, -300.0, -224.0, -300.0, -183.0, -152.0, -300.0, -153.0, -203.0, -143.0, -144.0, -204.0, -135.0, -300.0, -300.0, -300.0, -160.0, -215.0, -151.0, -139.0, -151.0, -300.0, -242.0, -159.0, -147.0, -123.0, -146.0, -300.0, -146.0, -300.0, -300.0, -173.0, -138.0, -147.0, -135.0, -300.0, -300.0, -179.0, -179.0, -261.0, -260.0, -134.0, -300.0, -300.0, -300.0, -139.0, -166.0, -147.0, -209.0, -142.0, -176.0, -300.0, -163.0, -162.0, -187.0, -300.0, -155.0, -135.0, -300.0, -300.0, -127.0, -139.0, -300.0, -300.0, -143.0, -150.0, -147.0], [-135.0, -300.0, -115.0, -147.0, -300.0, -300.0, -300.0, -127.0, -300.0, -123.0, -149.0, -300.0, -300.0, -131.0, -177.0, -147.0, -136.0, -135.0, -150.0, -185.0, -146.0, -139.0, -183.0, -214.0, -139.0, -151.0, -300.0, -142.0, -190.0, -155.0, -300.0, -147.0, -147.0, -133.0, -131.0, -139.0, -300.0, -151.0, -135.0, -150.0, -131.0, -300.0, -300.0, -163.0, -163.0, -300.0, -169.0, -138.0, -219.0, -300.0, -135.0, -146.0, -245.0, -300.0, -207.0, -122.0, -143.0, -300.0, -126.0, -300.0, -143.0, -191.0, -147.0, -190.0, -139.0, -127.0, -300.0, -300.0, -300.0, -135.0, -151.0, -300.0, -300.0, -134.0, -143.0, -300.0, -300.0, -155.0, -164.0, -300.0, -184.0, -300.0, -159.0, -300.0, -135.0, -156.0, -135.0, -300.0, -139.0, -161.0, -300.0, -162.0, -300.0, -151.0, -300.0, -143.0, -300.0, -300.0, -165.0, -135.0]], "success_matrix": [[false, false, true, true, false, false, true, true, true, true, true, true, true, true, true, true, true, false, true, true, false, false, true, true, false, true, true, true, true, true, true, true, true, true, false, true, true, false, true, true, true, false, true, false, true, true, true, false, true, true, true, true, true, true, true, false, false, true, false, true, true, false, true, true, false, true, true, true, true, true, false, true, true, true, true, false, false, false, true, false, false, true, true, true, true, true, true, true, true, true, true, true, true, true, true, true, true, false, false, true], [true, false, true, true, false, false, true, false, true, false, false, true, false, true, false, false, true, true, false, true, false, true, false, true, true, true, true, true, true, false, true, true, false, true, false, true, false, true, true, true, true, true, true, true, true, true, true, false, true, false, false, false, true, true, false, true, true, true, true, true, false, true, false, true, true, true, true, true, true, true, true, true, true, true, true, true, true, false, true, false, true, false, true, false, true, false, true, true, false, true, false, true, true, false, true, true, false, true, false, true], [false, false, true, false, false, false, true, false, true, true, true, false, false, false, true, true, true, true, true, false, true, true, true, false, true, true, true, true, true, false, true, false, false, true, true, true, true, true, true, true, false, false, true, true, true, true, false, true, false, true, true, true, false, true, true, true, true, true, true, true, true, false, true, false, false, false, true, true, true, true, false, true, true, false, true, true, true, true, true, true, true, true, true, false, true, true, true, true, true, true, true, false, true, false, true, true, true, false, true, true], [true, true, false, false, true, true, true, true, false, true, true, true, true, true, false, true, false, true, true, true, true, true, false, true, true, false, true, false, true, true, false, true, true, true, false, true, false, true, true, false, true, true, true, true, true, true, false, false, false, true, true, true, true, true, false, true, true, true, true, true, false, true, false, false, true, true, true, true, false, false, true, true, true, true, true, false, false, false, true, true, true, true, true, true, false, true, true, true, false, true, true, false, false, true, true, false, false, true, true, true], [true, false, true, true, false, false, false, true, false, true, true, false, false, true, true, true, true, true, true, true, true, true, true, true, true, true, false, true, true, true, false, true, true, true, true, true, false, true, true, true, true, false, false, true, true, false, true, true, true, false, true, true, true, false, true, true, true, false, true, false, true, true, true, true, true, true, false, false, false, true, true, false, false, true, true, false, false, true, true, false, true, false, true, false, true, true, true, false, true, true, false, true, false, true, false, true, false, false, true, true]], "ticket_name": "envs50_samples5000_seed999_ddim8_20251130_223116_nenvs_50", "eval_noise_idx": 3, "eval_seed": 1619}