{"n_seeds": 5, "n_evals_per_seed": 100, "reward_mean": -146.92800903320312, "reward_std": 18.103256225585938, "success_mean": 0.732, "success_std": 0.07190271204899022, "episode_seeds": [1619, 1620, 1621, 1622, 1623], "seed_reward_means": [-136.8800048828125, -136.30999755859375, -149.64999389648438, -177.4499969482422, -134.35000610351562], "seed_success_means": [0.7, 0.78, 0.77, 0.62, 0.79], "reward_matrix": [[-300.0, -44.0, -85.0, -51.0, -60.0, -300.0, -300.0, -77.0, -51.0, -59.0, -248.0, -62.0, -65.0, -59.0, -60.0, -300.0, -161.0, -54.0, -48.0, -300.0, -300.0, -52.0, -49.0, -51.0, -300.0, -50.0, -56.0, -64.0, -44.0, -54.0, -75.0, -52.0, -300.0, -300.0, -60.0, -64.0, -52.0, -53.0, -300.0, -300.0, -56.0, -50.0, -81.0, -59.0, -88.0, -46.0, -50.0, -107.0, -65.0, -300.0, -300.0, -49.0, -84.0, -300.0, -300.0, -62.0, -52.0, -52.0, -300.0, -49.0, -298.0, -54.0, -197.0, -300.0, -300.0, -47.0, -52.0, -53.0, -114.0, -52.0, -65.0, -300.0, -300.0, -69.0, -58.0, -48.0, -300.0, -300.0, -56.0, -98.0, -54.0, -300.0, -60.0, -43.0, -59.0, -53.0, -101.0, -300.0, -300.0, -49.0, -300.0, -300.0, -300.0, -117.0, -81.0, -300.0, -51.0, -53.0, -44.0, -52.0], [-45.0, -53.0, -46.0, -73.0, -90.0, -52.0, -174.0, -60.0, -50.0, -49.0, -126.0, -162.0, -54.0, -300.0, -41.0, -49.0, -66.0, -162.0, -300.0, -300.0, -77.0, -46.0, -73.0, -300.0, -300.0, -300.0, -54.0, -86.0, -300.0, -84.0, -100.0, -53.0, -180.0, -300.0, -281.0, -300.0, -65.0, -300.0, -180.0, -65.0, -54.0, -77.0, -125.0, -117.0, -58.0, -56.0, -120.0, -144.0, -61.0, -85.0, -49.0, -224.0, -80.0, -48.0, -49.0, -56.0, -178.0, -300.0, -300.0, -109.0, -58.0, -112.0, -300.0, -52.0, -57.0, -56.0, -300.0, -117.0, -64.0, -49.0, -42.0, -205.0, -51.0, -52.0, -300.0, -300.0, -244.0, -60.0, -48.0, -48.0, -65.0, -78.0, -169.0, -90.0, -300.0, -125.0, -300.0, -300.0, -48.0, -48.0, -65.0, -300.0, -300.0, -50.0, -58.0, -300.0, -53.0, -179.0, -254.0, -48.0], [-56.0, -59.0, -49.0, -81.0, -109.0, -53.0, -49.0, -57.0, -73.0, -172.0, -47.0, -61.0, -49.0, -294.0, -49.0, -131.0, -120.0, -47.0, -77.0, -53.0, -50.0, -154.0, -263.0, -300.0, -49.0, -300.0, -49.0, -133.0, -49.0, -180.0, -118.0, -140.0, -53.0, -85.0, -236.0, -84.0, -117.0, -83.0, -57.0, -56.0, -300.0, -56.0, -69.0, -109.0, -68.0, -300.0, -211.0, -300.0, -300.0, -90.0, -300.0, -46.0, -300.0, -300.0, -134.0, -54.0, -50.0, -300.0, -300.0, -260.0, -300.0, -298.0, -300.0, -62.0, -220.0, -81.0, -64.0, -53.0, -141.0, -62.0, -177.0, -300.0, -142.0, -88.0, -53.0, -58.0, -54.0, -300.0, -168.0, -236.0, -52.0, -236.0, -138.0, -300.0, -296.0, -204.0, -300.0, -300.0, -300.0, -240.0, -60.0, -300.0, -162.0, -70.0, -56.0, -42.0, -96.0, -300.0, -50.0, -217.0], [-300.0, -71.0, -45.0, -45.0, -214.0, -228.0, -61.0, -60.0, -300.0, -50.0, -90.0, -67.0, -300.0, -141.0, -300.0, -300.0, -53.0, -58.0, -54.0, -292.0, -300.0, -49.0, -300.0, -300.0, -55.0, -126.0, -48.0, -96.0, -300.0, -300.0, -300.0, -300.0, -197.0, -208.0, -300.0, -288.0, -50.0, -54.0, -300.0, -56.0, -74.0, -53.0, -105.0, -53.0, -53.0, -142.0, -73.0, -52.0, -61.0, -144.0, -49.0, -49.0, -240.0, -300.0, -300.0, -46.0, -274.0, -300.0, -300.0, -300.0, -300.0, -71.0, -55.0, -300.0, -300.0, -54.0, -300.0, -54.0, -57.0, -205.0, -230.0, -300.0, -300.0, -97.0, -300.0, -300.0, -97.0, -180.0, -300.0, -48.0, -300.0, -48.0, -137.0, -97.0, -300.0, -130.0, -300.0, -300.0, -300.0, -300.0, -46.0, -62.0, -205.0, -113.0, -66.0, -300.0, -300.0, -300.0, -300.0, -69.0], [-300.0, -70.0, -98.0, -56.0, -46.0, -109.0, -158.0, -82.0, -49.0, -300.0, -44.0, -259.0, -90.0, -56.0, -45.0, -145.0, -246.0, -53.0, -47.0, -300.0, -48.0, -300.0, -57.0, -300.0, -72.0, -300.0, -47.0, -149.0, -300.0, -56.0, -81.0, -57.0, -201.0, -105.0, -300.0, -60.0, -50.0, -90.0, -300.0, -53.0, -251.0, -66.0, -50.0, -300.0, -52.0, -80.0, -98.0, -300.0, -186.0, -300.0, -300.0, -43.0, -42.0, -52.0, -54.0, -61.0, -48.0, -74.0, -300.0, -59.0, -88.0, -48.0, -235.0, -66.0, -52.0, -83.0, -57.0, -47.0, -300.0, -45.0, -83.0, -162.0, -300.0, -46.0, -300.0, -300.0, -44.0, -300.0, -214.0, -106.0, -76.0, -117.0, -50.0, -138.0, -239.0, -152.0, -198.0, -90.0, -44.0, -56.0, -57.0, -49.0, -283.0, -77.0, -61.0, -60.0, -300.0, -48.0, -109.0, -160.0]], "success_matrix": [[false, true, true, true, true, false, false, true, true, true, true, true, true, true, true, false, true, true, true, false, false, true, true, true, false, true, true, true, true, true, true, true, false, false, true, true, true, true, false, false, true, true, true, true, true, true, true, true, true, false, false, true, true, false, false, true, true, true, false, true, false, true, true, false, false, true, true, true, true, true, true, false, false, true, true, true, false, false, true, true, true, false, true, true, true, true, true, false, false, true, false, false, false, true, true, false, true, true, true, true], [true, true, true, true, true, true, true, true, true, true, true, true, true, false, true, true, true, true, false, false, true, true, true, false, false, false, true, true, false, true, true, true, true, false, true, false, true, false, true, true, true, true, true, true, true, true, true, true, true, true, true, true, true, true, true, true, true, false, false, true, true, true, false, true, true, true, false, true, true, true, true, true, true, true, false, false, true, true, true, true, true, true, true, true, false, true, false, false, true, true, true, false, false, true, true, false, true, true, true, true], [true, true, true, true, true, true, true, true, true, true, true, true, true, false, true, true, true, true, true, true, true, true, true, false, true, false, true, true, true, true, true, true, true, true, true, true, true, true, true, true, false, true, true, true, true, false, true, false, false, true, false, true, false, false, true, true, true, false, false, true, false, false, false, true, true, true, true, true, true, true, true, false, true, true, true, true, true, false, true, true, true, true, true, false, true, true, false, false, false, true, true, false, true, true, true, true, true, false, true, true], [false, true, true, true, true, true, true, true, false, true, true, true, false, true, false, false, true, true, true, true, false, true, false, false, true, true, true, true, false, false, false, false, true, true, false, true, true, true, false, true, true, true, true, true, true, true, true, true, true, true, true, true, true, false, false, true, true, false, false, false, false, true, true, false, false, true, false, true, true, true, true, false, false, true, false, false, true, true, false, true, false, true, true, true, false, true, false, false, false, false, true, true, true, true, true, false, false, false, false, true], [false, true, true, true, true, true, true, true, true, false, true, true, true, true, true, true, true, true, true, false, true, false, true, false, true, false, true, true, false, true, true, true, true, true, false, true, true, true, false, true, true, true, true, false, true, true, true, false, true, false, false, true, true, true, true, true, true, true, false, true, true, true, true, true, true, true, true, true, false, true, true, true, false, true, false, false, true, false, true, true, true, true, true, true, true, true, true, true, true, true, true, true, false, true, true, true, false, true, true, true]], "ticket_name": "zo_envs10_iter500_cand2_lambda2.0_seed666_ddim2_20251215_221920/seed_666", "eval_noise_idx": 0, "eval_seed": 1619}