{"num_noise_samples": 400, "num_envs": 10, "success_rate_mean": 0.19474998116493225, "success_rate_std": 0.28843966126441956, "best_success_rate": 1.0, "best_original_index": 36, "success_rates_sorted": [1.0, 1.0, 1.0, 1.0, 1.0, 1.0, 1.0, 1.0, 1.0, 0.9, 0.9, 0.9, 0.9, 0.9, 0.9, 0.9, 0.9, 0.9, 0.8, 0.8, 0.8, 0.8, 0.8, 0.8, 0.8, 0.8, 0.8, 0.8, 0.8, 0.8, 0.8, 0.8, 0.8, 0.8, 0.7, 0.7, 0.7, 0.7, 0.7, 0.7, 0.7, 0.7, 0.7, 0.7, 0.7, 0.7, 0.7, 0.7, 0.7, 0.6, 0.6, 0.6, 0.6, 0.6, 0.6, 0.6, 0.6, 0.6, 0.6, 0.6, 0.6, 0.6, 0.6, 0.6, 0.5, 0.5, 0.5, 0.5, 0.5, 0.5, 0.5, 0.5, 0.5, 0.5, 0.5, 0.5, 0.5, 0.4, 0.4, 0.4, 0.4, 0.4, 0.4, 0.4, 0.4, 0.4, 0.4, 0.4, 0.4, 0.4, 0.4, 0.4, 0.3, 0.3, 0.3, 0.3, 0.3, 0.3, 0.3, 0.3, 0.3, 0.3, 0.3, 0.3, 0.3, 0.3, 0.3, 0.3, 0.3, 0.3, 0.3, 0.3, 0.3, 0.3, 0.3, 0.3, 0.3, 0.3, 0.2, 0.2, 0.2, 0.2, 0.2, 0.2, 0.2, 0.2, 0.2, 0.2, 0.2, 0.2, 0.2, 0.2, 0.2, 0.2, 0.2, 0.2, 0.1, 0.1, 0.1, 0.1, 0.1, 0.1, 0.1, 0.1, 0.1, 0.1, 0.1, 0.1, 0.1, 0.1, 0.1, 0.1, 0.1, 0.1, 0.1, 0.1, 0.1, 0.1, 0.1, 0.1, 0.1, 0.1, 0.1, 0.1, 0.1, 0.1, 0.1, 0.1, 0.1, 0.1, 0.1, 0.1, 0.1, 0.1, 0.1, 0.1, 0.1, 0.1, 0.1, 0.1, 0.1, 0.1, 0.0, 0.0, 0.0, 0.0, 0.0, 0.0, 0.0, 0.0, 0.0, 0.0, 0.0, 0.0, 0.0, 0.0, 0.0, 0.0, 0.0, 0.0, 0.0, 0.0, 0.0, 0.0, 0.0, 0.0, 0.0, 0.0, 0.0, 0.0, 0.0, 0.0, 0.0, 0.0, 0.0, 0.0, 0.0, 0.0, 0.0, 0.0, 0.0, 0.0, 0.0, 0.0, 0.0, 0.0, 0.0, 0.0, 0.0, 0.0, 0.0, 0.0, 0.0, 0.0, 0.0, 0.0, 0.0, 0.0, 0.0, 0.0, 0.0, 0.0, 0.0, 0.0, 0.0, 0.0, 0.0, 0.0, 0.0, 0.0, 0.0, 0.0, 0.0, 0.0, 0.0, 0.0, 0.0, 0.0, 0.0, 0.0, 0.0, 0.0, 0.0, 0.0, 0.0, 0.0, 0.0, 0.0, 0.0, 0.0, 0.0, 0.0, 0.0, 0.0, 0.0, 0.0, 0.0, 0.0, 0.0, 0.0, 0.0, 0.0, 0.0, 0.0, 0.0, 0.0, 0.0, 0.0, 0.0, 0.0, 0.0, 0.0, 0.0, 0.0, 0.0, 0.0, 0.0, 0.0, 0.0, 0.0, 0.0, 0.0, 0.0, 0.0, 0.0, 0.0, 0.0, 0.0, 0.0, 0.0, 0.0, 0.0, 0.0, 0.0, 0.0, 0.0, 0.0, 0.0, 0.0, 0.0, 0.0, 0.0, 0.0, 0.0, 0.0, 0.0, 0.0, 0.0, 0.0, 0.0, 0.0, 0.0, 0.0, 0.0, 0.0, 0.0, 0.0, 0.0, 0.0, 0.0, 0.0, 0.0, 0.0, 0.0, 0.0, 0.0, 0.0, 0.0, 0.0, 0.0, 0.0, 0.0, 0.0, 0.0, 0.0, 0.0, 0.0, 0.0, 0.0, 0.0, 0.0, 0.0, 0.0, 0.0, 0.0, 0.0, 0.0, 0.0, 0.0, 0.0, 0.0, 0.0, 0.0, 0.0, 0.0, 0.0, 0.0, 0.0, 0.0, 0.0, 0.0, 0.0, 0.0, 0.0, 0.0, 0.0, 0.0, 0.0, 0.0, 0.0, 0.0, 0.0, 0.0, 0.0, 0.0, 0.0, 0.0, 0.0, 0.0, 0.0], "original_success_rates": [0.0, 0.0, 0.2, 0.0, 0.0, 0.7, 0.1, 0.0, 0.0, 0.0, 0.0, 0.4, 0.9, 0.1, 0.0, 0.0, 0.5, 0.0, 0.5, 0.0, 0.3, 0.0, 0.0, 0.0, 0.0, 0.0, 0.3, 0.1, 0.0, 0.1, 0.0, 0.0, 0.0, 0.0, 0.6, 0.0, 1.0, 0.0, 0.0, 0.1, 0.6, 0.0, 0.1, 0.8, 0.3, 0.5, 0.5, 0.0, 0.5, 0.1, 0.1, 0.8, 0.2, 0.0, 0.6, 0.8, 0.0, 0.0, 0.0, 0.0, 0.3, 0.0, 0.0, 0.2, 0.1, 0.1, 0.3, 0.1, 0.1, 0.5, 0.0, 0.0, 0.0, 0.1, 0.9, 0.0, 0.1, 0.0, 0.1, 0.8, 0.7, 0.0, 0.0, 0.2, 0.8, 0.0, 0.4, 0.1, 0.8, 0.0, 0.0, 0.0, 0.0, 1.0, 1.0, 0.3, 0.0, 0.0, 0.0, 0.0, 0.0, 0.0, 0.0, 0.0, 0.0, 0.0, 0.7, 0.0, 0.0, 0.0, 0.3, 0.0, 0.2, 0.0, 0.0, 0.2, 0.0, 0.0, 0.2, 0.6, 0.1, 0.0, 0.3, 0.0, 0.0, 0.0, 0.4, 0.4, 0.0, 0.1, 0.1, 0.7, 0.0, 0.0, 0.0, 0.0, 0.9, 0.1, 0.0, 0.5, 0.0, 0.4, 0.1, 0.0, 0.6, 0.0, 0.1, 0.0, 1.0, 0.1, 0.0, 0.0, 0.0, 0.0, 0.1, 0.3, 0.1, 0.0, 0.0, 0.0, 0.0, 0.0, 0.6, 0.0, 0.0, 0.0, 0.0, 0.7, 0.0, 0.0, 0.0, 0.0, 0.6, 0.0, 0.0, 0.0, 0.0, 0.1, 0.5, 0.0, 0.8, 0.0, 0.1, 0.0, 0.0, 0.0, 0.8, 0.0, 0.1, 0.0, 0.0, 0.1, 0.0, 0.0, 0.4, 0.3, 0.1, 0.8, 0.3, 0.0, 0.6, 0.1, 0.8, 0.0, 0.7, 0.5, 0.1, 0.0, 0.0, 0.0, 0.0, 0.0, 0.0, 0.0, 0.3, 0.0, 0.0, 0.0, 0.0, 0.6, 0.1, 0.0, 0.9, 0.6, 0.0, 0.0, 0.0, 0.3, 0.0, 0.0, 0.0, 0.3, 0.4, 0.3, 0.0, 0.1, 0.0, 0.7, 0.6, 0.8, 0.1, 0.0, 0.1, 0.0, 0.1, 0.0, 0.0, 0.0, 0.0, 0.6, 0.0, 0.7, 0.0, 0.8, 0.0, 0.0, 0.0, 0.0, 0.0, 0.0, 0.2, 0.3, 0.3, 0.0, 0.0, 0.9, 0.0, 0.5, 0.0, 0.4, 0.0, 0.5, 0.8, 0.0, 0.3, 0.0, 0.0, 0.0, 0.8, 0.0, 0.0, 0.0, 0.0, 1.0, 0.0, 0.0, 0.1, 0.9, 0.0, 0.0, 0.0, 0.3, 0.0, 0.0, 0.0, 0.4, 0.3, 0.2, 0.0, 0.7, 0.1, 0.2, 0.6, 0.4, 0.5, 0.0, 0.0, 0.0, 0.1, 0.2, 1.0, 0.0, 0.0, 0.0, 0.0, 0.0, 0.3, 0.0, 0.7, 0.0, 0.2, 0.0, 0.0, 1.0, 0.0, 0.4, 0.2, 0.5, 0.1, 0.0, 0.0, 0.0, 0.4, 0.7, 0.3, 0.0, 0.0, 0.8, 0.3, 0.7, 0.0, 0.0, 0.0, 0.0, 0.2, 0.3, 0.0, 0.2, 0.0, 0.0, 1.0, 0.0, 0.0, 0.6, 0.0, 0.7, 0.0, 0.3, 0.6, 0.0, 0.0, 0.0, 0.2, 0.0, 0.4, 0.0, 0.0, 0.0, 0.0, 0.9, 0.0, 0.0, 0.7, 0.0, 0.1, 0.0, 0.9, 0.0, 0.4, 0.0, 0.1, 0.1, 0.7, 0.0, 1.0, 0.0, 0.0, 0.9, 0.0, 0.0, 0.0, 0.8, 0.4, 0.3, 0.0, 0.1, 0.0, 0.1, 0.2, 0.2], "seed": 1008, "env_seeds": [3452777883, 4090620014, 3495142311, 3512362183, 1478821311, 1792051446, 853800865, 2773446929, 4196887858, 1563665550]}