{"n_seeds": 5, "n_evals_per_seed": 100, "reward_mean": -234.58401489257812, "reward_std": 18.642969131469727, "success_mean": 0.592, "success_std": 0.12477980605851254, "episode_seeds": [1619, 1620, 1621, 1622, 1623], "seed_reward_means": [-258.3299865722656, -242.3000030517578, -226.75, -237.3699951171875, -208.1699981689453], "seed_success_means": [0.45, 0.52, 0.63, 0.58, 0.78], "reward_matrix": [[-253.0, -300.0, -147.0, -187.0, -300.0, -300.0, -300.0, -300.0, -300.0, -300.0, -232.0, -274.0, -300.0, -300.0, -137.0, -300.0, -300.0, -300.0, -300.0, -110.0, -300.0, -162.0, -300.0, -150.0, -271.0, -159.0, -250.0, -224.0, -300.0, -157.0, -226.0, -242.0, -300.0, -300.0, -300.0, -163.0, -300.0, -300.0, -300.0, -117.0, -300.0, -254.0, -300.0, -300.0, -300.0, -300.0, -300.0, -231.0, -137.0, -199.0, -133.0, -201.0, -269.0, -300.0, -300.0, -300.0, -248.0, -300.0, -186.0, -300.0, -300.0, -256.0, -300.0, -195.0, -300.0, -232.0, -223.0, -300.0, -286.0, -300.0, -260.0, -300.0, -174.0, -175.0, -300.0, -300.0, -300.0, -300.0, -278.0, -208.0, -261.0, -300.0, -300.0, -300.0, -300.0, -272.0, -300.0, -300.0, -233.0, -199.0, -300.0, -158.0, -300.0, -300.0, -300.0, -300.0, -211.0, -300.0, -210.0, -183.0], [-300.0, -197.0, -300.0, -182.0, -300.0, -244.0, -123.0, -176.0, -140.0, -255.0, -300.0, -300.0, -221.0, -300.0, -300.0, -300.0, -300.0, -117.0, -300.0, -300.0, -300.0, -127.0, -300.0, -136.0, -265.0, -156.0, -224.0, -209.0, -300.0, -234.0, -155.0, -147.0, -300.0, -165.0, -300.0, -269.0, -283.0, -300.0, -171.0, -300.0, -205.0, -300.0, -300.0, -186.0, -221.0, -300.0, -300.0, -135.0, -300.0, -177.0, -218.0, -300.0, -179.0, -300.0, -300.0, -188.0, -134.0, -300.0, -300.0, -300.0, -287.0, -192.0, -300.0, -199.0, -167.0, -300.0, -138.0, -192.0, -219.0, -300.0, -133.0, -300.0, -300.0, -142.0, -300.0, -300.0, -134.0, -172.0, -300.0, -300.0, -193.0, -212.0, -300.0, -300.0, -300.0, -249.0, -300.0, -216.0, -300.0, -187.0, -300.0, -205.0, -186.0, -194.0, -300.0, -153.0, -221.0, -300.0, -300.0, -300.0], [-200.0, -300.0, -181.0, -300.0, -300.0, -300.0, -300.0, -213.0, -207.0, -239.0, -300.0, -141.0, -233.0, -108.0, -210.0, -300.0, -197.0, -239.0, -300.0, -236.0, -300.0, -300.0, -300.0, -176.0, -300.0, -227.0, -300.0, -300.0, -267.0, -145.0, -221.0, -185.0, -300.0, -196.0, -118.0, -300.0, -174.0, -135.0, -300.0, -300.0, -139.0, -300.0, -158.0, -116.0, -137.0, -171.0, -167.0, -202.0, -144.0, -300.0, -272.0, -217.0, -300.0, -300.0, -186.0, -300.0, -200.0, -144.0, -226.0, -135.0, -159.0, -300.0, -300.0, -300.0, -93.0, -216.0, -300.0, -189.0, -164.0, -180.0, -285.0, -120.0, -300.0, -184.0, -188.0, -300.0, -109.0, -259.0, -300.0, -158.0, -300.0, -211.0, -162.0, -300.0, -300.0, -109.0, -300.0, -132.0, -279.0, -149.0, -300.0, -300.0, -171.0, -206.0, -229.0, -300.0, -188.0, -194.0, -208.0, -171.0], [-300.0, -300.0, -141.0, -231.0, -300.0, -300.0, -300.0, -139.0, -157.0, -300.0, -193.0, -209.0, -300.0, -240.0, -272.0, -244.0, -300.0, -164.0, -197.0, -182.0, -268.0, -280.0, -300.0, -300.0, -184.0, -150.0, -300.0, -129.0, -300.0, -300.0, -136.0, -300.0, -152.0, -128.0, -300.0, -149.0, -300.0, -300.0, -105.0, -194.0, -300.0, -300.0, -212.0, -277.0, -218.0, -218.0, -300.0, -300.0, -300.0, -300.0, -229.0, -297.0, -179.0, -203.0, -300.0, -200.0, -141.0, -255.0, -300.0, -180.0, -300.0, -141.0, -300.0, -214.0, -115.0, -227.0, -300.0, -300.0, -233.0, -153.0, -210.0, -300.0, -188.0, -198.0, -111.0, -112.0, -165.0, -196.0, -300.0, -300.0, -300.0, -300.0, -205.0, -229.0, -300.0, -116.0, -300.0, -300.0, -292.0, -253.0, -300.0, -212.0, -256.0, -118.0, -181.0, -294.0, -300.0, -165.0, -300.0, -300.0], [-300.0, -266.0, -300.0, -204.0, -160.0, -179.0, -138.0, -161.0, -204.0, -193.0, -177.0, -181.0, -163.0, -153.0, -210.0, -199.0, -178.0, -300.0, -300.0, -169.0, -300.0, -300.0, -172.0, -300.0, -260.0, -300.0, -192.0, -145.0, -151.0, -264.0, -300.0, -145.0, -137.0, -300.0, -142.0, -147.0, -232.0, -253.0, -257.0, -195.0, -127.0, -201.0, -194.0, -225.0, -159.0, -240.0, -132.0, -195.0, -105.0, -172.0, -300.0, -193.0, -260.0, -152.0, -141.0, -178.0, -146.0, -199.0, -293.0, -300.0, -226.0, -171.0, -121.0, -168.0, -201.0, -118.0, -300.0, -300.0, -197.0, -242.0, -202.0, -133.0, -300.0, -137.0, -300.0, -300.0, -300.0, -189.0, -144.0, -174.0, -207.0, -150.0, -300.0, -213.0, -300.0, -246.0, -114.0, -165.0, -237.0, -187.0, -264.0, -154.0, -160.0, -173.0, -147.0, -300.0, -141.0, -133.0, -300.0, -164.0]], "success_matrix": [[true, false, true, true, false, false, false, false, false, false, true, true, false, false, true, false, false, false, false, true, false, true, false, true, true, true, true, true, false, true, true, true, false, false, false, true, false, false, false, true, false, true, false, false, false, false, false, true, true, true, true, true, true, false, false, false, true, false, true, false, false, true, false, true, false, true, true, false, true, false, true, false, true, true, false, false, false, false, true, true, true, false, false, false, false, true, false, false, true, true, false, true, false, false, false, false, true, false, true, true], [false, true, false, true, false, true, true, true, true, true, false, false, true, false, false, false, false, true, false, false, false, true, false, true, true, true, true, true, false, true, true, true, false, true, false, true, true, false, true, false, true, false, false, true, true, false, false, true, false, true, true, false, true, false, false, true, true, false, false, false, true, true, false, true, true, false, true, true, true, false, true, false, false, true, false, false, true, true, false, false, true, true, false, false, false, true, false, true, false, true, false, true, true, true, false, true, true, false, false, false], [true, false, true, false, false, false, false, true, true, true, false, true, true, true, true, false, true, true, false, true, false, false, false, true, false, true, false, false, true, true, true, true, false, true, true, false, true, true, false, false, true, false, true, true, true, true, true, true, true, false, true, true, false, false, true, false, true, true, true, true, true, false, false, false, true, true, false, true, true, true, true, true, false, true, true, false, true, true, false, true, false, true, true, false, false, true, false, true, true, true, false, false, true, true, true, false, true, true, true, true], [false, false, true, true, false, false, false, true, true, false, true, true, false, true, true, true, false, true, true, true, true, true, false, false, true, true, false, true, false, false, true, false, true, true, false, true, false, false, true, true, false, false, true, true, true, true, false, false, false, false, true, false, true, true, false, true, true, true, false, true, false, true, false, true, true, true, false, false, true, true, true, false, true, true, true, true, true, true, false, false, false, false, true, true, false, true, false, false, true, true, false, true, true, true, true, true, false, true, false, false], [false, true, false, true, true, true, true, true, true, true, true, true, true, true, true, true, true, false, false, true, false, false, true, false, true, false, true, true, true, true, false, true, true, false, true, true, true, true, true, true, true, true, true, true, true, true, true, true, true, true, false, true, true, true, true, true, true, true, true, false, true, true, true, true, true, true, false, false, true, true, true, true, false, true, false, false, false, true, true, true, true, true, false, true, false, true, true, true, true, true, true, true, true, true, true, false, true, true, false, true]], "ticket_name": "zo_envs10_iter100_cand10_lambda2.0_seed666_ddim8_20251212_061609/seed_666", "eval_noise_idx": 0, "eval_seed": 1619}