{"n_seeds": 5, "n_evals_per_seed": 100, "reward_mean": -249.26400756835938, "reward_std": 6.612466335296631, "success_mean": 0.382, "success_std": 0.054184868736576276, "episode_seeds": [1619, 1620, 1621, 1622, 1623], "seed_reward_means": [-246.3000030517578, -250.75, -248.4199981689453, -260.5299987792969, -240.32000732421875], "seed_success_means": [0.39, 0.39, 0.38, 0.29, 0.46], "reward_matrix": [[-300.0, -300.0, -300.0, -139.0, -184.0, -300.0, -300.0, -171.0, -300.0, -300.0, -300.0, -300.0, -186.0, -300.0, -154.0, -151.0, -300.0, -300.0, -192.0, -156.0, -300.0, -300.0, -130.0, -207.0, -300.0, -300.0, -300.0, -300.0, -300.0, -131.0, -150.0, -178.0, -300.0, -300.0, -300.0, -300.0, -165.0, -300.0, -300.0, -300.0, -300.0, -144.0, -221.0, -300.0, -300.0, -154.0, -148.0, -300.0, -129.0, -143.0, -300.0, -140.0, -300.0, -150.0, -136.0, -300.0, -300.0, -150.0, -300.0, -159.0, -300.0, -300.0, -137.0, -191.0, -300.0, -300.0, -178.0, -155.0, -153.0, -300.0, -300.0, -300.0, -300.0, -265.0, -300.0, -300.0, -300.0, -300.0, -300.0, -300.0, -300.0, -300.0, -300.0, -300.0, -128.0, -300.0, -300.0, -300.0, -171.0, -300.0, -179.0, -148.0, -134.0, -300.0, -224.0, -163.0, -300.0, -300.0, -300.0, -136.0], [-300.0, -300.0, -211.0, -152.0, -300.0, -171.0, -300.0, -300.0, -148.0, -300.0, -300.0, -163.0, -300.0, -201.0, -300.0, -183.0, -300.0, -300.0, -300.0, -300.0, -300.0, -300.0, -160.0, -158.0, -300.0, -184.0, -300.0, -300.0, -300.0, -168.0, -164.0, -172.0, -300.0, -300.0, -300.0, -300.0, -300.0, -300.0, -199.0, -163.0, -300.0, -164.0, -221.0, -300.0, -163.0, -144.0, -300.0, -300.0, -300.0, -300.0, -220.0, -185.0, -144.0, -300.0, -300.0, -224.0, -300.0, -156.0, -300.0, -300.0, -300.0, -300.0, -300.0, -300.0, -185.0, -147.0, -300.0, -180.0, -300.0, -300.0, -188.0, -165.0, -148.0, -300.0, -300.0, -181.0, -300.0, -300.0, -300.0, -300.0, -300.0, -300.0, -300.0, -300.0, -162.0, -166.0, -213.0, -179.0, -300.0, -165.0, -300.0, -300.0, -167.0, -300.0, -175.0, -300.0, -300.0, -136.0, -300.0, -300.0], [-175.0, -136.0, -300.0, -205.0, -300.0, -136.0, -300.0, -300.0, -147.0, -300.0, -300.0, -300.0, -300.0, -138.0, -300.0, -300.0, -154.0, -160.0, -300.0, -300.0, -178.0, -144.0, -136.0, -174.0, -144.0, -156.0, -136.0, -300.0, -300.0, -300.0, -300.0, -200.0, -300.0, -162.0, -300.0, -300.0, -300.0, -300.0, -300.0, -300.0, -300.0, -300.0, -213.0, -300.0, -300.0, -300.0, -240.0, -300.0, -300.0, -183.0, -300.0, -160.0, -300.0, -161.0, -300.0, -300.0, -152.0, -150.0, -300.0, -147.0, -150.0, -300.0, -300.0, -300.0, -300.0, -300.0, -300.0, -145.0, -151.0, -300.0, -300.0, -141.0, -300.0, -212.0, -300.0, -300.0, -141.0, -300.0, -125.0, -300.0, -140.0, -300.0, -141.0, -300.0, -300.0, -156.0, -300.0, -300.0, -300.0, -160.0, -300.0, -300.0, -201.0, -300.0, -300.0, -300.0, -300.0, -300.0, -292.0, -300.0], [-300.0, -300.0, -300.0, -300.0, -300.0, -300.0, -151.0, -300.0, -300.0, -170.0, -300.0, -152.0, -300.0, -140.0, -300.0, -167.0, -300.0, -136.0, -300.0, -300.0, -300.0, -300.0, -300.0, -300.0, -168.0, -300.0, -300.0, -191.0, -300.0, -161.0, -300.0, -300.0, -300.0, -160.0, -133.0, -133.0, -300.0, -176.0, -300.0, -152.0, -188.0, -300.0, -164.0, -300.0, -263.0, -300.0, -300.0, -300.0, -300.0, -144.0, -300.0, -144.0, -300.0, -151.0, -300.0, -206.0, -300.0, -140.0, -300.0, -300.0, -300.0, -300.0, -300.0, -300.0, -300.0, -300.0, -300.0, -300.0, -300.0, -300.0, -204.0, -189.0, -300.0, -300.0, -300.0, -148.0, -300.0, -300.0, -300.0, -300.0, -300.0, -139.0, -300.0, -192.0, -300.0, -300.0, -300.0, -300.0, -300.0, -300.0, -300.0, -300.0, -300.0, -300.0, -300.0, -300.0, -300.0, -143.0, -300.0, -148.0], [-300.0, -147.0, -128.0, -300.0, -300.0, -300.0, -198.0, -300.0, -300.0, -132.0, -300.0, -300.0, -300.0, -140.0, -300.0, -300.0, -300.0, -136.0, -164.0, -200.0, -300.0, -133.0, -168.0, -248.0, -169.0, -151.0, -267.0, -300.0, -300.0, -178.0, -300.0, -300.0, -300.0, -300.0, -140.0, -139.0, -300.0, -300.0, -300.0, -158.0, -300.0, -203.0, -300.0, -300.0, -192.0, -300.0, -175.0, -300.0, -176.0, -300.0, -300.0, -164.0, -300.0, -300.0, -300.0, -300.0, -143.0, -300.0, -132.0, -300.0, -143.0, -212.0, -300.0, -300.0, -195.0, -300.0, -300.0, -163.0, -203.0, -300.0, -300.0, -300.0, -300.0, -300.0, -161.0, -300.0, -300.0, -285.0, -300.0, -144.0, -200.0, -144.0, -168.0, -264.0, -135.0, -154.0, -300.0, -300.0, -300.0, -141.0, -300.0, -159.0, -191.0, -300.0, -300.0, -152.0, -300.0, -128.0, -167.0, -142.0]], "success_matrix": [[false, false, false, true, true, false, false, true, false, false, false, false, true, false, true, true, false, false, true, true, false, false, true, true, false, false, false, false, false, true, true, true, false, false, false, false, true, false, false, false, false, true, true, false, false, true, true, false, true, true, false, true, false, true, true, false, false, true, false, true, false, false, true, true, false, false, true, true, true, false, false, false, false, true, false, false, false, false, false, false, false, false, false, false, true, false, false, false, true, false, true, true, true, false, true, true, false, false, false, true], [false, false, true, true, false, true, false, false, true, false, false, true, false, true, false, true, false, false, false, false, false, false, true, true, false, true, false, false, false, true, true, true, false, false, false, false, false, false, true, true, false, true, true, false, true, true, false, false, false, false, true, true, true, false, false, true, false, true, false, false, false, false, false, false, true, true, false, true, false, false, true, true, true, false, false, true, false, false, false, false, false, false, false, false, true, true, true, true, false, true, false, false, true, false, true, false, false, true, false, false], [true, true, false, true, false, true, false, false, true, false, false, false, false, true, false, false, true, true, false, false, true, true, true, true, true, true, true, false, false, false, false, true, false, true, false, false, false, false, false, false, false, false, true, false, false, false, true, false, false, true, false, true, false, true, false, false, true, true, false, true, true, false, false, false, false, false, false, true, true, false, false, true, false, true, false, false, true, false, true, false, true, false, true, false, false, true, false, false, false, true, false, false, true, false, false, false, false, false, true, false], [false, false, false, false, false, false, true, false, false, true, false, true, false, true, false, true, false, true, false, false, false, false, false, false, true, false, false, true, false, true, false, false, false, true, true, true, false, true, false, true, true, false, true, false, true, false, false, false, false, true, false, true, false, true, false, true, false, true, false, false, false, false, false, false, false, false, false, false, false, false, true, true, false, false, false, true, false, false, false, false, false, true, false, true, false, false, false, false, false, false, false, false, false, false, false, false, false, true, false, true], [false, true, true, false, false, false, true, false, false, true, false, false, false, true, false, false, false, true, true, true, false, true, true, true, true, true, true, false, false, true, false, false, false, false, true, true, false, false, false, true, false, true, false, false, true, false, true, false, true, false, false, true, false, false, false, false, true, false, true, false, true, true, false, false, true, false, false, true, true, false, false, false, false, false, true, false, false, true, false, true, true, true, true, true, true, true, false, false, false, true, false, true, true, false, false, true, false, true, true, true]], "ticket_name": "envs10_samples5000_seed999_ddim8_20251130_223053_nenvs_10", "eval_noise_idx": 9, "eval_seed": 1619}