{"n_seeds": 5, "n_evals_per_seed": 100, "reward_mean": -158.4860076904297, "reward_std": 10.290831565856934, "success_mean": 0.8640000000000001, "success_std": 0.04722287581247039, "episode_seeds": [1619, 1620, 1621, 1622, 1623], "seed_reward_means": [-161.0800018310547, -148.8699951171875, -159.49000549316406, -173.85000610351562, -149.13999938964844], "seed_success_means": [0.86, 0.93, 0.85, 0.8, 0.88], "reward_matrix": [[-163.0, -111.0, -234.0, -143.0, -119.0, -87.0, -236.0, -110.0, -150.0, -120.0, -142.0, -114.0, -82.0, -175.0, -124.0, -300.0, -127.0, -139.0, -112.0, -121.0, -103.0, -168.0, -223.0, -110.0, -127.0, -131.0, -300.0, -121.0, -183.0, -125.0, -135.0, -163.0, -135.0, -116.0, -230.0, -159.0, -164.0, -127.0, -198.0, -118.0, -110.0, -135.0, -300.0, -300.0, -300.0, -135.0, -300.0, -119.0, -300.0, -107.0, -113.0, -202.0, -155.0, -83.0, -135.0, -99.0, -150.0, -120.0, -122.0, -100.0, -147.0, -300.0, -131.0, -300.0, -203.0, -117.0, -150.0, -163.0, -99.0, -135.0, -135.0, -147.0, -151.0, -112.0, -150.0, -184.0, -114.0, -124.0, -128.0, -126.0, -151.0, -111.0, -107.0, -174.0, -120.0, -191.0, -300.0, -300.0, -118.0, -192.0, -139.0, -139.0, -300.0, -300.0, -83.0, -300.0, -136.0, -111.0, -183.0, -107.0], [-85.0, -114.0, -167.0, -175.0, -300.0, -163.0, -95.0, -92.0, -139.0, -162.0, -139.0, -259.0, -174.0, -300.0, -98.0, -212.0, -110.0, -111.0, -142.0, -159.0, -174.0, -135.0, -190.0, -104.0, -120.0, -300.0, -300.0, -200.0, -134.0, -300.0, -111.0, -82.0, -111.0, -108.0, -115.0, -119.0, -163.0, -156.0, -98.0, -104.0, -194.0, -127.0, -159.0, -143.0, -131.0, -242.0, -207.0, -111.0, -107.0, -174.0, -131.0, -105.0, -106.0, -116.0, -152.0, -147.0, -108.0, -147.0, -157.0, -123.0, -147.0, -117.0, -112.0, -119.0, -156.0, -121.0, -86.0, -179.0, -135.0, -256.0, -107.0, -118.0, -182.0, -82.0, -124.0, -110.0, -152.0, -131.0, -176.0, -130.0, -300.0, -134.0, -87.0, -176.0, -99.0, -122.0, -274.0, -102.0, -106.0, -130.0, -95.0, -300.0, -104.0, -115.0, -163.0, -180.0, -132.0, -115.0, -122.0, -84.0], [-300.0, -207.0, -94.0, -124.0, -103.0, -145.0, -154.0, -300.0, -164.0, -111.0, -114.0, -99.0, -143.0, -106.0, -122.0, -300.0, -114.0, -300.0, -139.0, -194.0, -138.0, -130.0, -124.0, -120.0, -126.0, -205.0, -158.0, -144.0, -150.0, -300.0, -96.0, -300.0, -186.0, -109.0, -141.0, -167.0, -115.0, -300.0, -211.0, -143.0, -91.0, -106.0, -142.0, -300.0, -103.0, -107.0, -235.0, -103.0, -82.0, -300.0, -148.0, -91.0, -103.0, -127.0, -300.0, -132.0, -95.0, -111.0, -263.0, -115.0, -118.0, -104.0, -123.0, -128.0, -97.0, -123.0, -200.0, -116.0, -87.0, -127.0, -156.0, -95.0, -122.0, -300.0, -128.0, -119.0, -128.0, -182.0, -300.0, -124.0, -139.0, -215.0, -107.0, -168.0, -151.0, -75.0, -179.0, -72.0, -128.0, -115.0, -300.0, -126.0, -300.0, -191.0, -135.0, -119.0, -300.0, -147.0, -258.0, -97.0], [-300.0, -130.0, -70.0, -100.0, -100.0, -300.0, -300.0, -87.0, -300.0, -96.0, -102.0, -300.0, -136.0, -300.0, -151.0, -143.0, -256.0, -300.0, -148.0, -123.0, -239.0, -147.0, -300.0, -190.0, -231.0, -126.0, -107.0, -99.0, -112.0, -163.0, -131.0, -163.0, -102.0, -144.0, -170.0, -107.0, -170.0, -114.0, -91.0, -211.0, -300.0, -128.0, -87.0, -239.0, -159.0, -300.0, -86.0, -136.0, -86.0, -300.0, -123.0, -126.0, -114.0, -138.0, -132.0, -124.0, -123.0, -115.0, -203.0, -123.0, -300.0, -99.0, -156.0, -300.0, -139.0, -156.0, -174.0, -135.0, -155.0, -300.0, -115.0, -166.0, -154.0, -187.0, -132.0, -127.0, -143.0, -138.0, -128.0, -146.0, -150.0, -150.0, -300.0, -103.0, -119.0, -300.0, -162.0, -144.0, -151.0, -187.0, -170.0, -300.0, -134.0, -300.0, -223.0, -219.0, -300.0, -134.0, -300.0, -188.0], [-148.0, -135.0, -300.0, -131.0, -95.0, -119.0, -76.0, -103.0, -114.0, -190.0, -99.0, -119.0, -300.0, -123.0, -96.0, -300.0, -106.0, -119.0, -107.0, -109.0, -82.0, -184.0, -167.0, -115.0, -155.0, -86.0, -296.0, -300.0, -128.0, -115.0, -147.0, -300.0, -300.0, -156.0, -91.0, -124.0, -110.0, -178.0, -182.0, -130.0, -90.0, -154.0, -163.0, -102.0, -137.0, -115.0, -78.0, -126.0, -119.0, -91.0, -152.0, -158.0, -200.0, -75.0, -300.0, -148.0, -127.0, -135.0, -110.0, -149.0, -103.0, -139.0, -111.0, -135.0, -154.0, -96.0, -220.0, -198.0, -99.0, -146.0, -123.0, -163.0, -115.0, -79.0, -88.0, -107.0, -127.0, -135.0, -111.0, -300.0, -300.0, -180.0, -235.0, -300.0, -173.0, -147.0, -91.0, -102.0, -93.0, -192.0, -300.0, -111.0, -160.0, -99.0, -130.0, -174.0, -99.0, -87.0, -110.0, -118.0]], "success_matrix": [[true, true, true, true, true, true, true, true, true, true, true, true, true, true, true, false, true, true, true, true, true, true, true, true, true, true, false, true, true, true, true, true, true, true, true, true, true, true, true, true, true, true, false, false, false, true, false, true, false, true, true, true, true, true, true, true, true, true, true, true, true, false, true, false, true, true, true, true, true, true, true, true, true, true, true, true, true, true, true, true, true, true, true, true, true, true, false, false, true, true, true, true, false, false, true, false, true, true, true, true], [true, true, true, true, false, true, true, true, true, true, true, true, true, false, true, true, true, true, true, true, true, true, true, true, true, false, false, true, true, false, true, true, true, true, true, true, true, true, true, true, true, true, true, true, true, true, true, true, true, true, true, true, true, true, true, true, true, true, true, true, true, true, true, true, true, true, true, true, true, true, true, true, true, true, true, true, true, true, true, true, false, true, true, true, true, true, true, true, true, true, true, false, true, true, true, true, true, true, true, true], [false, true, true, true, true, true, true, false, true, true, true, true, true, true, true, false, true, false, true, true, true, true, true, true, true, true, true, true, true, false, true, false, true, true, true, true, true, false, true, true, true, true, true, false, true, true, true, true, true, false, true, true, true, true, false, true, true, true, true, true, true, true, true, true, true, true, true, true, true, true, true, true, true, false, true, true, true, true, false, true, true, true, true, true, true, true, true, true, true, true, false, true, false, true, true, true, false, true, true, true], [false, true, true, true, true, false, false, true, false, true, true, false, true, false, true, true, true, false, true, true, true, true, false, true, true, true, true, true, true, true, true, true, true, true, true, true, true, true, true, true, false, true, true, true, true, false, true, true, true, false, true, true, true, true, true, true, true, true, true, true, false, true, true, false, true, true, true, true, true, false, true, true, true, true, true, true, true, true, true, true, true, true, false, true, true, false, true, true, true, true, true, false, true, false, true, true, false, true, false, true], [true, true, false, true, true, true, true, true, true, true, true, true, false, true, true, false, true, true, true, true, true, true, true, true, true, true, false, false, true, true, true, false, false, true, true, true, true, true, true, true, true, true, true, true, true, true, true, true, true, true, true, true, true, true, false, true, true, true, true, true, true, true, true, true, true, true, true, true, true, true, true, true, true, true, true, true, true, true, true, false, false, true, true, false, true, true, true, true, true, true, false, true, true, true, true, true, true, true, true, true]], "ticket_name": "zo_envs10_iter500_cand2_lambda5.0_seed666_ddim8_20251213_184046/seed_669", "eval_noise_idx": 0, "eval_seed": 1619}