{"n_seeds": 5, "n_evals_per_seed": 100, "reward_mean": -219.08999633789062, "reward_std": 7.881478309631348, "success_mean": 0.5459999999999999, "success_std": 0.05462600113499064, "episode_seeds": [1619, 1620, 1621, 1622, 1623], "seed_reward_means": [-217.3800048828125, -213.77999877929688, -211.25999450683594, -233.86000061035156, -219.1699981689453], "seed_success_means": [0.56, 0.61, 0.59, 0.46, 0.51], "reward_matrix": [[-300.0, -300.0, -200.0, -127.0, -172.0, -300.0, -142.0, -120.0, -300.0, -300.0, -219.0, -300.0, -139.0, -300.0, -300.0, -132.0, -300.0, -300.0, -300.0, -140.0, -300.0, -300.0, -124.0, -147.0, -300.0, -157.0, -300.0, -300.0, -231.0, -120.0, -130.0, -158.0, -300.0, -126.0, -300.0, -300.0, -164.0, -300.0, -300.0, -132.0, -188.0, -155.0, -300.0, -300.0, -193.0, -134.0, -132.0, -300.0, -131.0, -300.0, -123.0, -116.0, -300.0, -139.0, -128.0, -292.0, -144.0, -131.0, -300.0, -143.0, -160.0, -300.0, -124.0, -128.0, -300.0, -300.0, -300.0, -136.0, -127.0, -250.0, -300.0, -114.0, -300.0, -300.0, -138.0, -173.0, -300.0, -300.0, -235.0, -300.0, -300.0, -300.0, -300.0, -195.0, -112.0, -153.0, -300.0, -171.0, -136.0, -142.0, -140.0, -128.0, -204.0, -300.0, -130.0, -169.0, -124.0, -300.0, -300.0, -120.0], [-300.0, -300.0, -161.0, -300.0, -134.0, -244.0, -139.0, -300.0, -152.0, -151.0, -300.0, -300.0, -300.0, -300.0, -300.0, -300.0, -300.0, -146.0, -130.0, -300.0, -300.0, -144.0, -144.0, -136.0, -132.0, -140.0, -126.0, -142.0, -300.0, -300.0, -149.0, -300.0, -300.0, -146.0, -300.0, -138.0, -300.0, -294.0, -300.0, -148.0, -187.0, -142.0, -300.0, -300.0, -152.0, -136.0, -144.0, -300.0, -167.0, -216.0, -176.0, -300.0, -136.0, -154.0, -224.0, -148.0, -139.0, -136.0, -126.0, -122.0, -300.0, -174.0, -196.0, -146.0, -161.0, -128.0, -172.0, -300.0, -106.0, -162.0, -160.0, -148.0, -140.0, -126.0, -127.0, -300.0, -169.0, -300.0, -300.0, -300.0, -300.0, -300.0, -175.0, -300.0, -300.0, -300.0, -199.0, -203.0, -300.0, -164.0, -173.0, -263.0, -300.0, -123.0, -152.0, -153.0, -300.0, -119.0, -300.0, -238.0], [-300.0, -164.0, -132.0, -174.0, -300.0, -123.0, -181.0, -300.0, -124.0, -135.0, -123.0, -300.0, -201.0, -120.0, -125.0, -127.0, -130.0, -146.0, -128.0, -300.0, -156.0, -154.0, -123.0, -150.0, -154.0, -300.0, -120.0, -216.0, -300.0, -201.0, -300.0, -300.0, -300.0, -300.0, -300.0, -300.0, -300.0, -123.0, -300.0, -300.0, -300.0, -189.0, -300.0, -126.0, -300.0, -130.0, -300.0, -139.0, -300.0, -116.0, -300.0, -135.0, -300.0, -139.0, -300.0, -300.0, -152.0, -130.0, -300.0, -140.0, -132.0, -300.0, -191.0, -300.0, -300.0, -168.0, -139.0, -144.0, -131.0, -300.0, -159.0, -123.0, -300.0, -211.0, -135.0, -300.0, -124.0, -300.0, -119.0, -300.0, -127.0, -231.0, -132.0, -300.0, -134.0, -144.0, -149.0, -300.0, -300.0, -160.0, -300.0, -300.0, -156.0, -300.0, -158.0, -132.0, -205.0, -300.0, -234.0, -162.0], [-154.0, -203.0, -300.0, -300.0, -297.0, -115.0, -136.0, -116.0, -300.0, -154.0, -300.0, -132.0, -147.0, -133.0, -300.0, -144.0, -300.0, -119.0, -300.0, -129.0, -149.0, -197.0, -300.0, -300.0, -300.0, -300.0, -120.0, -300.0, -151.0, -300.0, -300.0, -300.0, -169.0, -205.0, -115.0, -127.0, -300.0, -172.0, -300.0, -159.0, -300.0, -278.0, -160.0, -300.0, -300.0, -300.0, -300.0, -300.0, -300.0, -132.0, -300.0, -140.0, -300.0, -127.0, -300.0, -135.0, -147.0, -140.0, -111.0, -300.0, -300.0, -300.0, -300.0, -300.0, -300.0, -300.0, -139.0, -127.0, -300.0, -300.0, -159.0, -159.0, -300.0, -300.0, -300.0, -130.0, -300.0, -300.0, -130.0, -154.0, -300.0, -245.0, -300.0, -276.0, -300.0, -164.0, -300.0, -190.0, -300.0, -300.0, -139.0, -300.0, -300.0, -300.0, -300.0, -291.0, -300.0, -135.0, -300.0, -135.0], [-138.0, -147.0, -112.0, -143.0, -123.0, -300.0, -300.0, -119.0, -300.0, -120.0, -300.0, -300.0, -300.0, -120.0, -156.0, -300.0, -300.0, -132.0, -300.0, -163.0, -300.0, -129.0, -155.0, -162.0, -127.0, -136.0, -300.0, -300.0, -212.0, -187.0, -123.0, -300.0, -300.0, -300.0, -128.0, -128.0, -165.0, -300.0, -123.0, -133.0, -300.0, -300.0, -300.0, -148.0, -300.0, -300.0, -300.0, -300.0, -166.0, -300.0, -128.0, -300.0, -195.0, -300.0, -176.0, -300.0, -128.0, -300.0, -123.0, -300.0, -136.0, -300.0, -300.0, -186.0, -132.0, -121.0, -300.0, -150.0, -300.0, -126.0, -300.0, -300.0, -300.0, -300.0, -131.0, -300.0, -300.0, -139.0, -300.0, -144.0, -173.0, -144.0, -300.0, -300.0, -127.0, -148.0, -122.0, -300.0, -138.0, -300.0, -300.0, -300.0, -300.0, -129.0, -300.0, -139.0, -300.0, -121.0, -140.0, -126.0]], "success_matrix": [[false, false, true, true, true, false, true, true, false, false, true, false, true, false, false, true, false, false, false, true, false, false, true, true, false, true, false, false, true, true, true, true, false, true, false, false, true, false, false, true, true, true, false, false, true, true, true, false, true, false, true, true, false, true, true, true, true, true, false, true, true, false, true, true, false, false, false, true, true, true, false, true, false, false, true, true, false, false, true, false, false, false, false, true, true, true, false, true, true, true, true, true, true, false, true, true, true, false, false, true], [false, false, true, false, true, true, true, false, true, true, false, false, false, false, false, false, false, true, true, false, false, true, true, true, true, true, true, true, false, false, true, false, false, true, false, true, false, true, false, true, true, true, false, false, true, true, true, false, true, true, true, false, true, true, true, true, true, true, true, true, false, true, true, true, true, true, true, false, true, true, true, true, true, true, true, false, true, false, false, false, false, false, true, false, false, false, true, true, false, true, true, true, false, true, true, true, false, true, false, true], [false, true, true, true, false, true, true, false, true, true, true, false, true, true, true, true, true, true, true, false, true, true, true, true, true, false, true, true, false, true, false, false, false, false, false, false, false, true, false, false, false, true, false, true, false, true, false, true, false, true, false, true, false, true, false, false, true, true, false, true, true, false, true, false, false, true, true, true, true, false, true, true, false, true, true, false, true, false, true, false, true, true, true, false, true, true, true, false, false, true, false, false, true, false, true, true, true, false, true, true], [true, true, false, false, false, true, true, true, false, true, false, true, true, true, false, true, false, true, false, true, true, true, false, false, false, false, true, false, true, false, false, false, true, true, true, true, false, true, false, true, false, true, true, false, false, false, false, false, false, true, false, true, false, true, false, true, true, true, true, false, false, false, false, false, false, false, true, true, false, false, true, true, false, false, false, true, false, false, true, true, false, true, false, true, false, true, false, true, false, false, true, false, false, false, false, true, false, true, false, true], [true, true, true, true, true, false, false, true, false, true, false, false, false, true, true, false, false, true, false, true, false, true, true, true, true, true, false, false, true, true, true, false, false, false, true, true, true, false, true, true, false, false, false, true, false, false, false, false, true, false, true, false, true, false, true, false, true, false, true, false, true, false, false, true, true, true, false, true, false, true, false, false, false, false, true, false, false, true, false, true, true, true, false, false, true, true, true, false, true, false, false, false, false, true, false, true, false, true, true, true]], "ticket_name": "envs10_samples5000_seed999_ddim8_20251130_223053_nenvs_10", "eval_noise_idx": 7, "eval_seed": 1619}