{"n_seeds": 5, "n_evals_per_seed": 100, "reward_mean": -219.02999877929688, "reward_std": 15.34619426727295, "success_mean": 0.458, "success_std": 0.09311283477587823, "episode_seeds": [1619, 1620, 1621, 1622, 1623], "seed_reward_means": [-238.00999450683594, -208.6199951171875, -205.61000061035156, -233.32000732421875, -209.58999633789062], "seed_success_means": [0.35, 0.49, 0.58, 0.38, 0.49], "reward_matrix": [[-300.0, -60.0, -52.0, -104.0, -300.0, -187.0, -300.0, -280.0, -300.0, -196.0, -300.0, -60.0, -59.0, -300.0, -158.0, -300.0, -300.0, -300.0, -300.0, -208.0, -300.0, -224.0, -105.0, -229.0, -300.0, -300.0, -300.0, -300.0, -300.0, -157.0, -300.0, -300.0, -300.0, -300.0, -300.0, -300.0, -124.0, -300.0, -300.0, -300.0, -300.0, -56.0, -59.0, -77.0, -189.0, -300.0, -69.0, -300.0, -252.0, -163.0, -209.0, -300.0, -64.0, -300.0, -300.0, -300.0, -300.0, -63.0, -300.0, -300.0, -300.0, -123.0, -300.0, -300.0, -300.0, -300.0, -300.0, -300.0, -300.0, -300.0, -300.0, -300.0, -67.0, -300.0, -81.0, -300.0, -300.0, -300.0, -62.0, -87.0, -300.0, -300.0, -300.0, -300.0, -204.0, -300.0, -300.0, -300.0, -300.0, -300.0, -66.0, -300.0, -300.0, -300.0, -300.0, -300.0, -87.0, -300.0, -66.0, -54.0], [-51.0, -81.0, -300.0, -300.0, -226.0, -77.0, -191.0, -133.0, -300.0, -300.0, -103.0, -88.0, -300.0, -300.0, -124.0, -91.0, -300.0, -300.0, -165.0, -300.0, -300.0, -47.0, -300.0, -68.0, -300.0, -299.0, -67.0, -300.0, -300.0, -300.0, -300.0, -300.0, -300.0, -63.0, -216.0, -84.0, -91.0, -300.0, -123.0, -300.0, -110.0, -300.0, -300.0, -300.0, -300.0, -300.0, -300.0, -180.0, -50.0, -300.0, -116.0, -300.0, -89.0, -298.0, -300.0, -92.0, -175.0, -300.0, -129.0, -300.0, -300.0, -73.0, -52.0, -149.0, -300.0, -300.0, -167.0, -265.0, -300.0, -156.0, -300.0, -66.0, -300.0, -300.0, -300.0, -300.0, -160.0, -188.0, -300.0, -67.0, -78.0, -79.0, -176.0, -300.0, -116.0, -300.0, -82.0, -84.0, -55.0, -67.0, -300.0, -89.0, -300.0, -300.0, -300.0, -300.0, -94.0, -51.0, -221.0, -300.0], [-91.0, -84.0, -300.0, -300.0, -140.0, -150.0, -300.0, -300.0, -300.0, -68.0, -122.0, -54.0, -62.0, -142.0, -300.0, -300.0, -300.0, -300.0, -300.0, -300.0, -300.0, -179.0, -251.0, -295.0, -300.0, -300.0, -300.0, -300.0, -300.0, -185.0, -267.0, -300.0, -300.0, -300.0, -60.0, -138.0, -300.0, -67.0, -87.0, -300.0, -64.0, -300.0, -231.0, -209.0, -60.0, -107.0, -112.0, -164.0, -51.0, -128.0, -300.0, -64.0, -300.0, -58.0, -300.0, -270.0, -300.0, -123.0, -66.0, -60.0, -176.0, -177.0, -86.0, -300.0, -166.0, -227.0, -300.0, -65.0, -196.0, -57.0, -219.0, -144.0, -98.0, -84.0, -300.0, -300.0, -53.0, -300.0, -300.0, -285.0, -300.0, -214.0, -300.0, -300.0, -84.0, -170.0, -300.0, -200.0, -300.0, -79.0, -76.0, -278.0, -300.0, -300.0, -252.0, -300.0, -99.0, -183.0, -300.0, -84.0], [-300.0, -67.0, -300.0, -65.0, -300.0, -137.0, -300.0, -209.0, -300.0, -300.0, -300.0, -161.0, -300.0, -300.0, -300.0, -300.0, -300.0, -52.0, -228.0, -211.0, -60.0, -75.0, -300.0, -300.0, -300.0, -300.0, -300.0, -57.0, -56.0, -300.0, -300.0, -300.0, -300.0, -55.0, -260.0, -183.0, -300.0, -300.0, -188.0, -300.0, -300.0, -300.0, -50.0, -82.0, -300.0, -300.0, -300.0, -54.0, -300.0, -72.0, -300.0, -134.0, -186.0, -300.0, -300.0, -300.0, -79.0, -300.0, -300.0, -300.0, -300.0, -213.0, -300.0, -300.0, -85.0, -300.0, -80.0, -300.0, -300.0, -65.0, -300.0, -300.0, -300.0, -300.0, -186.0, -175.0, -64.0, -192.0, -300.0, -116.0, -300.0, -300.0, -300.0, -300.0, -52.0, -184.0, -300.0, -300.0, -300.0, -300.0, -192.0, -300.0, -85.0, -42.0, -280.0, -300.0, -300.0, -300.0, -300.0, -300.0], [-55.0, -300.0, -93.0, -300.0, -300.0, -168.0, -60.0, -200.0, -300.0, -300.0, -59.0, -56.0, -300.0, -300.0, -56.0, -300.0, -300.0, -55.0, -138.0, -300.0, -300.0, -300.0, -300.0, -96.0, -74.0, -300.0, -300.0, -300.0, -203.0, -121.0, -300.0, -300.0, -72.0, -300.0, -127.0, -300.0, -82.0, -207.0, -300.0, -300.0, -71.0, -300.0, -300.0, -129.0, -300.0, -300.0, -300.0, -300.0, -111.0, -300.0, -300.0, -300.0, -63.0, -300.0, -300.0, -300.0, -56.0, -228.0, -294.0, -300.0, -300.0, -300.0, -82.0, -52.0, -300.0, -164.0, -300.0, -300.0, -53.0, -300.0, -300.0, -272.0, -78.0, -50.0, -81.0, -300.0, -300.0, -58.0, -175.0, -80.0, -300.0, -76.0, -159.0, -185.0, -57.0, -63.0, -99.0, -193.0, -300.0, -300.0, -300.0, -172.0, -62.0, -260.0, -69.0, -264.0, -188.0, -300.0, -300.0, -93.0]], "success_matrix": [[false, true, true, true, false, true, false, true, false, true, false, true, true, false, true, false, false, false, false, true, false, true, true, true, false, false, false, false, false, true, false, false, false, false, false, false, true, false, false, false, false, true, true, true, true, false, true, false, true, true, true, false, true, false, false, false, false, true, false, false, false, true, false, false, false, false, false, false, false, false, false, false, true, false, true, false, false, false, true, true, false, false, false, false, true, false, false, false, false, false, true, false, false, false, false, false, true, false, true, true], [true, true, false, false, true, true, true, true, false, false, true, true, false, false, true, true, false, false, true, false, false, true, false, true, false, false, true, false, false, false, false, false, false, true, true, true, true, false, true, false, true, false, false, false, false, false, false, true, true, false, true, false, true, false, false, true, true, false, true, false, false, true, true, true, false, false, true, true, false, true, false, true, false, false, false, false, true, true, false, true, true, true, true, false, true, false, true, true, true, true, false, true, false, false, false, false, true, true, true, false], [true, true, false, false, true, true, false, false, false, true, true, true, true, true, false, false, false, false, false, false, false, true, true, true, false, false, false, false, false, true, true, false, false, false, true, true, false, true, true, false, true, false, true, true, true, true, true, true, true, true, false, true, false, true, false, true, false, true, true, true, true, true, true, false, true, true, false, true, true, true, true, true, true, true, false, false, true, false, false, true, false, true, false, false, true, true, false, true, false, true, true, true, false, false, true, false, true, true, false, true], [false, true, false, true, false, true, false, true, false, false, false, true, false, false, false, false, false, true, true, true, true, true, false, false, false, false, false, true, true, false, false, false, false, true, true, true, false, false, true, false, false, false, true, true, false, false, false, true, false, true, false, true, true, false, false, false, true, false, false, false, false, true, false, false, true, false, true, false, false, true, false, false, false, false, true, true, true, true, false, true, false, false, false, false, true, true, false, false, false, false, true, false, true, true, true, false, false, false, false, false], [true, false, true, false, false, true, true, true, false, false, true, true, false, false, true, false, false, true, true, false, false, false, false, true, true, false, false, false, true, true, false, false, true, false, true, false, true, true, false, false, true, false, false, true, false, false, false, false, true, false, false, false, true, false, false, false, true, true, false, false, false, false, true, true, false, true, false, false, true, false, false, true, true, true, true, false, false, true, true, true, false, true, true, true, true, true, true, true, false, false, false, true, true, true, true, true, true, false, false, true]], "ticket_name": "zo_envs10_iter100_cand10_lambda5.0_seed666_ddim8_20251213_184024/seed_671", "eval_noise_idx": 0, "eval_seed": 1619}