{"n_seeds": 5, "n_evals_per_seed": 100, "reward_mean": -256.66802978515625, "reward_std": 2.7281925678253174, "success_mean": 0.48200000000000004, "success_std": 0.02481934729198172, "episode_seeds": [1619, 1620, 1621, 1622, 1623], "seed_reward_means": [-256.3800048828125, -259.3800048828125, -260.07000732421875, -252.97000122070312, -254.5399932861328], "seed_success_means": [0.51, 0.47, 0.44, 0.49, 0.5], "reward_matrix": [[-300.0, -215.0, -300.0, -163.0, -243.0, -300.0, -300.0, -261.0, -207.0, -300.0, -300.0, -300.0, -265.0, -244.0, -297.0, -300.0, -300.0, -173.0, -277.0, -247.0, -300.0, -300.0, -163.0, -300.0, -300.0, -300.0, -256.0, -163.0, -300.0, -159.0, -223.0, -247.0, -203.0, -159.0, -300.0, -176.0, -237.0, -300.0, -300.0, -300.0, -294.0, -300.0, -199.0, -300.0, -299.0, -205.0, -199.0, -175.0, -300.0, -191.0, -159.0, -300.0, -300.0, -300.0, -247.0, -300.0, -300.0, -171.0, -300.0, -264.0, -238.0, -292.0, -300.0, -237.0, -300.0, -183.0, -300.0, -300.0, -300.0, -300.0, -194.0, -231.0, -300.0, -300.0, -217.0, -300.0, -300.0, -300.0, -244.0, -300.0, -300.0, -175.0, -300.0, -240.0, -159.0, -300.0, -183.0, -244.0, -295.0, -171.0, -300.0, -264.0, -300.0, -243.0, -171.0, -226.0, -163.0, -300.0, -300.0, -187.0], [-195.0, -175.0, -295.0, -198.0, -300.0, -300.0, -175.0, -221.0, -300.0, -300.0, -203.0, -300.0, -171.0, -300.0, -300.0, -207.0, -263.0, -300.0, -202.0, -167.0, -300.0, -300.0, -300.0, -273.0, -167.0, -300.0, -300.0, -300.0, -171.0, -300.0, -300.0, -268.0, -300.0, -191.0, -199.0, -300.0, -300.0, -300.0, -300.0, -300.0, -211.0, -219.0, -202.0, -195.0, -300.0, -295.0, -300.0, -244.0, -245.0, -300.0, -300.0, -300.0, -300.0, -300.0, -300.0, -300.0, -300.0, -300.0, -167.0, -144.0, -236.0, -300.0, -300.0, -300.0, -300.0, -256.0, -300.0, -239.0, -159.0, -246.0, -300.0, -226.0, -300.0, -163.0, -300.0, -210.0, -240.0, -300.0, -227.0, -300.0, -283.0, -300.0, -213.0, -300.0, -300.0, -204.0, -235.0, -261.0, -300.0, -300.0, -300.0, -210.0, -213.0, -300.0, -187.0, -300.0, -300.0, -155.0, -300.0, -212.0], [-195.0, -300.0, -300.0, -204.0, -223.0, -300.0, -300.0, -300.0, -300.0, -300.0, -163.0, -300.0, -300.0, -155.0, -300.0, -175.0, -252.0, -300.0, -179.0, -300.0, -191.0, -300.0, -159.0, -300.0, -300.0, -263.0, -300.0, -300.0, -300.0, -300.0, -300.0, -275.0, -300.0, -300.0, -267.0, -197.0, -192.0, -256.0, -223.0, -300.0, -300.0, -300.0, -280.0, -195.0, -300.0, -300.0, -300.0, -203.0, -259.0, -183.0, -252.0, -213.0, -226.0, -281.0, -300.0, -171.0, -300.0, -203.0, -167.0, -300.0, -175.0, -300.0, -223.0, -300.0, -300.0, -220.0, -300.0, -300.0, -211.0, -247.0, -179.0, -177.0, -300.0, -300.0, -195.0, -300.0, -300.0, -300.0, -147.0, -300.0, -300.0, -191.0, -300.0, -300.0, -300.0, -300.0, -300.0, -300.0, -300.0, -300.0, -300.0, -188.0, -235.0, -300.0, -247.0, -300.0, -300.0, -166.0, -204.0, -300.0], [-183.0, -203.0, -191.0, -194.0, -300.0, -143.0, -254.0, -300.0, -300.0, -171.0, -255.0, -211.0, -300.0, -300.0, -300.0, -203.0, -300.0, -195.0, -300.0, -300.0, -300.0, -300.0, -172.0, -300.0, -203.0, -175.0, -155.0, -300.0, -217.0, -250.0, -300.0, -300.0, -230.0, -300.0, -155.0, -300.0, -300.0, -300.0, -214.0, -300.0, -212.0, -300.0, -300.0, -300.0, -196.0, -300.0, -300.0, -300.0, -300.0, -220.0, -300.0, -300.0, -248.0, -239.0, -300.0, -240.0, -195.0, -300.0, -300.0, -207.0, -207.0, -214.0, -170.0, -204.0, -300.0, -300.0, -288.0, -300.0, -300.0, -300.0, -300.0, -300.0, -211.0, -300.0, -300.0, -300.0, -300.0, -300.0, -163.0, -191.0, -195.0, -300.0, -300.0, -187.0, -232.0, -183.0, -212.0, -187.0, -147.0, -300.0, -300.0, -199.0, -191.0, -247.0, -179.0, -300.0, -300.0, -300.0, -256.0, -203.0], [-300.0, -300.0, -143.0, -252.0, -300.0, -300.0, -300.0, -151.0, -300.0, -300.0, -300.0, -300.0, -184.0, -300.0, -300.0, -300.0, -207.0, -269.0, -300.0, -214.0, -300.0, -300.0, -300.0, -278.0, -300.0, -181.0, -236.0, -300.0, -300.0, -252.0, -163.0, -171.0, -300.0, -206.0, -300.0, -300.0, -191.0, -163.0, -159.0, -215.0, -300.0, -239.0, -300.0, -300.0, -268.0, -184.0, -189.0, -278.0, -300.0, -300.0, -171.0, -255.0, -300.0, -300.0, -300.0, -300.0, -238.0, -300.0, -300.0, -205.0, -281.0, -231.0, -300.0, -270.0, -300.0, -215.0, -300.0, -300.0, -228.0, -163.0, -175.0, -249.0, -222.0, -159.0, -300.0, -181.0, -300.0, -300.0, -211.0, -300.0, -300.0, -300.0, -230.0, -183.0, -300.0, -300.0, -155.0, -185.0, -300.0, -292.0, -300.0, -211.0, -237.0, -300.0, -300.0, -300.0, -155.0, -155.0, -209.0, -195.0]], "success_matrix": [[false, true, false, true, true, false, false, true, true, false, false, false, true, true, false, false, false, true, true, true, false, false, true, false, false, false, true, true, false, true, true, true, true, true, false, true, true, false, false, false, true, false, true, false, false, true, true, true, false, true, true, false, false, false, true, false, false, true, false, true, true, true, false, true, false, true, false, false, false, false, true, true, false, false, true, false, false, false, true, false, false, true, false, true, true, false, true, true, true, true, false, true, false, true, true, true, true, false, false, true], [true, true, true, true, false, false, true, true, false, false, true, false, true, false, false, true, true, false, true, true, false, false, false, true, true, false, false, false, true, false, false, true, false, true, true, false, false, false, false, false, true, true, true, true, false, true, false, true, true, false, false, false, false, false, false, false, false, false, true, true, true, false, false, false, false, true, false, true, true, true, false, true, false, true, false, true, true, false, true, false, true, false, true, false, false, true, true, true, false, false, false, true, true, false, true, false, false, true, false, true], [true, false, false, true, true, false, false, false, false, false, true, false, false, true, false, true, true, false, true, false, true, false, true, false, false, true, false, false, false, false, false, true, false, false, true, true, true, true, true, false, false, false, true, true, false, false, false, true, true, true, true, true, true, true, false, true, false, true, true, false, true, false, true, false, false, true, false, false, true, true, true, true, false, false, true, false, false, false, true, false, false, true, false, false, false, false, false, false, false, false, false, true, true, false, true, false, false, true, true, false], [true, true, true, true, false, true, true, false, false, true, true, true, false, false, false, true, false, true, false, false, false, false, true, false, true, true, true, false, true, true, false, false, true, false, true, false, false, false, true, false, true, false, false, false, true, false, false, false, false, true, false, false, true, true, false, true, true, false, false, true, true, true, true, true, false, false, true, false, false, false, false, false, true, false, false, false, false, false, true, true, true, false, false, true, true, true, true, true, true, false, false, true, true, true, true, false, false, false, true, true], [false, false, true, true, false, false, false, true, false, false, false, false, true, false, false, false, true, true, false, true, false, false, false, true, false, true, true, false, false, true, true, true, false, true, false, false, true, true, true, true, false, true, false, false, true, true, true, true, false, false, true, true, false, false, false, false, true, false, false, true, true, true, false, true, false, true, false, false, true, true, true, true, true, true, false, true, false, false, true, false, false, false, true, true, false, false, true, true, false, true, false, true, true, false, false, false, true, true, true, true]], "ticket_name": "envs100_samples5000_seed999_ddim8_20251130_221846_ddim8", "eval_noise_idx": 28, "eval_seed": 1619}