{
  "n_st2_indices": 3,
  "st1_idx": 0,
  "st2_indices": [
    0,
    1,
    2
  ],
  "reward_thresholds": {
    "1": -1.9,
    "2": -1
  },
  "reward_mean_across_indices": -251.66931660970053,
  "reward_std_across_indices": 0.9018639643027511,
  "success_mean_across_indices": 0.48466666666666663,
  "success_std_across_indices": 0.006110100926607732,
  "st1_success_mean_across_indices": 0.6679999999999998,
  "st1_success_std_across_indices": 1.3597399555105182e-16,
  "per_index_results": {
    "0": {
      "reward_mean": -250.6298065185547,
      "reward_std": 10.427290916442871,
      "success_mean": 0.48999999999999994,
      "success_std": 0.0589915248150105,
      "st1_success_mean": 0.6679999999999999,
      "st1_success_std": 0.037094473981982796
    },
    "1": {
      "reward_mean": -252.135009765625,
      "reward_std": 9.800759315490723,
      "success_mean": 0.48599999999999993,
      "success_std": 0.045431266766402204,
      "st1_success_mean": 0.6679999999999999,
      "st1_success_std": 0.037094473981982796
    },
    "2": {
      "reward_mean": -252.24313354492188,
      "reward_std": 10.738597869873047,
      "success_mean": 0.47800000000000004,
      "success_std": 0.05775811631277461,
      "st1_success_mean": 0.6679999999999999,
      "st1_success_std": 0.037094473981982796
    }
  }
}