{"n_seeds": 5, "n_evals_per_seed": 100, "reward_mean": -325.4720153808594, "reward_std": 11.709460258483887, "success_mean": 0.44800000000000006, "success_std": 0.07190271204899022, "episode_seeds": [1619, 1620, 1621, 1622, 1623], "seed_reward_means": [-340.3399963378906, -323.5199890136719, -322.4100036621094, -332.07000732421875, -309.0199890136719], "seed_success_means": [0.36, 0.44, 0.48, 0.41, 0.55], "reward_matrix": [[-221.0, -209.0, -400.0, -213.0, -297.0, -226.0, -400.0, -250.0, -257.0, -347.0, -174.0, -188.0, -400.0, -400.0, -400.0, -169.0, -201.0, -227.0, -400.0, -258.0, -400.0, -213.0, -229.0, -190.0, -178.0, -262.0, -203.0, -297.0, -400.0, -163.0, -400.0, -400.0, -400.0, -400.0, -400.0, -338.0, -257.0, -400.0, -400.0, -400.0, -400.0, -400.0, -400.0, -400.0, -400.0, -400.0, -400.0, -400.0, -400.0, -400.0, -237.0, -166.0, -400.0, -206.0, -400.0, -400.0, -400.0, -400.0, -400.0, -161.0, -400.0, -400.0, -282.0, -400.0, -400.0, -170.0, -400.0, -206.0, -400.0, -400.0, -258.0, -400.0, -400.0, -400.0, -400.0, -400.0, -358.0, -400.0, -274.0, -400.0, -400.0, -400.0, -400.0, -400.0, -400.0, -400.0, -400.0, -365.0, -400.0, -400.0, -400.0, -400.0, -184.0, -400.0, -400.0, -400.0, -400.0, -400.0, -400.0, -400.0], [-400.0, -400.0, -171.0, -400.0, -273.0, -238.0, -374.0, -400.0, -238.0, -183.0, -400.0, -400.0, -170.0, -223.0, -400.0, -400.0, -162.0, -190.0, -193.0, -400.0, -400.0, -292.0, -400.0, -400.0, -400.0, -348.0, -400.0, -181.0, -400.0, -400.0, -400.0, -400.0, -400.0, -182.0, -206.0, -182.0, -218.0, -400.0, -400.0, -400.0, -400.0, -400.0, -400.0, -299.0, -206.0, -400.0, -400.0, -306.0, -400.0, -400.0, -400.0, -400.0, -400.0, -400.0, -400.0, -400.0, -400.0, -178.0, -400.0, -400.0, -400.0, -238.0, -291.0, -400.0, -400.0, -319.0, -190.0, -166.0, -400.0, -400.0, -400.0, -202.0, -301.0, -400.0, -400.0, -400.0, -400.0, -170.0, -400.0, -229.0, -400.0, -281.0, -166.0, -400.0, -333.0, -400.0, -181.0, -210.0, -400.0, -190.0, -170.0, -167.0, -400.0, -281.0, -186.0, -174.0, -325.0, -400.0, -400.0, -169.0], [-390.0, -294.0, -400.0, -334.0, -400.0, -322.0, -400.0, -400.0, -400.0, -400.0, -170.0, -183.0, -400.0, -400.0, -298.0, -400.0, -206.0, -400.0, -198.0, -400.0, -346.0, -400.0, -202.0, -242.0, -400.0, -400.0, -400.0, -335.0, -178.0, -400.0, -400.0, -400.0, -190.0, -382.0, -213.0, -400.0, -209.0, -210.0, -210.0, -183.0, -317.0, -158.0, -335.0, -400.0, -400.0, -400.0, -400.0, -377.0, -400.0, -400.0, -400.0, -294.0, -178.0, -156.0, -400.0, -400.0, -400.0, -170.0, -400.0, -400.0, -217.0, -162.0, -400.0, -249.0, -193.0, -202.0, -400.0, -400.0, -400.0, -400.0, -400.0, -400.0, -400.0, -400.0, -335.0, -205.0, -400.0, -400.0, -230.0, -185.0, -400.0, -362.0, -267.0, -210.0, -190.0, -400.0, -400.0, -186.0, -173.0, -400.0, -400.0, -400.0, -400.0, -178.0, -205.0, -400.0, -209.0, -203.0, -400.0, -400.0], [-400.0, -400.0, -176.0, -400.0, -189.0, -337.0, -250.0, -150.0, -400.0, -400.0, -253.0, -400.0, -295.0, -350.0, -220.0, -275.0, -400.0, -400.0, -202.0, -263.0, -190.0, -400.0, -149.0, -400.0, -400.0, -400.0, -400.0, -400.0, -400.0, -400.0, -159.0, -219.0, -174.0, -400.0, -225.0, -241.0, -400.0, -400.0, -400.0, -270.0, -206.0, -269.0, -400.0, -400.0, -400.0, -254.0, -400.0, -400.0, -400.0, -206.0, -400.0, -400.0, -400.0, -400.0, -177.0, -400.0, -400.0, -189.0, -400.0, -217.0, -400.0, -370.0, -224.0, -400.0, -400.0, -400.0, -366.0, -400.0, -173.0, -231.0, -182.0, -400.0, -193.0, -400.0, -400.0, -400.0, -400.0, -400.0, -400.0, -400.0, -400.0, -400.0, -400.0, -400.0, -207.0, -183.0, -400.0, -169.0, -326.0, -230.0, -400.0, -400.0, -310.0, -400.0, -400.0, -400.0, -400.0, -400.0, -400.0, -338.0], [-400.0, -400.0, -166.0, -210.0, -400.0, -400.0, -338.0, -400.0, -224.0, -302.0, -174.0, -154.0, -197.0, -200.0, -400.0, -170.0, -246.0, -170.0, -191.0, -400.0, -400.0, -206.0, -400.0, -400.0, -400.0, -400.0, -400.0, -278.0, -270.0, -249.0, -182.0, -400.0, -362.0, -247.0, -241.0, -169.0, -162.0, -201.0, -400.0, -400.0, -166.0, -382.0, -400.0, -326.0, -400.0, -202.0, -400.0, -277.0, -279.0, -193.0, -400.0, -194.0, -400.0, -202.0, -198.0, -400.0, -186.0, -246.0, -173.0, -400.0, -270.0, -400.0, -208.0, -400.0, -170.0, -400.0, -206.0, -234.0, -400.0, -234.0, -400.0, -400.0, -282.0, -178.0, -400.0, -400.0, -400.0, -400.0, -400.0, -251.0, -364.0, -400.0, -180.0, -400.0, -400.0, -392.0, -400.0, -400.0, -318.0, -400.0, -400.0, -400.0, -371.0, -400.0, -281.0, -214.0, -400.0, -174.0, -242.0, -400.0]], "success_matrix": [[true, true, false, true, true, true, false, true, true, true, true, true, false, false, false, true, true, true, false, true, false, true, true, true, true, true, true, true, false, true, false, false, false, false, false, true, true, false, false, false, false, false, false, false, false, false, false, false, false, false, true, true, false, true, false, false, false, false, false, true, false, false, true, false, false, true, false, true, false, false, true, false, false, false, false, false, true, false, true, false, false, false, false, false, false, false, false, true, false, false, false, false, true, false, false, false, false, false, false, false], [false, false, true, false, true, true, true, false, true, true, false, false, true, true, false, false, true, true, true, false, false, true, false, false, false, true, false, true, false, false, false, false, false, true, true, true, true, false, false, false, false, false, false, true, true, false, false, true, false, false, false, false, false, false, false, false, false, true, false, false, false, true, true, false, false, true, true, true, false, false, false, true, true, false, false, false, false, true, false, true, false, true, true, false, true, false, true, true, false, true, true, true, false, true, true, true, true, false, false, true], [true, true, false, true, false, true, false, false, false, false, true, true, false, false, true, false, true, false, true, false, true, false, true, true, false, false, false, true, true, false, false, false, true, true, true, false, true, true, true, true, true, true, true, false, false, false, false, true, false, false, false, true, true, true, false, false, false, true, false, false, true, true, false, true, true, true, false, false, false, false, false, false, false, false, true, true, false, false, true, true, false, true, true, true, true, false, false, true, true, false, false, false, false, true, true, false, true, true, false, false], [false, false, true, false, true, true, true, true, false, false, true, false, true, true, true, true, false, false, true, true, true, false, true, false, false, false, false, false, false, false, true, true, true, false, true, true, false, false, false, true, true, true, false, false, false, true, false, false, false, true, false, false, false, false, true, false, false, true, false, true, false, true, true, false, false, false, true, false, true, true, true, false, true, false, false, false, false, false, false, false, false, false, false, false, true, true, false, true, true, true, false, false, true, false, false, false, false, false, false, true], [false, false, true, true, false, false, true, false, true, true, true, true, true, true, false, true, true, true, true, false, false, true, false, false, false, false, false, true, true, true, true, false, true, true, true, true, true, true, false, false, true, true, false, true, false, true, false, true, true, true, false, true, false, true, true, false, true, true, true, false, true, false, true, false, true, false, true, true, false, true, false, false, true, true, false, false, false, false, false, true, true, false, true, false, false, true, false, false, true, false, false, false, true, false, true, true, false, true, true, false]], "ticket_name": "envs100_samples5000_seed999_20251122_233359_ddim8", "eval_noise_idx": 0, "eval_seed": 1619}