{"n_seeds": 5, "n_evals_per_seed": 100, "reward_mean": -118.05999755859375, "reward_std": 7.214649677276611, "success_mean": 0.9719999999999999, "success_std": 0.02588435821108955, "episode_seeds": [1619, 1620, 1621, 1622, 1623], "seed_reward_means": [-121.66999816894531, -109.9800033569336, -128.10000610351562, -117.87999725341797, -112.66999816894531], "seed_success_means": [0.98, 1.0, 0.93, 0.97, 0.98], "reward_matrix": [[-121.0, -87.0, -92.0, -96.0, -95.0, -84.0, -110.0, -117.0, -115.0, -132.0, -141.0, -85.0, -78.0, -112.0, -77.0, -107.0, -85.0, -100.0, -97.0, -96.0, -84.0, -109.0, -134.0, -92.0, -115.0, -90.0, -166.0, -125.0, -239.0, -83.0, -163.0, -119.0, -88.0, -129.0, -130.0, -89.0, -179.0, -79.0, -126.0, -86.0, -84.0, -91.0, -93.0, -135.0, -203.0, -171.0, -279.0, -90.0, -300.0, -300.0, -120.0, -138.0, -112.0, -83.0, -161.0, -79.0, -98.0, -96.0, -158.0, -117.0, -127.0, -178.0, -101.0, -104.0, -96.0, -96.0, -96.0, -168.0, -100.0, -93.0, -117.0, -194.0, -153.0, -86.0, -160.0, -88.0, -187.0, -95.0, -144.0, -95.0, -187.0, -111.0, -91.0, -219.0, -98.0, -126.0, -78.0, -111.0, -103.0, -98.0, -100.0, -87.0, -99.0, -101.0, -72.0, -104.0, -206.0, -82.0, -139.0, -117.0], [-93.0, -79.0, -85.0, -124.0, -100.0, -99.0, -81.0, -96.0, -82.0, -92.0, -93.0, -116.0, -124.0, -137.0, -94.0, -202.0, -98.0, -163.0, -92.0, -98.0, -210.0, -133.0, -102.0, -95.0, -91.0, -115.0, -236.0, -94.0, -96.0, -108.0, -159.0, -79.0, -94.0, -102.0, -140.0, -105.0, -119.0, -101.0, -79.0, -87.0, -103.0, -80.0, -97.0, -89.0, -108.0, -190.0, -96.0, -131.0, -75.0, -127.0, -106.0, -92.0, -149.0, -91.0, -112.0, -104.0, -88.0, -84.0, -116.0, -83.0, -103.0, -104.0, -132.0, -91.0, -107.0, -105.0, -119.0, -197.0, -107.0, -92.0, -72.0, -101.0, -122.0, -77.0, -114.0, -87.0, -87.0, -85.0, -157.0, -94.0, -91.0, -110.0, -82.0, -108.0, -116.0, -153.0, -116.0, -86.0, -128.0, -118.0, -86.0, -187.0, -91.0, -90.0, -262.0, -79.0, -92.0, -66.0, -96.0, -74.0], [-110.0, -97.0, -109.0, -88.0, -120.0, -141.0, -300.0, -141.0, -155.0, -98.0, -85.0, -86.0, -114.0, -112.0, -139.0, -94.0, -97.0, -80.0, -115.0, -163.0, -91.0, -300.0, -135.0, -159.0, -87.0, -164.0, -166.0, -91.0, -115.0, -300.0, -92.0, -117.0, -123.0, -86.0, -98.0, -300.0, -91.0, -300.0, -130.0, -104.0, -81.0, -76.0, -87.0, -85.0, -75.0, -91.0, -107.0, -121.0, -85.0, -164.0, -108.0, -96.0, -82.0, -95.0, -112.0, -281.0, -72.0, -83.0, -99.0, -99.0, -101.0, -199.0, -128.0, -118.0, -90.0, -90.0, -239.0, -91.0, -85.0, -159.0, -300.0, -111.0, -91.0, -300.0, -92.0, -89.0, -78.0, -239.0, -120.0, -102.0, -112.0, -119.0, -90.0, -92.0, -130.0, -78.0, -113.0, -80.0, -104.0, -101.0, -121.0, -123.0, -89.0, -168.0, -133.0, -208.0, -94.0, -143.0, -104.0, -194.0], [-96.0, -117.0, -74.0, -126.0, -80.0, -300.0, -105.0, -78.0, -116.0, -92.0, -97.0, -187.0, -84.0, -106.0, -106.0, -106.0, -148.0, -300.0, -107.0, -79.0, -95.0, -110.0, -118.0, -98.0, -211.0, -83.0, -83.0, -166.0, -83.0, -112.0, -130.0, -96.0, -144.0, -100.0, -128.0, -83.0, -89.0, -85.0, -114.0, -137.0, -144.0, -99.0, -83.0, -179.0, -91.0, -93.0, -81.0, -98.0, -71.0, -171.0, -110.0, -106.0, -91.0, -89.0, -125.0, -100.0, -142.0, -98.0, -184.0, -108.0, -120.0, -78.0, -116.0, -119.0, -115.0, -120.0, -212.0, -300.0, -93.0, -85.0, -91.0, -93.0, -87.0, -142.0, -123.0, -82.0, -90.0, -91.0, -98.0, -99.0, -102.0, -103.0, -151.0, -78.0, -88.0, -92.0, -87.0, -107.0, -132.0, -93.0, -106.0, -171.0, -185.0, -170.0, -212.0, -104.0, -112.0, -91.0, -85.0, -133.0], [-162.0, -98.0, -95.0, -101.0, -86.0, -80.0, -78.0, -75.0, -99.0, -113.0, -98.0, -210.0, -102.0, -91.0, -89.0, -145.0, -99.0, -92.0, -85.0, -102.0, -81.0, -95.0, -88.0, -185.0, -230.0, -85.0, -122.0, -88.0, -90.0, -87.0, -107.0, -93.0, -300.0, -110.0, -300.0, -80.0, -91.0, -137.0, -95.0, -95.0, -72.0, -108.0, -93.0, -87.0, -89.0, -81.0, -79.0, -90.0, -85.0, -98.0, -286.0, -184.0, -142.0, -78.0, -94.0, -96.0, -87.0, -95.0, -92.0, -104.0, -93.0, -80.0, -90.0, -87.0, -121.0, -77.0, -242.0, -114.0, -163.0, -200.0, -97.0, -175.0, -83.0, -85.0, -132.0, -85.0, -110.0, -96.0, -90.0, -88.0, -97.0, -103.0, -138.0, -93.0, -201.0, -103.0, -74.0, -97.0, -91.0, -95.0, -106.0, -84.0, -170.0, -78.0, -142.0, -101.0, -122.0, -81.0, -95.0, -89.0]], "success_matrix": [[true, true, true, true, true, true, true, true, true, true, true, true, true, true, true, true, true, true, true, true, true, true, true, true, true, true, true, true, true, true, true, true, true, true, true, true, true, true, true, true, true, true, true, true, true, true, true, true, false, false, true, true, true, true, true, true, true, true, true, true, true, true, true, true, true, true, true, true, true, true, true, true, true, true, true, true, true, true, true, true, true, true, true, true, true, true, true, true, true, true, true, true, true, true, true, true, true, true, true, true], [true, true, true, true, true, true, true, true, true, true, true, true, true, true, true, true, true, true, true, true, true, true, true, true, true, true, true, true, true, true, true, true, true, true, true, true, true, true, true, true, true, true, true, true, true, true, true, true, true, true, true, true, true, true, true, true, true, true, true, true, true, true, true, true, true, true, true, true, true, true, true, true, true, true, true, true, true, true, true, true, true, true, true, true, true, true, true, true, true, true, true, true, true, true, true, true, true, true, true, true], [true, true, true, true, true, true, false, true, true, true, true, true, true, true, true, true, true, true, true, true, true, false, true, true, true, true, true, true, true, false, true, true, true, true, true, false, true, false, true, true, true, true, true, true, true, true, true, true, true, true, true, true, true, true, true, true, true, true, true, true, true, true, true, true, true, true, true, true, true, true, false, true, true, false, true, true, true, true, true, true, true, true, true, true, true, true, true, true, true, true, true, true, true, true, true, true, true, true, true, true], [true, true, true, true, true, false, true, true, true, true, true, true, true, true, true, true, true, false, true, true, true, true, true, true, true, true, true, true, true, true, true, true, true, true, true, true, true, true, true, true, true, true, true, true, true, true, true, true, true, true, true, true, true, true, true, true, true, true, true, true, true, true, true, true, true, true, true, false, true, true, true, true, true, true, true, true, true, true, true, true, true, true, true, true, true, true, true, true, true, true, true, true, true, true, true, true, true, true, true, true], [true, true, true, true, true, true, true, true, true, true, true, true, true, true, true, true, true, true, true, true, true, true, true, true, true, true, true, true, true, true, true, true, false, true, false, true, true, true, true, true, true, true, true, true, true, true, true, true, true, true, true, true, true, true, true, true, true, true, true, true, true, true, true, true, true, true, true, true, true, true, true, true, true, true, true, true, true, true, true, true, true, true, true, true, true, true, true, true, true, true, true, true, true, true, true, true, true, true, true, true]], "ticket_name": "envs100_samples5000_seed999_20251127_042954_ddim8", "eval_noise_idx": 4, "eval_seed": 1619}