{"n_seeds": 5, "n_evals_per_seed": 100, "reward_mean": -186.06201171875, "reward_std": 10.520116806030273, "success_mean": 0.418, "success_std": 0.039623225512317894, "episode_seeds": [1619, 1620, 1621, 1622, 1623], "seed_reward_means": [-188.02000427246094, -198.8800048828125, -185.49000549316406, -188.27000427246094, -169.64999389648438], "seed_success_means": [0.41, 0.37, 0.42, 0.41, 0.48], "reward_matrix": [[-30.0, -294.0, -28.0, -30.0, -31.0, -31.0, -300.0, -30.0, -31.0, -32.0, -32.0, -30.0, -32.0, -295.0, -27.0, -32.0, -295.0, -294.0, -300.0, -299.0, -300.0, -294.0, -295.0, -30.0, -300.0, -294.0, -32.0, -295.0, -295.0, -29.0, -28.0, -295.0, -31.0, -300.0, -32.0, -295.0, -297.0, -295.0, -300.0, -300.0, -31.0, -300.0, -31.0, -31.0, -300.0, -300.0, -295.0, -31.0, -300.0, -300.0, -300.0, -31.0, -295.0, -300.0, -300.0, -295.0, -31.0, -31.0, -296.0, -300.0, -295.0, -295.0, -295.0, -300.0, -300.0, -32.0, -31.0, -295.0, -295.0, -31.0, -32.0, -300.0, -295.0, -31.0, -28.0, -300.0, -295.0, -295.0, -300.0, -295.0, -31.0, -295.0, -32.0, -300.0, -31.0, -32.0, -31.0, -32.0, -31.0, -300.0, -300.0, -300.0, -295.0, -32.0, -296.0, -32.0, -295.0, -300.0, -295.0, -294.0], [-300.0, -30.0, -300.0, -31.0, -300.0, -300.0, -300.0, -300.0, -294.0, -32.0, -32.0, -300.0, -32.0, -300.0, -294.0, -32.0, -32.0, -300.0, -300.0, -31.0, -36.0, -28.0, -30.0, -296.0, -300.0, -300.0, -295.0, -31.0, -296.0, -300.0, -295.0, -294.0, -32.0, -31.0, -295.0, -300.0, -30.0, -295.0, -300.0, -295.0, -300.0, -32.0, -296.0, -31.0, -296.0, -300.0, -294.0, -298.0, -300.0, -32.0, -32.0, -31.0, -295.0, -300.0, -300.0, -30.0, -297.0, -295.0, -295.0, -297.0, -32.0, -31.0, -300.0, -31.0, -30.0, -31.0, -300.0, -295.0, -296.0, -295.0, -300.0, -300.0, -295.0, -295.0, -300.0, -300.0, -30.0, -30.0, -300.0, -300.0, -298.0, -300.0, -294.0, -295.0, -28.0, -295.0, -30.0, -295.0, -300.0, -296.0, -32.0, -30.0, -296.0, -31.0, -32.0, -28.0, -295.0, -26.0, -294.0, -32.0], [-300.0, -31.0, -31.0, -295.0, -300.0, -30.0, -300.0, -32.0, -32.0, -32.0, -294.0, -31.0, -300.0, -300.0, -30.0, -300.0, -34.0, -295.0, -32.0, -31.0, -300.0, -295.0, -31.0, -28.0, -295.0, -300.0, -300.0, -294.0, -300.0, -295.0, -32.0, -31.0, -295.0, -294.0, -294.0, -300.0, -296.0, -300.0, -300.0, -295.0, -28.0, -300.0, -30.0, -300.0, -30.0, -30.0, -294.0, -30.0, -300.0, -295.0, -31.0, -300.0, -30.0, -300.0, -295.0, -300.0, -32.0, -294.0, -300.0, -30.0, -32.0, -28.0, -295.0, -32.0, -300.0, -31.0, -295.0, -32.0, -300.0, -300.0, -297.0, -27.0, -30.0, -300.0, -31.0, -297.0, -27.0, -31.0, -300.0, -31.0, -31.0, -300.0, -297.0, -295.0, -295.0, -294.0, -294.0, -299.0, -300.0, -295.0, -300.0, -28.0, -300.0, -31.0, -30.0, -300.0, -297.0, -32.0, -31.0, -30.0], [-32.0, -28.0, -32.0, -300.0, -31.0, -32.0, -295.0, -294.0, -297.0, -32.0, -32.0, -31.0, -32.0, -32.0, -295.0, -31.0, -32.0, -30.0, -297.0, -300.0, -300.0, -300.0, -300.0, -300.0, -295.0, -32.0, -300.0, -295.0, -300.0, -32.0, -295.0, -300.0, -30.0, -28.0, -31.0, -294.0, -295.0, -300.0, -28.0, -295.0, -32.0, -300.0, -32.0, -31.0, -296.0, -32.0, -300.0, -295.0, -294.0, -294.0, -300.0, -32.0, -31.0, -31.0, -32.0, -31.0, -294.0, -31.0, -300.0, -300.0, -295.0, -31.0, -294.0, -31.0, -28.0, -32.0, -300.0, -300.0, -295.0, -300.0, -294.0, -300.0, -30.0, -298.0, -300.0, -295.0, -300.0, -31.0, -300.0, -295.0, -295.0, -295.0, -31.0, -35.0, -300.0, -300.0, -295.0, -300.0, -29.0, -32.0, -294.0, -296.0, -31.0, -31.0, -300.0, -300.0, -296.0, -300.0, -300.0, -295.0], [-294.0, -31.0, -295.0, -32.0, -300.0, -294.0, -295.0, -30.0, -31.0, -296.0, -300.0, -31.0, -298.0, -31.0, -300.0, -300.0, -32.0, -295.0, -30.0, -300.0, -300.0, -300.0, -32.0, -295.0, -31.0, -300.0, -31.0, -32.0, -31.0, -32.0, -296.0, -300.0, -31.0, -296.0, -300.0, -30.0, -31.0, -295.0, -32.0, -32.0, -28.0, -300.0, -31.0, -300.0, -30.0, -32.0, -32.0, -300.0, -28.0, -300.0, -300.0, -300.0, -300.0, -31.0, -294.0, -32.0, -300.0, -32.0, -300.0, -295.0, -300.0, -30.0, -28.0, -30.0, -30.0, -294.0, -294.0, -300.0, -294.0, -25.0, -32.0, -300.0, -300.0, -31.0, -300.0, -31.0, -300.0, -300.0, -300.0, -32.0, -295.0, -30.0, -31.0, -300.0, -294.0, -300.0, -27.0, -31.0, -300.0, -295.0, -31.0, -30.0, -295.0, -32.0, -30.0, -31.0, -300.0, -29.0, -295.0, -31.0]], "success_matrix": [[true, false, true, true, true, true, false, true, true, true, true, true, true, false, true, true, false, false, false, false, false, false, false, true, false, false, true, false, false, true, true, false, true, false, true, false, false, false, false, false, true, false, true, true, false, false, false, true, false, false, false, true, false, false, false, false, true, true, false, false, false, false, false, false, false, true, true, false, false, true, true, false, false, true, true, false, false, false, false, false, true, false, true, false, true, true, true, true, true, false, false, false, false, true, false, true, false, false, false, false], [false, true, false, true, false, false, false, false, false, true, true, false, true, false, false, true, true, false, false, true, true, true, true, false, false, false, false, true, false, false, false, false, true, true, false, false, true, false, false, false, false, true, false, true, false, false, false, false, false, true, true, true, false, false, false, true, false, false, false, false, true, true, false, true, true, true, false, false, false, false, false, false, false, false, false, false, true, true, false, false, false, false, false, false, true, false, true, false, false, false, true, true, false, true, true, true, false, true, false, true], [false, true, true, false, false, true, false, true, true, true, false, true, false, false, true, false, true, false, true, true, false, false, true, true, false, false, false, false, false, false, true, true, false, false, false, false, false, false, false, false, true, false, true, false, true, true, false, true, false, false, true, false, true, false, false, false, true, false, false, true, true, true, false, true, false, true, false, true, false, false, false, true, true, false, true, false, true, true, false, true, true, false, false, false, false, false, false, false, false, false, false, true, false, true, true, false, false, true, true, true], [true, true, true, false, true, true, false, false, false, true, true, true, true, true, false, true, true, true, false, false, false, false, false, false, false, true, false, false, false, true, false, false, true, true, true, false, false, false, true, false, true, false, true, true, false, true, false, false, false, false, false, true, true, true, true, true, false, true, false, false, false, true, false, true, true, true, false, false, false, false, false, false, true, false, false, false, false, true, false, false, false, false, true, true, false, false, false, false, true, true, false, false, true, true, false, false, false, false, false, false], [false, true, false, true, false, false, false, true, true, false, false, true, false, true, false, false, true, false, true, false, false, false, true, false, true, false, true, true, true, true, false, false, true, false, false, true, true, false, true, true, true, false, true, false, true, true, true, false, true, false, false, false, false, true, false, true, false, true, false, false, false, true, true, true, true, false, false, false, false, true, true, false, false, true, false, true, false, false, false, true, false, true, true, false, false, false, true, true, false, false, true, true, false, true, true, true, false, true, false, true]], "ticket_name": "zo_envs10_iter500_cand2_lambda10.0_seed666_ddim8_20251213_183924/seed_667", "eval_noise_idx": 0, "eval_seed": 1619}