{"n_seeds": 5, "n_evals_per_seed": 100, "reward_mean": -276.45001220703125, "reward_std": 3.2803525924682617, "success_mean": 0.398, "success_std": 0.03962322551231791, "episode_seeds": [1619, 1620, 1621, 1622, 1623], "seed_reward_means": [-276.6700134277344, -280.1499938964844, -275.4800109863281, -278.44000244140625, -271.510009765625], "seed_success_means": [0.36, 0.37, 0.39, 0.41, 0.46], "reward_matrix": [[-300.0, -300.0, -243.0, -300.0, -247.0, -300.0, -278.0, -205.0, -300.0, -300.0, -300.0, -300.0, -229.0, -300.0, -300.0, -300.0, -300.0, -300.0, -300.0, -300.0, -300.0, -254.0, -300.0, -300.0, -300.0, -249.0, -217.0, -196.0, -247.0, -300.0, -300.0, -250.0, -300.0, -300.0, -300.0, -300.0, -300.0, -267.0, -258.0, -300.0, -226.0, -300.0, -195.0, -254.0, -300.0, -300.0, -300.0, -300.0, -300.0, -300.0, -300.0, -300.0, -214.0, -171.0, -300.0, -245.0, -300.0, -300.0, -300.0, -232.0, -247.0, -300.0, -300.0, -223.0, -300.0, -300.0, -300.0, -248.0, -300.0, -235.0, -300.0, -300.0, -235.0, -300.0, -295.0, -209.0, -194.0, -250.0, -243.0, -300.0, -300.0, -239.0, -300.0, -300.0, -300.0, -240.0, -300.0, -241.0, -300.0, -300.0, -300.0, -300.0, -300.0, -262.0, -183.0, -300.0, -246.0, -300.0, -300.0, -300.0], [-227.0, -283.0, -261.0, -300.0, -300.0, -300.0, -300.0, -300.0, -300.0, -300.0, -300.0, -207.0, -300.0, -300.0, -300.0, -300.0, -295.0, -253.0, -300.0, -300.0, -300.0, -243.0, -300.0, -300.0, -300.0, -300.0, -214.0, -282.0, -262.0, -300.0, -300.0, -219.0, -300.0, -275.0, -300.0, -300.0, -300.0, -300.0, -222.0, -252.0, -300.0, -244.0, -300.0, -234.0, -300.0, -300.0, -300.0, -263.0, -276.0, -290.0, -300.0, -300.0, -300.0, -300.0, -260.0, -300.0, -300.0, -253.0, -300.0, -300.0, -300.0, -198.0, -222.0, -232.0, -196.0, -300.0, -300.0, -300.0, -243.0, -296.0, -300.0, -216.0, -300.0, -300.0, -300.0, -222.0, -300.0, -300.0, -300.0, -300.0, -247.0, -300.0, -256.0, -300.0, -245.0, -300.0, -300.0, -300.0, -300.0, -300.0, -254.0, -278.0, -203.0, -230.0, -300.0, -300.0, -262.0, -300.0, -300.0, -300.0], [-300.0, -300.0, -300.0, -300.0, -300.0, -300.0, -230.0, -242.0, -248.0, -300.0, -300.0, -262.0, -243.0, -300.0, -180.0, -247.0, -300.0, -300.0, -261.0, -300.0, -261.0, -300.0, -300.0, -300.0, -178.0, -203.0, -300.0, -300.0, -300.0, -247.0, -227.0, -249.0, -300.0, -198.0, -300.0, -300.0, -250.0, -300.0, -260.0, -252.0, -300.0, -231.0, -300.0, -300.0, -264.0, -300.0, -224.0, -300.0, -300.0, -300.0, -300.0, -300.0, -263.0, -242.0, -300.0, -300.0, -300.0, -300.0, -243.0, -300.0, -173.0, -270.0, -247.0, -300.0, -247.0, -226.0, -300.0, -300.0, -182.0, -300.0, -241.0, -300.0, -218.0, -300.0, -276.0, -300.0, -300.0, -300.0, -300.0, -300.0, -300.0, -291.0, -300.0, -300.0, -300.0, -196.0, -300.0, -300.0, -239.0, -300.0, -300.0, -300.0, -300.0, -247.0, -256.0, -300.0, -300.0, -234.0, -300.0, -300.0], [-227.0, -243.0, -246.0, -300.0, -238.0, -300.0, -191.0, -300.0, -300.0, -300.0, -231.0, -300.0, -300.0, -300.0, -246.0, -246.0, -300.0, -224.0, -289.0, -300.0, -271.0, -235.0, -300.0, -300.0, -300.0, -300.0, -300.0, -300.0, -243.0, -300.0, -300.0, -240.0, -238.0, -213.0, -300.0, -300.0, -300.0, -300.0, -300.0, -300.0, -300.0, -300.0, -300.0, -264.0, -285.0, -300.0, -300.0, -294.0, -300.0, -300.0, -300.0, -300.0, -300.0, -300.0, -287.0, -300.0, -275.0, -158.0, -300.0, -223.0, -220.0, -300.0, -287.0, -255.0, -246.0, -300.0, -300.0, -271.0, -239.0, -300.0, -300.0, -239.0, -250.0, -300.0, -300.0, -300.0, -300.0, -300.0, -300.0, -254.0, -300.0, -300.0, -258.0, -300.0, -300.0, -253.0, -300.0, -240.0, -300.0, -247.0, -300.0, -258.0, -243.0, -231.0, -274.0, -272.0, -300.0, -300.0, -300.0, -300.0], [-300.0, -178.0, -300.0, -300.0, -213.0, -300.0, -226.0, -300.0, -300.0, -300.0, -267.0, -300.0, -243.0, -300.0, -224.0, -287.0, -300.0, -300.0, -300.0, -300.0, -235.0, -300.0, -215.0, -252.0, -259.0, -180.0, -276.0, -300.0, -247.0, -300.0, -230.0, -278.0, -300.0, -300.0, -300.0, -300.0, -235.0, -300.0, -198.0, -187.0, -239.0, -300.0, -281.0, -300.0, -227.0, -263.0, -300.0, -300.0, -256.0, -300.0, -247.0, -300.0, -300.0, -300.0, -285.0, -300.0, -300.0, -300.0, -220.0, -300.0, -300.0, -219.0, -300.0, -247.0, -300.0, -214.0, -300.0, -228.0, -300.0, -300.0, -219.0, -300.0, -275.0, -229.0, -300.0, -300.0, -193.0, -284.0, -263.0, -166.0, -300.0, -300.0, -207.0, -251.0, -300.0, -300.0, -300.0, -275.0, -291.0, -183.0, -248.0, -229.0, -300.0, -282.0, -300.0, -300.0, -300.0, -300.0, -300.0, -300.0]], "success_matrix": [[false, false, true, false, true, false, true, true, false, false, false, false, true, false, false, false, false, false, false, false, false, true, false, false, false, true, true, true, true, false, false, true, false, false, false, false, false, true, true, false, true, false, true, true, false, false, false, false, false, false, false, false, true, true, false, true, false, false, false, true, true, false, false, true, false, false, false, true, false, true, false, false, true, false, true, true, true, true, true, false, false, true, false, false, false, true, false, true, false, false, false, false, false, true, true, false, true, false, false, false], [true, true, true, false, false, false, false, false, false, false, false, true, false, false, false, false, true, true, false, false, false, true, false, false, false, false, true, true, true, false, false, true, false, true, false, false, false, false, true, true, false, true, false, true, false, false, false, true, true, true, false, false, false, false, true, false, false, true, false, false, false, true, true, true, true, false, false, false, true, true, false, true, false, false, false, true, false, false, false, false, true, false, true, false, true, false, false, false, false, false, true, true, true, true, false, false, true, false, false, false], [false, false, false, false, false, false, true, true, true, false, false, true, true, false, true, true, false, false, true, false, true, false, false, false, true, true, false, false, false, true, true, true, false, true, false, false, true, false, true, true, false, true, false, false, true, false, true, false, false, false, false, false, true, true, false, false, false, false, true, false, true, true, true, false, true, true, false, false, true, false, true, false, true, false, true, false, false, false, false, false, false, true, false, false, false, true, false, false, true, false, false, false, false, true, true, false, false, true, false, false], [true, true, true, false, true, false, true, false, false, false, true, false, false, false, true, true, false, true, true, false, true, true, false, false, false, false, false, false, true, false, false, true, true, true, false, false, false, false, false, false, false, false, false, true, true, false, false, true, false, false, false, false, false, false, true, false, true, true, false, true, true, false, true, true, true, false, false, true, true, false, false, true, true, false, false, false, false, false, false, true, false, false, true, false, false, true, false, true, false, true, false, true, true, true, true, true, false, false, false, false], [false, true, false, false, true, false, true, false, false, false, true, false, true, false, true, true, false, false, false, false, true, false, true, true, true, true, true, false, true, false, true, true, false, false, false, false, true, false, true, true, true, false, true, false, true, true, false, false, true, false, true, false, false, false, true, false, false, false, true, false, false, true, false, true, false, true, false, true, false, false, true, false, true, true, false, false, true, true, true, true, false, false, true, true, false, false, false, true, true, true, true, true, false, true, false, false, false, false, false, false]], "ticket_name": "zo_envs10_iter100_cand10_lambda5.0_seed666_ddim8_20251213_183807/seed_668", "eval_noise_idx": 0, "eval_seed": 1619}