{"n_seeds": 5, "n_evals_per_seed": 100, "reward_mean": -223.718017578125, "reward_std": 8.760881423950195, "success_mean": 0.5740000000000001, "success_std": 0.05851495535331117, "episode_seeds": [1619, 1620, 1621, 1622, 1623], "seed_reward_means": [-218.6699981689453, -234.39999389648438, -217.57000732421875, -234.1300048828125, -213.82000732421875], "seed_success_means": [0.6, 0.52, 0.62, 0.49, 0.64], "reward_matrix": [[-300.0, -128.0, -222.0, -300.0, -300.0, -300.0, -300.0, -182.0, -300.0, -194.0, -214.0, -144.0, -209.0, -110.0, -139.0, -139.0, -194.0, -300.0, -161.0, -140.0, -300.0, -300.0, -300.0, -300.0, -300.0, -300.0, -148.0, -150.0, -300.0, -300.0, -133.0, -197.0, -169.0, -127.0, -300.0, -136.0, -300.0, -230.0, -300.0, -251.0, -270.0, -300.0, -172.0, -221.0, -300.0, -154.0, -138.0, -300.0, -129.0, -154.0, -122.0, -110.0, -118.0, -207.0, -121.0, -239.0, -300.0, -300.0, -300.0, -177.0, -178.0, -300.0, -122.0, -300.0, -125.0, -171.0, -138.0, -130.0, -118.0, -300.0, -300.0, -157.0, -300.0, -161.0, -141.0, -185.0, -300.0, -300.0, -300.0, -300.0, -300.0, -138.0, -181.0, -300.0, -300.0, -282.0, -167.0, -178.0, -300.0, -131.0, -171.0, -130.0, -300.0, -246.0, -135.0, -207.0, -109.0, -300.0, -300.0, -117.0], [-180.0, -171.0, -178.0, -300.0, -198.0, -300.0, -300.0, -300.0, -300.0, -300.0, -300.0, -134.0, -300.0, -185.0, -300.0, -300.0, -212.0, -290.0, -123.0, -200.0, -300.0, -230.0, -300.0, -300.0, -120.0, -212.0, -126.0, -220.0, -300.0, -300.0, -136.0, -133.0, -300.0, -300.0, -300.0, -133.0, -300.0, -300.0, -186.0, -300.0, -300.0, -300.0, -145.0, -174.0, -300.0, -268.0, -300.0, -163.0, -174.0, -278.0, -300.0, -300.0, -117.0, -300.0, -300.0, -300.0, -300.0, -300.0, -126.0, -300.0, -300.0, -197.0, -300.0, -170.0, -283.0, -124.0, -194.0, -179.0, -114.0, -174.0, -158.0, -150.0, -300.0, -118.0, -300.0, -147.0, -167.0, -300.0, -127.0, -167.0, -174.0, -300.0, -186.0, -128.0, -244.0, -300.0, -300.0, -300.0, -300.0, -242.0, -300.0, -209.0, -156.0, -118.0, -150.0, -300.0, -300.0, -300.0, -155.0, -297.0], [-133.0, -300.0, -300.0, -182.0, -300.0, -300.0, -186.0, -190.0, -122.0, -122.0, -122.0, -300.0, -300.0, -109.0, -124.0, -122.0, -143.0, -147.0, -118.0, -300.0, -300.0, -217.0, -110.0, -151.0, -300.0, -151.0, -117.0, -300.0, -170.0, -300.0, -158.0, -300.0, -300.0, -178.0, -161.0, -118.0, -158.0, -114.0, -202.0, -195.0, -170.0, -206.0, -150.0, -118.0, -201.0, -300.0, -188.0, -130.0, -300.0, -109.0, -300.0, -210.0, -124.0, -300.0, -164.0, -300.0, -247.0, -130.0, -162.0, -138.0, -300.0, -278.0, -190.0, -300.0, -253.0, -300.0, -300.0, -300.0, -134.0, -300.0, -300.0, -119.0, -209.0, -269.0, -150.0, -300.0, -208.0, -300.0, -123.0, -110.0, -300.0, -234.0, -219.0, -300.0, -242.0, -241.0, -300.0, -300.0, -195.0, -300.0, -300.0, -300.0, -220.0, -300.0, -159.0, -300.0, -300.0, -106.0, -300.0, -231.0], [-251.0, -206.0, -226.0, -300.0, -300.0, -116.0, -300.0, -300.0, -300.0, -161.0, -146.0, -300.0, -300.0, -300.0, -300.0, -300.0, -300.0, -118.0, -162.0, -195.0, -300.0, -275.0, -300.0, -300.0, -169.0, -108.0, -118.0, -300.0, -164.0, -204.0, -300.0, -300.0, -198.0, -175.0, -107.0, -168.0, -300.0, -170.0, -300.0, -300.0, -161.0, -300.0, -136.0, -300.0, -229.0, -138.0, -300.0, -300.0, -300.0, -300.0, -300.0, -300.0, -194.0, -141.0, -300.0, -300.0, -145.0, -197.0, -300.0, -133.0, -300.0, -115.0, -147.0, -166.0, -300.0, -300.0, -300.0, -126.0, -230.0, -300.0, -300.0, -300.0, -175.0, -300.0, -119.0, -300.0, -300.0, -300.0, -300.0, -257.0, -135.0, -300.0, -300.0, -170.0, -300.0, -206.0, -138.0, -182.0, -114.0, -138.0, -300.0, -300.0, -200.0, -204.0, -124.0, -300.0, -300.0, -122.0, -300.0, -134.0], [-122.0, -300.0, -101.0, -140.0, -300.0, -300.0, -167.0, -120.0, -300.0, -117.0, -163.0, -300.0, -230.0, -300.0, -177.0, -134.0, -300.0, -300.0, -142.0, -170.0, -138.0, -200.0, -300.0, -166.0, -129.0, -138.0, -300.0, -300.0, -210.0, -138.0, -114.0, -300.0, -300.0, -265.0, -300.0, -217.0, -300.0, -122.0, -122.0, -237.0, -125.0, -223.0, -300.0, -300.0, -221.0, -218.0, -240.0, -300.0, -300.0, -300.0, -114.0, -186.0, -300.0, -300.0, -200.0, -300.0, -300.0, -300.0, -300.0, -300.0, -300.0, -141.0, -137.0, -191.0, -117.0, -126.0, -300.0, -300.0, -213.0, -130.0, -133.0, -159.0, -163.0, -240.0, -126.0, -300.0, -162.0, -140.0, -174.0, -216.0, -254.0, -300.0, -227.0, -156.0, -117.0, -150.0, -122.0, -242.0, -150.0, -127.0, -300.0, -193.0, -196.0, -300.0, -123.0, -139.0, -300.0, -300.0, -186.0, -126.0]], "success_matrix": [[false, true, true, false, false, false, false, true, false, true, true, true, true, true, true, true, true, false, true, true, false, false, false, false, false, false, true, true, false, false, true, true, true, true, false, true, false, true, false, true, true, false, true, true, false, true, true, false, true, true, true, true, true, true, true, true, false, false, false, true, true, false, true, false, true, true, true, true, true, false, false, true, false, true, true, true, false, false, false, false, false, true, true, false, false, true, true, true, false, true, true, true, false, true, true, true, true, false, false, true], [true, true, true, false, true, false, false, false, false, false, false, true, false, true, false, false, true, true, true, true, false, true, false, false, true, true, true, true, false, false, true, true, false, false, false, true, false, false, true, false, false, false, true, true, false, true, false, true, true, true, false, false, true, false, false, false, false, false, true, false, false, true, false, true, true, true, true, true, true, true, true, true, false, true, false, true, true, false, true, true, true, false, true, true, true, false, false, false, false, true, false, true, true, true, true, false, false, false, true, false], [true, false, false, true, false, false, true, true, true, true, true, false, false, true, true, true, true, true, true, false, false, true, true, true, false, true, true, false, true, false, true, false, false, true, true, true, true, true, true, true, true, true, true, true, true, false, true, true, false, true, false, true, true, false, true, false, true, true, true, true, false, true, true, false, true, false, false, false, true, false, false, true, true, true, true, false, true, false, true, true, false, true, true, false, true, true, false, false, true, false, false, false, true, false, true, false, false, true, false, true], [true, true, true, false, false, true, false, false, false, true, true, false, false, false, false, false, false, true, true, true, false, true, false, false, true, true, true, false, true, true, false, false, true, true, true, true, false, true, false, false, true, false, true, false, true, true, false, false, false, false, false, false, true, true, false, false, true, true, false, true, false, true, true, true, false, false, false, true, true, false, false, false, true, false, true, false, false, false, false, true, true, false, false, true, false, true, true, true, true, true, false, false, true, true, true, false, false, true, false, true], [true, false, true, true, false, false, true, true, false, true, true, false, true, false, true, true, false, false, true, true, true, true, false, true, true, true, false, false, true, true, true, false, false, true, false, true, false, true, true, true, true, true, false, false, true, true, true, false, false, false, true, true, false, false, true, false, false, false, false, false, false, true, true, true, true, true, false, false, true, true, true, true, true, true, true, false, true, true, true, true, true, false, true, true, true, true, true, true, true, true, false, true, true, false, true, true, false, false, true, true]], "ticket_name": "envs100_samples5000_seed999_ddim8_20251130_221846_ddim8", "eval_noise_idx": 32, "eval_seed": 1619}