{"n_seeds": 5, "n_evals_per_seed": 100, "reward_mean": -200.91600036621094, "reward_std": 9.531017303466797, "success_mean": 0.702, "success_std": 0.05449770637375487, "episode_seeds": [1619, 1620, 1621, 1622, 1623], "seed_reward_means": [-185.80999755859375, -205.77000427246094, -204.7899932861328, -210.27999877929688, -197.92999267578125], "seed_success_means": [0.79, 0.69, 0.69, 0.64, 0.7], "reward_matrix": [[-183.0, -165.0, -300.0, -155.0, -176.0, -170.0, -300.0, -184.0, -134.0, -300.0, -187.0, -146.0, -143.0, -146.0, -139.0, -191.0, -300.0, -150.0, -157.0, -163.0, -130.0, -300.0, -139.0, -174.0, -159.0, -300.0, -147.0, -139.0, -300.0, -155.0, -139.0, -176.0, -168.0, -131.0, -160.0, -158.0, -163.0, -300.0, -300.0, -297.0, -179.0, -161.0, -176.0, -300.0, -135.0, -151.0, -143.0, -146.0, -151.0, -131.0, -139.0, -139.0, -142.0, -139.0, -147.0, -300.0, -300.0, -147.0, -300.0, -179.0, -162.0, -300.0, -132.0, -131.0, -134.0, -151.0, -143.0, -156.0, -159.0, -195.0, -300.0, -135.0, -300.0, -191.0, -151.0, -184.0, -147.0, -300.0, -195.0, -300.0, -170.0, -172.0, -131.0, -187.0, -131.0, -300.0, -143.0, -175.0, -136.0, -147.0, -154.0, -151.0, -142.0, -168.0, -139.0, -159.0, -300.0, -170.0, -164.0, -147.0], [-300.0, -300.0, -168.0, -152.0, -300.0, -300.0, -155.0, -171.0, -162.0, -300.0, -138.0, -150.0, -300.0, -184.0, -146.0, -180.0, -143.0, -300.0, -196.0, -143.0, -300.0, -300.0, -186.0, -155.0, -141.0, -226.0, -135.0, -300.0, -300.0, -274.0, -186.0, -143.0, -300.0, -172.0, -176.0, -163.0, -171.0, -300.0, -151.0, -163.0, -203.0, -164.0, -175.0, -300.0, -300.0, -146.0, -300.0, -189.0, -159.0, -191.0, -300.0, -162.0, -147.0, -300.0, -183.0, -147.0, -127.0, -300.0, -135.0, -143.0, -139.0, -188.0, -180.0, -300.0, -176.0, -147.0, -183.0, -146.0, -135.0, -170.0, -167.0, -159.0, -163.0, -147.0, -135.0, -159.0, -167.0, -300.0, -138.0, -300.0, -300.0, -300.0, -171.0, -300.0, -155.0, -151.0, -166.0, -164.0, -300.0, -194.0, -192.0, -300.0, -151.0, -300.0, -155.0, -300.0, -300.0, -131.0, -147.0, -300.0], [-137.0, -146.0, -197.0, -167.0, -142.0, -300.0, -300.0, -300.0, -148.0, -300.0, -300.0, -300.0, -192.0, -151.0, -135.0, -156.0, -146.0, -167.0, -300.0, -163.0, -300.0, -296.0, -143.0, -163.0, -155.0, -300.0, -136.0, -148.0, -159.0, -188.0, -152.0, -170.0, -185.0, -143.0, -154.0, -300.0, -300.0, -155.0, -156.0, -146.0, -300.0, -180.0, -151.0, -300.0, -139.0, -143.0, -190.0, -300.0, -163.0, -151.0, -136.0, -143.0, -165.0, -300.0, -147.0, -151.0, -159.0, -140.0, -151.0, -159.0, -143.0, -300.0, -167.0, -176.0, -300.0, -173.0, -300.0, -266.0, -140.0, -167.0, -300.0, -151.0, -300.0, -204.0, -300.0, -300.0, -143.0, -300.0, -135.0, -154.0, -147.0, -300.0, -139.0, -300.0, -139.0, -159.0, -171.0, -300.0, -300.0, -231.0, -300.0, -172.0, -207.0, -300.0, -159.0, -300.0, -300.0, -138.0, -199.0, -135.0], [-300.0, -177.0, -300.0, -170.0, -300.0, -127.0, -168.0, -300.0, -300.0, -152.0, -163.0, -155.0, -300.0, -163.0, -300.0, -163.0, -300.0, -135.0, -300.0, -147.0, -300.0, -300.0, -151.0, -300.0, -143.0, -146.0, -135.0, -142.0, -159.0, -135.0, -300.0, -300.0, -160.0, -151.0, -151.0, -300.0, -300.0, -187.0, -180.0, -183.0, -150.0, -300.0, -154.0, -300.0, -300.0, -166.0, -300.0, -254.0, -171.0, -144.0, -214.0, -167.0, -135.0, -141.0, -203.0, -195.0, -300.0, -143.0, -142.0, -148.0, -145.0, -139.0, -182.0, -181.0, -300.0, -151.0, -155.0, -300.0, -300.0, -178.0, -300.0, -181.0, -300.0, -300.0, -151.0, -136.0, -300.0, -171.0, -152.0, -172.0, -300.0, -143.0, -300.0, -158.0, -300.0, -300.0, -157.0, -300.0, -131.0, -300.0, -159.0, -147.0, -170.0, -135.0, -300.0, -219.0, -300.0, -159.0, -143.0, -143.0], [-146.0, -155.0, -131.0, -139.0, -148.0, -300.0, -155.0, -135.0, -179.0, -151.0, -300.0, -124.0, -300.0, -179.0, -300.0, -160.0, -300.0, -143.0, -300.0, -167.0, -148.0, -151.0, -300.0, -167.0, -142.0, -147.0, -203.0, -147.0, -300.0, -188.0, -300.0, -300.0, -300.0, -133.0, -143.0, -151.0, -300.0, -139.0, -143.0, -135.0, -159.0, -168.0, -300.0, -300.0, -147.0, -300.0, -155.0, -143.0, -176.0, -143.0, -300.0, -143.0, -200.0, -300.0, -179.0, -134.0, -152.0, -300.0, -143.0, -180.0, -155.0, -151.0, -147.0, -175.0, -139.0, -139.0, -300.0, -155.0, -170.0, -139.0, -300.0, -300.0, -300.0, -139.0, -160.0, -300.0, -300.0, -181.0, -300.0, -159.0, -300.0, -168.0, -155.0, -210.0, -151.0, -155.0, -139.0, -177.0, -300.0, -147.0, -300.0, -151.0, -153.0, -300.0, -139.0, -139.0, -300.0, -135.0, -151.0, -143.0]], "success_matrix": [[true, true, false, true, true, true, false, true, true, false, true, true, true, true, true, true, false, true, true, true, true, false, true, true, true, false, true, true, false, true, true, true, true, true, true, true, true, false, false, false, true, true, true, false, true, true, true, true, true, true, true, true, true, true, true, false, false, true, false, true, true, false, true, true, true, true, true, true, true, true, false, true, false, true, true, true, true, false, true, false, true, true, true, true, true, false, true, true, true, true, true, true, true, true, true, true, false, true, true, true], [false, false, true, true, false, false, true, true, true, false, true, true, false, true, true, true, true, false, true, true, false, false, true, true, true, true, true, false, false, true, true, true, false, true, true, true, true, false, true, true, true, true, true, false, false, true, false, true, true, true, false, true, true, false, true, true, true, false, true, true, true, true, true, false, true, true, true, true, true, true, true, true, true, true, true, true, true, false, true, false, false, false, true, false, true, true, true, true, false, true, true, false, true, false, true, false, false, true, true, false], [true, true, true, true, true, false, false, false, true, false, false, false, true, true, true, true, true, true, false, true, false, true, true, true, true, false, true, true, true, true, true, true, true, true, true, false, false, true, true, true, false, true, true, false, true, true, true, false, true, true, true, true, true, false, true, true, true, true, true, true, true, false, true, true, false, true, false, true, true, true, false, true, false, true, false, false, true, false, true, true, true, false, true, false, true, true, true, false, false, true, false, true, true, false, true, false, false, true, true, true], [false, true, false, true, false, true, true, false, false, true, true, true, false, true, false, true, false, true, false, true, false, false, true, false, true, true, true, true, true, true, false, false, true, true, true, false, false, true, true, true, true, false, true, false, false, true, false, true, true, true, true, true, true, true, true, true, false, true, true, true, true, true, true, true, false, true, true, false, false, true, false, true, false, false, true, true, false, true, true, true, false, true, false, true, false, false, true, false, true, false, true, true, true, true, false, true, false, true, true, true], [true, true, true, true, true, false, true, true, true, true, false, true, false, true, false, true, false, true, false, true, true, true, false, true, true, true, true, true, false, true, false, false, false, true, true, true, false, true, true, true, true, true, false, false, true, false, true, true, true, true, false, true, true, false, true, true, true, false, true, true, true, true, true, true, true, true, false, true, true, true, false, false, false, true, true, false, false, true, false, true, false, true, true, true, true, true, true, true, false, true, false, true, true, false, true, true, false, true, true, true]], "ticket_name": "zo_envs10_iter500_cand2_lambda2.0_seed666_ddim8_20251213_183610/seed_675", "eval_noise_idx": 0, "eval_seed": 1619}