{"n_seeds": 5, "n_evals_per_seed": 100, "reward_mean": -241.5340118408203, "reward_std": 5.429776191711426, "success_mean": 0.506, "success_std": 0.036110940170535594, "episode_seeds": [1619, 1620, 1621, 1622, 1623], "seed_reward_means": [-235.22000122070312, -246.0500030517578, -249.63999938964844, -239.25999450683594, -237.5], "seed_success_means": [0.56, 0.49, 0.45, 0.51, 0.52], "reward_matrix": [[-300.0, -255.0, -300.0, -126.0, -174.0, -300.0, -154.0, -134.0, -118.0, -300.0, -300.0, -300.0, -162.0, -178.0, -300.0, -286.0, -300.0, -300.0, -300.0, -281.0, -124.0, -300.0, -160.0, -279.0, -300.0, -166.0, -300.0, -125.0, -300.0, -300.0, -185.0, -219.0, -300.0, -143.0, -300.0, -163.0, -300.0, -300.0, -300.0, -156.0, -300.0, -220.0, -300.0, -300.0, -176.0, -149.0, -185.0, -132.0, -150.0, -300.0, -130.0, -196.0, -138.0, -163.0, -148.0, -300.0, -169.0, -142.0, -300.0, -293.0, -300.0, -300.0, -172.0, -221.0, -300.0, -145.0, -149.0, -299.0, -185.0, -264.0, -300.0, -155.0, -154.0, -300.0, -300.0, -238.0, -300.0, -300.0, -278.0, -300.0, -300.0, -206.0, -300.0, -300.0, -118.0, -160.0, -168.0, -300.0, -252.0, -300.0, -209.0, -287.0, -208.0, -216.0, -136.0, -297.0, -141.0, -300.0, -300.0, -285.0], [-147.0, -300.0, -218.0, -194.0, -300.0, -173.0, -139.0, -300.0, -267.0, -300.0, -300.0, -300.0, -300.0, -182.0, -300.0, -300.0, -128.0, -162.0, -300.0, -155.0, -300.0, -162.0, -266.0, -219.0, -300.0, -300.0, -140.0, -189.0, -300.0, -300.0, -154.0, -151.0, -300.0, -181.0, -300.0, -300.0, -300.0, -151.0, -162.0, -160.0, -206.0, -150.0, -300.0, -183.0, -264.0, -270.0, -300.0, -300.0, -300.0, -300.0, -247.0, -300.0, -261.0, -174.0, -300.0, -244.0, -165.0, -146.0, -190.0, -300.0, -300.0, -236.0, -300.0, -205.0, -189.0, -196.0, -300.0, -300.0, -137.0, -300.0, -300.0, -300.0, -272.0, -126.0, -192.0, -300.0, -300.0, -300.0, -300.0, -300.0, -300.0, -300.0, -300.0, -300.0, -300.0, -300.0, -300.0, -189.0, -300.0, -257.0, -224.0, -300.0, -300.0, -129.0, -300.0, -162.0, -300.0, -170.0, -155.0, -266.0], [-300.0, -300.0, -204.0, -300.0, -300.0, -191.0, -189.0, -300.0, -300.0, -166.0, -143.0, -300.0, -255.0, -300.0, -132.0, -300.0, -278.0, -151.0, -300.0, -300.0, -162.0, -300.0, -127.0, -300.0, -185.0, -300.0, -287.0, -238.0, -300.0, -291.0, -289.0, -184.0, -300.0, -300.0, -300.0, -164.0, -300.0, -193.0, -166.0, -128.0, -300.0, -238.0, -300.0, -247.0, -138.0, -168.0, -300.0, -152.0, -300.0, -300.0, -300.0, -145.0, -300.0, -158.0, -300.0, -300.0, -244.0, -300.0, -204.0, -300.0, -143.0, -300.0, -300.0, -300.0, -300.0, -300.0, -139.0, -300.0, -203.0, -300.0, -156.0, -130.0, -300.0, -300.0, -212.0, -300.0, -130.0, -300.0, -185.0, -159.0, -131.0, -300.0, -199.0, -300.0, -158.0, -300.0, -300.0, -300.0, -300.0, -250.0, -300.0, -300.0, -300.0, -300.0, -300.0, -300.0, -300.0, -300.0, -256.0, -196.0], [-162.0, -300.0, -300.0, -300.0, -300.0, -168.0, -146.0, -125.0, -300.0, -300.0, -245.0, -172.0, -183.0, -127.0, -300.0, -233.0, -300.0, -200.0, -300.0, -285.0, -157.0, -212.0, -300.0, -300.0, -300.0, -300.0, -139.0, -300.0, -300.0, -300.0, -300.0, -300.0, -260.0, -145.0, -125.0, -300.0, -300.0, -300.0, -300.0, -190.0, -165.0, -300.0, -173.0, -300.0, -226.0, -195.0, -300.0, -300.0, -300.0, -213.0, -220.0, -271.0, -135.0, -146.0, -273.0, -300.0, -300.0, -224.0, -126.0, -180.0, -300.0, -157.0, -300.0, -300.0, -300.0, -300.0, -146.0, -300.0, -300.0, -300.0, -173.0, -162.0, -300.0, -300.0, -300.0, -134.0, -300.0, -300.0, -133.0, -166.0, -141.0, -252.0, -300.0, -182.0, -300.0, -195.0, -130.0, -276.0, -300.0, -157.0, -131.0, -300.0, -159.0, -148.0, -142.0, -300.0, -300.0, -213.0, -300.0, -208.0], [-231.0, -159.0, -241.0, -222.0, -131.0, -300.0, -187.0, -129.0, -300.0, -136.0, -300.0, -300.0, -187.0, -142.0, -212.0, -199.0, -300.0, -207.0, -300.0, -300.0, -170.0, -142.0, -154.0, -300.0, -299.0, -201.0, -270.0, -300.0, -222.0, -228.0, -300.0, -300.0, -300.0, -149.0, -131.0, -277.0, -165.0, -300.0, -129.0, -141.0, -143.0, -300.0, -300.0, -259.0, -174.0, -300.0, -300.0, -300.0, -172.0, -300.0, -300.0, -300.0, -300.0, -300.0, -300.0, -123.0, -138.0, -300.0, -142.0, -300.0, -261.0, -160.0, -131.0, -300.0, -300.0, -146.0, -300.0, -165.0, -300.0, -182.0, -167.0, -300.0, -300.0, -300.0, -216.0, -300.0, -300.0, -300.0, -300.0, -293.0, -300.0, -300.0, -300.0, -185.0, -274.0, -170.0, -136.0, -300.0, -129.0, -300.0, -300.0, -300.0, -300.0, -153.0, -300.0, -201.0, -300.0, -121.0, -165.0, -183.0]], "success_matrix": [[false, true, false, true, true, false, true, true, true, false, false, false, true, true, false, true, false, false, false, true, true, false, true, true, false, true, false, true, false, false, true, true, false, true, false, true, false, false, false, true, false, true, false, false, true, true, true, true, true, false, true, true, true, true, true, false, true, true, false, true, false, false, true, true, false, true, true, false, true, true, false, true, true, false, false, true, false, false, true, false, false, true, false, false, true, true, true, false, true, false, true, true, true, true, true, false, true, false, false, true], [true, false, true, true, false, true, true, false, true, false, false, false, false, true, false, false, true, true, false, true, false, true, true, true, false, false, true, true, false, false, true, true, false, true, false, false, false, true, true, true, true, true, false, true, true, true, false, false, false, false, true, false, true, true, false, true, true, true, true, false, false, true, false, true, true, true, false, false, true, false, false, false, true, true, true, false, false, false, false, false, false, false, false, false, false, false, false, true, false, true, true, false, false, true, false, true, false, true, true, true], [false, false, true, false, false, true, true, false, false, true, true, false, true, false, true, false, true, true, false, false, true, false, true, false, true, false, true, true, false, true, true, true, false, false, false, true, false, true, true, true, false, true, false, true, true, true, false, true, false, false, false, true, false, true, false, false, true, false, true, false, true, false, false, false, false, false, true, false, true, false, true, true, false, false, true, false, true, false, true, true, true, false, true, false, true, false, false, false, false, true, false, false, false, false, false, false, false, false, true, true], [true, false, false, false, false, true, true, true, false, false, true, true, true, true, false, true, false, true, false, true, true, true, false, false, false, false, true, false, false, false, false, false, true, true, true, false, false, false, false, true, true, false, true, false, true, true, false, false, false, true, true, true, true, true, true, false, false, true, true, true, false, true, false, false, false, false, true, false, false, false, true, true, false, false, false, true, false, false, true, true, true, true, false, true, false, true, true, true, false, true, true, false, true, true, true, false, false, true, false, true], [true, true, true, true, true, false, true, true, false, true, false, false, true, true, true, true, false, true, false, false, true, true, true, false, false, true, true, false, true, true, false, false, false, true, true, true, true, false, true, true, true, false, false, true, true, false, false, false, true, false, false, false, false, false, false, true, true, false, true, false, true, true, true, false, false, true, false, true, false, true, true, false, false, false, true, false, false, false, false, true, false, false, false, true, true, true, true, false, true, false, false, false, false, true, false, true, false, true, true, true]], "ticket_name": "envs100_samples1000_seeds999_1000_1001_1002_1003_1004_1005_1006_1007_1008_ddim8_20251208_041639/seed_1008", "eval_noise_idx": 0, "eval_seed": 1619}