{
  "checkpoint": "checkpoint_499",
  "n_seed_folders": 10,
  "seed_folders": [
    "seed_1000",
    "seed_1001",
    "seed_1002",
    "seed_1003",
    "seed_1004",
    "seed_1005",
    "seed_1006",
    "seed_1007",
    "seed_1008",
    "seed_999"
  ],
  "reward_mean_across_seeds": -233.34239959716797,
  "reward_std_across_seeds": 62.2095639870064,
  "success_mean_across_seeds": 0.4736000000000001,
  "success_std_across_seeds": 0.3807078786798204,
  "per_seed_results": {
    "seed_1000": {
      "ticket_seed": "1000",
      "reward_mean": -155.4399871826172,
      "reward_std": 2.6641547679901123,
      "success_mean": 0.8539999999999999,
      "success_std": 0.03199999999999999
    },
    "seed_1001": {
      "ticket_seed": "1001",
      "reward_mean": -227.968017578125,
      "reward_std": 13.561800956726074,
      "success_mean": 0.6359999999999999,
      "success_std": 0.08822698000045111
    },
    "seed_1002": {
      "ticket_seed": "1002",
      "reward_mean": -156.6959991455078,
      "reward_std": 5.970598220825195,
      "success_mean": 0.9219999999999999,
      "success_std": 0.03815756805667782
    },
    "seed_1003": {
      "ticket_seed": "1003",
      "reward_mean": -233.5640106201172,
      "reward_std": 9.5999116897583,
      "success_mean": 0.666,
      "success_std": 0.049234134500364686
    },
    "seed_1004": {
      "ticket_seed": "1004",
      "reward_mean": -297.6520080566406,
      "reward_std": 1.1458905935287476,
      "success_mean": 0.042,
      "success_std": 0.019390719429665318
    },
    "seed_1005": {
      "ticket_seed": "1005",
      "reward_mean": -293.77398681640625,
      "reward_std": 1.8301315307617188,
      "success_mean": 0.10200000000000001,
      "success_std": 0.023151673805580454
    },
    "seed_1006": {
      "ticket_seed": "1006",
      "reward_mean": -298.8479919433594,
      "reward_std": 0.8719510436058044,
      "success_mean": 0.036,
      "success_std": 0.02576819745345025
    },
    "seed_1007": {
      "ticket_seed": "1007",
      "reward_mean": -297.9320068359375,
      "reward_std": 1.355713129043579,
      "success_mean": 0.036,
      "success_std": 0.01854723699099141
    },
    "seed_1008": {
      "ticket_seed": "1008",
      "reward_mean": -218.0399932861328,
      "reward_std": 11.94719123840332,
      "success_mean": 0.5399999999999999,
      "success_std": 0.07797435475847171
    },
    "seed_999": {
      "ticket_seed": "999",
      "reward_mean": -153.50999450683594,
      "reward_std": 5.376888275146484,
      "success_mean": 0.9020000000000001,
      "success_std": 0.02135415650406264
    }
  }
}