{"n_seeds": 5, "n_evals_per_seed": 100, "reward_mean": -248.4320068359375, "reward_std": 4.315521240234375, "success_mean": 0.5599999999999999, "success_std": 0.05291502622129181, "episode_seeds": [1619, 1620, 1621, 1622, 1623], "seed_reward_means": [-241.91000366210938, -248.19000244140625, -248.66000366210938, -253.99000549316406, -249.41000366210938], "seed_success_means": [0.63, 0.57, 0.58, 0.49, 0.53], "reward_matrix": [[-300.0, -189.0, -300.0, -300.0, -300.0, -300.0, -248.0, -156.0, -300.0, -170.0, -208.0, -176.0, -158.0, -191.0, -176.0, -300.0, -300.0, -259.0, -187.0, -175.0, -276.0, -291.0, -206.0, -300.0, -300.0, -300.0, -167.0, -169.0, -200.0, -300.0, -182.0, -300.0, -184.0, -198.0, -300.0, -252.0, -300.0, -251.0, -240.0, -245.0, -300.0, -300.0, -193.0, -300.0, -225.0, -177.0, -157.0, -300.0, -300.0, -180.0, -160.0, -300.0, -189.0, -285.0, -300.0, -244.0, -300.0, -158.0, -300.0, -192.0, -284.0, -300.0, -282.0, -300.0, -192.0, -177.0, -188.0, -213.0, -300.0, -243.0, -300.0, -196.0, -300.0, -300.0, -216.0, -300.0, -300.0, -284.0, -196.0, -300.0, -249.0, -254.0, -163.0, -210.0, -300.0, -300.0, -182.0, -245.0, -300.0, -272.0, -176.0, -166.0, -183.0, -264.0, -162.0, -160.0, -216.0, -251.0, -300.0, -153.0], [-202.0, -300.0, -300.0, -300.0, -300.0, -300.0, -225.0, -300.0, -300.0, -300.0, -300.0, -173.0, -300.0, -280.0, -300.0, -300.0, -175.0, -300.0, -300.0, -220.0, -180.0, -300.0, -300.0, -170.0, -169.0, -300.0, -164.0, -300.0, -251.0, -285.0, -300.0, -187.0, -300.0, -235.0, -300.0, -220.0, -213.0, -300.0, -237.0, -203.0, -300.0, -194.0, -300.0, -255.0, -214.0, -177.0, -240.0, -300.0, -237.0, -267.0, -300.0, -300.0, -300.0, -300.0, -262.0, -183.0, -222.0, -278.0, -168.0, -146.0, -257.0, -300.0, -300.0, -243.0, -300.0, -160.0, -212.0, -300.0, -169.0, -222.0, -184.0, -174.0, -300.0, -170.0, -239.0, -270.0, -192.0, -300.0, -162.0, -209.0, -256.0, -300.0, -236.0, -188.0, -153.0, -300.0, -191.0, -191.0, -300.0, -233.0, -300.0, -211.0, -198.0, -236.0, -300.0, -300.0, -300.0, -185.0, -146.0, -300.0], [-210.0, -300.0, -300.0, -192.0, -270.0, -300.0, -300.0, -300.0, -177.0, -300.0, -190.0, -284.0, -300.0, -172.0, -166.0, -208.0, -182.0, -300.0, -300.0, -300.0, -300.0, -241.0, -300.0, -300.0, -256.0, -238.0, -153.0, -300.0, -158.0, -300.0, -260.0, -300.0, -205.0, -172.0, -156.0, -300.0, -235.0, -300.0, -202.0, -300.0, -300.0, -210.0, -190.0, -225.0, -300.0, -217.0, -223.0, -229.0, -241.0, -300.0, -252.0, -158.0, -300.0, -241.0, -198.0, -280.0, -188.0, -165.0, -196.0, -256.0, -168.0, -260.0, -283.0, -300.0, -236.0, -300.0, -300.0, -249.0, -192.0, -189.0, -300.0, -161.0, -279.0, -300.0, -207.0, -300.0, -244.0, -300.0, -153.0, -205.0, -300.0, -300.0, -300.0, -282.0, -179.0, -156.0, -300.0, -300.0, -215.0, -197.0, -300.0, -300.0, -193.0, -300.0, -242.0, -300.0, -300.0, -300.0, -300.0, -180.0], [-300.0, -280.0, -216.0, -300.0, -300.0, -146.0, -169.0, -300.0, -300.0, -300.0, -259.0, -300.0, -300.0, -300.0, -300.0, -196.0, -300.0, -165.0, -275.0, -300.0, -300.0, -224.0, -249.0, -300.0, -174.0, -206.0, -153.0, -185.0, -288.0, -172.0, -300.0, -300.0, -300.0, -213.0, -172.0, -292.0, -300.0, -300.0, -300.0, -300.0, -192.0, -300.0, -188.0, -288.0, -300.0, -169.0, -300.0, -300.0, -300.0, -190.0, -300.0, -300.0, -251.0, -201.0, -300.0, -163.0, -300.0, -177.0, -180.0, -212.0, -300.0, -222.0, -300.0, -300.0, -300.0, -300.0, -214.0, -300.0, -221.0, -300.0, -300.0, -300.0, -300.0, -300.0, -219.0, -300.0, -300.0, -300.0, -237.0, -194.0, -300.0, -174.0, -270.0, -183.0, -300.0, -200.0, -195.0, -204.0, -164.0, -300.0, -300.0, -200.0, -300.0, -179.0, -189.0, -300.0, -236.0, -300.0, -164.0, -189.0], [-300.0, -300.0, -152.0, -223.0, -254.0, -300.0, -218.0, -154.0, -300.0, -154.0, -300.0, -217.0, -237.0, -300.0, -208.0, -300.0, -300.0, -195.0, -300.0, -192.0, -240.0, -162.0, -300.0, -234.0, -176.0, -162.0, -208.0, -300.0, -292.0, -300.0, -204.0, -300.0, -300.0, -202.0, -300.0, -153.0, -300.0, -300.0, -206.0, -193.0, -300.0, -300.0, -186.0, -300.0, -208.0, -300.0, -180.0, -266.0, -300.0, -184.0, -300.0, -166.0, -300.0, -300.0, -215.0, -284.0, -300.0, -300.0, -300.0, -300.0, -295.0, -189.0, -188.0, -272.0, -300.0, -180.0, -300.0, -300.0, -300.0, -160.0, -208.0, -300.0, -300.0, -229.0, -228.0, -300.0, -193.0, -228.0, -300.0, -300.0, -300.0, -300.0, -265.0, -213.0, -300.0, -300.0, -164.0, -300.0, -300.0, -165.0, -300.0, -170.0, -179.0, -228.0, -300.0, -170.0, -250.0, -300.0, -185.0, -157.0]], "success_matrix": [[false, true, false, false, false, false, true, true, false, true, true, true, true, true, true, false, false, true, true, true, true, true, true, false, false, false, true, true, true, false, true, false, true, true, false, true, false, true, true, true, false, false, true, false, true, true, true, false, false, true, true, false, true, true, false, true, false, true, false, true, true, false, true, false, true, true, true, true, false, true, false, true, false, false, true, false, false, true, true, false, true, true, true, true, false, false, true, true, false, true, true, true, true, true, true, true, true, true, false, true], [true, false, false, false, false, false, true, false, false, false, false, true, false, true, false, false, true, false, false, true, true, false, false, true, true, false, true, false, true, true, false, true, false, true, false, true, true, false, true, true, false, true, false, true, true, true, true, false, true, true, false, false, false, false, true, true, true, true, true, true, true, false, false, true, false, true, true, false, true, true, true, true, false, true, true, true, true, false, true, true, true, false, true, true, true, false, true, true, false, true, false, true, true, true, false, false, false, true, true, false], [true, false, false, true, true, false, false, false, true, false, true, true, false, true, true, true, true, false, false, false, false, true, false, false, true, true, true, false, true, false, true, false, true, true, true, false, true, false, true, false, false, true, true, true, false, true, true, true, true, false, true, true, false, true, true, true, true, true, true, true, true, true, true, false, true, false, false, true, true, true, false, true, true, false, true, false, true, false, true, true, false, false, false, true, true, true, false, false, true, true, false, false, true, false, true, false, false, false, false, true], [false, true, true, false, false, true, true, false, false, false, true, false, false, false, false, true, false, true, true, false, false, true, true, false, true, true, true, true, true, true, false, false, false, true, true, true, false, false, false, false, true, false, true, true, false, true, false, false, false, true, false, false, true, true, false, true, false, true, true, true, false, true, false, false, false, false, true, false, true, false, false, false, false, false, true, false, false, false, true, true, false, true, true, true, false, true, true, true, true, false, false, true, false, true, true, false, true, false, true, true], [false, false, true, true, true, false, true, true, false, true, false, true, true, false, true, false, false, true, false, true, true, true, false, true, true, true, true, false, true, false, true, false, false, true, false, true, false, false, true, true, false, false, true, false, true, false, true, true, false, true, false, true, false, false, true, true, false, false, false, false, true, true, true, true, false, true, false, false, false, true, true, false, false, true, true, false, true, true, false, false, false, false, true, true, false, false, true, false, false, true, false, true, true, true, false, true, true, false, true, true]], "ticket_name": "zo_envs10_iter100_cand10_lambda2.0_seed666_ddim2_20251215_221809/seed_667", "eval_noise_idx": 0, "eval_seed": 1619}