{"num_noise_samples": 300, "num_envs": 10, "success_rate_mean": 0.15799999237060547, "success_rate_std": 0.17350120842456818, "best_success_rate": 0.8, "best_original_index": 31, "success_rates_sorted": [0.8, 0.8, 0.8, 0.7, 0.7, 0.6, 0.6, 0.6, 0.6, 0.5, 0.5, 0.5, 0.5, 0.5, 0.5, 0.5, 0.5, 0.5, 0.5, 0.5, 0.5, 0.5, 0.5, 0.5, 0.4, 0.4, 0.4, 0.4, 0.4, 0.4, 0.4, 0.4, 0.4, 0.4, 0.4, 0.4, 0.4, 0.4, 0.4, 0.4, 0.4, 0.4, 0.4, 0.3, 0.3, 0.3, 0.3, 0.3, 0.3, 0.3, 0.3, 0.3, 0.3, 0.3, 0.3, 0.3, 0.3, 0.3, 0.3, 0.3, 0.3, 0.3, 0.3, 0.3, 0.3, 0.3, 0.3, 0.3, 0.3, 0.3, 0.3, 0.3, 0.3, 0.3, 0.2, 0.2, 0.2, 0.2, 0.2, 0.2, 0.2, 0.2, 0.2, 0.2, 0.2, 0.2, 0.2, 0.2, 0.2, 0.2, 0.2, 0.2, 0.2, 0.2, 0.2, 0.2, 0.2, 0.2, 0.2, 0.2, 0.2, 0.2, 0.2, 0.2, 0.2, 0.2, 0.2, 0.2, 0.2, 0.2, 0.2, 0.2, 0.2, 0.2, 0.2, 0.2, 0.2, 0.2, 0.2, 0.2, 0.1, 0.1, 0.1, 0.1, 0.1, 0.1, 0.1, 0.1, 0.1, 0.1, 0.1, 0.1, 0.1, 0.1, 0.1, 0.1, 0.1, 0.1, 0.1, 0.1, 0.1, 0.1, 0.1, 0.1, 0.1, 0.1, 0.1, 0.1, 0.1, 0.1, 0.1, 0.1, 0.1, 0.1, 0.1, 0.1, 0.1, 0.1, 0.1, 0.1, 0.1, 0.1, 0.1, 0.1, 0.1, 0.1, 0.1, 0.1, 0.1, 0.1, 0.1, 0.1, 0.1, 0.1, 0.1, 0.1, 0.1, 0.1, 0.1, 0.1, 0.1, 0.1, 0.1, 0.1, 0.1, 0.1, 0.1, 0.1, 0.1, 0.1, 0.1, 0.1, 0.1, 0.1, 0.1, 0.1, 0.0, 0.0, 0.0, 0.0, 0.0, 0.0, 0.0, 0.0, 0.0, 0.0, 0.0, 0.0, 0.0, 0.0, 0.0, 0.0, 0.0, 0.0, 0.0, 0.0, 0.0, 0.0, 0.0, 0.0, 0.0, 0.0, 0.0, 0.0, 0.0, 0.0, 0.0, 0.0, 0.0, 0.0, 0.0, 0.0, 0.0, 0.0, 0.0, 0.0, 0.0, 0.0, 0.0, 0.0, 0.0, 0.0, 0.0, 0.0, 0.0, 0.0, 0.0, 0.0, 0.0, 0.0, 0.0, 0.0, 0.0, 0.0, 0.0, 0.0, 0.0, 0.0, 0.0, 0.0, 0.0, 0.0, 0.0, 0.0, 0.0, 0.0, 0.0, 0.0, 0.0, 0.0, 0.0, 0.0, 0.0, 0.0, 0.0, 0.0, 0.0, 0.0, 0.0, 0.0, 0.0, 0.0, 0.0, 0.0, 0.0, 0.0, 0.0, 0.0, 0.0, 0.0, 0.0, 0.0, 0.0, 0.0, 0.0, 0.0, 0.0, 0.0, 0.0, 0.0], "original_success_rates": [0.1, 0.2, 0.1, 0.0, 0.2, 0.0, 0.3, 0.3, 0.1, 0.2, 0.2, 0.0, 0.0, 0.0, 0.3, 0.2, 0.0, 0.2, 0.1, 0.2, 0.0, 0.2, 0.1, 0.3, 0.0, 0.3, 0.1, 0.1, 0.3, 0.3, 0.3, 0.8, 0.0, 0.2, 0.0, 0.1, 0.0, 0.0, 0.3, 0.4, 0.1, 0.3, 0.0, 0.4, 0.4, 0.0, 0.3, 0.3, 0.0, 0.2, 0.3, 0.0, 0.0, 0.1, 0.4, 0.1, 0.0, 0.1, 0.0, 0.3, 0.4, 0.0, 0.2, 0.0, 0.0, 0.6, 0.2, 0.0, 0.1, 0.2, 0.0, 0.0, 0.2, 0.1, 0.2, 0.1, 0.3, 0.0, 0.1, 0.1, 0.2, 0.1, 0.0, 0.1, 0.2, 0.2, 0.1, 0.0, 0.2, 0.2, 0.0, 0.1, 0.2, 0.4, 0.1, 0.0, 0.5, 0.1, 0.2, 0.1, 0.0, 0.0, 0.1, 0.2, 0.5, 0.0, 0.1, 0.4, 0.2, 0.3, 0.0, 0.1, 0.1, 0.7, 0.4, 0.1, 0.0, 0.1, 0.1, 0.6, 0.2, 0.8, 0.0, 0.0, 0.1, 0.3, 0.0, 0.1, 0.1, 0.1, 0.1, 0.2, 0.0, 0.0, 0.0, 0.0, 0.1, 0.1, 0.6, 0.1, 0.0, 0.0, 0.0, 0.4, 0.4, 0.2, 0.0, 0.3, 0.1, 0.1, 0.1, 0.1, 0.0, 0.0, 0.0, 0.1, 0.0, 0.2, 0.0, 0.2, 0.3, 0.2, 0.0, 0.1, 0.2, 0.8, 0.4, 0.0, 0.0, 0.1, 0.3, 0.2, 0.1, 0.5, 0.1, 0.0, 0.4, 0.0, 0.0, 0.0, 0.1, 0.1, 0.0, 0.2, 0.2, 0.2, 0.2, 0.1, 0.0, 0.0, 0.0, 0.0, 0.0, 0.3, 0.4, 0.0, 0.0, 0.0, 0.1, 0.1, 0.4, 0.0, 0.0, 0.2, 0.0, 0.0, 0.1, 0.0, 0.5, 0.0, 0.5, 0.2, 0.0, 0.3, 0.0, 0.0, 0.1, 0.0, 0.3, 0.1, 0.1, 0.7, 0.2, 0.5, 0.2, 0.5, 0.0, 0.5, 0.0, 0.3, 0.0, 0.2, 0.0, 0.2, 0.5, 0.1, 0.3, 0.1, 0.5, 0.0, 0.1, 0.0, 0.0, 0.1, 0.1, 0.0, 0.3, 0.5, 0.0, 0.0, 0.0, 0.1, 0.4, 0.1, 0.0, 0.0, 0.0, 0.1, 0.0, 0.3, 0.0, 0.1, 0.0, 0.0, 0.0, 0.0, 0.1, 0.1, 0.6, 0.5, 0.3, 0.3, 0.4, 0.3, 0.0, 0.0, 0.0, 0.4, 0.2, 0.2, 0.0, 0.5, 0.1, 0.0, 0.4, 0.1, 0.1, 0.1, 0.5, 0.2, 0.3, 0.1, 0.1, 0.1, 0.0, 0.4, 0.2, 0.0, 0.5, 0.1], "seed": 999, "env_seeds": [451004528, 758096292, 1176312407, 1051420009, 1969865653, 227516016, 3321413852, 2239472195, 3455882041, 1504030193]}