{"n_seeds": 5, "n_evals_per_seed": 100, "reward_mean": -172.70599365234375, "reward_std": 10.283808708190918, "success_mean": 0.8139999999999998, "success_std": 0.04615192303685729, "episode_seeds": [1619, 1620, 1621, 1622, 1623], "seed_reward_means": [-180.25999450683594, -166.4199981689453, -172.8800048828125, -184.74000549316406, -159.22999572753906], "seed_success_means": [0.8, 0.85, 0.74, 0.83, 0.85], "reward_matrix": [[-243.0, -80.0, -96.0, -124.0, -210.0, -89.0, -298.0, -93.0, -173.0, -125.0, -127.0, -148.0, -74.0, -300.0, -74.0, -300.0, -300.0, -112.0, -193.0, -53.0, -300.0, -97.0, -240.0, -80.0, -124.0, -80.0, -300.0, -181.0, -300.0, -83.0, -300.0, -174.0, -300.0, -70.0, -229.0, -177.0, -73.0, -300.0, -192.0, -73.0, -181.0, -180.0, -184.0, -226.0, -300.0, -132.0, -200.0, -148.0, -300.0, -300.0, -64.0, -188.0, -251.0, -152.0, -86.0, -300.0, -210.0, -300.0, -116.0, -177.0, -141.0, -184.0, -128.0, -177.0, -224.0, -208.0, -157.0, -263.0, -144.0, -205.0, -284.0, -112.0, -70.0, -97.0, -96.0, -225.0, -169.0, -300.0, -129.0, -167.0, -128.0, -124.0, -300.0, -106.0, -129.0, -256.0, -83.0, -300.0, -220.0, -300.0, -137.0, -184.0, -213.0, -126.0, -152.0, -189.0, -300.0, -248.0, -89.0, -82.0], [-70.0, -164.0, -97.0, -217.0, -166.0, -140.0, -74.0, -81.0, -92.0, -208.0, -92.0, -135.0, -182.0, -300.0, -111.0, -232.0, -192.0, -65.0, -244.0, -300.0, -256.0, -54.0, -197.0, -66.0, -133.0, -80.0, -250.0, -208.0, -228.0, -300.0, -82.0, -96.0, -106.0, -136.0, -63.0, -181.0, -300.0, -91.0, -300.0, -201.0, -149.0, -273.0, -142.0, -176.0, -300.0, -300.0, -300.0, -74.0, -88.0, -92.0, -113.0, -118.0, -108.0, -231.0, -240.0, -115.0, -74.0, -75.0, -93.0, -200.0, -241.0, -101.0, -74.0, -216.0, -300.0, -174.0, -69.0, -111.0, -204.0, -97.0, -94.0, -101.0, -196.0, -123.0, -206.0, -174.0, -73.0, -88.0, -238.0, -118.0, -300.0, -300.0, -88.0, -300.0, -68.0, -252.0, -232.0, -76.0, -79.0, -157.0, -247.0, -300.0, -233.0, -123.0, -249.0, -86.0, -126.0, -300.0, -77.0, -300.0], [-120.0, -221.0, -86.0, -300.0, -156.0, -144.0, -218.0, -221.0, -300.0, -140.0, -74.0, -82.0, -300.0, -300.0, -73.0, -152.0, -161.0, -300.0, -109.0, -300.0, -252.0, -140.0, -152.0, -85.0, -300.0, -300.0, -300.0, -141.0, -212.0, -93.0, -116.0, -101.0, -248.0, -300.0, -300.0, -300.0, -92.0, -129.0, -300.0, -244.0, -300.0, -114.0, -161.0, -73.0, -80.0, -85.0, -300.0, -100.0, -72.0, -300.0, -254.0, -79.0, -76.0, -65.0, -83.0, -221.0, -205.0, -69.0, -130.0, -300.0, -85.0, -66.0, -67.0, -300.0, -52.0, -100.0, -276.0, -166.0, -78.0, -85.0, -135.0, -51.0, -100.0, -94.0, -100.0, -132.0, -300.0, -244.0, -300.0, -112.0, -300.0, -121.0, -300.0, -212.0, -300.0, -57.0, -300.0, -72.0, -300.0, -82.0, -149.0, -77.0, -117.0, -189.0, -133.0, -78.0, -300.0, -93.0, -262.0, -74.0], [-300.0, -100.0, -74.0, -146.0, -174.0, -300.0, -229.0, -81.0, -213.0, -234.0, -242.0, -221.0, -263.0, -300.0, -123.0, -219.0, -201.0, -120.0, -156.0, -149.0, -219.0, -273.0, -300.0, -262.0, -300.0, -165.0, -300.0, -66.0, -104.0, -249.0, -56.0, -276.0, -81.0, -300.0, -300.0, -74.0, -246.0, -116.0, -65.0, -78.0, -192.0, -172.0, -65.0, -279.0, -222.0, -185.0, -68.0, -163.0, -186.0, -75.0, -184.0, -97.0, -96.0, -226.0, -133.0, -300.0, -70.0, -124.0, -190.0, -195.0, -244.0, -88.0, -157.0, -285.0, -64.0, -217.0, -141.0, -180.0, -209.0, -85.0, -115.0, -269.0, -300.0, -181.0, -59.0, -67.0, -144.0, -106.0, -272.0, -70.0, -300.0, -300.0, -300.0, -127.0, -160.0, -67.0, -237.0, -300.0, -245.0, -297.0, -116.0, -201.0, -113.0, -57.0, -228.0, -240.0, -300.0, -300.0, -208.0, -228.0], [-68.0, -223.0, -223.0, -221.0, -113.0, -71.0, -77.0, -98.0, -89.0, -219.0, -114.0, -84.0, -103.0, -300.0, -164.0, -104.0, -92.0, -155.0, -99.0, -134.0, -150.0, -257.0, -192.0, -70.0, -117.0, -152.0, -173.0, -80.0, -89.0, -300.0, -244.0, -101.0, -300.0, -225.0, -90.0, -86.0, -237.0, -225.0, -212.0, -300.0, -68.0, -300.0, -209.0, -93.0, -99.0, -300.0, -66.0, -236.0, -300.0, -125.0, -300.0, -300.0, -84.0, -77.0, -100.0, -152.0, -103.0, -107.0, -217.0, -190.0, -110.0, -300.0, -300.0, -88.0, -136.0, -300.0, -300.0, -233.0, -63.0, -150.0, -300.0, -68.0, -115.0, -68.0, -158.0, -179.0, -252.0, -169.0, -69.0, -144.0, -176.0, -98.0, -284.0, -96.0, -85.0, -153.0, -56.0, -70.0, -191.0, -176.0, -196.0, -97.0, -64.0, -94.0, -96.0, -109.0, -72.0, -300.0, -132.0, -99.0]], "success_matrix": [[true, true, true, true, true, true, false, true, true, true, true, true, true, false, true, false, false, true, true, true, false, true, true, true, true, true, false, true, false, true, false, true, false, true, true, true, true, false, true, true, true, true, true, true, false, true, true, true, false, false, true, true, true, true, true, false, true, false, true, true, true, true, true, true, true, true, true, true, true, true, true, true, true, true, true, true, true, false, true, true, true, true, false, true, true, true, true, false, true, false, true, true, true, true, true, true, false, true, true, true], [true, true, true, true, true, true, true, true, true, true, true, true, true, false, true, true, true, true, true, false, true, true, true, true, true, true, true, true, true, false, true, true, true, true, true, true, false, true, false, true, true, true, true, true, false, false, false, true, true, true, true, true, true, true, true, true, true, true, true, true, true, true, true, true, false, true, true, true, true, true, true, true, true, true, true, true, true, true, true, true, false, false, true, false, true, true, true, true, true, true, true, false, true, true, true, true, true, false, true, false], [true, true, true, false, true, true, true, true, false, true, true, true, false, false, true, true, true, false, true, false, true, true, true, true, false, false, false, true, true, true, true, true, true, false, false, false, true, true, false, true, false, true, true, true, true, true, false, true, true, false, true, true, true, true, true, true, true, true, true, false, true, true, true, false, true, true, true, true, true, true, true, true, true, true, true, true, false, true, false, true, false, true, false, true, false, true, false, true, false, true, true, true, true, true, true, true, false, true, true, true], [false, true, true, true, true, false, true, true, true, true, true, true, true, false, true, true, true, true, true, true, true, true, false, true, false, true, false, true, true, true, true, true, true, false, false, true, true, true, true, true, true, true, true, true, true, true, true, true, true, true, true, true, true, true, true, false, true, true, true, true, true, true, true, true, true, true, true, true, true, true, true, true, false, true, true, true, true, true, true, true, false, false, false, true, true, true, true, false, true, false, true, true, true, true, true, true, false, false, true, true], [true, true, true, true, true, true, true, true, true, true, true, true, true, false, true, true, true, true, true, true, true, true, true, true, true, true, true, true, true, false, true, true, false, true, true, true, true, true, true, false, true, false, true, true, true, false, true, true, false, true, false, false, true, true, true, true, true, true, true, true, true, false, false, true, true, false, false, true, true, true, false, true, true, true, true, true, true, true, true, true, true, true, true, true, true, true, true, true, true, true, true, true, true, true, true, true, true, false, true, true]], "ticket_name": "zo_envs10_iter100_cand10_lambda0.5_seed666_ddim8_20251212_061251/seed_671", "eval_noise_idx": 0, "eval_seed": 1619}