{"n_seeds": 5, "n_evals_per_seed": 100, "reward_mean": -222.5780029296875, "reward_std": 8.73284912109375, "success_mean": 0.6040000000000001, "success_std": 0.06529931086925805, "episode_seeds": [1619, 1620, 1621, 1622, 1623], "seed_reward_means": [-212.14999389648438, -238.0500030517578, -217.0800018310547, -221.61000061035156, -224.0], "seed_success_means": [0.67, 0.49, 0.66, 0.62, 0.58], "reward_matrix": [[-300.0, -131.0, -300.0, -194.0, -300.0, -300.0, -180.0, -174.0, -300.0, -224.0, -223.0, -161.0, -167.0, -139.0, -186.0, -143.0, -148.0, -300.0, -300.0, -159.0, -123.0, -152.0, -159.0, -183.0, -300.0, -300.0, -300.0, -142.0, -271.0, -300.0, -163.0, -300.0, -185.0, -135.0, -300.0, -131.0, -300.0, -153.0, -171.0, -147.0, -300.0, -300.0, -300.0, -204.0, -139.0, -204.0, -178.0, -144.0, -223.0, -300.0, -135.0, -127.0, -127.0, -197.0, -145.0, -184.0, -300.0, -167.0, -300.0, -193.0, -300.0, -300.0, -139.0, -139.0, -229.0, -300.0, -143.0, -167.0, -131.0, -300.0, -136.0, -135.0, -199.0, -300.0, -165.0, -300.0, -300.0, -180.0, -256.0, -131.0, -300.0, -159.0, -166.0, -269.0, -300.0, -300.0, -169.0, -300.0, -163.0, -300.0, -226.0, -142.0, -178.0, -259.0, -153.0, -182.0, -131.0, -127.0, -300.0, -130.0], [-300.0, -135.0, -300.0, -145.0, -300.0, -300.0, -300.0, -300.0, -170.0, -300.0, -300.0, -300.0, -300.0, -300.0, -300.0, -300.0, -186.0, -300.0, -300.0, -171.0, -127.0, -300.0, -300.0, -161.0, -300.0, -190.0, -143.0, -300.0, -131.0, -300.0, -300.0, -300.0, -176.0, -300.0, -300.0, -167.0, -300.0, -199.0, -300.0, -198.0, -300.0, -166.0, -191.0, -200.0, -187.0, -166.0, -187.0, -175.0, -300.0, -300.0, -300.0, -300.0, -158.0, -195.0, -300.0, -179.0, -143.0, -174.0, -150.0, -142.0, -300.0, -300.0, -300.0, -185.0, -300.0, -146.0, -300.0, -300.0, -127.0, -194.0, -195.0, -199.0, -300.0, -142.0, -147.0, -194.0, -207.0, -300.0, -300.0, -300.0, -184.0, -300.0, -300.0, -163.0, -182.0, -300.0, -229.0, -185.0, -300.0, -202.0, -300.0, -232.0, -300.0, -135.0, -300.0, -300.0, -300.0, -131.0, -135.0, -279.0], [-300.0, -300.0, -150.0, -227.0, -168.0, -300.0, -228.0, -196.0, -147.0, -155.0, -135.0, -160.0, -300.0, -131.0, -151.0, -139.0, -173.0, -180.0, -143.0, -300.0, -300.0, -178.0, -135.0, -225.0, -168.0, -180.0, -130.0, -238.0, -300.0, -300.0, -300.0, -255.0, -300.0, -300.0, -300.0, -135.0, -160.0, -131.0, -300.0, -176.0, -151.0, -296.0, -300.0, -139.0, -217.0, -139.0, -300.0, -163.0, -300.0, -300.0, -300.0, -175.0, -139.0, -199.0, -157.0, -300.0, -183.0, -143.0, -147.0, -164.0, -167.0, -186.0, -300.0, -300.0, -183.0, -300.0, -167.0, -300.0, -167.0, -300.0, -300.0, -142.0, -300.0, -245.0, -158.0, -300.0, -300.0, -300.0, -127.0, -139.0, -300.0, -237.0, -156.0, -150.0, -156.0, -179.0, -267.0, -151.0, -189.0, -199.0, -232.0, -300.0, -195.0, -300.0, -300.0, -160.0, -300.0, -127.0, -257.0, -166.0], [-300.0, -231.0, -191.0, -300.0, -231.0, -123.0, -182.0, -300.0, -131.0, -204.0, -175.0, -159.0, -300.0, -300.0, -182.0, -216.0, -251.0, -131.0, -300.0, -140.0, -191.0, -300.0, -300.0, -300.0, -300.0, -172.0, -134.0, -201.0, -300.0, -179.0, -140.0, -187.0, -300.0, -167.0, -131.0, -173.0, -300.0, -300.0, -270.0, -300.0, -300.0, -300.0, -167.0, -148.0, -268.0, -135.0, -300.0, -195.0, -300.0, -155.0, -300.0, -300.0, -163.0, -169.0, -300.0, -196.0, -300.0, -177.0, -127.0, -175.0, -300.0, -154.0, -135.0, -159.0, -300.0, -300.0, -164.0, -300.0, -175.0, -300.0, -300.0, -300.0, -160.0, -231.0, -139.0, -226.0, -300.0, -300.0, -143.0, -191.0, -148.0, -211.0, -152.0, -213.0, -150.0, -195.0, -179.0, -300.0, -126.0, -300.0, -300.0, -300.0, -163.0, -131.0, -143.0, -300.0, -183.0, -147.0, -300.0, -176.0], [-147.0, -300.0, -119.0, -171.0, -139.0, -300.0, -300.0, -127.0, -300.0, -130.0, -199.0, -300.0, -199.0, -300.0, -216.0, -151.0, -300.0, -162.0, -187.0, -214.0, -300.0, -179.0, -300.0, -300.0, -147.0, -181.0, -300.0, -300.0, -224.0, -179.0, -131.0, -152.0, -168.0, -139.0, -300.0, -153.0, -300.0, -300.0, -146.0, -300.0, -135.0, -188.0, -300.0, -179.0, -300.0, -156.0, -300.0, -165.0, -300.0, -300.0, -135.0, -300.0, -255.0, -300.0, -258.0, -131.0, -162.0, -300.0, -229.0, -300.0, -184.0, -300.0, -300.0, -300.0, -156.0, -135.0, -300.0, -300.0, -300.0, -131.0, -174.0, -156.0, -163.0, -139.0, -154.0, -300.0, -300.0, -174.0, -172.0, -300.0, -221.0, -300.0, -185.0, -247.0, -213.0, -172.0, -127.0, -159.0, -155.0, -300.0, -300.0, -190.0, -300.0, -300.0, -128.0, -166.0, -300.0, -300.0, -300.0, -146.0]], "success_matrix": [[false, true, false, true, false, false, true, true, false, true, true, true, true, true, true, true, true, false, false, true, true, true, true, true, false, false, false, true, true, false, true, false, true, true, false, true, false, true, true, true, false, false, false, true, true, true, true, true, true, false, true, true, true, true, true, true, false, true, false, true, false, false, true, true, true, false, true, true, true, false, true, true, true, false, true, false, false, true, true, true, false, true, true, true, false, false, true, false, true, false, true, true, true, true, true, true, true, true, false, true], [false, true, false, true, false, false, false, false, true, false, false, false, false, false, false, false, true, false, false, true, true, false, false, true, false, true, true, false, true, false, false, false, true, false, false, true, false, true, false, true, false, true, true, true, true, true, true, true, false, false, false, false, true, true, false, true, true, true, true, true, false, false, false, true, false, true, false, false, true, true, true, true, false, true, true, true, true, false, false, false, true, false, false, true, true, false, true, true, false, true, false, true, false, true, false, false, false, true, true, true], [false, false, true, true, true, false, true, true, true, true, true, true, false, true, true, true, true, true, true, false, false, true, true, true, true, true, true, true, false, false, false, true, false, false, false, true, true, true, false, true, true, true, false, true, true, true, false, true, false, false, false, true, true, true, true, false, true, true, true, true, true, true, false, false, true, false, true, false, true, false, false, true, false, true, true, false, false, false, true, true, false, true, true, true, true, true, true, true, true, true, true, false, true, false, false, true, false, true, true, true], [false, true, true, false, true, true, true, false, true, true, true, true, false, false, true, true, true, true, false, true, true, false, false, false, false, true, true, true, false, true, true, true, false, true, true, true, false, false, true, false, false, false, true, true, true, true, false, true, false, true, false, false, true, true, false, true, false, true, true, true, false, true, true, true, false, false, true, false, true, false, false, false, true, true, true, true, false, false, true, true, true, true, true, true, true, true, true, false, true, false, false, false, true, true, true, false, true, true, false, true], [true, false, true, true, true, false, false, true, false, true, true, false, true, false, true, true, false, true, true, true, false, true, false, false, true, true, false, false, true, true, true, true, true, true, false, true, false, false, true, false, true, true, false, true, false, true, false, true, false, false, true, false, true, false, true, true, true, false, true, false, true, false, false, false, true, true, false, false, false, true, true, true, true, true, true, false, false, true, true, false, true, false, true, true, true, true, true, true, true, false, false, true, false, false, true, true, false, false, false, true]], "ticket_name": "envs100_samples5000_seed999_ddim8_20251130_221846_ddim8", "eval_noise_idx": 18, "eval_seed": 1619}