{"n_seeds": 5, "n_evals_per_seed": 100, "reward_mean": -83.73399353027344, "reward_std": 3.619098424911499, "success_mean": 0.8480000000000001, "success_std": 0.014832396974191338, "episode_seeds": [1619, 1620, 1621, 1622, 1623], "seed_reward_means": [-88.41999816894531, -85.4800033569336, -83.13999938964844, -83.05000305175781, -78.58000183105469], "seed_success_means": [0.83, 0.84, 0.85, 0.85, 0.87], "reward_matrix": [[-44.0, -42.0, -45.0, -45.0, -42.0, -42.0, -48.0, -45.0, -49.0, -45.0, -45.0, -43.0, -41.0, -45.0, -44.0, -300.0, -41.0, -300.0, -45.0, -47.0, -41.0, -44.0, -45.0, -41.0, -44.0, -44.0, -300.0, -51.0, -45.0, -44.0, -45.0, -45.0, -300.0, -45.0, -49.0, -45.0, -45.0, -41.0, -300.0, -300.0, -42.0, -45.0, -45.0, -45.0, -49.0, -47.0, -47.0, -45.0, -41.0, -300.0, -44.0, -47.0, -43.0, -42.0, -300.0, -300.0, -44.0, -45.0, -45.0, -45.0, -42.0, -48.0, -42.0, -45.0, -45.0, -44.0, -44.0, -49.0, -45.0, -43.0, -45.0, -46.0, -45.0, -41.0, -45.0, -45.0, -41.0, -41.0, -49.0, -44.0, -300.0, -44.0, -41.0, -44.0, -300.0, -51.0, -300.0, -300.0, -77.0, -45.0, -45.0, -300.0, -300.0, -45.0, -300.0, -300.0, -52.0, -45.0, -47.0, -44.0], [-41.0, -42.0, -44.0, -45.0, -300.0, -45.0, -41.0, -42.0, -41.0, -45.0, -53.0, -49.0, -45.0, -49.0, -46.0, -53.0, -42.0, -41.0, -44.0, -44.0, -45.0, -41.0, -45.0, -45.0, -43.0, -300.0, -46.0, -44.0, -41.0, -45.0, -43.0, -293.0, -43.0, -41.0, -47.0, -44.0, -44.0, -300.0, -45.0, -43.0, -49.0, -300.0, -300.0, -41.0, -300.0, -49.0, -57.0, -43.0, -45.0, -300.0, -49.0, -41.0, -41.0, -44.0, -45.0, -49.0, -45.0, -41.0, -45.0, -41.0, -300.0, -49.0, -41.0, -43.0, -59.0, -300.0, -49.0, -44.0, -41.0, -43.0, -41.0, -47.0, -45.0, -300.0, -296.0, -41.0, -46.0, -43.0, -50.0, -44.0, -300.0, -43.0, -297.0, -42.0, -41.0, -46.0, -45.0, -300.0, -42.0, -45.0, -41.0, -50.0, -300.0, -49.0, -51.0, -45.0, -45.0, -44.0, -44.0, -41.0], [-49.0, -45.0, -41.0, -300.0, -51.0, -49.0, -300.0, -47.0, -49.0, -300.0, -41.0, -295.0, -49.0, -45.0, -45.0, -43.0, -45.0, -45.0, -44.0, -61.0, -41.0, -49.0, -41.0, -40.0, -300.0, -52.0, -46.0, -44.0, -45.0, -300.0, -46.0, -45.0, -55.0, -41.0, -44.0, -52.0, -41.0, -300.0, -53.0, -41.0, -45.0, -41.0, -41.0, -41.0, -41.0, -42.0, -45.0, -45.0, -41.0, -47.0, -44.0, -42.0, -41.0, -41.0, -291.0, -53.0, -300.0, -41.0, -300.0, -47.0, -48.0, -50.0, -44.0, -44.0, -41.0, -53.0, -41.0, -44.0, -41.0, -46.0, -52.0, -41.0, -45.0, -300.0, -45.0, -294.0, -42.0, -45.0, -48.0, -42.0, -300.0, -49.0, -44.0, -41.0, -45.0, -44.0, -41.0, -41.0, -44.0, -300.0, -47.0, -49.0, -41.0, -45.0, -45.0, -48.0, -300.0, -49.0, -45.0, -41.0], [-43.0, -42.0, -300.0, -45.0, -41.0, -300.0, -294.0, -45.0, -45.0, -43.0, -42.0, -45.0, -43.0, -45.0, -47.0, -45.0, -49.0, -300.0, -45.0, -45.0, -45.0, -45.0, -47.0, -44.0, -48.0, -300.0, -47.0, -299.0, -45.0, -45.0, -44.0, -45.0, -41.0, -45.0, -300.0, -41.0, -49.0, -51.0, -40.0, -51.0, -45.0, -48.0, -300.0, -53.0, -45.0, -45.0, -44.0, -42.0, -41.0, -52.0, -45.0, -44.0, -47.0, -42.0, -44.0, -300.0, -54.0, -43.0, -42.0, -49.0, -300.0, -41.0, -49.0, -45.0, -43.0, -47.0, -45.0, -297.0, -45.0, -300.0, -300.0, -49.0, -41.0, -45.0, -43.0, -42.0, -45.0, -45.0, -44.0, -41.0, -41.0, -42.0, -45.0, -41.0, -44.0, -300.0, -41.0, -45.0, -44.0, -300.0, -42.0, -45.0, -53.0, -41.0, -45.0, -49.0, -45.0, -41.0, -44.0, -49.0], [-48.0, -45.0, -42.0, -43.0, -42.0, -42.0, -300.0, -42.0, -41.0, -44.0, -44.0, -43.0, -300.0, -45.0, -45.0, -45.0, -44.0, -44.0, -43.0, -45.0, -42.0, -45.0, -45.0, -41.0, -45.0, -41.0, -47.0, -300.0, -44.0, -41.0, -41.0, -45.0, -44.0, -43.0, -45.0, -42.0, -41.0, -58.0, -300.0, -300.0, -45.0, -300.0, -43.0, -41.0, -41.0, -298.0, -300.0, -41.0, -42.0, -42.0, -45.0, -43.0, -52.0, -300.0, -300.0, -45.0, -45.0, -45.0, -42.0, -45.0, -45.0, -40.0, -41.0, -44.0, -45.0, -41.0, -49.0, -44.0, -41.0, -45.0, -44.0, -41.0, -44.0, -41.0, -45.0, -41.0, -47.0, -44.0, -48.0, -45.0, -300.0, -45.0, -45.0, -300.0, -49.0, -45.0, -47.0, -45.0, -45.0, -171.0, -45.0, -42.0, -45.0, -41.0, -49.0, -44.0, -43.0, -300.0, -45.0, -45.0]], "success_matrix": [[true, true, true, true, true, true, true, true, true, true, true, true, true, true, true, false, true, false, true, true, true, true, true, true, true, true, false, true, true, true, true, true, false, true, true, true, true, true, false, false, true, true, true, true, true, true, true, true, true, false, true, true, true, true, false, false, true, true, true, true, true, true, true, true, true, true, true, true, true, true, true, true, true, true, true, true, true, true, true, true, false, true, true, true, false, true, false, false, true, true, true, false, false, true, false, false, true, true, true, true], [true, true, true, true, false, true, true, true, true, true, true, true, true, true, true, true, true, true, true, true, true, true, true, true, true, false, true, true, true, true, true, false, true, true, true, true, true, false, true, true, true, false, false, true, false, true, true, true, true, false, true, true, true, true, true, true, true, true, true, true, false, true, true, true, true, false, true, true, true, true, true, true, true, false, false, true, true, true, true, true, false, true, false, true, true, true, true, false, true, true, true, true, false, true, true, true, true, true, true, true], [true, true, true, false, true, true, false, true, true, false, true, false, true, true, true, true, true, true, true, true, true, true, true, true, false, true, true, true, true, false, true, true, true, true, true, true, true, false, true, true, true, true, true, true, true, true, true, true, true, true, true, true, true, true, false, true, false, true, false, true, true, true, true, true, true, true, true, true, true, true, true, true, true, false, true, false, true, true, true, true, false, true, true, true, true, true, true, true, true, false, true, true, true, true, true, true, false, true, true, true], [true, true, false, true, true, false, false, true, true, true, true, true, true, true, true, true, true, false, true, true, true, true, true, true, true, false, true, false, true, true, true, true, true, true, false, true, true, true, true, true, true, true, false, true, true, true, true, true, true, true, true, true, true, true, true, false, true, true, true, true, false, true, true, true, true, true, true, false, true, false, false, true, true, true, true, true, true, true, true, true, true, true, true, true, true, false, true, true, true, false, true, true, true, true, true, true, true, true, true, true], [true, true, true, true, true, true, false, true, true, true, true, true, false, true, true, true, true, true, true, true, true, true, true, true, true, true, true, false, true, true, true, true, true, true, true, true, true, true, false, false, true, false, true, true, true, false, false, true, true, true, true, true, true, false, false, true, true, true, true, true, true, true, true, true, true, true, true, true, true, true, true, true, true, true, true, true, true, true, true, true, false, true, true, false, true, true, true, true, true, true, true, true, true, true, true, true, true, false, true, true]], "ticket_name": "zo_envs10_iter500_cand2_lambda2.0_seed666_ddim2_20251215_221920/seed_675", "eval_noise_idx": 0, "eval_seed": 1619}