{"num_noise_samples": 501, "num_envs": 10, "success_rate_mean": 0.08443114161491394, "success_rate_std": 0.11609102785587311, "best_success_rate": 0.7, "best_original_index": 466, "success_rates_sorted": [0.7, 0.6, 0.6, 0.6, 0.5, 0.5, 0.5, 0.5, 0.5, 0.5, 0.4, 0.4, 0.4, 0.4, 0.4, 0.4, 0.4, 0.4, 0.4, 0.4, 0.4, 0.4, 0.4, 0.4, 0.3, 0.3, 0.3, 0.3, 0.3, 0.3, 0.3, 0.3, 0.3, 0.3, 0.3, 0.3, 0.3, 0.3, 0.3, 0.2, 0.2, 0.2, 0.2, 0.2, 0.2, 0.2, 0.2, 0.2, 0.2, 0.2, 0.2, 0.2, 0.2, 0.2, 0.2, 0.2, 0.2, 0.2, 0.2, 0.2, 0.2, 0.2, 0.2, 0.2, 0.2, 0.2, 0.2, 0.2, 0.2, 0.2, 0.2, 0.2, 0.2, 0.2, 0.2, 0.2, 0.2, 0.2, 0.2, 0.2, 0.2, 0.2, 0.2, 0.2, 0.2, 0.2, 0.2, 0.2, 0.1, 0.1, 0.1, 0.1, 0.1, 0.1, 0.1, 0.1, 0.1, 0.1, 0.1, 0.1, 0.1, 0.1, 0.1, 0.1, 0.1, 0.1, 0.1, 0.1, 0.1, 0.1, 0.1, 0.1, 0.1, 0.1, 0.1, 0.1, 0.1, 0.1, 0.1, 0.1, 0.1, 0.1, 0.1, 0.1, 0.1, 0.1, 0.1, 0.1, 0.1, 0.1, 0.1, 0.1, 0.1, 0.1, 0.1, 0.1, 0.1, 0.1, 0.1, 0.1, 0.1, 0.1, 0.1, 0.1, 0.1, 0.1, 0.1, 0.1, 0.1, 0.1, 0.1, 0.1, 0.1, 0.1, 0.1, 0.1, 0.1, 0.1, 0.1, 0.1, 0.1, 0.1, 0.1, 0.1, 0.1, 0.1, 0.1, 0.1, 0.1, 0.1, 0.1, 0.1, 0.1, 0.1, 0.1, 0.1, 0.1, 0.1, 0.1, 0.1, 0.1, 0.1, 0.1, 0.1, 0.1, 0.1, 0.1, 0.1, 0.1, 0.1, 0.1, 0.1, 0.1, 0.1, 0.1, 0.1, 0.1, 0.1, 0.1, 0.1, 0.1, 0.1, 0.1, 0.1, 0.1, 0.1, 0.1, 0.1, 0.1, 0.1, 0.1, 0.1, 0.1, 0.1, 0.1, 0.1, 0.1, 0.1, 0.1, 0.1, 0.1, 0.1, 0.1, 0.1, 0.1, 0.1, 0.1, 0.1, 0.1, 0.1, 0.1, 0.1, 0.1, 0.1, 0.1, 0.1, 0.1, 0.1, 0.1, 0.1, 0.1, 0.1, 0.1, 0.1, 0.1, 0.1, 0.1, 0.1, 0.1, 0.1, 0.1, 0.1, 0.1, 0.1, 0.1, 0.1, 0.1, 0.0, 0.0, 0.0, 0.0, 0.0, 0.0, 0.0, 0.0, 0.0, 0.0, 0.0, 0.0, 0.0, 0.0, 0.0, 0.0, 0.0, 0.0, 0.0, 0.0, 0.0, 0.0, 0.0, 0.0, 0.0, 0.0, 0.0, 0.0, 0.0, 0.0, 0.0, 0.0, 0.0, 0.0, 0.0, 0.0, 0.0, 0.0, 0.0, 0.0, 0.0, 0.0, 0.0, 0.0, 0.0, 0.0, 0.0, 0.0, 0.0, 0.0, 0.0, 0.0, 0.0, 0.0, 0.0, 0.0, 0.0, 0.0, 0.0, 0.0, 0.0, 0.0, 0.0, 0.0, 0.0, 0.0, 0.0, 0.0, 0.0, 0.0, 0.0, 0.0, 0.0, 0.0, 0.0, 0.0, 0.0, 0.0, 0.0, 0.0, 0.0, 0.0, 0.0, 0.0, 0.0, 0.0, 0.0, 0.0, 0.0, 0.0, 0.0, 0.0, 0.0, 0.0, 0.0, 0.0, 0.0, 0.0, 0.0, 0.0, 0.0, 0.0, 0.0, 0.0, 0.0, 0.0, 0.0, 0.0, 0.0, 0.0, 0.0, 0.0, 0.0, 0.0, 0.0, 0.0, 0.0, 0.0, 0.0, 0.0, 0.0, 0.0, 0.0, 0.0, 0.0, 0.0, 0.0, 0.0, 0.0, 0.0, 0.0, 0.0, 0.0, 0.0, 0.0, 0.0, 0.0, 0.0, 0.0, 0.0, 0.0, 0.0, 0.0, 0.0, 0.0, 0.0, 0.0, 0.0, 0.0, 0.0, 0.0, 0.0, 0.0, 0.0, 0.0, 0.0, 0.0, 0.0, 0.0, 0.0, 0.0, 0.0, 0.0, 0.0, 0.0, 0.0, 0.0, 0.0, 0.0, 0.0, 0.0, 0.0, 0.0, 0.0, 0.0, 0.0, 0.0, 0.0, 0.0, 0.0, 0.0, 0.0, 0.0, 0.0, 0.0, 0.0, 0.0, 0.0, 0.0, 0.0, 0.0, 0.0, 0.0, 0.0, 0.0, 0.0, 0.0, 0.0, 0.0, 0.0, 0.0, 0.0, 0.0, 0.0, 0.0, 0.0, 0.0, 0.0, 0.0, 0.0, 0.0, 0.0, 0.0, 0.0, 0.0, 0.0, 0.0, 0.0, 0.0, 0.0, 0.0, 0.0, 0.0, 0.0, 0.0, 0.0, 0.0, 0.0, 0.0, 0.0, 0.0, 0.0, 0.0, 0.0, 0.0, 0.0, 0.0, 0.0, 0.0, 0.0, 0.0, 0.0, 0.0, 0.0], "original_success_rates": [0.0, 0.2, 0.0, 0.0, 0.0, 0.0, 0.0, 0.0, 0.0, 0.0, 0.0, 0.0, 0.0, 0.0, 0.1, 0.2, 0.1, 0.0, 0.0, 0.0, 0.0, 0.0, 0.1, 0.0, 0.0, 0.0, 0.1, 0.1, 0.0, 0.0, 0.0, 0.1, 0.0, 0.2, 0.0, 0.0, 0.1, 0.2, 0.0, 0.0, 0.0, 0.0, 0.0, 0.0, 0.1, 0.1, 0.0, 0.0, 0.1, 0.1, 0.2, 0.0, 0.1, 0.1, 0.1, 0.0, 0.1, 0.0, 0.0, 0.1, 0.1, 0.0, 0.0, 0.0, 0.0, 0.1, 0.1, 0.0, 0.1, 0.0, 0.0, 0.0, 0.0, 0.0, 0.0, 0.1, 0.1, 0.0, 0.0, 0.0, 0.0, 0.0, 0.0, 0.0, 0.0, 0.1, 0.0, 0.0, 0.1, 0.0, 0.0, 0.0, 0.0, 0.0, 0.0, 0.0, 0.0, 0.0, 0.0, 0.0, 0.1, 0.0, 0.1, 0.0, 0.0, 0.1, 0.1, 0.0, 0.0, 0.0, 0.2, 0.2, 0.0, 0.0, 0.2, 0.0, 0.0, 0.0, 0.0, 0.0, 0.0, 0.1, 0.0, 0.0, 0.1, 0.0, 0.0, 0.1, 0.3, 0.0, 0.1, 0.1, 0.0, 0.0, 0.1, 0.2, 0.0, 0.1, 0.0, 0.0, 0.0, 0.2, 0.1, 0.0, 0.1, 0.0, 0.1, 0.1, 0.0, 0.1, 0.1, 0.0, 0.1, 0.0, 0.0, 0.1, 0.2, 0.1, 0.1, 0.0, 0.0, 0.0, 0.2, 0.0, 0.0, 0.0, 0.0, 0.1, 0.1, 0.0, 0.1, 0.0, 0.0, 0.0, 0.0, 0.0, 0.0, 0.1, 0.0, 0.1, 0.0, 0.1, 0.0, 0.1, 0.0, 0.1, 0.1, 0.0, 0.0, 0.0, 0.0, 0.0, 0.1, 0.0, 0.1, 0.1, 0.1, 0.0, 0.0, 0.0, 0.0, 0.0, 0.1, 0.1, 0.1, 0.0, 0.1, 0.0, 0.2, 0.0, 0.1, 0.1, 0.0, 0.0, 0.1, 0.0, 0.0, 0.1, 0.0, 0.1, 0.3, 0.1, 0.0, 0.1, 0.0, 0.0, 0.0, 0.1, 0.1, 0.1, 0.0, 0.0, 0.1, 0.1, 0.0, 0.0, 0.0, 0.1, 0.1, 0.0, 0.0, 0.1, 0.0, 0.1, 0.1, 0.0, 0.0, 0.1, 0.0, 0.1, 0.0, 0.2, 0.1, 0.0, 0.1, 0.0, 0.0, 0.0, 0.0, 0.0, 0.1, 0.2, 0.1, 0.3, 0.1, 0.1, 0.1, 0.0, 0.0, 0.1, 0.1, 0.2, 0.1, 0.0, 0.1, 0.0, 0.0, 0.1, 0.1, 0.1, 0.2, 0.2, 0.2, 0.0, 0.1, 0.1, 0.2, 0.0, 0.0, 0.1, 0.0, 0.1, 0.0, 0.0, 0.1, 0.1, 0.1, 0.0, 0.0, 0.0, 0.0, 0.0, 0.1, 0.1, 0.1, 0.0, 0.0, 0.0, 0.1, 0.2, 0.0, 0.1, 0.1, 0.1, 0.0, 0.1, 0.1, 0.0, 0.0, 0.1, 0.0, 0.0, 0.1, 0.0, 0.1, 0.1, 0.1, 0.1, 0.1, 0.3, 0.1, 0.1, 0.2, 0.1, 0.0, 0.2, 0.0, 0.0, 0.0, 0.1, 0.2, 0.2, 0.1, 0.0, 0.2, 0.0, 0.1, 0.0, 0.1, 0.0, 0.1, 0.0, 0.0, 0.1, 0.0, 0.0, 0.0, 0.1, 0.2, 0.0, 0.1, 0.1, 0.0, 0.1, 0.2, 0.1, 0.0, 0.1, 0.0, 0.1, 0.1, 0.2, 0.1, 0.0, 0.2, 0.0, 0.1, 0.0, 0.1, 0.1, 0.1, 0.2, 0.2, 0.0, 0.0, 0.0, 0.2, 0.1, 0.0, 0.1, 0.0, 0.0, 0.0, 0.1, 0.1, 0.1, 0.1, 0.0, 0.0, 0.2, 0.1, 0.0, 0.1, 0.2, 0.0, 0.0, 0.1, 0.0, 0.2, 0.0, 0.0, 0.0, 0.1, 0.0, 0.0, 0.1, 0.1, 0.1, 0.0, 0.1, 0.0, 0.2, 0.1, 0.0, 0.0, 0.2, 0.0, 0.1, 0.0, 0.0, 0.1, 0.0, 0.3, 0.1, 0.1, 0.0, 0.0, 0.0, 0.1, 0.2, 0.0, 0.5, 0.0, 0.1, 0.2, 0.2, 0.0, 0.1, 0.3, 0.2, 0.4, 0.2, 0.0, 0.3, 0.1, 0.2, 0.1, 0.4, 0.2, 0.3, 0.3, 0.2, 0.3, 0.1, 0.4, 0.3, 0.7, 0.6, 0.4, 0.4, 0.0, 0.3, 0.0, 0.3, 0.3, 0.3, 0.4, 0.4, 0.4, 0.5, 0.1, 0.4, 0.1, 0.2, 0.4, 0.0, 0.2, 0.2, 0.5, 0.4, 0.4, 0.5, 0.5, 0.6, 0.0, 0.4, 0.4, 0.1, 0.6, 0.5, 0.1], "seed": 668, "env_seeds": [3392309375, 2576832973, 3602826677, 177538278, 2250722374, 3555615301, 2571209208, 2201306384, 1214019262, 1014873346]}