{"n_seeds": 5, "n_evals_per_seed": 100, "reward_mean": -190.7060089111328, "reward_std": 13.576741218566895, "success_mean": 0.748, "success_std": 0.06906518659932805, "episode_seeds": [1619, 1620, 1621, 1622, 1623], "seed_reward_means": [-203.0, -190.66000366210938, -186.25, -203.17999267578125, -170.44000244140625], "seed_success_means": [0.64, 0.78, 0.79, 0.72, 0.81], "reward_matrix": [[-178.0, -133.0, -300.0, -178.0, -89.0, -129.0, -209.0, -116.0, -168.0, -90.0, -300.0, -126.0, -300.0, -143.0, -300.0, -300.0, -174.0, -300.0, -150.0, -190.0, -300.0, -158.0, -118.0, -142.0, -157.0, -300.0, -138.0, -300.0, -146.0, -137.0, -193.0, -300.0, -262.0, -154.0, -114.0, -300.0, -138.0, -300.0, -222.0, -300.0, -300.0, -130.0, -300.0, -125.0, -229.0, -181.0, -300.0, -169.0, -300.0, -300.0, -178.0, -300.0, -300.0, -125.0, -117.0, -300.0, -133.0, -114.0, -300.0, -82.0, -300.0, -109.0, -86.0, -300.0, -205.0, -130.0, -138.0, -113.0, -114.0, -86.0, -300.0, -209.0, -134.0, -300.0, -125.0, -209.0, -113.0, -178.0, -153.0, -300.0, -132.0, -300.0, -300.0, -137.0, -300.0, -161.0, -300.0, -168.0, -118.0, -116.0, -177.0, -210.0, -300.0, -300.0, -158.0, -300.0, -299.0, -300.0, -153.0, -134.0], [-149.0, -197.0, -106.0, -125.0, -300.0, -266.0, -300.0, -89.0, -174.0, -174.0, -185.0, -110.0, -173.0, -146.0, -300.0, -201.0, -81.0, -194.0, -189.0, -300.0, -92.0, -149.0, -178.0, -114.0, -181.0, -300.0, -178.0, -173.0, -217.0, -300.0, -141.0, -98.0, -300.0, -160.0, -138.0, -216.0, -221.0, -153.0, -300.0, -85.0, -146.0, -273.0, -300.0, -104.0, -174.0, -145.0, -142.0, -300.0, -300.0, -300.0, -153.0, -129.0, -189.0, -186.0, -218.0, -133.0, -175.0, -178.0, -178.0, -182.0, -156.0, -78.0, -166.0, -114.0, -138.0, -300.0, -300.0, -122.0, -145.0, -181.0, -161.0, -161.0, -153.0, -300.0, -158.0, -300.0, -102.0, -193.0, -214.0, -145.0, -300.0, -300.0, -300.0, -260.0, -210.0, -189.0, -185.0, -300.0, -181.0, -158.0, -174.0, -126.0, -125.0, -136.0, -300.0, -205.0, -173.0, -300.0, -110.0, -89.0], [-185.0, -165.0, -151.0, -194.0, -154.0, -165.0, -102.0, -153.0, -113.0, -300.0, -193.0, -300.0, -199.0, -300.0, -157.0, -233.0, -153.0, -145.0, -189.0, -178.0, -276.0, -124.0, -93.0, -170.0, -300.0, -129.0, -143.0, -198.0, -173.0, -300.0, -92.0, -300.0, -193.0, -300.0, -300.0, -138.0, -87.0, -300.0, -253.0, -253.0, -114.0, -149.0, -89.0, -166.0, -153.0, -300.0, -147.0, -134.0, -122.0, -300.0, -248.0, -154.0, -92.0, -162.0, -300.0, -139.0, -154.0, -146.0, -196.0, -118.0, -92.0, -161.0, -300.0, -153.0, -300.0, -84.0, -276.0, -149.0, -300.0, -125.0, -121.0, -134.0, -109.0, -300.0, -93.0, -125.0, -177.0, -161.0, -248.0, -300.0, -300.0, -170.0, -85.0, -237.0, -122.0, -300.0, -190.0, -114.0, -202.0, -118.0, -173.0, -180.0, -117.0, -141.0, -156.0, -130.0, -300.0, -300.0, -126.0, -222.0], [-300.0, -204.0, -194.0, -182.0, -85.0, -141.0, -300.0, -300.0, -300.0, -300.0, -300.0, -182.0, -288.0, -300.0, -142.0, -193.0, -300.0, -300.0, -168.0, -230.0, -165.0, -300.0, -193.0, -185.0, -126.0, -300.0, -300.0, -300.0, -300.0, -300.0, -146.0, -197.0, -102.0, -165.0, -128.0, -171.0, -205.0, -300.0, -159.0, -136.0, -145.0, -132.0, -74.0, -138.0, -157.0, -300.0, -122.0, -97.0, -173.0, -144.0, -201.0, -300.0, -214.0, -212.0, -196.0, -300.0, -125.0, -118.0, -157.0, -220.0, -300.0, -170.0, -166.0, -156.0, -185.0, -300.0, -142.0, -198.0, -300.0, -300.0, -300.0, -214.0, -189.0, -177.0, -179.0, -166.0, -153.0, -134.0, -137.0, -180.0, -169.0, -181.0, -300.0, -89.0, -120.0, -150.0, -221.0, -185.0, -300.0, -148.0, -189.0, -169.0, -209.0, -300.0, -165.0, -194.0, -300.0, -101.0, -252.0, -118.0], [-137.0, -230.0, -300.0, -91.0, -186.0, -143.0, -300.0, -238.0, -190.0, -173.0, -130.0, -129.0, -300.0, -300.0, -135.0, -300.0, -300.0, -144.0, -153.0, -141.0, -151.0, -176.0, -157.0, -188.0, -110.0, -145.0, -109.0, -300.0, -96.0, -300.0, -300.0, -130.0, -159.0, -133.0, -137.0, -104.0, -141.0, -175.0, -138.0, -300.0, -134.0, -300.0, -98.0, -133.0, -110.0, -300.0, -73.0, -130.0, -300.0, -157.0, -114.0, -130.0, -157.0, -78.0, -182.0, -300.0, -138.0, -129.0, -161.0, -300.0, -126.0, -162.0, -146.0, -122.0, -125.0, -134.0, -125.0, -189.0, -137.0, -157.0, -300.0, -90.0, -110.0, -121.0, -122.0, -101.0, -138.0, -142.0, -122.0, -300.0, -300.0, -127.0, -218.0, -138.0, -158.0, -106.0, -238.0, -122.0, -114.0, -300.0, -145.0, -150.0, -137.0, -78.0, -162.0, -86.0, -209.0, -146.0, -126.0, -122.0]], "success_matrix": [[true, true, false, true, true, true, true, true, true, true, false, true, false, true, false, false, true, false, true, true, false, true, true, true, true, false, true, false, true, true, true, false, true, true, true, false, true, false, true, false, false, true, false, true, true, true, false, true, false, false, true, false, false, true, true, false, true, true, false, true, false, true, true, false, true, true, true, true, true, true, false, true, true, false, true, true, true, true, true, false, true, false, false, true, false, true, false, true, true, true, true, true, false, false, true, false, false, false, true, true], [true, true, true, true, false, true, false, true, true, true, true, true, true, true, false, true, true, true, true, false, true, true, true, true, true, false, true, true, true, false, true, true, false, true, true, true, true, true, false, true, true, true, false, true, true, true, true, false, false, false, true, true, true, true, true, true, true, true, true, true, true, true, true, true, true, false, false, true, true, true, true, true, true, false, true, false, true, true, true, true, false, false, false, true, true, true, true, false, true, true, true, true, true, true, false, true, true, false, true, true], [true, true, true, true, true, true, true, true, true, false, true, false, true, false, true, true, true, true, true, true, true, true, true, true, false, true, true, true, true, false, true, false, true, false, false, true, true, false, true, true, true, true, true, true, true, false, true, true, true, false, true, true, true, true, false, true, true, true, true, true, true, true, false, true, false, true, true, true, false, true, true, true, true, false, true, true, true, true, true, false, false, true, true, true, true, false, true, true, true, true, true, true, true, true, true, true, false, false, true, true], [false, true, true, true, true, true, false, false, false, false, false, true, true, false, true, true, false, false, true, true, true, false, true, true, true, false, false, false, false, false, true, true, true, true, true, true, true, false, true, true, true, true, true, true, true, false, true, true, true, true, true, false, true, true, true, false, true, true, true, true, false, true, true, true, true, false, true, true, false, false, false, true, true, true, true, true, true, true, true, true, true, true, false, true, true, true, true, true, false, true, true, true, true, false, true, true, false, true, true, true], [true, true, false, true, true, true, false, true, true, true, true, true, false, false, true, false, false, true, true, true, true, true, true, true, true, true, true, false, true, false, false, true, true, true, true, true, true, true, true, false, true, false, true, true, true, false, true, true, false, true, true, true, true, true, true, false, true, true, true, false, true, true, true, true, true, true, true, true, true, true, false, true, true, true, true, true, true, true, true, false, false, true, true, true, true, true, true, true, true, false, true, true, true, true, true, true, true, true, true, true]], "ticket_name": "zo_envs10_iter500_cand2_lambda2.0_seed666_ddim8_20251213_183635/seed_675", "eval_noise_idx": 0, "eval_seed": 1619}