{"n_seeds": 5, "n_evals_per_seed": 100, "reward_mean": -108.58399963378906, "reward_std": 6.023233413696289, "success_mean": 0.9260000000000002, "success_std": 0.02509980079602223, "episode_seeds": [1619, 1620, 1621, 1622, 1623], "seed_reward_means": [-113.91000366210938, -105.44000244140625, -116.22000122070312, -103.25, -104.0999984741211], "seed_success_means": [0.91, 0.94, 0.89, 0.95, 0.94], "reward_matrix": [[-98.0, -95.0, -205.0, -96.0, -91.0, -300.0, -107.0, -76.0, -122.0, -300.0, -91.0, -81.0, -71.0, -140.0, -77.0, -97.0, -75.0, -99.0, -94.0, -67.0, -300.0, -79.0, -114.0, -300.0, -91.0, -81.0, -90.0, -93.0, -86.0, -92.0, -81.0, -131.0, -81.0, -77.0, -142.0, -97.0, -77.0, -75.0, -155.0, -300.0, -78.0, -100.0, -85.0, -94.0, -300.0, -107.0, -137.0, -86.0, -300.0, -300.0, -82.0, -131.0, -122.0, -75.0, -77.0, -76.0, -85.0, -119.0, -95.0, -90.0, -109.0, -121.0, -85.0, -300.0, -84.0, -89.0, -99.0, -149.0, -86.0, -78.0, -107.0, -84.0, -77.0, -76.0, -96.0, -92.0, -88.0, -82.0, -116.0, -119.0, -87.0, -87.0, -82.0, -80.0, -86.0, -98.0, -70.0, -100.0, -85.0, -131.0, -83.0, -84.0, -93.0, -87.0, -74.0, -84.0, -124.0, -75.0, -98.0, -83.0], [-64.0, -83.0, -73.0, -96.0, -300.0, -103.0, -70.0, -83.0, -97.0, -86.0, -96.0, -146.0, -83.0, -300.0, -87.0, -149.0, -94.0, -70.0, -101.0, -104.0, -138.0, -64.0, -150.0, -77.0, -85.0, -89.0, -201.0, -103.0, -83.0, -105.0, -300.0, -300.0, -82.0, -84.0, -71.0, -84.0, -129.0, -92.0, -86.0, -88.0, -116.0, -78.0, -84.0, -85.0, -126.0, -300.0, -97.0, -77.0, -77.0, -136.0, -90.0, -75.0, -77.0, -97.0, -111.0, -87.0, -87.0, -76.0, -89.0, -76.0, -92.0, -76.0, -69.0, -93.0, -90.0, -110.0, -83.0, -97.0, -87.0, -77.0, -70.0, -76.0, -141.0, -84.0, -102.0, -71.0, -78.0, -108.0, -104.0, -82.0, -111.0, -104.0, -73.0, -113.0, -75.0, -106.0, -105.0, -76.0, -70.0, -111.0, -82.0, -300.0, -85.0, -81.0, -126.0, -111.0, -86.0, -62.0, -73.0, -67.0], [-300.0, -113.0, -83.0, -100.0, -98.0, -108.0, -143.0, -107.0, -87.0, -89.0, -79.0, -87.0, -100.0, -77.0, -78.0, -82.0, -93.0, -67.0, -106.0, -93.0, -94.0, -300.0, -99.0, -71.0, -90.0, -116.0, -104.0, -75.0, -95.0, -300.0, -88.0, -85.0, -104.0, -87.0, -77.0, -300.0, -300.0, -300.0, -141.0, -110.0, -92.0, -72.0, -76.0, -70.0, -81.0, -85.0, -300.0, -88.0, -67.0, -96.0, -95.0, -78.0, -74.0, -72.0, -72.0, -121.0, -66.0, -296.0, -88.0, -86.0, -87.0, -79.0, -70.0, -151.0, -66.0, -80.0, -97.0, -92.0, -74.0, -81.0, -138.0, -67.0, -81.0, -300.0, -98.0, -96.0, -300.0, -102.0, -273.0, -82.0, -117.0, -300.0, -81.0, -80.0, -98.0, -67.0, -81.0, -71.0, -81.0, -99.0, -253.0, -78.0, -77.0, -117.0, -92.0, -71.0, -100.0, -87.0, -84.0, -73.0], [-87.0, -79.0, -62.0, -109.0, -66.0, -300.0, -97.0, -79.0, -91.0, -85.0, -90.0, -127.0, -82.0, -136.0, -118.0, -82.0, -139.0, -114.0, -103.0, -87.0, -110.0, -102.0, -120.0, -101.0, -111.0, -70.0, -100.0, -79.0, -86.0, -109.0, -65.0, -101.0, -77.0, -66.0, -104.0, -68.0, -100.0, -83.0, -63.0, -88.0, -117.0, -87.0, -73.0, -108.0, -89.0, -93.0, -67.0, -104.0, -69.0, -94.0, -85.0, -299.0, -300.0, -73.0, -98.0, -116.0, -78.0, -90.0, -74.0, -98.0, -86.0, -75.0, -89.0, -112.0, -300.0, -80.0, -97.0, -102.0, -79.0, -77.0, -86.0, -95.0, -79.0, -168.0, -300.0, -67.0, -107.0, -91.0, -96.0, -75.0, -91.0, -115.0, -112.0, -73.0, -80.0, -71.0, -86.0, -85.0, -89.0, -81.0, -78.0, -119.0, -91.0, -74.0, -136.0, -109.0, -102.0, -79.0, -77.0, -168.0], [-72.0, -82.0, -75.0, -300.0, -87.0, -77.0, -73.0, -70.0, -71.0, -80.0, -82.0, -78.0, -99.0, -87.0, -87.0, -98.0, -79.0, -85.0, -73.0, -84.0, -74.0, -89.0, -92.0, -73.0, -92.0, -77.0, -95.0, -96.0, -118.0, -91.0, -103.0, -109.0, -300.0, -131.0, -300.0, -92.0, -80.0, -110.0, -89.0, -101.0, -68.0, -96.0, -81.0, -73.0, -95.0, -300.0, -68.0, -87.0, -84.0, -86.0, -112.0, -75.0, -81.0, -68.0, -136.0, -98.0, -132.0, -96.0, -79.0, -129.0, -87.0, -78.0, -69.0, -85.0, -94.0, -300.0, -211.0, -109.0, -70.0, -87.0, -108.0, -80.0, -74.0, -70.0, -72.0, -84.0, -89.0, -113.0, -86.0, -85.0, -78.0, -150.0, -167.0, -125.0, -84.0, -121.0, -63.0, -73.0, -79.0, -92.0, -109.0, -77.0, -77.0, -300.0, -90.0, -88.0, -103.0, -80.0, -101.0, -107.0]], "success_matrix": [[true, true, true, true, true, false, true, true, true, false, true, true, true, true, true, true, true, true, true, true, false, true, true, false, true, true, true, true, true, true, true, true, true, true, true, true, true, true, true, false, true, true, true, true, false, true, true, true, false, false, true, true, true, true, true, true, true, true, true, true, true, true, true, false, true, true, true, true, true, true, true, true, true, true, true, true, true, true, true, true, true, true, true, true, true, true, true, true, true, true, true, true, true, true, true, true, true, true, true, true], [true, true, true, true, false, true, true, true, true, true, true, true, true, false, true, true, true, true, true, true, true, true, true, true, true, true, true, true, true, true, false, false, true, true, true, true, true, true, true, true, true, true, true, true, true, false, true, true, true, true, true, true, true, true, true, true, true, true, true, true, true, true, true, true, true, true, true, true, true, true, true, true, true, true, true, true, true, true, true, true, true, true, true, true, true, true, true, true, true, true, true, false, true, true, true, true, true, true, true, true], [false, true, true, true, true, true, true, true, true, true, true, true, true, true, true, true, true, true, true, true, true, false, true, true, true, true, true, true, true, false, true, true, true, true, true, false, false, false, true, true, true, true, true, true, true, true, false, true, true, true, true, true, true, true, true, true, true, false, true, true, true, true, true, true, true, true, true, true, true, true, true, true, true, false, true, true, false, true, true, true, true, false, true, true, true, true, true, true, true, true, true, true, true, true, true, true, true, true, true, true], [true, true, true, true, true, false, true, true, true, true, true, true, true, true, true, true, true, true, true, true, true, true, true, true, true, true, true, true, true, true, true, true, true, true, true, true, true, true, true, true, true, true, true, true, true, true, true, true, true, true, true, false, false, true, true, true, true, true, true, true, true, true, true, true, false, true, true, true, true, true, true, true, true, true, false, true, true, true, true, true, true, true, true, true, true, true, true, true, true, true, true, true, true, true, true, true, true, true, true, true], [true, true, true, false, true, true, true, true, true, true, true, true, true, true, true, true, true, true, true, true, true, true, true, true, true, true, true, true, true, true, true, true, false, true, false, true, true, true, true, true, true, true, true, true, true, false, true, true, true, true, true, true, true, true, true, true, true, true, true, true, true, true, true, true, true, false, true, true, true, true, true, true, true, true, true, true, true, true, true, true, true, true, true, true, true, true, true, true, true, true, true, true, true, false, true, true, true, true, true, true]], "ticket_name": "zo_envs10_iter100_cand10_lambda5.0_seed666_ddim8_20251213_184024/seed_670", "eval_noise_idx": 0, "eval_seed": 1619}