{"num_noise_samples": 600, "num_envs": 10, "success_rate_mean": 0.1926666796207428, "success_rate_std": 0.19462670385837555, "best_success_rate": 0.8, "best_original_index": 380, "success_rates_sorted": [0.8, 0.8, 0.8, 0.8, 0.8, 0.8, 0.8, 0.8, 0.7, 0.7, 0.7, 0.7, 0.7, 0.7, 0.7, 0.7, 0.7, 0.7, 0.7, 0.7, 0.7, 0.6, 0.6, 0.6, 0.6, 0.6, 0.6, 0.6, 0.6, 0.6, 0.6, 0.6, 0.6, 0.6, 0.6, 0.6, 0.6, 0.6, 0.6, 0.6, 0.6, 0.5, 0.5, 0.5, 0.5, 0.5, 0.5, 0.5, 0.5, 0.5, 0.5, 0.5, 0.5, 0.5, 0.5, 0.5, 0.5, 0.5, 0.5, 0.5, 0.5, 0.5, 0.5, 0.5, 0.5, 0.5, 0.5, 0.5, 0.5, 0.5, 0.5, 0.5, 0.4, 0.4, 0.4, 0.4, 0.4, 0.4, 0.4, 0.4, 0.4, 0.4, 0.4, 0.4, 0.4, 0.4, 0.4, 0.4, 0.4, 0.4, 0.4, 0.4, 0.4, 0.4, 0.4, 0.4, 0.4, 0.4, 0.4, 0.4, 0.4, 0.4, 0.4, 0.4, 0.4, 0.4, 0.4, 0.4, 0.4, 0.4, 0.4, 0.3, 0.3, 0.3, 0.3, 0.3, 0.3, 0.3, 0.3, 0.3, 0.3, 0.3, 0.3, 0.3, 0.3, 0.3, 0.3, 0.3, 0.3, 0.3, 0.3, 0.3, 0.3, 0.3, 0.3, 0.3, 0.3, 0.3, 0.3, 0.3, 0.3, 0.3, 0.3, 0.3, 0.3, 0.3, 0.3, 0.3, 0.3, 0.3, 0.3, 0.3, 0.3, 0.3, 0.3, 0.3, 0.3, 0.3, 0.3, 0.3, 0.3, 0.3, 0.3, 0.3, 0.3, 0.3, 0.3, 0.3, 0.3, 0.3, 0.3, 0.3, 0.3, 0.3, 0.3, 0.3, 0.3, 0.3, 0.3, 0.3, 0.3, 0.3, 0.3, 0.3, 0.3, 0.3, 0.2, 0.2, 0.2, 0.2, 0.2, 0.2, 0.2, 0.2, 0.2, 0.2, 0.2, 0.2, 0.2, 0.2, 0.2, 0.2, 0.2, 0.2, 0.2, 0.2, 0.2, 0.2, 0.2, 0.2, 0.2, 0.2, 0.2, 0.2, 0.2, 0.2, 0.2, 0.2, 0.2, 0.2, 0.2, 0.2, 0.2, 0.2, 0.2, 0.2, 0.2, 0.2, 0.2, 0.2, 0.2, 0.2, 0.2, 0.2, 0.2, 0.2, 0.2, 0.2, 0.2, 0.2, 0.2, 0.2, 0.2, 0.2, 0.2, 0.2, 0.2, 0.2, 0.2, 0.2, 0.2, 0.2, 0.2, 0.2, 0.2, 0.2, 0.2, 0.2, 0.2, 0.2, 0.2, 0.2, 0.2, 0.2, 0.2, 0.2, 0.2, 0.2, 0.2, 0.2, 0.2, 0.2, 0.2, 0.2, 0.2, 0.2, 0.2, 0.2, 0.2, 0.2, 0.2, 0.2, 0.2, 0.2, 0.2, 0.2, 0.2, 0.2, 0.2, 0.2, 0.2, 0.2, 0.1, 0.1, 0.1, 0.1, 0.1, 0.1, 0.1, 0.1, 0.1, 0.1, 0.1, 0.1, 0.1, 0.1, 0.1, 0.1, 0.1, 0.1, 0.1, 0.1, 0.1, 0.1, 0.1, 0.1, 0.1, 0.1, 0.1, 0.1, 0.1, 0.1, 0.1, 0.1, 0.1, 0.1, 0.1, 0.1, 0.1, 0.1, 0.1, 0.1, 0.1, 0.1, 0.1, 0.1, 0.1, 0.1, 0.1, 0.1, 0.1, 0.1, 0.1, 0.1, 0.1, 0.1, 0.1, 0.1, 0.1, 0.1, 0.1, 0.1, 0.1, 0.1, 0.1, 0.1, 0.1, 0.1, 0.1, 0.1, 0.1, 0.1, 0.1, 0.1, 0.1, 0.1, 0.1, 0.1, 0.1, 0.1, 0.1, 0.1, 0.1, 0.1, 0.1, 0.1, 0.1, 0.1, 0.1, 0.1, 0.1, 0.1, 0.1, 0.1, 0.1, 0.1, 0.1, 0.1, 0.1, 0.1, 0.1, 0.1, 0.1, 0.1, 0.1, 0.1, 0.1, 0.1, 0.1, 0.1, 0.1, 0.1, 0.1, 0.1, 0.1, 0.1, 0.1, 0.1, 0.1, 0.1, 0.1, 0.1, 0.1, 0.1, 0.1, 0.1, 0.1, 0.1, 0.1, 0.1, 0.1, 0.1, 0.1, 0.1, 0.1, 0.0, 0.0, 0.0, 0.0, 0.0, 0.0, 0.0, 0.0, 0.0, 0.0, 0.0, 0.0, 0.0, 0.0, 0.0, 0.0, 0.0, 0.0, 0.0, 0.0, 0.0, 0.0, 0.0, 0.0, 0.0, 0.0, 0.0, 0.0, 0.0, 0.0, 0.0, 0.0, 0.0, 0.0, 0.0, 0.0, 0.0, 0.0, 0.0, 0.0, 0.0, 0.0, 0.0, 0.0, 0.0, 0.0, 0.0, 0.0, 0.0, 0.0, 0.0, 0.0, 0.0, 0.0, 0.0, 0.0, 0.0, 0.0, 0.0, 0.0, 0.0, 0.0, 0.0, 0.0, 0.0, 0.0, 0.0, 0.0, 0.0, 0.0, 0.0, 0.0, 0.0, 0.0, 0.0, 0.0, 0.0, 0.0, 0.0, 0.0, 0.0, 0.0, 0.0, 0.0, 0.0, 0.0, 0.0, 0.0, 0.0, 0.0, 0.0, 0.0, 0.0, 0.0, 0.0, 0.0, 0.0, 0.0, 0.0, 0.0, 0.0, 0.0, 0.0, 0.0, 0.0, 0.0, 0.0, 0.0, 0.0, 0.0, 0.0, 0.0, 0.0, 0.0, 0.0, 0.0, 0.0, 0.0, 0.0, 0.0, 0.0, 0.0, 0.0, 0.0, 0.0, 0.0, 0.0, 0.0, 0.0, 0.0, 0.0, 0.0, 0.0, 0.0, 0.0, 0.0, 0.0, 0.0, 0.0, 0.0, 0.0, 0.0, 0.0, 0.0, 0.0, 0.0, 0.0, 0.0, 0.0, 0.0, 0.0, 0.0, 0.0, 0.0, 0.0, 0.0, 0.0, 0.0, 0.0, 0.0, 0.0, 0.0, 0.0, 0.0, 0.0, 0.0, 0.0, 0.0, 0.0, 0.0, 0.0, 0.0, 0.0, 0.0, 0.0], "original_success_rates": [0.0, 0.5, 0.8, 0.3, 0.2, 0.2, 0.1, 0.2, 0.0, 0.2, 0.0, 0.0, 0.0, 0.2, 0.2, 0.0, 0.0, 0.3, 0.6, 0.2, 0.0, 0.0, 0.1, 0.0, 0.0, 0.1, 0.1, 0.1, 0.3, 0.1, 0.2, 0.2, 0.1, 0.1, 0.3, 0.7, 0.0, 0.4, 0.3, 0.0, 0.2, 0.0, 0.2, 0.6, 0.1, 0.0, 0.1, 0.1, 0.7, 0.0, 0.0, 0.2, 0.0, 0.4, 0.2, 0.2, 0.7, 0.2, 0.1, 0.0, 0.2, 0.6, 0.0, 0.1, 0.1, 0.0, 0.2, 0.1, 0.0, 0.1, 0.4, 0.3, 0.0, 0.3, 0.1, 0.0, 0.0, 0.2, 0.2, 0.7, 0.0, 0.4, 0.7, 0.0, 0.2, 0.0, 0.0, 0.0, 0.0, 0.0, 0.2, 0.2, 0.0, 0.4, 0.2, 0.1, 0.0, 0.1, 0.1, 0.2, 0.1, 0.2, 0.2, 0.0, 0.0, 0.5, 0.0, 0.1, 0.3, 0.0, 0.6, 0.0, 0.3, 0.1, 0.1, 0.1, 0.4, 0.4, 0.0, 0.3, 0.0, 0.1, 0.5, 0.2, 0.1, 0.6, 0.3, 0.1, 0.4, 0.0, 0.2, 0.5, 0.1, 0.2, 0.3, 0.1, 0.1, 0.7, 0.1, 0.1, 0.3, 0.1, 0.7, 0.5, 0.4, 0.2, 0.1, 0.0, 0.1, 0.4, 0.4, 0.2, 0.0, 0.2, 0.2, 0.1, 0.1, 0.0, 0.0, 0.1, 0.1, 0.0, 0.0, 0.0, 0.0, 0.0, 0.2, 0.1, 0.0, 0.1, 0.0, 0.3, 0.6, 0.1, 0.0, 0.3, 0.2, 0.0, 0.1, 0.1, 0.3, 0.6, 0.3, 0.1, 0.2, 0.0, 0.1, 0.4, 0.2, 0.2, 0.1, 0.1, 0.2, 0.3, 0.1, 0.0, 0.1, 0.1, 0.2, 0.0, 0.1, 0.1, 0.1, 0.1, 0.2, 0.3, 0.5, 0.3, 0.0, 0.5, 0.5, 0.1, 0.1, 0.7, 0.1, 0.7, 0.2, 0.2, 0.5, 0.0, 0.0, 0.2, 0.1, 0.0, 0.5, 0.0, 0.0, 0.1, 0.3, 0.1, 0.5, 0.1, 0.0, 0.0, 0.3, 0.3, 0.3, 0.1, 0.2, 0.5, 0.4, 0.0, 0.4, 0.3, 0.4, 0.3, 0.2, 0.4, 0.1, 0.2, 0.6, 0.0, 0.8, 0.3, 0.0, 0.5, 0.0, 0.3, 0.3, 0.0, 0.5, 0.4, 0.2, 0.1, 0.5, 0.0, 0.4, 0.2, 0.2, 0.6, 0.0, 0.3, 0.2, 0.2, 0.5, 0.1, 0.1, 0.6, 0.1, 0.1, 0.1, 0.2, 0.0, 0.3, 0.4, 0.3, 0.0, 0.1, 0.0, 0.0, 0.4, 0.1, 0.4, 0.2, 0.0, 0.5, 0.3, 0.0, 0.0, 0.3, 0.0, 0.1, 0.0, 0.4, 0.0, 0.2, 0.1, 0.4, 0.6, 0.1, 0.1, 0.1, 0.0, 0.1, 0.5, 0.8, 0.2, 0.1, 0.0, 0.3, 0.2, 0.1, 0.2, 0.4, 0.1, 0.1, 0.2, 0.1, 0.8, 0.3, 0.3, 0.1, 0.0, 0.1, 0.0, 0.1, 0.4, 0.2, 0.3, 0.3, 0.1, 0.2, 0.0, 0.6, 0.4, 0.2, 0.0, 0.0, 0.0, 0.1, 0.1, 0.1, 0.0, 0.0, 0.1, 0.0, 0.4, 0.6, 0.0, 0.1, 0.0, 0.0, 0.5, 0.2, 0.3, 0.4, 0.0, 0.3, 0.0, 0.1, 0.0, 0.7, 0.0, 0.4, 0.3, 0.0, 0.3, 0.2, 0.0, 0.3, 0.8, 0.0, 0.2, 0.4, 0.1, 0.3, 0.1, 0.0, 0.1, 0.1, 0.1, 0.2, 0.1, 0.1, 0.2, 0.0, 0.2, 0.3, 0.3, 0.2, 0.1, 0.1, 0.0, 0.1, 0.2, 0.0, 0.1, 0.0, 0.0, 0.0, 0.3, 0.2, 0.2, 0.0, 0.0, 0.0, 0.1, 0.1, 0.3, 0.3, 0.0, 0.3, 0.3, 0.0, 0.4, 0.3, 0.3, 0.0, 0.1, 0.1, 0.0, 0.0, 0.2, 0.0, 0.3, 0.3, 0.4, 0.5, 0.1, 0.5, 0.0, 0.1, 0.0, 0.0, 0.0, 0.8, 0.1, 0.2, 0.5, 0.3, 0.2, 0.3, 0.2, 0.0, 0.0, 0.0, 0.4, 0.2, 0.0, 0.0, 0.3, 0.1, 0.2, 0.0, 0.0, 0.0, 0.0, 0.5, 0.0, 0.0, 0.3, 0.2, 0.0, 0.1, 0.0, 0.1, 0.0, 0.2, 0.3, 0.2, 0.0, 0.0, 0.2, 0.2, 0.0, 0.6, 0.0, 0.4, 0.5, 0.1, 0.7, 0.2, 0.5, 0.4, 0.2, 0.2, 0.0, 0.3, 0.1, 0.6, 0.3, 0.2, 0.0, 0.1, 0.2, 0.2, 0.2, 0.2, 0.3, 0.4, 0.4, 0.1, 0.0, 0.2, 0.1, 0.3, 0.0, 0.2, 0.5, 0.0, 0.2, 0.1, 0.0, 0.1, 0.0, 0.4, 0.0, 0.7, 0.3, 0.0, 0.5, 0.8, 0.2, 0.0, 0.3, 0.6, 0.0, 0.2, 0.0, 0.0, 0.0, 0.0, 0.3, 0.2, 0.3, 0.0, 0.0, 0.1, 0.4, 0.0, 0.0, 0.0, 0.0, 0.0, 0.1, 0.2, 0.3, 0.0, 0.2, 0.6, 0.1, 0.3, 0.6, 0.2, 0.1, 0.1, 0.0, 0.1, 0.5, 0.1, 0.0, 0.1, 0.6, 0.0, 0.3, 0.0, 0.2, 0.2, 0.1, 0.3, 0.2, 0.0, 0.6, 0.2, 0.1, 0.8, 0.0, 0.0, 0.5, 0.3, 0.2, 0.0, 0.0, 0.3, 0.2, 0.5, 0.7, 0.0, 0.1, 0.5], "seed": 1001, "env_seeds": [1909074423, 3962977888, 3622263192, 2939905540, 3300572547, 629968755, 3493892193, 3289447461, 1818633656, 2310080866]}