{"num_noise_samples": 200, "num_envs": 10, "success_rate_mean": 0.15150000154972076, "success_rate_std": 0.2615296542644501, "best_success_rate": 0.9, "best_original_index": 92, "success_rates_sorted": [0.9, 0.9, 0.9, 0.9, 0.9, 0.9, 0.9, 0.8, 0.8, 0.8, 0.8, 0.8, 0.7, 0.7, 0.7, 0.7, 0.6, 0.6, 0.6, 0.6, 0.6, 0.6, 0.6, 0.6, 0.5, 0.5, 0.5, 0.5, 0.5, 0.5, 0.5, 0.5, 0.5, 0.4, 0.4, 0.4, 0.4, 0.4, 0.4, 0.4, 0.3, 0.3, 0.3, 0.3, 0.3, 0.3, 0.3, 0.3, 0.3, 0.2, 0.2, 0.2, 0.2, 0.2, 0.2, 0.2, 0.1, 0.1, 0.1, 0.1, 0.1, 0.1, 0.1, 0.1, 0.1, 0.1, 0.0, 0.0, 0.0, 0.0, 0.0, 0.0, 0.0, 0.0, 0.0, 0.0, 0.0, 0.0, 0.0, 0.0, 0.0, 0.0, 0.0, 0.0, 0.0, 0.0, 0.0, 0.0, 0.0, 0.0, 0.0, 0.0, 0.0, 0.0, 0.0, 0.0, 0.0, 0.0, 0.0, 0.0, 0.0, 0.0, 0.0, 0.0, 0.0, 0.0, 0.0, 0.0, 0.0, 0.0, 0.0, 0.0, 0.0, 0.0, 0.0, 0.0, 0.0, 0.0, 0.0, 0.0, 0.0, 0.0, 0.0, 0.0, 0.0, 0.0, 0.0, 0.0, 0.0, 0.0, 0.0, 0.0, 0.0, 0.0, 0.0, 0.0, 0.0, 0.0, 0.0, 0.0, 0.0, 0.0, 0.0, 0.0, 0.0, 0.0, 0.0, 0.0, 0.0, 0.0, 0.0, 0.0, 0.0, 0.0, 0.0, 0.0, 0.0, 0.0, 0.0, 0.0, 0.0, 0.0, 0.0, 0.0, 0.0, 0.0, 0.0, 0.0, 0.0, 0.0, 0.0, 0.0, 0.0, 0.0, 0.0, 0.0, 0.0, 0.0, 0.0, 0.0, 0.0, 0.0, 0.0, 0.0, 0.0, 0.0, 0.0, 0.0, 0.0, 0.0, 0.0, 0.0, 0.0, 0.0, 0.0, 0.0, 0.0, 0.0, 0.0, 0.0], "original_success_rates": [0.3, 0.1, 0.0, 0.0, 0.9, 0.0, 0.0, 0.0, 0.0, 0.0, 0.0, 0.0, 0.6, 0.0, 0.3, 0.1, 0.0, 0.0, 0.0, 0.0, 0.0, 0.6, 0.0, 0.5, 0.5, 0.5, 0.3, 0.6, 0.0, 0.0, 0.0, 0.0, 0.4, 0.0, 0.0, 0.4, 0.3, 0.0, 0.0, 0.2, 0.7, 0.2, 0.0, 0.9, 0.0, 0.0, 0.0, 0.0, 0.4, 0.7, 0.4, 0.0, 0.0, 0.0, 0.6, 0.0, 0.0, 0.0, 0.0, 0.6, 0.0, 0.5, 0.0, 0.0, 0.2, 0.0, 0.0, 0.9, 0.0, 0.0, 0.1, 0.7, 0.0, 0.0, 0.0, 0.0, 0.0, 0.1, 0.3, 0.8, 0.5, 0.0, 0.1, 0.0, 0.0, 0.1, 0.0, 0.0, 0.0, 0.0, 0.0, 0.0, 0.9, 0.0, 0.0, 0.0, 0.0, 0.0, 0.0, 0.0, 0.0, 0.0, 0.0, 0.0, 0.0, 0.0, 0.5, 0.0, 0.8, 0.0, 0.0, 0.6, 0.0, 0.0, 0.1, 0.0, 0.0, 0.0, 0.9, 0.0, 0.0, 0.0, 0.0, 0.0, 0.8, 0.3, 0.0, 0.0, 0.0, 0.0, 0.0, 0.0, 0.0, 0.4, 0.3, 0.2, 0.0, 0.6, 0.0, 0.8, 0.5, 0.0, 0.0, 0.5, 0.0, 0.0, 0.2, 0.8, 0.0, 0.0, 0.0, 0.1, 0.0, 0.0, 0.0, 0.3, 0.0, 0.0, 0.4, 0.0, 0.0, 0.6, 0.0, 0.1, 0.0, 0.0, 0.0, 0.0, 0.0, 0.0, 0.3, 0.0, 0.0, 0.2, 0.0, 0.0, 0.0, 0.0, 0.9, 0.0, 0.2, 0.0, 0.0, 0.1, 0.0, 0.0, 0.5, 0.0, 0.7, 0.0, 0.4, 0.9, 0.0, 0.0, 0.0, 0.0, 0.0, 0.0, 0.0, 0.0], "seed": 1003, "env_seeds": [3534947301, 1211106729, 2938131411, 2102574505, 2260797203, 3551913963, 3364940778, 1820888441, 419499557, 2900963514]}