{"num_noise_samples": 300, "num_envs": 10, "success_rate_mean": 0.21299999952316284, "success_rate_std": 0.19561269879341125, "best_success_rate": 0.9, "best_original_index": 236, "success_rates_sorted": [0.9, 0.8, 0.8, 0.7, 0.7, 0.7, 0.7, 0.7, 0.7, 0.7, 0.6, 0.6, 0.6, 0.6, 0.6, 0.6, 0.6, 0.6, 0.6, 0.6, 0.5, 0.5, 0.5, 0.5, 0.5, 0.5, 0.5, 0.5, 0.5, 0.5, 0.5, 0.5, 0.5, 0.5, 0.5, 0.5, 0.5, 0.5, 0.5, 0.5, 0.5, 0.4, 0.4, 0.4, 0.4, 0.4, 0.4, 0.4, 0.4, 0.4, 0.4, 0.4, 0.4, 0.4, 0.4, 0.4, 0.4, 0.4, 0.4, 0.4, 0.4, 0.4, 0.4, 0.4, 0.4, 0.4, 0.4, 0.4, 0.4, 0.3, 0.3, 0.3, 0.3, 0.3, 0.3, 0.3, 0.3, 0.3, 0.3, 0.3, 0.3, 0.3, 0.3, 0.3, 0.3, 0.3, 0.3, 0.3, 0.3, 0.3, 0.3, 0.3, 0.3, 0.3, 0.3, 0.3, 0.3, 0.3, 0.3, 0.3, 0.3, 0.3, 0.3, 0.3, 0.3, 0.2, 0.2, 0.2, 0.2, 0.2, 0.2, 0.2, 0.2, 0.2, 0.2, 0.2, 0.2, 0.2, 0.2, 0.2, 0.2, 0.2, 0.2, 0.2, 0.2, 0.2, 0.2, 0.2, 0.2, 0.2, 0.2, 0.2, 0.2, 0.2, 0.2, 0.2, 0.2, 0.2, 0.2, 0.2, 0.2, 0.2, 0.2, 0.2, 0.2, 0.2, 0.2, 0.2, 0.2, 0.2, 0.2, 0.2, 0.2, 0.2, 0.2, 0.2, 0.2, 0.2, 0.2, 0.2, 0.2, 0.2, 0.2, 0.2, 0.2, 0.1, 0.1, 0.1, 0.1, 0.1, 0.1, 0.1, 0.1, 0.1, 0.1, 0.1, 0.1, 0.1, 0.1, 0.1, 0.1, 0.1, 0.1, 0.1, 0.1, 0.1, 0.1, 0.1, 0.1, 0.1, 0.1, 0.1, 0.1, 0.1, 0.1, 0.1, 0.1, 0.1, 0.1, 0.1, 0.1, 0.1, 0.1, 0.1, 0.1, 0.1, 0.1, 0.1, 0.1, 0.1, 0.1, 0.1, 0.1, 0.1, 0.1, 0.1, 0.1, 0.1, 0.1, 0.1, 0.1, 0.1, 0.1, 0.1, 0.1, 0.0, 0.0, 0.0, 0.0, 0.0, 0.0, 0.0, 0.0, 0.0, 0.0, 0.0, 0.0, 0.0, 0.0, 0.0, 0.0, 0.0, 0.0, 0.0, 0.0, 0.0, 0.0, 0.0, 0.0, 0.0, 0.0, 0.0, 0.0, 0.0, 0.0, 0.0, 0.0, 0.0, 0.0, 0.0, 0.0, 0.0, 0.0, 0.0, 0.0, 0.0, 0.0, 0.0, 0.0, 0.0, 0.0, 0.0, 0.0, 0.0, 0.0, 0.0, 0.0, 0.0, 0.0, 0.0, 0.0, 0.0, 0.0, 0.0, 0.0, 0.0, 0.0, 0.0, 0.0, 0.0, 0.0, 0.0, 0.0, 0.0, 0.0, 0.0, 0.0, 0.0, 0.0, 0.0], "original_success_rates": [0.1, 0.0, 0.3, 0.1, 0.1, 0.0, 0.1, 0.2, 0.2, 0.5, 0.0, 0.0, 0.1, 0.0, 0.1, 0.6, 0.0, 0.0, 0.1, 0.5, 0.1, 0.4, 0.1, 0.3, 0.2, 0.0, 0.1, 0.1, 0.4, 0.2, 0.2, 0.3, 0.0, 0.0, 0.3, 0.6, 0.0, 0.2, 0.4, 0.5, 0.3, 0.5, 0.0, 0.0, 0.1, 0.1, 0.0, 0.0, 0.2, 0.1, 0.2, 0.5, 0.0, 0.2, 0.2, 0.3, 0.1, 0.3, 0.4, 0.1, 0.0, 0.5, 0.0, 0.1, 0.4, 0.6, 0.7, 0.1, 0.2, 0.0, 0.1, 0.4, 0.3, 0.3, 0.4, 0.2, 0.0, 0.1, 0.2, 0.0, 0.2, 0.0, 0.3, 0.1, 0.3, 0.1, 0.3, 0.2, 0.2, 0.0, 0.2, 0.2, 0.2, 0.0, 0.1, 0.0, 0.4, 0.0, 0.1, 0.0, 0.7, 0.0, 0.0, 0.3, 0.5, 0.0, 0.2, 0.0, 0.0, 0.1, 0.0, 0.1, 0.1, 0.6, 0.2, 0.5, 0.4, 0.0, 0.2, 0.4, 0.0, 0.3, 0.0, 0.0, 0.0, 0.3, 0.1, 0.4, 0.0, 0.4, 0.1, 0.0, 0.3, 0.3, 0.0, 0.6, 0.4, 0.1, 0.3, 0.0, 0.2, 0.8, 0.2, 0.3, 0.3, 0.3, 0.7, 0.1, 0.2, 0.0, 0.5, 0.0, 0.1, 0.2, 0.0, 0.4, 0.4, 0.1, 0.5, 0.3, 0.3, 0.0, 0.3, 0.1, 0.0, 0.0, 0.0, 0.0, 0.0, 0.0, 0.3, 0.5, 0.4, 0.7, 0.1, 0.2, 0.3, 0.1, 0.2, 0.0, 0.4, 0.2, 0.4, 0.2, 0.0, 0.1, 0.7, 0.4, 0.0, 0.3, 0.0, 0.5, 0.0, 0.2, 0.0, 0.1, 0.1, 0.2, 0.8, 0.3, 0.4, 0.6, 0.1, 0.2, 0.4, 0.2, 0.5, 0.2, 0.0, 0.0, 0.4, 0.2, 0.4, 0.1, 0.2, 0.1, 0.2, 0.2, 0.2, 0.2, 0.2, 0.2, 0.2, 0.5, 0.3, 0.2, 0.0, 0.6, 0.0, 0.2, 0.1, 0.5, 0.3, 0.2, 0.2, 0.5, 0.9, 0.0, 0.2, 0.1, 0.0, 0.1, 0.1, 0.0, 0.4, 0.3, 0.2, 0.1, 0.1, 0.5, 0.3, 0.0, 0.2, 0.3, 0.3, 0.0, 0.2, 0.4, 0.0, 0.2, 0.1, 0.5, 0.6, 0.1, 0.0, 0.0, 0.3, 0.7, 0.1, 0.2, 0.0, 0.1, 0.4, 0.1, 0.1, 0.0, 0.2, 0.5, 0.6, 0.5, 0.2, 0.4, 0.1, 0.2, 0.5, 0.1, 0.6, 0.3, 0.2, 0.0, 0.1, 0.1, 0.2, 0.0, 0.1, 0.4, 0.7, 0.0, 0.1, 0.2], "seed": 1000, "env_seeds": [1484808508, 3739256933, 2822786858, 3633331186, 2067319448, 3232733299, 2825192541, 3252748741, 3282652602, 2141595418]}