{"n_seeds": 5, "n_evals_per_seed": 100, "reward_mean": -126.64599609375, "reward_std": 9.99079704284668, "success_mean": 0.768, "success_std": 0.05075431016179809, "episode_seeds": [1619, 1620, 1621, 1622, 1623], "seed_reward_means": [-131.00999450683594, -120.23999786376953, -133.80999755859375, -110.4000015258789, -137.77000427246094], "seed_success_means": [0.73, 0.8, 0.75, 0.85, 0.71], "reward_matrix": [[-300.0, -300.0, -300.0, -64.0, -61.0, -57.0, -72.0, -59.0, -300.0, -74.0, -84.0, -300.0, -55.0, -71.0, -55.0, -64.0, -64.0, -300.0, -63.0, -63.0, -58.0, -67.0, -76.0, -60.0, -300.0, -57.0, -62.0, -61.0, -67.0, -61.0, -66.0, -65.0, -300.0, -69.0, -76.0, -57.0, -296.0, -56.0, -65.0, -63.0, -59.0, -300.0, -61.0, -300.0, -97.0, -66.0, -300.0, -67.0, -53.0, -300.0, -61.0, -300.0, -68.0, -300.0, -80.0, -57.0, -60.0, -300.0, -169.0, -300.0, -72.0, -64.0, -74.0, -300.0, -300.0, -69.0, -63.0, -74.0, -58.0, -300.0, -69.0, -298.0, -160.0, -62.0, -65.0, -300.0, -169.0, -59.0, -300.0, -61.0, -64.0, -74.0, -58.0, -65.0, -300.0, -64.0, -59.0, -63.0, -67.0, -300.0, -300.0, -64.0, -62.0, -60.0, -55.0, -57.0, -72.0, -300.0, -56.0, -58.0], [-67.0, -62.0, -56.0, -59.0, -60.0, -68.0, -187.0, -70.0, -54.0, -300.0, -53.0, -67.0, -61.0, -300.0, -300.0, -70.0, -62.0, -97.0, -64.0, -68.0, -68.0, -300.0, -76.0, -65.0, -65.0, -300.0, -300.0, -62.0, -66.0, -85.0, -233.0, -56.0, -72.0, -300.0, -185.0, -74.0, -71.0, -300.0, -56.0, -59.0, -300.0, -300.0, -63.0, -81.0, -68.0, -76.0, -300.0, -60.0, -300.0, -62.0, -56.0, -108.0, -207.0, -300.0, -69.0, -61.0, -300.0, -60.0, -76.0, -77.0, -61.0, -90.0, -57.0, -67.0, -61.0, -300.0, -63.0, -188.0, -70.0, -300.0, -300.0, -64.0, -66.0, -57.0, -300.0, -84.0, -59.0, -59.0, -61.0, -61.0, -63.0, -67.0, -57.0, -67.0, -134.0, -73.0, -300.0, -58.0, -59.0, -68.0, -60.0, -82.0, -60.0, -300.0, -76.0, -57.0, -60.0, -52.0, -68.0, -53.0], [-300.0, -67.0, -300.0, -300.0, -62.0, -70.0, -69.0, -65.0, -57.0, -300.0, -61.0, -300.0, -60.0, -65.0, -300.0, -202.0, -61.0, -300.0, -68.0, -57.0, -63.0, -69.0, -68.0, -78.0, -300.0, -78.0, -300.0, -191.0, -299.0, -59.0, -300.0, -60.0, -298.0, -67.0, -54.0, -80.0, -62.0, -58.0, -78.0, -66.0, -55.0, -57.0, -60.0, -162.0, -55.0, -59.0, -300.0, -65.0, -298.0, -96.0, -65.0, -300.0, -65.0, -298.0, -59.0, -80.0, -56.0, -60.0, -300.0, -56.0, -61.0, -163.0, -69.0, -78.0, -64.0, -81.0, -204.0, -58.0, -300.0, -54.0, -107.0, -68.0, -68.0, -300.0, -60.0, -102.0, -52.0, -300.0, -81.0, -72.0, -300.0, -68.0, -70.0, -64.0, -62.0, -300.0, -300.0, -71.0, -63.0, -295.0, -300.0, -69.0, -180.0, -64.0, -71.0, -77.0, -59.0, -199.0, -59.0, -130.0], [-60.0, -71.0, -52.0, -72.0, -235.0, -88.0, -62.0, -300.0, -61.0, -59.0, -62.0, -73.0, -62.0, -67.0, -82.0, -65.0, -84.0, -300.0, -64.0, -60.0, -300.0, -66.0, -76.0, -67.0, -300.0, -73.0, -300.0, -70.0, -300.0, -73.0, -188.0, -66.0, -76.0, -54.0, -68.0, -73.0, -64.0, -300.0, -73.0, -56.0, -68.0, -61.0, -55.0, -300.0, -62.0, -84.0, -54.0, -62.0, -52.0, -73.0, -73.0, -300.0, -57.0, -60.0, -74.0, -60.0, -56.0, -300.0, -300.0, -300.0, -57.0, -58.0, -69.0, -80.0, -68.0, -65.0, -71.0, -66.0, -55.0, -116.0, -67.0, -61.0, -60.0, -71.0, -67.0, -60.0, -61.0, -63.0, -64.0, -176.0, -300.0, -300.0, -62.0, -59.0, -60.0, -184.0, -64.0, -300.0, -70.0, -63.0, -66.0, -75.0, -208.0, -189.0, -64.0, -67.0, -60.0, -180.0, -64.0, -77.0], [-300.0, -66.0, -58.0, -64.0, -300.0, -62.0, -57.0, -59.0, -76.0, -88.0, -300.0, -178.0, -58.0, -60.0, -300.0, -110.0, -62.0, -75.0, -64.0, -300.0, -300.0, -65.0, -58.0, -164.0, -228.0, -300.0, -300.0, -58.0, -61.0, -70.0, -72.0, -300.0, -300.0, -71.0, -300.0, -298.0, -67.0, -59.0, -300.0, -61.0, -53.0, -72.0, -62.0, -75.0, -56.0, -53.0, -52.0, -64.0, -300.0, -300.0, -71.0, -298.0, -53.0, -53.0, -300.0, -61.0, -300.0, -68.0, -67.0, -68.0, -300.0, -59.0, -56.0, -63.0, -66.0, -54.0, -79.0, -297.0, -61.0, -70.0, -65.0, -72.0, -61.0, -300.0, -62.0, -69.0, -66.0, -300.0, -300.0, -70.0, -70.0, -300.0, -80.0, -60.0, -189.0, -60.0, -54.0, -300.0, -297.0, -300.0, -64.0, -60.0, -300.0, -56.0, -59.0, -71.0, -72.0, -300.0, -61.0, -59.0]], "success_matrix": [[false, false, false, true, true, true, true, true, false, true, true, false, true, true, true, true, true, false, true, true, true, true, true, true, false, true, true, true, true, true, true, true, false, true, true, true, false, true, true, true, true, false, true, false, true, true, false, true, true, false, true, false, true, false, true, true, true, false, true, false, true, true, true, false, false, true, true, true, true, false, true, false, true, true, true, false, true, true, false, true, true, true, true, true, false, true, true, true, true, false, false, true, true, true, true, true, true, false, true, true], [true, true, true, true, true, true, true, true, true, false, true, true, true, false, false, true, true, true, true, true, true, false, true, true, true, false, false, true, true, true, true, true, true, false, true, true, true, false, true, true, false, false, true, true, true, true, false, true, false, true, true, true, true, false, true, true, false, true, true, true, true, true, true, true, true, false, true, true, true, false, false, true, true, true, false, true, true, true, true, true, true, true, true, true, true, true, false, true, true, true, true, true, true, false, true, true, true, true, true, true], [false, true, false, false, true, true, true, true, true, false, true, false, true, true, false, true, true, false, true, true, true, true, true, true, false, true, false, true, false, true, false, true, false, true, true, true, true, true, true, true, true, true, true, true, true, true, false, true, false, true, true, false, true, false, true, true, true, true, false, true, true, true, true, true, true, true, true, true, false, true, true, true, true, false, true, true, true, false, true, true, false, true, true, true, true, false, false, true, true, false, false, true, true, true, true, true, true, true, true, true], [true, true, true, true, true, true, true, false, true, true, true, true, true, true, true, true, true, false, true, true, false, true, true, true, false, true, false, true, false, true, true, true, true, true, true, true, true, false, true, true, true, true, true, false, true, true, true, true, true, true, true, false, true, true, true, true, true, false, false, false, true, true, true, true, true, true, true, true, true, true, true, true, true, true, true, true, true, true, true, true, false, false, true, true, true, true, true, false, true, true, true, true, true, true, true, true, true, true, true, true], [false, true, true, true, false, true, true, true, true, true, false, true, true, true, false, true, true, true, true, false, false, true, true, true, true, false, false, true, true, true, true, false, false, true, false, false, true, true, false, true, true, true, true, true, true, true, true, true, false, false, true, false, true, true, false, true, false, true, true, true, false, true, true, true, true, true, true, false, true, true, true, true, true, false, true, true, true, false, false, true, true, false, true, true, true, true, true, false, false, false, true, true, false, true, true, true, true, false, true, true]], "ticket_name": "envs100_samples1000_seeds999_1000_1001_1002_1003_1004_1005_1006_1007_1008_ddim2_20251208_052117/seed_1002", "eval_noise_idx": 0, "eval_seed": 1619}