{"num_noise_samples": 501, "num_envs": 10, "success_rate_mean": 0.5103792548179626, "success_rate_std": 0.37348636984825134, "best_success_rate": 1.0, "best_original_index": 330, "success_rates_sorted": [1.0, 1.0, 1.0, 1.0, 1.0, 1.0, 1.0, 1.0, 1.0, 1.0, 1.0, 1.0, 1.0, 1.0, 1.0, 1.0, 1.0, 1.0, 1.0, 1.0, 1.0, 1.0, 1.0, 1.0, 1.0, 1.0, 1.0, 1.0, 1.0, 1.0, 1.0, 1.0, 1.0, 1.0, 1.0, 1.0, 1.0, 1.0, 1.0, 1.0, 1.0, 1.0, 1.0, 1.0, 1.0, 1.0, 1.0, 1.0, 1.0, 1.0, 1.0, 1.0, 1.0, 1.0, 1.0, 1.0, 1.0, 1.0, 1.0, 1.0, 1.0, 1.0, 1.0, 1.0, 1.0, 1.0, 1.0, 1.0, 1.0, 1.0, 1.0, 1.0, 1.0, 1.0, 1.0, 1.0, 1.0, 1.0, 0.9, 0.9, 0.9, 0.9, 0.9, 0.9, 0.9, 0.9, 0.9, 0.9, 0.9, 0.9, 0.9, 0.9, 0.9, 0.9, 0.9, 0.9, 0.9, 0.9, 0.9, 0.9, 0.9, 0.9, 0.9, 0.9, 0.9, 0.9, 0.9, 0.9, 0.9, 0.9, 0.9, 0.9, 0.9, 0.9, 0.9, 0.9, 0.9, 0.9, 0.9, 0.9, 0.9, 0.9, 0.9, 0.9, 0.9, 0.9, 0.9, 0.9, 0.9, 0.9, 0.9, 0.9, 0.9, 0.9, 0.8, 0.8, 0.8, 0.8, 0.8, 0.8, 0.8, 0.8, 0.8, 0.8, 0.8, 0.8, 0.8, 0.8, 0.8, 0.8, 0.8, 0.8, 0.8, 0.8, 0.8, 0.8, 0.8, 0.8, 0.8, 0.8, 0.8, 0.8, 0.8, 0.8, 0.8, 0.8, 0.8, 0.8, 0.8, 0.8, 0.8, 0.8, 0.8, 0.8, 0.8, 0.8, 0.8, 0.8, 0.7, 0.7, 0.7, 0.7, 0.7, 0.7, 0.7, 0.7, 0.7, 0.7, 0.7, 0.7, 0.7, 0.7, 0.7, 0.7, 0.7, 0.7, 0.7, 0.7, 0.7, 0.7, 0.7, 0.7, 0.7, 0.7, 0.7, 0.7, 0.7, 0.7, 0.7, 0.7, 0.7, 0.7, 0.7, 0.7, 0.7, 0.7, 0.7, 0.7, 0.7, 0.7, 0.7, 0.7, 0.7, 0.7, 0.6, 0.6, 0.6, 0.6, 0.6, 0.6, 0.6, 0.6, 0.6, 0.6, 0.6, 0.6, 0.6, 0.6, 0.6, 0.6, 0.6, 0.6, 0.6, 0.6, 0.6, 0.6, 0.6, 0.6, 0.6, 0.6, 0.5, 0.5, 0.5, 0.5, 0.5, 0.5, 0.5, 0.5, 0.5, 0.5, 0.5, 0.5, 0.5, 0.5, 0.5, 0.5, 0.5, 0.5, 0.5, 0.5, 0.5, 0.5, 0.5, 0.5, 0.5, 0.5, 0.5, 0.5, 0.5, 0.5, 0.5, 0.5, 0.5, 0.5, 0.5, 0.4, 0.4, 0.4, 0.4, 0.4, 0.4, 0.4, 0.4, 0.4, 0.4, 0.4, 0.4, 0.4, 0.4, 0.4, 0.4, 0.4, 0.4, 0.4, 0.4, 0.4, 0.4, 0.4, 0.4, 0.4, 0.4, 0.4, 0.4, 0.4, 0.4, 0.3, 0.3, 0.3, 0.3, 0.3, 0.3, 0.3, 0.3, 0.3, 0.3, 0.3, 0.3, 0.3, 0.3, 0.3, 0.3, 0.3, 0.3, 0.3, 0.3, 0.3, 0.3, 0.2, 0.2, 0.2, 0.2, 0.2, 0.2, 0.2, 0.2, 0.2, 0.2, 0.2, 0.2, 0.2, 0.2, 0.2, 0.2, 0.2, 0.2, 0.2, 0.2, 0.2, 0.2, 0.2, 0.2, 0.1, 0.1, 0.1, 0.1, 0.1, 0.1, 0.1, 0.1, 0.1, 0.1, 0.1, 0.1, 0.1, 0.1, 0.1, 0.1, 0.1, 0.1, 0.1, 0.1, 0.1, 0.1, 0.1, 0.1, 0.1, 0.1, 0.1, 0.1, 0.1, 0.1, 0.1, 0.1, 0.1, 0.1, 0.0, 0.0, 0.0, 0.0, 0.0, 0.0, 0.0, 0.0, 0.0, 0.0, 0.0, 0.0, 0.0, 0.0, 0.0, 0.0, 0.0, 0.0, 0.0, 0.0, 0.0, 0.0, 0.0, 0.0, 0.0, 0.0, 0.0, 0.0, 0.0, 0.0, 0.0, 0.0, 0.0, 0.0, 0.0, 0.0, 0.0, 0.0, 0.0, 0.0, 0.0, 0.0, 0.0, 0.0, 0.0, 0.0, 0.0, 0.0, 0.0, 0.0, 0.0, 0.0, 0.0, 0.0, 0.0, 0.0, 0.0, 0.0, 0.0, 0.0, 0.0, 0.0, 0.0, 0.0, 0.0, 0.0, 0.0, 0.0, 0.0, 0.0, 0.0, 0.0, 0.0, 0.0, 0.0, 0.0, 0.0, 0.0, 0.0, 0.0, 0.0, 0.0, 0.0, 0.0, 0.0, 0.0, 0.0, 0.0, 0.0, 0.0, 0.0, 0.0, 0.0, 0.0, 0.0, 0.0, 0.0, 0.0, 0.0, 0.0, 0.0, 0.0, 0.0, 0.0, 0.0, 0.0], "original_success_rates": [0.0, 0.0, 0.0, 0.0, 0.0, 0.0, 0.0, 0.0, 0.0, 0.0, 0.0, 0.0, 0.0, 0.0, 0.1, 0.0, 0.0, 0.0, 0.0, 0.0, 0.0, 1.0, 0.0, 0.1, 0.0, 0.6, 0.0, 0.5, 0.5, 0.0, 0.0, 0.3, 1.0, 1.0, 0.8, 0.5, 0.5, 1.0, 0.1, 1.0, 0.0, 0.0, 1.0, 0.0, 0.7, 0.9, 0.0, 0.5, 0.7, 0.0, 0.8, 0.5, 0.4, 0.9, 0.6, 0.9, 1.0, 0.7, 1.0, 1.0, 0.5, 0.1, 0.7, 0.9, 0.4, 1.0, 0.3, 0.3, 0.9, 0.5, 1.0, 0.3, 0.2, 0.8, 0.7, 0.0, 0.6, 0.9, 0.6, 0.3, 0.2, 0.8, 0.9, 1.0, 0.2, 0.8, 0.2, 0.5, 0.0, 0.1, 0.2, 0.1, 0.1, 0.3, 0.2, 0.1, 0.1, 0.9, 0.0, 0.0, 0.3, 0.0, 0.9, 0.0, 0.2, 0.8, 0.8, 0.1, 0.1, 0.8, 0.2, 0.0, 0.6, 0.8, 0.7, 0.0, 0.0, 0.4, 0.2, 0.0, 0.0, 0.6, 1.0, 0.0, 0.1, 0.2, 0.0, 0.0, 0.4, 0.0, 0.1, 1.0, 0.5, 0.7, 0.6, 0.7, 1.0, 0.8, 0.4, 0.7, 0.5, 0.5, 0.1, 0.5, 1.0, 0.6, 0.0, 0.0, 0.6, 0.4, 0.4, 0.1, 0.7, 0.0, 0.6, 0.9, 0.9, 1.0, 1.0, 0.0, 0.2, 0.8, 0.8, 0.0, 0.0, 0.5, 0.7, 1.0, 0.0, 0.7, 0.0, 0.5, 0.5, 0.9, 0.0, 0.2, 0.8, 1.0, 0.4, 0.9, 0.0, 0.7, 0.1, 0.9, 0.1, 0.8, 0.0, 0.9, 0.5, 0.1, 1.0, 0.7, 0.4, 0.0, 0.8, 0.4, 0.9, 0.5, 0.9, 1.0, 0.9, 1.0, 0.8, 0.9, 1.0, 0.0, 1.0, 1.0, 0.4, 0.6, 1.0, 0.4, 1.0, 0.7, 0.7, 1.0, 0.9, 0.9, 0.2, 0.3, 1.0, 0.3, 1.0, 1.0, 1.0, 1.0, 0.6, 0.7, 1.0, 0.7, 1.0, 0.6, 0.8, 0.8, 0.9, 1.0, 0.0, 0.9, 0.8, 1.0, 0.9, 0.0, 0.9, 0.1, 1.0, 0.5, 0.0, 0.2, 1.0, 0.9, 0.1, 0.0, 0.3, 0.7, 0.1, 0.4, 0.0, 0.0, 0.0, 0.8, 0.7, 0.2, 0.0, 0.4, 0.7, 0.5, 0.0, 1.0, 0.0, 0.0, 0.0, 0.5, 0.8, 0.0, 0.7, 1.0, 1.0, 0.8, 0.8, 0.3, 0.7, 0.2, 0.0, 0.0, 0.4, 0.7, 0.3, 0.7, 0.6, 0.6, 0.1, 0.1, 0.9, 0.4, 0.0, 0.6, 0.0, 0.4, 0.4, 0.4, 1.0, 0.9, 1.0, 0.7, 1.0, 0.4, 0.9, 0.6, 0.4, 1.0, 0.1, 0.0, 0.8, 0.0, 1.0, 1.0, 0.0, 0.4, 1.0, 0.4, 1.0, 0.8, 0.9, 1.0, 1.0, 0.6, 1.0, 0.5, 0.9, 1.0, 1.0, 0.0, 0.7, 0.0, 0.0, 1.0, 0.5, 0.9, 0.1, 0.3, 0.8, 0.4, 0.8, 0.0, 0.4, 0.9, 0.2, 1.0, 0.0, 0.0, 0.2, 0.5, 0.5, 0.0, 0.5, 1.0, 0.5, 0.0, 0.6, 0.8, 0.1, 1.0, 0.3, 0.7, 0.6, 0.8, 0.1, 0.9, 0.0, 0.1, 0.0, 0.8, 0.2, 1.0, 1.0, 1.0, 0.6, 1.0, 0.9, 1.0, 0.0, 0.5, 0.0, 0.1, 0.9, 0.0, 0.5, 0.1, 0.8, 0.9, 0.8, 0.5, 0.0, 0.2, 0.5, 0.7, 0.7, 0.3, 0.7, 0.8, 0.9, 0.3, 0.0, 0.9, 0.0, 0.9, 0.9, 0.8, 0.7, 0.4, 0.0, 0.7, 0.0, 0.8, 0.0, 0.3, 0.6, 0.3, 0.2, 0.0, 0.6, 0.8, 0.9, 0.0, 1.0, 0.9, 0.1, 1.0, 0.3, 0.3, 0.7, 0.2, 0.5, 0.6, 0.8, 0.0, 0.5, 0.9, 0.0, 0.8, 0.6, 0.3, 0.8, 0.5, 0.5, 0.0, 0.7, 0.8, 0.7, 0.4, 0.8, 0.9, 0.3, 1.0, 0.9, 0.0, 0.1, 0.9, 1.0, 0.9, 0.7, 0.4, 0.8, 0.9, 1.0, 0.9, 0.0, 0.7, 0.7, 1.0, 0.7, 0.7, 0.7, 0.9, 0.9, 0.9, 0.0, 0.4, 1.0, 1.0, 0.7, 0.8, 1.0, 0.6, 0.7, 0.9, 1.0, 0.1, 1.0, 0.9, 0.8, 0.1, 0.0, 1.0, 0.7, 0.2, 1.0, 0.7, 0.9, 0.2, 0.4], "seed": 670, "env_seeds": [2712038615, 3880840832, 344755814, 995192579, 646814705, 1580534010, 186193140, 2481667443, 683572091, 684080674]}