{"n_seeds": 5, "n_evals_per_seed": 100, "reward_mean": -129.9739990234375, "reward_std": 8.640118598937988, "success_mean": 0.9219999999999999, "success_std": 0.03599999999999998, "episode_seeds": [1619, 1620, 1621, 1622, 1623], "seed_reward_means": [-129.0800018310547, -137.41000366210938, -140.61000061035156, -126.69999694824219, -116.06999969482422], "seed_success_means": [0.93, 0.88, 0.88, 0.96, 0.96], "reward_matrix": [[-200.0, -98.0, -105.0, -90.0, -103.0, -97.0, -150.0, -99.0, -150.0, -300.0, -106.0, -96.0, -74.0, -118.0, -95.0, -119.0, -116.0, -109.0, -107.0, -107.0, -92.0, -91.0, -120.0, -102.0, -125.0, -92.0, -111.0, -112.0, -121.0, -92.0, -111.0, -300.0, -149.0, -128.0, -179.0, -150.0, -143.0, -79.0, -300.0, -88.0, -79.0, -93.0, -103.0, -108.0, -300.0, -104.0, -141.0, -124.0, -92.0, -300.0, -300.0, -194.0, -151.0, -76.0, -140.0, -83.0, -91.0, -104.0, -162.0, -105.0, -196.0, -143.0, -124.0, -97.0, -93.0, -96.0, -129.0, -300.0, -109.0, -90.0, -167.0, -110.0, -97.0, -82.0, -94.0, -97.0, -96.0, -144.0, -130.0, -113.0, -103.0, -132.0, -95.0, -116.0, -103.0, -104.0, -76.0, -136.0, -208.0, -111.0, -173.0, -174.0, -93.0, -104.0, -85.0, -87.0, -244.0, -84.0, -107.0, -92.0], [-86.0, -90.0, -77.0, -129.0, -300.0, -117.0, -81.0, -131.0, -84.0, -90.0, -108.0, -300.0, -90.0, -171.0, -101.0, -162.0, -114.0, -78.0, -108.0, -120.0, -300.0, -78.0, -201.0, -89.0, -96.0, -214.0, -300.0, -122.0, -164.0, -300.0, -92.0, -80.0, -98.0, -104.0, -89.0, -109.0, -300.0, -245.0, -97.0, -92.0, -173.0, -128.0, -111.0, -99.0, -129.0, -135.0, -151.0, -128.0, -96.0, -125.0, -118.0, -99.0, -104.0, -97.0, -125.0, -105.0, -110.0, -108.0, -106.0, -95.0, -147.0, -90.0, -98.0, -102.0, -298.0, -173.0, -300.0, -157.0, -167.0, -132.0, -76.0, -101.0, -204.0, -78.0, -300.0, -95.0, -93.0, -98.0, -115.0, -85.0, -160.0, -144.0, -77.0, -300.0, -116.0, -109.0, -161.0, -79.0, -105.0, -300.0, -98.0, -300.0, -99.0, -97.0, -150.0, -93.0, -132.0, -93.0, -98.0, -72.0], [-274.0, -126.0, -221.0, -88.0, -300.0, -158.0, -300.0, -106.0, -106.0, -116.0, -96.0, -86.0, -107.0, -300.0, -123.0, -124.0, -126.0, -87.0, -172.0, -128.0, -95.0, -300.0, -128.0, -124.0, -95.0, -227.0, -98.0, -107.0, -106.0, -149.0, -300.0, -99.0, -110.0, -100.0, -81.0, -300.0, -94.0, -107.0, -300.0, -106.0, -105.0, -85.0, -86.0, -91.0, -81.0, -107.0, -164.0, -173.0, -80.0, -178.0, -118.0, -139.0, -96.0, -139.0, -85.0, -300.0, -87.0, -101.0, -152.0, -86.0, -105.0, -92.0, -99.0, -300.0, -97.0, -99.0, -137.0, -102.0, -93.0, -75.0, -300.0, -85.0, -116.0, -197.0, -105.0, -167.0, -76.0, -179.0, -300.0, -101.0, -139.0, -300.0, -102.0, -159.0, -185.0, -105.0, -151.0, -96.0, -124.0, -113.0, -178.0, -108.0, -108.0, -138.0, -103.0, -88.0, -115.0, -101.0, -111.0, -89.0], [-101.0, -107.0, -67.0, -170.0, -78.0, -300.0, -102.0, -166.0, -133.0, -101.0, -116.0, -129.0, -97.0, -179.0, -139.0, -116.0, -175.0, -153.0, -177.0, -110.0, -119.0, -148.0, -165.0, -132.0, -189.0, -71.0, -105.0, -94.0, -119.0, -117.0, -80.0, -106.0, -76.0, -85.0, -300.0, -87.0, -112.0, -106.0, -108.0, -120.0, -120.0, -110.0, -79.0, -163.0, -108.0, -107.0, -83.0, -111.0, -79.0, -87.0, -91.0, -142.0, -130.0, -91.0, -211.0, -124.0, -95.0, -148.0, -91.0, -150.0, -148.0, -82.0, -126.0, -166.0, -80.0, -99.0, -119.0, -109.0, -89.0, -98.0, -96.0, -112.0, -95.0, -154.0, -112.0, -81.0, -119.0, -125.0, -110.0, -84.0, -143.0, -228.0, -176.0, -80.0, -95.0, -92.0, -130.0, -105.0, -164.0, -140.0, -88.0, -143.0, -121.0, -85.0, -300.0, -184.0, -178.0, -115.0, -124.0, -300.0], [-97.0, -102.0, -87.0, -118.0, -83.0, -90.0, -74.0, -85.0, -79.0, -119.0, -103.0, -85.0, -104.0, -108.0, -98.0, -131.0, -92.0, -120.0, -102.0, -101.0, -80.0, -160.0, -101.0, -84.0, -113.0, -82.0, -115.0, -95.0, -101.0, -114.0, -118.0, -100.0, -101.0, -219.0, -290.0, -108.0, -104.0, -132.0, -141.0, -111.0, -89.0, -126.0, -95.0, -89.0, -88.0, -208.0, -70.0, -133.0, -116.0, -97.0, -122.0, -95.0, -92.0, -69.0, -131.0, -132.0, -93.0, -115.0, -91.0, -300.0, -100.0, -99.0, -113.0, -98.0, -103.0, -81.0, -300.0, -121.0, -112.0, -96.0, -120.0, -107.0, -105.0, -84.0, -104.0, -101.0, -120.0, -108.0, -100.0, -96.0, -85.0, -104.0, -300.0, -140.0, -100.0, -119.0, -90.0, -92.0, -86.0, -188.0, -148.0, -100.0, -94.0, -82.0, -89.0, -114.0, -300.0, -84.0, -113.0, -113.0]], "success_matrix": [[true, true, true, true, true, true, true, true, true, false, true, true, true, true, true, true, true, true, true, true, true, true, true, true, true, true, true, true, true, true, true, false, true, true, true, true, true, true, false, true, true, true, true, true, false, true, true, true, true, false, false, true, true, true, true, true, true, true, true, true, true, true, true, true, true, true, true, false, true, true, true, true, true, true, true, true, true, true, true, true, true, true, true, true, true, true, true, true, true, true, true, true, true, true, true, true, true, true, true, true], [true, true, true, true, false, true, true, true, true, true, true, false, true, true, true, true, true, true, true, true, false, true, true, true, true, true, false, true, true, false, true, true, true, true, true, true, false, true, true, true, true, true, true, true, true, true, true, true, true, true, true, true, true, true, true, true, true, true, true, true, true, true, true, true, false, true, false, true, true, true, true, true, true, true, false, true, true, true, true, true, true, true, true, false, true, true, true, true, true, false, true, false, true, true, true, true, true, true, true, true], [true, true, true, true, false, true, false, true, true, true, true, true, true, false, true, true, true, true, true, true, true, false, true, true, true, true, true, true, true, true, false, true, true, true, true, false, true, true, false, true, true, true, true, true, true, true, true, true, true, true, true, true, true, true, true, false, true, true, true, true, true, true, true, false, true, true, true, true, true, true, false, true, true, true, true, true, true, true, false, true, true, false, true, true, true, true, true, true, true, true, true, true, true, true, true, true, true, true, true, true], [true, true, true, true, true, false, true, true, true, true, true, true, true, true, true, true, true, true, true, true, true, true, true, true, true, true, true, true, true, true, true, true, true, true, false, true, true, true, true, true, true, true, true, true, true, true, true, true, true, true, true, true, true, true, true, true, true, true, true, true, true, true, true, true, true, true, true, true, true, true, true, true, true, true, true, true, true, true, true, true, true, true, true, true, true, true, true, true, true, true, true, true, true, true, false, true, true, true, true, false], [true, true, true, true, true, true, true, true, true, true, true, true, true, true, true, true, true, true, true, true, true, true, true, true, true, true, true, true, true, true, true, true, true, true, true, true, true, true, true, true, true, true, true, true, true, true, true, true, true, true, true, true, true, true, true, true, true, true, true, false, true, true, true, true, true, true, false, true, true, true, true, true, true, true, true, true, true, true, true, true, true, true, false, true, true, true, true, true, true, true, true, true, true, true, true, true, false, true, true, true]], "ticket_name": "envs100_samples1000_seeds999_1000_1001_1002_1003_1004_1005_1006_1007_1008_ddim2_20251208_052117/seed_1004", "eval_noise_idx": 0, "eval_seed": 1619}