{"n_seeds": 5, "n_evals_per_seed": 100, "reward_mean": -150.19801330566406, "reward_std": 16.82683753967285, "success_mean": 0.7460000000000001, "success_std": 0.06406246951218786, "episode_seeds": [1619, 1620, 1621, 1622, 1623], "seed_reward_means": [-137.6300048828125, -173.6300048828125, -130.82000732421875, -166.63999938964844, -142.27000427246094], "seed_success_means": [0.79, 0.64, 0.83, 0.73, 0.74], "reward_matrix": [[-96.0, -300.0, -300.0, -92.0, -91.0, -63.0, -92.0, -57.0, -300.0, -82.0, -71.0, -87.0, -69.0, -140.0, -118.0, -88.0, -123.0, -74.0, -127.0, -60.0, -300.0, -68.0, -116.0, -70.0, -300.0, -68.0, -87.0, -101.0, -80.0, -86.0, -300.0, -109.0, -300.0, -55.0, -122.0, -102.0, -71.0, -95.0, -177.0, -136.0, -79.0, -300.0, -86.0, -76.0, -300.0, -88.0, -222.0, -79.0, -64.0, -300.0, -75.0, -142.0, -300.0, -300.0, -63.0, -107.0, -100.0, -300.0, -162.0, -67.0, -97.0, -127.0, -96.0, -300.0, -80.0, -92.0, -120.0, -125.0, -79.0, -66.0, -91.0, -82.0, -61.0, -75.0, -300.0, -88.0, -71.0, -101.0, -113.0, -300.0, -120.0, -77.0, -92.0, -86.0, -194.0, -131.0, -69.0, -76.0, -84.0, -300.0, -300.0, -84.0, -83.0, -300.0, -300.0, -80.0, -97.0, -61.0, -300.0, -82.0], [-51.0, -90.0, -69.0, -160.0, -95.0, -97.0, -70.0, -73.0, -90.0, -197.0, -300.0, -300.0, -102.0, -300.0, -300.0, -300.0, -88.0, -300.0, -229.0, -300.0, -126.0, -72.0, -233.0, -85.0, -277.0, -104.0, -300.0, -160.0, -80.0, -300.0, -62.0, -84.0, -69.0, -84.0, -78.0, -74.0, -300.0, -300.0, -72.0, -105.0, -300.0, -300.0, -89.0, -252.0, -300.0, -300.0, -300.0, -67.0, -300.0, -120.0, -300.0, -130.0, -115.0, -300.0, -300.0, -77.0, -79.0, -108.0, -93.0, -258.0, -295.0, -72.0, -68.0, -103.0, -73.0, -65.0, -53.0, -85.0, -84.0, -70.0, -298.0, -72.0, -300.0, -300.0, -300.0, -300.0, -72.0, -300.0, -90.0, -90.0, -103.0, -300.0, -92.0, -300.0, -78.0, -300.0, -300.0, -59.0, -300.0, -300.0, -98.0, -300.0, -95.0, -76.0, -119.0, -300.0, -300.0, -47.0, -71.0, -171.0], [-300.0, -252.0, -61.0, -65.0, -73.0, -300.0, -123.0, -128.0, -300.0, -72.0, -83.0, -78.0, -74.0, -60.0, -68.0, -71.0, -100.0, -95.0, -111.0, -71.0, -248.0, -75.0, -83.0, -186.0, -61.0, -102.0, -90.0, -107.0, -88.0, -300.0, -91.0, -69.0, -133.0, -117.0, -69.0, -104.0, -88.0, -81.0, -300.0, -275.0, -300.0, -101.0, -75.0, -157.0, -75.0, -80.0, -123.0, -67.0, -73.0, -300.0, -118.0, -300.0, -95.0, -300.0, -70.0, -84.0, -117.0, -80.0, -300.0, -67.0, -65.0, -52.0, -68.0, -300.0, -71.0, -93.0, -76.0, -172.0, -68.0, -115.0, -300.0, -62.0, -75.0, -83.0, -70.0, -77.0, -64.0, -89.0, -300.0, -75.0, -300.0, -97.0, -83.0, -146.0, -99.0, -59.0, -297.0, -156.0, -72.0, -80.0, -300.0, -79.0, -155.0, -300.0, -116.0, -85.0, -106.0, -71.0, -93.0, -79.0], [-127.0, -71.0, -48.0, -300.0, -168.0, -300.0, -101.0, -69.0, -300.0, -300.0, -300.0, -212.0, -101.0, -128.0, -263.0, -96.0, -157.0, -300.0, -100.0, -149.0, -300.0, -300.0, -300.0, -300.0, -144.0, -300.0, -300.0, -64.0, -86.0, -115.0, -108.0, -259.0, -68.0, -64.0, -300.0, -91.0, -108.0, -231.0, -139.0, -300.0, -184.0, -108.0, -59.0, -93.0, -84.0, -92.0, -56.0, -300.0, -83.0, -88.0, -181.0, -123.0, -76.0, -112.0, -104.0, -300.0, -80.0, -79.0, -300.0, -300.0, -170.0, -91.0, -77.0, -140.0, -140.0, -92.0, -228.0, -134.0, -300.0, -82.0, -107.0, -300.0, -88.0, -300.0, -71.0, -60.0, -300.0, -76.0, -259.0, -181.0, -103.0, -300.0, -300.0, -300.0, -88.0, -75.0, -101.0, -300.0, -94.0, -82.0, -212.0, -95.0, -77.0, -97.0, -101.0, -95.0, -300.0, -136.0, -208.0, -135.0], [-68.0, -74.0, -76.0, -143.0, -300.0, -103.0, -64.0, -82.0, -75.0, -116.0, -300.0, -65.0, -84.0, -60.0, -300.0, -300.0, -67.0, -89.0, -72.0, -300.0, -105.0, -68.0, -126.0, -168.0, -70.0, -300.0, -84.0, -91.0, -300.0, -204.0, -86.0, -300.0, -300.0, -101.0, -60.0, -66.0, -115.0, -300.0, -300.0, -300.0, -64.0, -144.0, -84.0, -76.0, -68.0, -70.0, -56.0, -83.0, -64.0, -300.0, -300.0, -56.0, -116.0, -53.0, -300.0, -108.0, -300.0, -87.0, -84.0, -135.0, -68.0, -130.0, -56.0, -83.0, -117.0, -69.0, -121.0, -129.0, -45.0, -68.0, -124.0, -84.0, -300.0, -67.0, -300.0, -148.0, -91.0, -300.0, -65.0, -84.0, -81.0, -300.0, -300.0, -100.0, -300.0, -300.0, -61.0, -59.0, -58.0, -89.0, -300.0, -62.0, -61.0, -71.0, -96.0, -85.0, -71.0, -54.0, -300.0, -300.0]], "success_matrix": [[true, false, false, true, true, true, true, true, false, true, true, true, true, true, true, true, true, true, true, true, false, true, true, true, false, true, true, true, true, true, false, true, false, true, true, true, true, true, true, true, true, false, true, true, false, true, true, true, true, false, true, true, false, false, true, true, true, false, true, true, true, true, true, false, true, true, true, true, true, true, true, true, true, true, false, true, true, true, true, false, true, true, true, true, true, true, true, true, true, false, false, true, true, false, false, true, true, true, false, true], [true, true, true, true, true, true, true, true, true, true, false, false, true, false, false, false, true, false, true, false, true, true, true, true, true, true, false, true, true, false, true, true, true, true, true, true, false, false, true, true, false, false, true, true, false, false, false, true, false, true, false, true, true, false, false, true, true, true, true, true, false, true, true, true, true, true, true, true, true, true, false, true, false, false, false, false, true, false, true, true, true, false, true, false, true, false, false, true, false, false, true, false, true, true, true, false, false, true, true, true], [false, true, true, true, true, false, true, true, false, true, true, true, true, true, true, true, true, true, true, true, true, true, true, true, true, true, true, true, true, false, true, true, true, true, true, true, true, true, false, true, false, true, true, true, true, true, true, true, true, false, true, false, true, false, true, true, true, true, false, true, true, true, true, false, true, true, true, true, true, true, false, true, true, true, true, true, true, true, false, true, false, true, true, true, true, true, false, true, true, true, false, true, true, false, true, true, true, true, true, true], [true, true, true, false, true, false, true, true, false, false, false, true, true, true, true, true, true, false, true, true, false, false, false, false, true, false, false, true, true, true, true, true, true, true, false, true, true, true, true, false, true, true, true, true, true, true, true, false, true, true, true, true, true, true, true, false, true, true, false, false, true, true, true, true, true, true, true, true, false, true, true, false, true, false, true, true, false, true, true, true, true, false, false, false, true, true, true, false, true, true, true, true, true, true, true, true, false, true, true, true], [true, true, true, true, false, true, true, true, true, true, false, true, true, true, false, false, true, true, true, false, true, true, true, true, true, false, true, true, false, true, true, false, false, true, true, true, true, false, false, false, true, true, true, true, true, true, true, true, true, false, false, true, true, true, false, true, false, true, true, true, true, true, true, true, true, true, true, true, true, true, true, true, false, true, false, true, true, false, true, true, true, false, false, true, false, false, true, true, true, true, false, true, true, true, true, true, true, true, false, false]], "ticket_name": "envs100_samples100_seed999_ddim8_20251130_223312_nsamples_100", "eval_noise_idx": 0, "eval_seed": 1619}