{"num_noise_samples": 101, "num_envs": 10, "success_rate_mean": 0.040594059973955154, "success_rate_std": 0.07768940180540085, "best_success_rate": 0.4, "best_original_index": 91, "success_rates_sorted": [0.4, 0.3, 0.3, 0.2, 0.2, 0.2, 0.2, 0.2, 0.2, 0.1, 0.1, 0.1, 0.1, 0.1, 0.1, 0.1, 0.1, 0.1, 0.1, 0.1, 0.1, 0.1, 0.1, 0.1, 0.1, 0.1, 0.1, 0.1, 0.0, 0.0, 0.0, 0.0, 0.0, 0.0, 0.0, 0.0, 0.0, 0.0, 0.0, 0.0, 0.0, 0.0, 0.0, 0.0, 0.0, 0.0, 0.0, 0.0, 0.0, 0.0, 0.0, 0.0, 0.0, 0.0, 0.0, 0.0, 0.0, 0.0, 0.0, 0.0, 0.0, 0.0, 0.0, 0.0, 0.0, 0.0, 0.0, 0.0, 0.0, 0.0, 0.0, 0.0, 0.0, 0.0, 0.0, 0.0, 0.0, 0.0, 0.0, 0.0, 0.0, 0.0, 0.0, 0.0, 0.0, 0.0, 0.0, 0.0, 0.0, 0.0, 0.0, 0.0, 0.0, 0.0, 0.0, 0.0, 0.0, 0.0, 0.0, 0.0, 0.0], "original_success_rates": [0.0, 0.0, 0.0, 0.0, 0.0, 0.0, 0.0, 0.0, 0.0, 0.0, 0.0, 0.0, 0.0, 0.0, 0.0, 0.0, 0.0, 0.0, 0.0, 0.0, 0.0, 0.0, 0.0, 0.0, 0.0, 0.0, 0.0, 0.0, 0.0, 0.0, 0.0, 0.0, 0.0, 0.0, 0.0, 0.0, 0.0, 0.0, 0.0, 0.0, 0.1, 0.0, 0.0, 0.0, 0.1, 0.0, 0.0, 0.0, 0.0, 0.2, 0.0, 0.1, 0.0, 0.1, 0.0, 0.0, 0.0, 0.2, 0.0, 0.2, 0.1, 0.0, 0.1, 0.0, 0.0, 0.0, 0.0, 0.1, 0.0, 0.0, 0.1, 0.0, 0.1, 0.0, 0.1, 0.0, 0.2, 0.0, 0.1, 0.1, 0.2, 0.0, 0.1, 0.3, 0.0, 0.0, 0.0, 0.1, 0.0, 0.0, 0.0, 0.4, 0.0, 0.2, 0.1, 0.1, 0.0, 0.1, 0.1, 0.1, 0.3], "seed": 671, "env_seeds": [3486481337, 2739043926, 3901804811, 1328174473, 831101528, 1667653760, 2141788608, 1947105403, 2192165193, 3689610497]}