{"n_seeds": 5, "n_evals_per_seed": 100, "reward_mean": -78.04399871826172, "reward_std": 2.05340576171875, "success_mean": 0.952, "success_std": 0.023874672772626615, "episode_seeds": [1619, 1620, 1621, 1622, 1623], "seed_reward_means": [-81.16999816894531, -77.79000091552734, -78.75, -76.51000213623047, -76.0], "seed_success_means": [0.91, 0.96, 0.96, 0.97, 0.96], "reward_matrix": [[-55.0, -57.0, -64.0, -53.0, -51.0, -58.0, -56.0, -57.0, -62.0, -300.0, -60.0, -52.0, -53.0, -57.0, -208.0, -58.0, -54.0, -56.0, -54.0, -131.0, -62.0, -52.0, -74.0, -58.0, -53.0, -53.0, -57.0, -53.0, -62.0, -54.0, -56.0, -58.0, -64.0, -74.0, -61.0, -54.0, -47.0, -54.0, -60.0, -300.0, -52.0, -54.0, -55.0, -68.0, -300.0, -56.0, -64.0, -64.0, -57.0, -300.0, -300.0, -57.0, -58.0, -54.0, -300.0, -52.0, -51.0, -59.0, -300.0, -52.0, -65.0, -54.0, -56.0, -52.0, -51.0, -53.0, -58.0, -60.0, -70.0, -55.0, -60.0, -56.0, -300.0, -54.0, -57.0, -51.0, -61.0, -52.0, -72.0, -57.0, -54.0, -62.0, -50.0, -54.0, -57.0, -59.0, -56.0, -61.0, -58.0, -56.0, -53.0, -300.0, -61.0, -59.0, -47.0, -60.0, -58.0, -55.0, -52.0, -56.0], [-60.0, -52.0, -52.0, -53.0, -58.0, -60.0, -94.0, -300.0, -51.0, -51.0, -58.0, -71.0, -51.0, -62.0, -54.0, -66.0, -55.0, -237.0, -51.0, -52.0, -70.0, -300.0, -69.0, -80.0, -53.0, -69.0, -62.0, -53.0, -53.0, -66.0, -67.0, -51.0, -68.0, -54.0, -85.0, -56.0, -55.0, -96.0, -300.0, -55.0, -65.0, -56.0, -64.0, -53.0, -64.0, -61.0, -53.0, -97.0, -76.0, -59.0, -60.0, -55.0, -62.0, -55.0, -54.0, -58.0, -291.0, -51.0, -85.0, -58.0, -63.0, -63.0, -66.0, -54.0, -57.0, -68.0, -179.0, -69.0, -300.0, -65.0, -49.0, -54.0, -72.0, -52.0, -57.0, -61.0, -61.0, -58.0, -56.0, -52.0, -56.0, -64.0, -65.0, -54.0, -160.0, -61.0, -56.0, -58.0, -59.0, -57.0, -51.0, -67.0, -60.0, -59.0, -62.0, -182.0, -55.0, -56.0, -64.0, -50.0], [-64.0, -60.0, -61.0, -53.0, -64.0, -64.0, -63.0, -56.0, -56.0, -74.0, -51.0, -57.0, -56.0, -300.0, -54.0, -60.0, -59.0, -48.0, -60.0, -62.0, -51.0, -58.0, -57.0, -300.0, -57.0, -60.0, -54.0, -62.0, -54.0, -70.0, -113.0, -65.0, -57.0, -56.0, -56.0, -67.0, -53.0, -61.0, -93.0, -53.0, -73.0, -52.0, -52.0, -94.0, -52.0, -66.0, -215.0, -58.0, -60.0, -61.0, -54.0, -56.0, -52.0, -300.0, -62.0, -60.0, -49.0, -68.0, -53.0, -61.0, -208.0, -60.0, -72.0, -57.0, -181.0, -49.0, -57.0, -54.0, -180.0, -60.0, -112.0, -128.0, -59.0, -109.0, -56.0, -70.0, -49.0, -56.0, -75.0, -59.0, -64.0, -69.0, -61.0, -60.0, -62.0, -300.0, -50.0, -118.0, -53.0, -72.0, -65.0, -120.0, -69.0, -57.0, -56.0, -62.0, -62.0, -98.0, -54.0, -55.0], [-57.0, -53.0, -48.0, -54.0, -58.0, -97.0, -70.0, -69.0, -69.0, -53.0, -55.0, -56.0, -51.0, -68.0, -65.0, -55.0, -60.0, -59.0, -68.0, -88.0, -56.0, -54.0, -61.0, -53.0, -60.0, -68.0, -61.0, -60.0, -224.0, -55.0, -300.0, -54.0, -54.0, -65.0, -66.0, -65.0, -65.0, -168.0, -300.0, -57.0, -57.0, -54.0, -53.0, -61.0, -55.0, -62.0, -57.0, -55.0, -48.0, -73.0, -52.0, -274.0, -73.0, -50.0, -57.0, -63.0, -167.0, -53.0, -50.0, -54.0, -62.0, -57.0, -64.0, -60.0, -61.0, -59.0, -64.0, -56.0, -49.0, -196.0, -63.0, -53.0, -49.0, -56.0, -300.0, -58.0, -224.0, -65.0, -56.0, -50.0, -52.0, -53.0, -62.0, -58.0, -56.0, -84.0, -54.0, -54.0, -54.0, -52.0, -50.0, -61.0, -65.0, -78.0, -79.0, -116.0, -61.0, -65.0, -59.0, -69.0], [-284.0, -48.0, -57.0, -54.0, -53.0, -62.0, -57.0, -56.0, -48.0, -57.0, -61.0, -57.0, -66.0, -59.0, -300.0, -77.0, -57.0, -56.0, -59.0, -54.0, -52.0, -56.0, -50.0, -54.0, -98.0, -53.0, -52.0, -60.0, -60.0, -53.0, -59.0, -60.0, -245.0, -57.0, -149.0, -59.0, -52.0, -60.0, -52.0, -61.0, -187.0, -57.0, -51.0, -64.0, -52.0, -62.0, -54.0, -55.0, -57.0, -53.0, -58.0, -51.0, -52.0, -51.0, -56.0, -52.0, -102.0, -62.0, -50.0, -65.0, -59.0, -50.0, -55.0, -68.0, -55.0, -55.0, -84.0, -54.0, -300.0, -51.0, -56.0, -59.0, -53.0, -300.0, -52.0, -55.0, -55.0, -55.0, -81.0, -58.0, -62.0, -58.0, -58.0, -61.0, -60.0, -74.0, -76.0, -56.0, -50.0, -57.0, -57.0, -53.0, -208.0, -55.0, -55.0, -53.0, -300.0, -52.0, -63.0, -82.0]], "success_matrix": [[true, true, true, true, true, true, true, true, true, false, true, true, true, true, true, true, true, true, true, true, true, true, true, true, true, true, true, true, true, true, true, true, true, true, true, true, true, true, true, false, true, true, true, true, false, true, true, true, true, false, false, true, true, true, false, true, true, true, false, true, true, true, true, true, true, true, true, true, true, true, true, true, false, true, true, true, true, true, true, true, true, true, true, true, true, true, true, true, true, true, true, false, true, true, true, true, true, true, true, true], [true, true, true, true, true, true, true, false, true, true, true, true, true, true, true, true, true, true, true, true, true, false, true, true, true, true, true, true, true, true, true, true, true, true, true, true, true, true, false, true, true, true, true, true, true, true, true, true, true, true, true, true, true, true, true, true, true, true, true, true, true, true, true, true, true, true, true, true, false, true, true, true, true, true, true, true, true, true, true, true, true, true, true, true, true, true, true, true, true, true, true, true, true, true, true, true, true, true, true, true], [true, true, true, true, true, true, true, true, true, true, true, true, true, false, true, true, true, true, true, true, true, true, true, false, true, true, true, true, true, true, true, true, true, true, true, true, true, true, true, true, true, true, true, true, true, true, true, true, true, true, true, true, true, false, true, true, true, true, true, true, true, true, true, true, true, true, true, true, true, true, true, true, true, true, true, true, true, true, true, true, true, true, true, true, true, false, true, true, true, true, true, true, true, true, true, true, true, true, true, true], [true, true, true, true, true, true, true, true, true, true, true, true, true, true, true, true, true, true, true, true, true, true, true, true, true, true, true, true, true, true, false, true, true, true, true, true, true, true, false, true, true, true, true, true, true, true, true, true, true, true, true, true, true, true, true, true, true, true, true, true, true, true, true, true, true, true, true, true, true, true, true, true, true, true, false, true, true, true, true, true, true, true, true, true, true, true, true, true, true, true, true, true, true, true, true, true, true, true, true, true], [true, true, true, true, true, true, true, true, true, true, true, true, true, true, false, true, true, true, true, true, true, true, true, true, true, true, true, true, true, true, true, true, true, true, true, true, true, true, true, true, true, true, true, true, true, true, true, true, true, true, true, true, true, true, true, true, true, true, true, true, true, true, true, true, true, true, true, true, false, true, true, true, true, false, true, true, true, true, true, true, true, true, true, true, true, true, true, true, true, true, true, true, true, true, true, true, false, true, true, true]], "ticket_name": "zo_envs10_iter500_cand2_lambda2.0_seed666_ddim2_20251215_221920/seed_666", "eval_noise_idx": 0, "eval_seed": 1619}