{"num_noise_samples": 101, "num_envs": 10, "success_rate_mean": 0.27821779251098633, "success_rate_std": 0.2508401870727539, "best_success_rate": 0.9, "best_original_index": 59, "success_rates_sorted": [0.9, 0.8, 0.8, 0.8, 0.7, 0.7, 0.7, 0.7, 0.6, 0.6, 0.6, 0.6, 0.6, 0.6, 0.6, 0.6, 0.6, 0.6, 0.5, 0.5, 0.5, 0.5, 0.5, 0.5, 0.5, 0.5, 0.5, 0.5, 0.5, 0.5, 0.4, 0.4, 0.4, 0.4, 0.4, 0.4, 0.4, 0.4, 0.4, 0.3, 0.3, 0.3, 0.3, 0.3, 0.3, 0.3, 0.3, 0.2, 0.2, 0.2, 0.2, 0.2, 0.2, 0.2, 0.2, 0.2, 0.2, 0.2, 0.2, 0.2, 0.1, 0.1, 0.1, 0.1, 0.1, 0.1, 0.1, 0.1, 0.1, 0.1, 0.1, 0.1, 0.1, 0.1, 0.0, 0.0, 0.0, 0.0, 0.0, 0.0, 0.0, 0.0, 0.0, 0.0, 0.0, 0.0, 0.0, 0.0, 0.0, 0.0, 0.0, 0.0, 0.0, 0.0, 0.0, 0.0, 0.0, 0.0, 0.0, 0.0, 0.0], "original_success_rates": [0.3, 0.0, 0.0, 0.0, 0.0, 0.1, 0.1, 0.0, 0.0, 0.5, 0.0, 0.1, 0.0, 0.1, 0.5, 0.1, 0.2, 0.0, 0.1, 0.2, 0.0, 0.3, 0.6, 0.1, 0.4, 0.5, 0.0, 0.2, 0.1, 0.6, 0.2, 0.1, 0.0, 0.2, 0.1, 0.3, 0.2, 0.4, 0.0, 0.0, 0.4, 0.5, 0.0, 0.6, 0.5, 0.0, 0.6, 0.0, 0.6, 0.2, 0.4, 0.5, 0.5, 0.6, 0.0, 0.2, 0.0, 0.1, 0.3, 0.9, 0.0, 0.4, 0.7, 0.1, 0.5, 0.7, 0.3, 0.0, 0.2, 0.8, 0.4, 0.5, 0.2, 0.2, 0.4, 0.1, 0.6, 0.2, 0.3, 0.0, 0.6, 0.2, 0.3, 0.6, 0.5, 0.0, 0.0, 0.0, 0.8, 0.7, 0.0, 0.4, 0.6, 0.5, 0.7, 0.8, 0.0, 0.5, 0.4, 0.3, 0.1], "seed": 671, "env_seeds": [3486481337, 2739043926, 3901804811, 1328174473, 831101528, 1667653760, 2141788608, 1947105403, 2192165193, 3689610497]}