{
  "n_noise_indices": 3,
  "eval_indices": [
    0,
    1,
    2
  ],
  "reward_mean_across_indices": -117.24999237060547,
  "reward_std_across_indices": 20.975257285149652,
  "success_mean_across_indices": 0.9500000000000001,
  "success_std_across_indices": 0.011999999999999955,
  "per_index_results": {
    "0": {
      "reward_mean": -140.93199157714844,
      "reward_std": 6.032111644744873,
      "success_mean": 0.962,
      "success_std": 0.014696938456699081
    },
    "1": {
      "reward_mean": -101.01199340820312,
      "reward_std": 7.69469690322876,
      "success_mean": 0.95,
      "success_std": 0.030983866769659325
    },
    "2": {
      "reward_mean": -109.80599212646484,
      "reward_std": 5.179409980773926,
      "success_mean": 0.9380000000000001,
      "success_std": 0.023151673805580426
    }
  }
}