{"n_seeds": 5, "n_evals_per_seed": 100, "reward_mean": -225.6239776611328, "reward_std": 3.456801652908325, "success_mean": 0.592, "success_std": 0.03420526275297413, "episode_seeds": [1619, 1620, 1621, 1622, 1623], "seed_reward_means": [-220.4199981689453, -228.3699951171875, -225.14999389648438, -229.1699981689453, -225.00999450683594], "seed_success_means": [0.63, 0.6, 0.61, 0.54, 0.58], "reward_matrix": [[-300.0, -300.0, -171.0, -300.0, -300.0, -300.0, -139.0, -300.0, -300.0, -176.0, -300.0, -170.0, -207.0, -139.0, -173.0, -179.0, -155.0, -300.0, -300.0, -226.0, -300.0, -123.0, -300.0, -194.0, -300.0, -200.0, -218.0, -128.0, -175.0, -300.0, -148.0, -196.0, -300.0, -143.0, -186.0, -300.0, -230.0, -120.0, -136.0, -159.0, -198.0, -291.0, -300.0, -146.0, -148.0, -210.0, -300.0, -300.0, -300.0, -134.0, -135.0, -147.0, -300.0, -233.0, -300.0, -151.0, -300.0, -300.0, -196.0, -300.0, -164.0, -300.0, -151.0, -158.0, -300.0, -300.0, -131.0, -160.0, -300.0, -195.0, -112.0, -131.0, -200.0, -189.0, -146.0, -300.0, -223.0, -136.0, -176.0, -300.0, -300.0, -136.0, -300.0, -238.0, -300.0, -175.0, -138.0, -222.0, -215.0, -221.0, -211.0, -228.0, -213.0, -163.0, -138.0, -157.0, -300.0, -135.0, -300.0, -300.0], [-143.0, -116.0, -300.0, -131.0, -131.0, -220.0, -244.0, -300.0, -300.0, -300.0, -300.0, -300.0, -300.0, -300.0, -300.0, -213.0, -300.0, -167.0, -135.0, -162.0, -143.0, -202.0, -300.0, -300.0, -300.0, -139.0, -132.0, -198.0, -300.0, -300.0, -300.0, -159.0, -127.0, -300.0, -300.0, -280.0, -300.0, -202.0, -151.0, -199.0, -299.0, -155.0, -175.0, -168.0, -300.0, -241.0, -191.0, -300.0, -171.0, -242.0, -201.0, -300.0, -300.0, -218.0, -219.0, -238.0, -148.0, -300.0, -140.0, -300.0, -279.0, -300.0, -300.0, -152.0, -300.0, -155.0, -238.0, -300.0, -120.0, -140.0, -211.0, -300.0, -300.0, -300.0, -143.0, -211.0, -183.0, -300.0, -300.0, -147.0, -176.0, -300.0, -188.0, -152.0, -300.0, -262.0, -300.0, -205.0, -118.0, -226.0, -272.0, -141.0, -300.0, -300.0, -231.0, -199.0, -135.0, -135.0, -123.0, -195.0], [-300.0, -300.0, -167.0, -203.0, -300.0, -300.0, -232.0, -155.0, -134.0, -136.0, -127.0, -127.0, -300.0, -300.0, -124.0, -136.0, -147.0, -300.0, -300.0, -167.0, -295.0, -300.0, -300.0, -223.0, -300.0, -300.0, -300.0, -171.0, -300.0, -218.0, -143.0, -300.0, -300.0, -206.0, -300.0, -140.0, -135.0, -143.0, -163.0, -141.0, -120.0, -276.0, -300.0, -300.0, -300.0, -140.0, -300.0, -300.0, -207.0, -300.0, -300.0, -300.0, -300.0, -282.0, -159.0, -206.0, -300.0, -300.0, -131.0, -300.0, -300.0, -140.0, -159.0, -231.0, -300.0, -176.0, -300.0, -300.0, -148.0, -214.0, -161.0, -300.0, -196.0, -300.0, -139.0, -300.0, -245.0, -238.0, -137.0, -120.0, -264.0, -174.0, -300.0, -122.0, -159.0, -191.0, -300.0, -127.0, -143.0, -228.0, -172.0, -227.0, -254.0, -147.0, -158.0, -300.0, -228.0, -123.0, -203.0, -237.0], [-217.0, -160.0, -134.0, -300.0, -183.0, -125.0, -299.0, -300.0, -300.0, -300.0, -133.0, -300.0, -300.0, -300.0, -124.0, -300.0, -300.0, -300.0, -167.0, -300.0, -167.0, -153.0, -300.0, -300.0, -238.0, -300.0, -136.0, -300.0, -276.0, -300.0, -111.0, -144.0, -288.0, -256.0, -133.0, -300.0, -119.0, -218.0, -300.0, -300.0, -300.0, -171.0, -189.0, -135.0, -176.0, -300.0, -112.0, -300.0, -300.0, -210.0, -162.0, -300.0, -159.0, -150.0, -300.0, -300.0, -152.0, -231.0, -300.0, -135.0, -194.0, -132.0, -116.0, -300.0, -183.0, -159.0, -189.0, -300.0, -135.0, -300.0, -300.0, -205.0, -128.0, -300.0, -300.0, -300.0, -164.0, -300.0, -128.0, -179.0, -300.0, -171.0, -127.0, -300.0, -300.0, -159.0, -208.0, -300.0, -300.0, -142.0, -300.0, -300.0, -300.0, -300.0, -124.0, -270.0, -143.0, -300.0, -202.0, -196.0], [-167.0, -300.0, -285.0, -300.0, -122.0, -300.0, -300.0, -122.0, -300.0, -300.0, -150.0, -300.0, -156.0, -300.0, -163.0, -131.0, -300.0, -246.0, -300.0, -214.0, -140.0, -219.0, -300.0, -203.0, -138.0, -300.0, -300.0, -208.0, -163.0, -198.0, -300.0, -131.0, -300.0, -120.0, -300.0, -300.0, -179.0, -239.0, -123.0, -186.0, -120.0, -300.0, -135.0, -195.0, -238.0, -124.0, -300.0, -224.0, -210.0, -164.0, -300.0, -170.0, -300.0, -300.0, -242.0, -300.0, -300.0, -300.0, -300.0, -300.0, -211.0, -151.0, -223.0, -167.0, -177.0, -300.0, -300.0, -300.0, -300.0, -133.0, -137.0, -124.0, -300.0, -144.0, -131.0, -184.0, -162.0, -140.0, -139.0, -223.0, -300.0, -300.0, -300.0, -300.0, -300.0, -228.0, -300.0, -130.0, -138.0, -183.0, -148.0, -300.0, -300.0, -147.0, -122.0, -171.0, -209.0, -300.0, -300.0, -154.0]], "success_matrix": [[false, false, true, false, false, false, true, false, false, true, false, true, true, true, true, true, true, false, false, true, false, true, false, true, false, true, true, true, true, false, true, true, false, true, true, false, true, true, true, true, true, true, false, true, true, true, false, false, false, true, true, true, false, true, false, true, false, false, true, false, true, false, true, true, false, false, true, true, false, true, true, true, true, true, true, false, true, true, true, false, false, true, false, true, false, true, true, true, true, true, true, true, true, true, true, true, false, true, false, false], [true, true, false, true, true, true, true, false, false, false, false, false, false, false, false, true, false, true, true, true, true, true, false, false, false, true, true, true, false, false, false, true, true, false, false, true, false, true, true, true, false, true, true, true, false, true, true, false, true, true, true, false, false, true, true, true, true, false, true, false, true, false, false, true, false, true, true, false, true, true, true, false, false, false, true, true, true, false, false, true, true, false, true, true, false, true, false, true, true, true, true, true, false, false, true, true, true, true, true, true], [false, false, true, true, false, false, true, true, true, true, true, true, false, false, true, true, true, false, false, true, true, false, false, true, false, false, false, true, false, true, true, false, false, true, false, true, true, true, true, true, true, true, false, false, false, true, false, false, true, false, false, false, false, true, true, true, false, false, true, false, false, true, true, true, false, true, false, false, true, true, true, false, true, false, true, false, true, true, true, true, true, true, false, true, true, true, false, true, true, true, true, true, true, true, true, false, true, true, true, true], [true, true, true, false, true, true, false, false, false, false, true, false, false, false, true, false, false, false, true, false, true, true, false, false, true, false, true, false, true, false, true, true, true, true, true, false, true, true, false, false, false, true, true, true, true, false, true, false, false, true, true, false, true, true, false, false, true, true, false, true, true, true, true, false, true, true, true, false, true, false, false, true, true, false, false, false, true, false, true, true, false, true, true, false, false, true, true, false, false, true, false, false, false, false, true, true, true, false, true, true], [true, false, true, false, true, false, false, true, false, false, true, false, true, false, true, true, false, true, false, true, true, true, false, true, true, false, false, true, true, true, false, true, false, true, false, false, true, true, true, true, true, false, true, true, true, true, false, true, true, true, false, true, false, false, true, false, false, false, false, false, true, true, true, true, true, false, false, false, false, true, true, true, false, true, true, true, true, true, true, true, false, false, false, false, false, true, false, true, true, true, true, false, false, true, true, true, true, false, false, true]], "ticket_name": "zo_envs10_iter500_cand2_lambda2.0_seed666_ddim8_20251213_183610/seed_668", "eval_noise_idx": 0, "eval_seed": 1619}