{"n_seeds": 5, "n_evals_per_seed": 100, "reward_mean": -180.1119842529297, "reward_std": 6.047937393188477, "success_mean": 0.776, "success_std": 0.03507135583350036, "episode_seeds": [1619, 1620, 1621, 1622, 1623], "seed_reward_means": [-182.58999633789062, -173.05999755859375, -188.39999389648438, -180.97999572753906, -175.52999877929688], "seed_success_means": [0.74, 0.79, 0.74, 0.82, 0.79], "reward_matrix": [[-87.0, -134.0, -153.0, -130.0, -133.0, -300.0, -300.0, -179.0, -75.0, -215.0, -178.0, -181.0, -143.0, -180.0, -242.0, -68.0, -169.0, -76.0, -132.0, -300.0, -300.0, -66.0, -253.0, -233.0, -69.0, -300.0, -164.0, -71.0, -212.0, -186.0, -182.0, -172.0, -300.0, -300.0, -165.0, -157.0, -224.0, -71.0, -300.0, -300.0, -151.0, -133.0, -167.0, -197.0, -300.0, -88.0, -124.0, -149.0, -225.0, -300.0, -300.0, -88.0, -157.0, -300.0, -300.0, -162.0, -156.0, -300.0, -300.0, -48.0, -151.0, -63.0, -166.0, -300.0, -300.0, -175.0, -173.0, -136.0, -134.0, -69.0, -176.0, -300.0, -218.0, -162.0, -189.0, -47.0, -300.0, -169.0, -206.0, -120.0, -83.0, -300.0, -138.0, -66.0, -124.0, -166.0, -140.0, -91.0, -300.0, -300.0, -300.0, -300.0, -36.0, -146.0, -163.0, -99.0, -300.0, -64.0, -93.0, -151.0], [-300.0, -197.0, -63.0, -167.0, -300.0, -80.0, -225.0, -162.0, -91.0, -76.0, -109.0, -179.0, -63.0, -57.0, -300.0, -117.0, -141.0, -196.0, -173.0, -98.0, -86.0, -224.0, -209.0, -168.0, -201.0, -300.0, -133.0, -164.0, -300.0, -300.0, -191.0, -36.0, -164.0, -149.0, -226.0, -300.0, -155.0, -300.0, -148.0, -119.0, -300.0, -300.0, -153.0, -196.0, -83.0, -157.0, -158.0, -205.0, -161.0, -42.0, -61.0, -300.0, -180.0, -60.0, -65.0, -151.0, -300.0, -300.0, -261.0, -300.0, -300.0, -173.0, -216.0, -156.0, -129.0, -62.0, -300.0, -212.0, -300.0, -193.0, -42.0, -129.0, -165.0, -84.0, -300.0, -300.0, -156.0, -160.0, -57.0, -157.0, -121.0, -171.0, -167.0, -169.0, -167.0, -184.0, -75.0, -100.0, -158.0, -87.0, -144.0, -66.0, -126.0, -149.0, -169.0, -177.0, -98.0, -300.0, -300.0, -87.0], [-300.0, -190.0, -300.0, -300.0, -300.0, -171.0, -163.0, -73.0, -109.0, -161.0, -172.0, -127.0, -63.0, -300.0, -159.0, -205.0, -134.0, -60.0, -151.0, -161.0, -186.0, -281.0, -151.0, -300.0, -62.0, -300.0, -65.0, -197.0, -62.0, -300.0, -255.0, -152.0, -161.0, -159.0, -152.0, -122.0, -164.0, -300.0, -208.0, -160.0, -61.0, -188.0, -96.0, -289.0, -107.0, -179.0, -102.0, -300.0, -183.0, -80.0, -85.0, -300.0, -159.0, -82.0, -71.0, -300.0, -91.0, -209.0, -300.0, -93.0, -300.0, -300.0, -67.0, -160.0, -298.0, -209.0, -300.0, -156.0, -285.0, -137.0, -278.0, -282.0, -300.0, -300.0, -300.0, -226.0, -300.0, -70.0, -227.0, -195.0, -52.0, -300.0, -169.0, -300.0, -240.0, -300.0, -52.0, -300.0, -54.0, -141.0, -197.0, -246.0, -300.0, -47.0, -175.0, -127.0, -94.0, -183.0, -103.0, -159.0], [-35.0, -224.0, -54.0, -72.0, -113.0, -292.0, -130.0, -184.0, -144.0, -153.0, -135.0, -300.0, -150.0, -72.0, -199.0, -83.0, -87.0, -140.0, -175.0, -193.0, -167.0, -171.0, -300.0, -59.0, -167.0, -167.0, -300.0, -104.0, -162.0, -161.0, -219.0, -193.0, -177.0, -166.0, -300.0, -214.0, -236.0, -200.0, -300.0, -147.0, -60.0, -173.0, -141.0, -183.0, -133.0, -140.0, -227.0, -159.0, -126.0, -196.0, -159.0, -118.0, -159.0, -300.0, -300.0, -124.0, -185.0, -300.0, -157.0, -300.0, -48.0, -195.0, -191.0, -50.0, -300.0, -153.0, -214.0, -96.0, -52.0, -183.0, -168.0, -55.0, -128.0, -300.0, -300.0, -257.0, -181.0, -211.0, -131.0, -188.0, -144.0, -154.0, -300.0, -120.0, -175.0, -221.0, -157.0, -55.0, -300.0, -186.0, -163.0, -202.0, -232.0, -209.0, -204.0, -300.0, -300.0, -190.0, -300.0, -300.0], [-214.0, -107.0, -300.0, -129.0, -300.0, -206.0, -140.0, -257.0, -165.0, -124.0, -83.0, -233.0, -300.0, -46.0, -47.0, -109.0, -150.0, -182.0, -300.0, -75.0, -78.0, -300.0, -146.0, -212.0, -219.0, -300.0, -43.0, -300.0, -300.0, -154.0, -136.0, -79.0, -85.0, -185.0, -90.0, -132.0, -159.0, -96.0, -300.0, -75.0, -154.0, -167.0, -178.0, -256.0, -63.0, -144.0, -139.0, -300.0, -283.0, -65.0, -75.0, -300.0, -55.0, -59.0, -112.0, -103.0, -300.0, -201.0, -121.0, -129.0, -117.0, -174.0, -300.0, -187.0, -74.0, -245.0, -207.0, -89.0, -212.0, -300.0, -135.0, -280.0, -300.0, -175.0, -300.0, -166.0, -158.0, -102.0, -197.0, -152.0, -128.0, -46.0, -175.0, -300.0, -196.0, -139.0, -186.0, -160.0, -298.0, -300.0, -161.0, -300.0, -201.0, -208.0, -139.0, -183.0, -229.0, -43.0, -129.0, -102.0]], "success_matrix": [[true, true, true, true, true, false, false, true, true, true, true, true, true, true, true, true, true, true, true, false, false, true, true, true, true, false, true, true, true, true, true, true, false, false, true, true, true, true, false, false, true, true, true, true, false, true, true, true, true, false, false, true, true, false, false, true, true, false, false, true, true, true, true, false, false, true, true, true, true, true, true, false, true, true, true, true, false, true, true, true, true, false, true, true, true, true, true, true, false, false, false, false, true, true, true, true, false, true, true, true], [false, true, true, true, false, true, true, true, true, true, true, true, true, true, false, true, true, true, true, true, true, true, true, true, true, false, true, true, false, false, true, true, true, true, true, false, true, false, true, true, false, false, true, true, true, true, true, true, true, true, true, false, true, true, true, true, false, false, true, false, false, true, true, true, true, true, false, true, false, true, true, true, true, true, false, false, true, true, true, true, true, true, true, true, true, true, true, true, true, true, true, true, true, true, true, true, true, false, false, true], [false, true, false, false, false, true, true, true, true, true, true, true, true, false, true, true, true, true, true, true, true, true, true, false, true, false, true, true, true, false, true, true, true, true, true, true, true, false, true, true, true, true, true, true, true, true, true, false, true, true, true, false, true, true, true, false, true, true, false, true, false, false, true, true, false, true, false, true, true, true, true, true, false, false, false, true, false, true, true, true, true, false, true, false, true, false, true, false, true, true, true, true, false, true, true, true, true, true, true, true], [true, true, true, true, true, true, true, true, true, true, true, false, true, true, true, true, true, true, true, true, true, true, false, true, true, true, false, true, true, true, true, true, true, true, false, true, true, true, false, true, true, true, true, true, true, true, true, true, true, true, true, true, true, false, false, true, true, false, true, false, true, true, true, true, false, true, true, true, true, true, true, true, true, false, false, true, true, true, true, true, true, true, false, true, true, true, true, true, false, true, true, true, true, true, true, false, false, true, false, false], [true, true, false, true, false, true, true, true, true, true, true, true, false, true, true, true, true, true, false, true, true, false, true, true, true, false, true, false, false, true, true, true, true, true, true, true, true, true, false, true, true, true, true, true, true, true, true, false, false, true, true, false, true, true, true, true, false, true, true, true, true, true, false, true, true, true, true, true, true, false, true, true, false, true, false, true, true, true, true, true, true, true, true, false, true, true, true, true, false, false, true, false, true, true, true, true, true, true, true, true]], "ticket_name": "zo_envs10_iter100_cand10_lambda5.0_seed666_ddim8_20251213_184024/seed_672", "eval_noise_idx": 0, "eval_seed": 1619}