{"n_seeds": 5, "n_evals_per_seed": 100, "reward_mean": -110.28599548339844, "reward_std": 5.166773796081543, "success_mean": 0.8460000000000001, "success_std": 0.02701851217221257, "episode_seeds": [1619, 1620, 1621, 1622, 1623], "seed_reward_means": [-107.56999969482422, -112.73999786376953, -104.83999633789062, -108.2699966430664, -118.01000213623047], "seed_success_means": [0.85, 0.86, 0.87, 0.85, 0.8], "reward_matrix": [[-82.0, -66.0, -83.0, -75.0, -56.0, -58.0, -63.0, -64.0, -300.0, -75.0, -97.0, -68.0, -51.0, -92.0, -59.0, -96.0, -64.0, -59.0, -56.0, -52.0, -84.0, -300.0, -68.0, -67.0, -67.0, -59.0, -60.0, -51.0, -64.0, -67.0, -76.0, -54.0, -300.0, -80.0, -71.0, -52.0, -64.0, -56.0, -64.0, -67.0, -56.0, -67.0, -112.0, -84.0, -176.0, -98.0, -106.0, -63.0, -64.0, -300.0, -64.0, -60.0, -115.0, -300.0, -79.0, -56.0, -55.0, -297.0, -100.0, -300.0, -143.0, -296.0, -68.0, -300.0, -56.0, -67.0, -64.0, -300.0, -52.0, -52.0, -111.0, -300.0, -60.0, -75.0, -80.0, -58.0, -119.0, -59.0, -98.0, -59.0, -55.0, -135.0, -52.0, -300.0, -58.0, -71.0, -51.0, -127.0, -300.0, -184.0, -300.0, -59.0, -61.0, -63.0, -47.0, -71.0, -300.0, -52.0, -52.0, -63.0], [-60.0, -74.0, -55.0, -48.0, -88.0, -80.0, -51.0, -59.0, -63.0, -51.0, -58.0, -119.0, -52.0, -300.0, -293.0, -300.0, -56.0, -95.0, -75.0, -300.0, -57.0, -53.0, -105.0, -60.0, -83.0, -56.0, -300.0, -68.0, -99.0, -84.0, -82.0, -60.0, -104.0, -55.0, -59.0, -79.0, -144.0, -300.0, -56.0, -56.0, -300.0, -238.0, -52.0, -77.0, -208.0, -180.0, -120.0, -56.0, -60.0, -127.0, -52.0, -90.0, -91.0, -300.0, -62.0, -72.0, -64.0, -67.0, -89.0, -102.0, -87.0, -64.0, -55.0, -116.0, -52.0, -300.0, -56.0, -71.0, -114.0, -59.0, -58.0, -160.0, -71.0, -64.0, -300.0, -92.0, -51.0, -71.0, -300.0, -67.0, -83.0, -88.0, -55.0, -143.0, -300.0, -56.0, -108.0, -60.0, -59.0, -60.0, -56.0, -300.0, -67.0, -67.0, -71.0, -71.0, -300.0, -67.0, -111.0, -300.0], [-300.0, -88.0, -56.0, -64.0, -103.0, -82.0, -71.0, -63.0, -47.0, -56.0, -67.0, -64.0, -300.0, -55.0, -56.0, -75.0, -53.0, -75.0, -64.0, -59.0, -68.0, -70.0, -119.0, -300.0, -61.0, -79.0, -72.0, -64.0, -64.0, -102.0, -81.0, -75.0, -84.0, -71.0, -56.0, -142.0, -71.0, -66.0, -97.0, -127.0, -300.0, -53.0, -51.0, -56.0, -60.0, -60.0, -80.0, -300.0, -54.0, -76.0, -123.0, -300.0, -67.0, -93.0, -61.0, -79.0, -52.0, -66.0, -300.0, -68.0, -61.0, -59.0, -71.0, -155.0, -67.0, -69.0, -175.0, -55.0, -52.0, -300.0, -76.0, -83.0, -62.0, -64.0, -300.0, -71.0, -52.0, -112.0, -134.0, -106.0, -300.0, -300.0, -60.0, -87.0, -152.0, -48.0, -300.0, -56.0, -146.0, -68.0, -300.0, -67.0, -80.0, -56.0, -79.0, -54.0, -64.0, -62.0, -55.0, -60.0], [-59.0, -107.0, -300.0, -300.0, -79.0, -272.0, -72.0, -58.0, -55.0, -55.0, -56.0, -79.0, -81.0, -83.0, -89.0, -300.0, -300.0, -96.0, -60.0, -67.0, -300.0, -136.0, -300.0, -300.0, -55.0, -100.0, -300.0, -75.0, -66.0, -144.0, -56.0, -86.0, -116.0, -55.0, -300.0, -64.0, -68.0, -62.0, -64.0, -300.0, -83.0, -80.0, -52.0, -300.0, -64.0, -76.0, -56.0, -70.0, -44.0, -66.0, -95.0, -79.0, -70.0, -52.0, -86.0, -79.0, -60.0, -67.0, -56.0, -300.0, -52.0, -60.0, -75.0, -51.0, -111.0, -79.0, -80.0, -95.0, -47.0, -55.0, -63.0, -95.0, -56.0, -60.0, -71.0, -56.0, -79.0, -63.0, -83.0, -75.0, -59.0, -70.0, -64.0, -51.0, -75.0, -51.0, -83.0, -64.0, -300.0, -300.0, -63.0, -83.0, -96.0, -59.0, -52.0, -76.0, -70.0, -71.0, -84.0, -300.0], [-66.0, -91.0, -52.0, -66.0, -300.0, -63.0, -55.0, -54.0, -71.0, -80.0, -60.0, -100.0, -67.0, -59.0, -300.0, -82.0, -61.0, -76.0, -59.0, -60.0, -300.0, -300.0, -52.0, -125.0, -71.0, -300.0, -300.0, -64.0, -83.0, -99.0, -132.0, -300.0, -83.0, -147.0, -67.0, -59.0, -74.0, -63.0, -91.0, -59.0, -52.0, -60.0, -67.0, -56.0, -69.0, -84.0, -55.0, -83.0, -55.0, -300.0, -71.0, -300.0, -300.0, -298.0, -242.0, -52.0, -76.0, -72.0, -68.0, -64.0, -72.0, -56.0, -58.0, -63.0, -68.0, -55.0, -72.0, -300.0, -300.0, -55.0, -60.0, -76.0, -60.0, -52.0, -300.0, -86.0, -88.0, -299.0, -63.0, -63.0, -104.0, -300.0, -300.0, -84.0, -68.0, -103.0, -52.0, -63.0, -300.0, -300.0, -300.0, -59.0, -58.0, -59.0, -68.0, -59.0, -67.0, -60.0, -64.0, -72.0]], "success_matrix": [[true, true, true, true, true, true, true, true, false, true, true, true, true, true, true, true, true, true, true, true, true, false, true, true, true, true, true, true, true, true, true, true, false, true, true, true, true, true, true, true, true, true, true, true, true, true, true, true, true, false, true, true, true, false, true, true, true, false, true, false, true, false, true, false, true, true, true, false, true, true, true, false, true, true, true, true, true, true, true, true, true, true, true, false, true, true, true, true, false, true, false, true, true, true, true, true, false, true, true, true], [true, true, true, true, true, true, true, true, true, true, true, true, true, false, true, false, true, true, true, false, true, true, true, true, true, true, false, true, true, true, true, true, true, true, true, true, true, false, true, true, false, true, true, true, true, true, true, true, true, true, true, true, true, false, true, true, true, true, true, true, true, true, true, true, true, false, true, true, true, true, true, true, true, true, false, true, true, true, false, true, true, true, true, true, false, true, true, true, true, true, true, false, true, true, true, true, false, true, true, false], [false, true, true, true, true, true, true, true, true, true, true, true, false, true, true, true, true, true, true, true, true, true, true, false, true, true, true, true, true, true, true, true, true, true, true, true, true, true, true, true, false, true, true, true, true, true, true, false, true, true, true, false, true, true, true, true, true, true, false, true, true, true, true, true, true, true, true, true, true, false, true, true, true, true, false, true, true, true, true, true, false, false, true, true, true, true, false, true, true, true, false, true, true, true, true, true, true, true, true, true], [true, true, false, false, true, true, true, true, true, true, true, true, true, true, true, false, false, true, true, true, false, true, false, false, true, true, false, true, true, true, true, true, true, true, false, true, true, true, true, false, true, true, true, false, true, true, true, true, true, true, true, true, true, true, true, true, true, true, true, false, true, true, true, true, true, true, true, true, true, true, true, true, true, true, true, true, true, true, true, true, true, true, true, true, true, true, true, true, false, false, true, true, true, true, true, true, true, true, true, false], [true, true, true, true, false, true, true, true, true, true, true, true, true, true, false, true, true, true, true, true, false, false, true, true, true, false, false, true, true, true, true, false, true, true, true, true, true, true, true, true, true, true, true, true, true, true, true, true, true, false, true, false, false, false, true, true, true, true, true, true, true, true, true, true, true, true, true, false, false, true, true, true, true, true, false, true, true, false, true, true, true, false, false, true, true, true, true, true, false, false, false, true, true, true, true, true, true, true, true, true]], "ticket_name": "zo_envs10_iter100_cand10_lambda2.0_seed666_ddim8_20251212_061609/seed_671", "eval_noise_idx": 0, "eval_seed": 1619}