{"n_seeds": 5, "n_evals_per_seed": 100, "reward_mean": -170.11398315429688, "reward_std": 23.598094940185547, "success_mean": 0.618, "success_std": 0.1138859078200635, "episode_seeds": [1619, 1620, 1621, 1622, 1623], "seed_reward_means": [-193.86000061035156, -167.9499969482422, -187.13999938964844, -133.14999389648438, -168.47000122070312], "seed_success_means": [0.5, 0.64, 0.53, 0.79, 0.63], "reward_matrix": [[-300.0, -300.0, -300.0, -100.0, -84.0, -300.0, -300.0, -81.0, -107.0, -104.0, -300.0, -76.0, -300.0, -96.0, -74.0, -78.0, -300.0, -300.0, -300.0, -58.0, -300.0, -300.0, -95.0, -78.0, -109.0, -300.0, -300.0, -87.0, -61.0, -300.0, -300.0, -94.0, -64.0, -300.0, -96.0, -75.0, -300.0, -300.0, -131.0, -300.0, -85.0, -104.0, -300.0, -81.0, -300.0, -300.0, -300.0, -65.0, -300.0, -300.0, -300.0, -93.0, -82.0, -300.0, -300.0, -300.0, -84.0, -300.0, -300.0, -300.0, -300.0, -111.0, -300.0, -120.0, -84.0, -92.0, -74.0, -300.0, -122.0, -90.0, -81.0, -300.0, -300.0, -300.0, -300.0, -93.0, -300.0, -300.0, -101.0, -84.0, -95.0, -300.0, -76.0, -90.0, -300.0, -70.0, -297.0, -82.0, -70.0, -300.0, -300.0, -65.0, -98.0, -77.0, -107.0, -300.0, -300.0, -85.0, -80.0, -300.0], [-300.0, -88.0, -90.0, -86.0, -81.0, -139.0, -66.0, -300.0, -102.0, -96.0, -73.0, -300.0, -85.0, -300.0, -300.0, -103.0, -96.0, -300.0, -83.0, -80.0, -111.0, -300.0, -120.0, -300.0, -104.0, -300.0, -128.0, -80.0, -66.0, -80.0, -300.0, -92.0, -71.0, -297.0, -300.0, -96.0, -80.0, -107.0, -300.0, -84.0, -300.0, -300.0, -78.0, -76.0, -110.0, -300.0, -300.0, -300.0, -300.0, -300.0, -75.0, -72.0, -300.0, -114.0, -192.0, -95.0, -85.0, -300.0, -300.0, -66.0, -70.0, -76.0, -300.0, -102.0, -63.0, -124.0, -300.0, -300.0, -300.0, -300.0, -112.0, -76.0, -107.0, -102.0, -93.0, -68.0, -300.0, -300.0, -89.0, -89.0, -94.0, -83.0, -78.0, -300.0, -300.0, -72.0, -98.0, -80.0, -300.0, -95.0, -78.0, -288.0, -77.0, -78.0, -300.0, -98.0, -78.0, -300.0, -300.0, -80.0], [-300.0, -300.0, -300.0, -300.0, -98.0, -103.0, -112.0, -99.0, -75.0, -81.0, -88.0, -300.0, -87.0, -300.0, -79.0, -71.0, -80.0, -300.0, -130.0, -73.0, -82.0, -300.0, -300.0, -300.0, -300.0, -69.0, -116.0, -300.0, -101.0, -300.0, -75.0, -88.0, -77.0, -80.0, -300.0, -300.0, -300.0, -91.0, -140.0, -87.0, -300.0, -76.0, -300.0, -300.0, -300.0, -300.0, -300.0, -300.0, -83.0, -77.0, -86.0, -300.0, -300.0, -300.0, -71.0, -300.0, -65.0, -300.0, -81.0, -92.0, -300.0, -300.0, -300.0, -95.0, -300.0, -76.0, -300.0, -94.0, -71.0, -80.0, -300.0, -300.0, -80.0, -300.0, -300.0, -86.0, -300.0, -112.0, -300.0, -300.0, -111.0, -300.0, -75.0, -63.0, -300.0, -300.0, -90.0, -72.0, -85.0, -300.0, -103.0, -71.0, -300.0, -96.0, -100.0, -80.0, -81.0, -80.0, -300.0, -300.0], [-87.0, -300.0, -87.0, -117.0, -68.0, -300.0, -92.0, -300.0, -72.0, -90.0, -87.0, -97.0, -76.0, -88.0, -92.0, -80.0, -300.0, -300.0, -84.0, -90.0, -88.0, -93.0, -122.0, -90.0, -73.0, -63.0, -300.0, -300.0, -90.0, -100.0, -300.0, -92.0, -300.0, -300.0, -87.0, -300.0, -300.0, -76.0, -300.0, -68.0, -96.0, -82.0, -70.0, -77.0, -78.0, -79.0, -64.0, -100.0, -74.0, -72.0, -103.0, -300.0, -102.0, -79.0, -97.0, -90.0, -75.0, -84.0, -91.0, -177.0, -82.0, -90.0, -84.0, -82.0, -300.0, -76.0, -113.0, -116.0, -79.0, -75.0, -99.0, -104.0, -82.0, -117.0, -300.0, -300.0, -138.0, -113.0, -115.0, -300.0, -86.0, -87.0, -84.0, -68.0, -300.0, -70.0, -71.0, -300.0, -92.0, -64.0, -109.0, -84.0, -80.0, -300.0, -74.0, -97.0, -80.0, -67.0, -63.0, -135.0], [-300.0, -61.0, -75.0, -99.0, -114.0, -300.0, -78.0, -89.0, -70.0, -60.0, -121.0, -300.0, -87.0, -300.0, -95.0, -300.0, -75.0, -300.0, -90.0, -300.0, -94.0, -83.0, -80.0, -300.0, -86.0, -149.0, -92.0, -300.0, -300.0, -78.0, -88.0, -300.0, -300.0, -90.0, -300.0, -300.0, -74.0, -82.0, -297.0, -85.0, -79.0, -78.0, -80.0, -88.0, -117.0, -300.0, -300.0, -71.0, -300.0, -106.0, -300.0, -300.0, -74.0, -95.0, -300.0, -89.0, -106.0, -94.0, -93.0, -300.0, -99.0, -300.0, -300.0, -300.0, -107.0, -300.0, -140.0, -99.0, -300.0, -104.0, -103.0, -300.0, -92.0, -300.0, -300.0, -72.0, -91.0, -124.0, -300.0, -79.0, -76.0, -300.0, -96.0, -300.0, -300.0, -169.0, -66.0, -79.0, -94.0, -68.0, -76.0, -102.0, -300.0, -80.0, -85.0, -100.0, -300.0, -300.0, -80.0, -104.0]], "success_matrix": [[false, false, false, true, true, false, false, true, true, true, false, true, false, true, true, true, false, false, false, true, false, false, true, true, true, false, false, true, true, false, false, true, true, false, true, true, false, false, true, false, true, true, false, true, false, false, false, true, false, false, false, true, true, false, false, false, true, false, false, false, false, true, false, true, true, true, true, false, true, true, true, false, false, false, false, true, false, false, true, true, true, false, true, true, false, true, false, true, true, false, false, true, true, true, true, false, false, true, true, false], [false, true, true, true, true, true, true, false, true, true, true, false, true, false, false, true, true, false, true, true, true, false, true, false, true, false, true, true, true, true, false, true, true, false, false, true, true, true, false, true, false, false, true, true, true, false, false, false, false, false, true, true, false, true, true, true, true, false, false, true, true, true, false, true, true, true, false, false, false, false, true, true, true, true, true, true, false, false, true, true, true, true, true, false, false, true, true, true, false, true, true, true, true, true, false, true, true, false, false, true], [false, false, false, false, true, true, true, true, true, true, true, false, true, false, true, true, true, false, true, true, true, false, false, false, false, true, true, false, true, false, true, true, true, true, false, false, false, true, true, true, false, true, false, false, false, false, false, false, true, true, true, false, false, false, true, false, true, false, true, true, false, false, false, true, false, true, false, true, true, true, false, false, true, false, false, true, false, true, false, false, true, false, true, true, false, false, true, true, true, false, true, true, false, true, true, true, true, true, false, false], [true, false, true, true, true, false, true, false, true, true, true, true, true, true, true, true, false, false, true, true, true, true, true, true, true, true, false, false, true, true, false, true, false, false, true, false, false, true, false, true, true, true, true, true, true, true, true, true, true, true, true, false, true, true, true, true, true, true, true, true, true, true, true, true, false, true, true, true, true, true, true, true, true, true, false, false, true, true, true, false, true, true, true, true, false, true, true, false, true, true, true, true, true, false, true, true, true, true, true, true], [false, true, true, true, true, false, true, true, true, true, true, false, true, false, true, false, true, false, true, false, true, true, true, false, true, true, true, false, false, true, true, false, false, true, false, false, true, true, false, true, true, true, true, true, true, false, false, true, false, true, false, false, true, true, false, true, true, true, true, false, true, false, false, false, true, false, true, true, false, true, true, false, true, false, false, true, true, true, false, true, true, false, true, false, false, true, true, true, true, true, true, true, false, true, true, true, false, false, true, true]], "ticket_name": "zo_envs10_iter500_cand2_lambda2.0_seed666_ddim8_20251213_183635/seed_666", "eval_noise_idx": 0, "eval_seed": 1619}