{"n_seeds": 5, "n_evals_per_seed": 100, "reward_mean": -274.4620056152344, "reward_std": 8.132680892944336, "success_mean": 0.26199999999999996, "success_std": 0.07496665925596525, "episode_seeds": [1619, 1620, 1621, 1622, 1623], "seed_reward_means": [-281.739990234375, -277.6199951171875, -269.3800048828125, -262.79998779296875, -280.7699890136719], "seed_success_means": [0.19, 0.24, 0.32, 0.36, 0.2], "reward_matrix": [[-185.0, -149.0, -300.0, -300.0, -300.0, -300.0, -300.0, -201.0, -300.0, -248.0, -300.0, -217.0, -300.0, -300.0, -219.0, -300.0, -300.0, -300.0, -300.0, -300.0, -300.0, -300.0, -297.0, -240.0, -300.0, -300.0, -300.0, -300.0, -300.0, -300.0, -300.0, -300.0, -300.0, -300.0, -300.0, -300.0, -187.0, -300.0, -300.0, -300.0, -300.0, -300.0, -300.0, -299.0, -300.0, -300.0, -300.0, -300.0, -300.0, -300.0, -300.0, -300.0, -134.0, -300.0, -300.0, -300.0, -300.0, -300.0, -300.0, -300.0, -300.0, -300.0, -157.0, -300.0, -300.0, -300.0, -199.0, -300.0, -300.0, -300.0, -182.0, -300.0, -255.0, -296.0, -274.0, -300.0, -300.0, -185.0, -225.0, -300.0, -300.0, -189.0, -300.0, -300.0, -300.0, -261.0, -300.0, -300.0, -300.0, -300.0, -300.0, -300.0, -300.0, -300.0, -300.0, -300.0, -300.0, -300.0, -300.0, -175.0], [-300.0, -300.0, -300.0, -300.0, -300.0, -300.0, -300.0, -171.0, -300.0, -145.0, -300.0, -300.0, -300.0, -300.0, -300.0, -226.0, -300.0, -300.0, -270.0, -238.0, -300.0, -225.0, -300.0, -300.0, -300.0, -300.0, -85.0, -300.0, -300.0, -300.0, -300.0, -300.0, -255.0, -300.0, -300.0, -300.0, -187.0, -290.0, -300.0, -300.0, -300.0, -300.0, -300.0, -300.0, -300.0, -300.0, -300.0, -195.0, -300.0, -300.0, -300.0, -300.0, -300.0, -300.0, -300.0, -297.0, -204.0, -195.0, -244.0, -300.0, -300.0, -236.0, -300.0, -300.0, -300.0, -300.0, -300.0, -194.0, -300.0, -213.0, -300.0, -222.0, -300.0, -300.0, -300.0, -300.0, -300.0, -300.0, -300.0, -300.0, -300.0, -300.0, -300.0, -168.0, -280.0, -300.0, -300.0, -300.0, -300.0, -300.0, -185.0, -300.0, -300.0, -169.0, -192.0, -300.0, -178.0, -300.0, -298.0, -300.0], [-300.0, -210.0, -155.0, -300.0, -250.0, -173.0, -300.0, -300.0, -300.0, -295.0, -162.0, -300.0, -300.0, -300.0, -158.0, -300.0, -177.0, -282.0, -185.0, -199.0, -245.0, -300.0, -300.0, -300.0, -300.0, -300.0, -300.0, -190.0, -300.0, -300.0, -300.0, -300.0, -300.0, -209.0, -300.0, -300.0, -300.0, -300.0, -300.0, -238.0, -149.0, -222.0, -300.0, -300.0, -300.0, -300.0, -300.0, -300.0, -210.0, -300.0, -224.0, -300.0, -154.0, -251.0, -300.0, -300.0, -300.0, -159.0, -55.0, -287.0, -300.0, -247.0, -298.0, -270.0, -300.0, -300.0, -300.0, -300.0, -300.0, -300.0, -300.0, -299.0, -300.0, -300.0, -300.0, -300.0, -300.0, -165.0, -300.0, -300.0, -300.0, -297.0, -173.0, -300.0, -228.0, -300.0, -300.0, -300.0, -300.0, -300.0, -185.0, -206.0, -300.0, -296.0, -300.0, -300.0, -300.0, -300.0, -282.0, -253.0], [-300.0, -243.0, -300.0, -300.0, -173.0, -300.0, -300.0, -300.0, -300.0, -300.0, -201.0, -232.0, -300.0, -300.0, -193.0, -205.0, -300.0, -300.0, -186.0, -297.0, -109.0, -114.0, -300.0, -300.0, -232.0, -300.0, -300.0, -146.0, -300.0, -246.0, -217.0, -300.0, -165.0, -300.0, -266.0, -272.0, -300.0, -300.0, -300.0, -205.0, -300.0, -237.0, -300.0, -188.0, -300.0, -106.0, -300.0, -300.0, -296.0, -300.0, -300.0, -300.0, -300.0, -300.0, -196.0, -186.0, -299.0, -300.0, -300.0, -300.0, -300.0, -189.0, -181.0, -300.0, -300.0, -194.0, -190.0, -300.0, -300.0, -300.0, -300.0, -300.0, -300.0, -300.0, -205.0, -300.0, -274.0, -300.0, -300.0, -226.0, -165.0, -175.0, -125.0, -300.0, -213.0, -300.0, -300.0, -300.0, -296.0, -300.0, -300.0, -160.0, -251.0, -300.0, -230.0, -300.0, -296.0, -300.0, -300.0, -300.0], [-297.0, -300.0, -300.0, -300.0, -300.0, -198.0, -300.0, -300.0, -300.0, -300.0, -300.0, -189.0, -300.0, -300.0, -300.0, -184.0, -300.0, -186.0, -300.0, -300.0, -300.0, -300.0, -300.0, -300.0, -300.0, -300.0, -300.0, -300.0, -300.0, -300.0, -300.0, -300.0, -300.0, -300.0, -300.0, -300.0, -229.0, -300.0, -300.0, -300.0, -300.0, -300.0, -201.0, -285.0, -300.0, -300.0, -244.0, -300.0, -259.0, -300.0, -300.0, -300.0, -300.0, -300.0, -300.0, -300.0, -300.0, -300.0, -300.0, -300.0, -300.0, -185.0, -300.0, -300.0, -300.0, -211.0, -164.0, -300.0, -168.0, -300.0, -296.0, -173.0, -300.0, -300.0, -300.0, -149.0, -300.0, -300.0, -300.0, -300.0, -300.0, -300.0, -210.0, -300.0, -213.0, -300.0, -300.0, -215.0, -300.0, -300.0, -227.0, -300.0, -197.0, -300.0, -297.0, -300.0, -300.0, -300.0, -300.0, -300.0]], "success_matrix": [[true, true, false, false, false, false, false, true, false, true, false, true, false, false, true, false, false, false, false, false, false, false, false, true, false, false, false, false, false, false, false, false, false, false, false, false, true, false, false, false, false, false, false, false, false, false, false, false, false, false, false, false, true, false, false, false, false, false, false, false, false, false, true, false, false, false, true, false, false, false, true, false, true, false, true, false, false, true, true, false, false, true, false, false, false, true, false, false, false, false, false, false, false, false, false, false, false, false, false, true], [false, false, false, false, false, false, false, true, false, true, false, false, false, false, false, true, false, false, true, true, false, true, false, false, false, false, true, false, false, false, false, false, true, false, false, false, true, true, false, false, false, false, false, false, false, false, false, true, false, false, false, false, false, false, false, false, true, true, true, false, false, true, false, false, false, false, false, true, false, true, false, true, false, false, false, false, false, false, false, false, false, false, false, true, true, false, false, false, false, false, true, false, false, true, true, false, true, false, false, false], [false, true, true, false, true, true, false, false, false, false, true, false, false, false, true, false, true, true, true, true, true, false, false, false, false, false, false, true, false, false, false, false, false, true, false, false, false, false, false, true, true, true, false, false, false, false, false, false, true, false, true, false, true, true, false, false, false, true, true, true, false, true, false, true, false, false, false, false, false, false, false, false, false, false, false, false, false, true, false, false, false, false, true, false, true, false, false, false, false, false, true, true, false, false, false, false, false, false, true, true], [false, true, false, false, true, false, false, false, false, false, true, true, false, false, true, true, false, false, true, false, true, true, false, false, true, false, false, true, false, true, true, false, true, false, true, true, false, false, false, true, false, true, false, true, false, true, false, false, false, false, false, false, false, false, true, true, false, false, false, false, false, true, true, false, false, true, true, false, false, false, false, false, false, false, true, false, true, false, false, true, true, true, true, false, true, false, false, false, false, false, false, true, true, false, true, false, false, false, false, false], [false, false, false, false, false, true, false, false, false, false, false, true, false, false, false, true, false, true, false, false, false, false, false, false, false, false, false, false, false, false, false, false, false, false, false, false, true, false, false, false, false, false, true, true, false, false, true, false, true, false, false, false, false, false, false, false, false, false, false, false, false, true, false, false, false, true, true, false, true, false, false, true, false, false, false, true, false, false, false, false, false, false, true, false, true, false, false, true, false, false, true, false, true, false, false, false, false, false, false, false]], "ticket_name": "zo_envs10_iter500_cand2_lambda5.0_seed666_ddim8_20251213_184046/seed_672", "eval_noise_idx": 0, "eval_seed": 1619}