{"n_seeds": 5, "n_evals_per_seed": 100, "reward_mean": -219.5019989013672, "reward_std": 3.7398014068603516, "success_mean": 0.63, "success_std": 0.024494897427831803, "episode_seeds": [1619, 1620, 1621, 1622, 1623], "seed_reward_means": [-220.50999450683594, -225.7899932861328, -219.74000549316406, -216.4199981689453, -215.0500030517578], "seed_success_means": [0.62, 0.59, 0.63, 0.66, 0.65], "reward_matrix": [[-195.0, -176.0, -186.0, -300.0, -300.0, -300.0, -159.0, -171.0, -154.0, -176.0, -160.0, -164.0, -172.0, -148.0, -180.0, -300.0, -300.0, -167.0, -160.0, -300.0, -152.0, -142.0, -300.0, -210.0, -300.0, -197.0, -164.0, -156.0, -180.0, -177.0, -159.0, -300.0, -248.0, -156.0, -300.0, -148.0, -300.0, -152.0, -156.0, -300.0, -300.0, -300.0, -195.0, -163.0, -300.0, -300.0, -179.0, -151.0, -300.0, -152.0, -156.0, -220.0, -150.0, -172.0, -300.0, -160.0, -300.0, -300.0, -300.0, -186.0, -300.0, -165.0, -300.0, -172.0, -152.0, -183.0, -158.0, -171.0, -178.0, -213.0, -300.0, -152.0, -232.0, -300.0, -300.0, -300.0, -168.0, -165.0, -195.0, -300.0, -184.0, -163.0, -300.0, -300.0, -300.0, -175.0, -162.0, -300.0, -300.0, -300.0, -300.0, -179.0, -300.0, -180.0, -159.0, -176.0, -160.0, -300.0, -300.0, -160.0], [-160.0, -148.0, -300.0, -162.0, -168.0, -195.0, -300.0, -300.0, -300.0, -175.0, -243.0, -171.0, -172.0, -300.0, -162.0, -300.0, -300.0, -170.0, -300.0, -176.0, -156.0, -176.0, -300.0, -194.0, -258.0, -186.0, -156.0, -180.0, -152.0, -300.0, -300.0, -175.0, -148.0, -172.0, -212.0, -300.0, -300.0, -300.0, -167.0, -175.0, -242.0, -176.0, -200.0, -177.0, -300.0, -168.0, -300.0, -300.0, -300.0, -300.0, -300.0, -176.0, -181.0, -175.0, -300.0, -300.0, -164.0, -162.0, -159.0, -300.0, -156.0, -300.0, -300.0, -167.0, -300.0, -171.0, -300.0, -168.0, -152.0, -172.0, -300.0, -300.0, -300.0, -155.0, -300.0, -300.0, -300.0, -300.0, -156.0, -144.0, -179.0, -176.0, -300.0, -179.0, -169.0, -172.0, -172.0, -300.0, -300.0, -205.0, -300.0, -164.0, -300.0, -156.0, -300.0, -182.0, -300.0, -158.0, -148.0, -189.0], [-150.0, -300.0, -300.0, -188.0, -300.0, -195.0, -300.0, -165.0, -158.0, -162.0, -156.0, -158.0, -300.0, -160.0, -156.0, -164.0, -170.0, -300.0, -160.0, -300.0, -300.0, -211.0, -300.0, -300.0, -300.0, -177.0, -157.0, -300.0, -254.0, -219.0, -164.0, -180.0, -192.0, -172.0, -300.0, -156.0, -156.0, -188.0, -179.0, -300.0, -161.0, -300.0, -164.0, -168.0, -300.0, -300.0, -211.0, -168.0, -179.0, -182.0, -165.0, -154.0, -154.0, -193.0, -170.0, -300.0, -234.0, -163.0, -164.0, -300.0, -300.0, -156.0, -300.0, -300.0, -156.0, -300.0, -165.0, -300.0, -162.0, -300.0, -300.0, -300.0, -300.0, -176.0, -160.0, -180.0, -172.0, -173.0, -160.0, -156.0, -300.0, -173.0, -179.0, -158.0, -300.0, -173.0, -300.0, -300.0, -160.0, -300.0, -167.0, -200.0, -300.0, -157.0, -300.0, -146.0, -181.0, -300.0, -187.0, -300.0], [-272.0, -300.0, -156.0, -255.0, -179.0, -148.0, -276.0, -300.0, -152.0, -174.0, -156.0, -300.0, -300.0, -300.0, -300.0, -171.0, -172.0, -152.0, -192.0, -163.0, -183.0, -166.0, -173.0, -222.0, -164.0, -164.0, -159.0, -300.0, -300.0, -300.0, -300.0, -161.0, -300.0, -300.0, -158.0, -300.0, -300.0, -300.0, -300.0, -300.0, -156.0, -173.0, -180.0, -150.0, -177.0, -164.0, -300.0, -300.0, -300.0, -300.0, -300.0, -300.0, -156.0, -160.0, -212.0, -190.0, -192.0, -180.0, -144.0, -163.0, -160.0, -156.0, -152.0, -170.0, -176.0, -300.0, -300.0, -152.0, -164.0, -300.0, -226.0, -192.0, -144.0, -163.0, -300.0, -300.0, -165.0, -196.0, -160.0, -300.0, -160.0, -300.0, -150.0, -168.0, -300.0, -300.0, -188.0, -164.0, -152.0, -167.0, -300.0, -140.0, -156.0, -148.0, -160.0, -261.0, -157.0, -300.0, -160.0, -170.0], [-300.0, -300.0, -152.0, -300.0, -156.0, -176.0, -190.0, -154.0, -188.0, -163.0, -300.0, -148.0, -300.0, -176.0, -300.0, -160.0, -300.0, -300.0, -171.0, -300.0, -160.0, -300.0, -187.0, -300.0, -161.0, -300.0, -212.0, -300.0, -300.0, -208.0, -160.0, -160.0, -152.0, -150.0, -300.0, -170.0, -300.0, -170.0, -152.0, -164.0, -164.0, -180.0, -148.0, -300.0, -167.0, -164.0, -169.0, -299.0, -300.0, -159.0, -160.0, -160.0, -176.0, -300.0, -300.0, -148.0, -300.0, -195.0, -300.0, -278.0, -300.0, -183.0, -300.0, -300.0, -192.0, -152.0, -300.0, -300.0, -180.0, -170.0, -167.0, -159.0, -160.0, -166.0, -168.0, -169.0, -168.0, -170.0, -176.0, -300.0, -300.0, -300.0, -185.0, -151.0, -300.0, -300.0, -164.0, -160.0, -160.0, -163.0, -157.0, -176.0, -156.0, -163.0, -164.0, -176.0, -160.0, -300.0, -183.0, -300.0]], "success_matrix": [[true, true, true, false, false, false, true, true, true, true, true, true, true, true, true, false, false, true, true, false, true, true, false, true, false, true, true, true, true, true, true, false, true, true, false, true, false, true, true, false, false, false, true, true, false, false, true, true, false, true, true, true, true, true, false, true, false, false, false, true, false, true, false, true, true, true, true, true, true, true, false, true, true, false, false, false, true, true, true, false, true, true, false, false, false, true, true, false, false, false, false, true, false, true, true, true, true, false, false, true], [true, true, false, true, true, true, false, false, false, true, true, true, true, false, true, false, false, true, false, true, true, true, false, true, true, true, true, true, true, false, false, true, true, true, true, false, false, false, true, true, true, true, true, true, false, true, false, false, false, false, false, true, true, true, false, false, true, true, true, false, true, false, false, true, false, true, false, true, true, true, false, false, false, true, false, false, false, false, true, true, true, true, false, true, true, true, true, false, false, true, false, true, false, true, false, true, false, true, true, true], [true, false, false, true, false, true, false, true, true, true, true, true, false, true, true, true, true, false, true, false, false, true, false, false, false, true, true, false, true, true, true, true, true, true, false, true, true, true, true, false, true, false, true, true, false, false, true, true, true, true, true, true, true, true, true, false, true, true, true, false, false, true, false, false, true, false, true, false, true, false, false, false, false, true, true, true, true, true, true, true, false, true, true, true, false, true, false, false, true, false, true, true, false, true, false, true, true, false, true, false], [true, false, true, true, true, true, true, false, true, true, true, false, false, false, false, true, true, true, true, true, true, true, true, true, true, true, true, false, false, false, false, true, false, false, true, false, false, false, false, false, true, true, true, true, true, true, false, false, false, false, false, false, true, true, true, true, true, true, true, true, true, true, true, true, true, false, false, true, true, false, true, true, true, true, false, false, true, true, true, false, true, false, true, true, false, false, true, true, true, true, false, true, true, true, true, true, true, false, true, true], [false, false, true, false, true, true, true, true, true, true, false, true, false, true, false, true, false, false, true, false, true, false, true, false, true, false, true, false, false, true, true, true, true, true, false, true, false, true, true, true, true, true, true, false, true, true, true, false, false, true, true, true, true, false, false, true, false, true, false, true, false, true, false, false, true, true, false, false, true, true, true, true, true, true, true, true, true, true, true, false, false, false, true, true, false, false, true, true, true, true, true, true, true, true, true, true, true, false, true, false]], "ticket_name": "envs50_samples5000_seed999_ddim8_20251130_223116_nenvs_50", "eval_noise_idx": 12, "eval_seed": 1619}