{"n_seeds": 5, "n_evals_per_seed": 100, "reward_mean": -153.62200927734375, "reward_std": 3.9246151447296143, "success_mean": 0.8699999999999999, "success_std": 0.038470768123342686, "episode_seeds": [1619, 1620, 1621, 1622, 1623], "seed_reward_means": [-149.39999389648438, -153.5399932861328, -160.9600067138672, -152.7100067138672, -151.5], "seed_success_means": [0.91, 0.87, 0.8, 0.9, 0.87], "reward_matrix": [[-300.0, -146.0, -224.0, -142.0, -124.0, -300.0, -213.0, -102.0, -189.0, -300.0, -150.0, -120.0, -88.0, -300.0, -89.0, -126.0, -96.0, -142.0, -138.0, -67.0, -85.0, -108.0, -256.0, -101.0, -187.0, -127.0, -126.0, -138.0, -113.0, -136.0, -106.0, -204.0, -97.0, -77.0, -185.0, -129.0, -101.0, -95.0, -184.0, -83.0, -101.0, -124.0, -110.0, -175.0, -300.0, -185.0, -300.0, -108.0, -111.0, -198.0, -300.0, -193.0, -205.0, -101.0, -89.0, -86.0, -112.0, -165.0, -143.0, -135.0, -185.0, -176.0, -129.0, -124.0, -131.0, -160.0, -144.0, -300.0, -146.0, -107.0, -171.0, -170.0, -100.0, -92.0, -129.0, -130.0, -101.0, -113.0, -300.0, -142.0, -140.0, -138.0, -111.0, -127.0, -121.0, -142.0, -84.0, -142.0, -116.0, -290.0, -133.0, -102.0, -114.0, -117.0, -98.0, -108.0, -233.0, -93.0, -131.0, -115.0], [-83.0, -113.0, -103.0, -145.0, -113.0, -300.0, -295.0, -130.0, -124.0, -113.0, -132.0, -300.0, -114.0, -300.0, -128.0, -218.0, -132.0, -73.0, -135.0, -143.0, -252.0, -71.0, -246.0, -96.0, -124.0, -123.0, -300.0, -144.0, -118.0, -174.0, -84.0, -110.0, -107.0, -132.0, -83.0, -144.0, -274.0, -114.0, -113.0, -110.0, -265.0, -115.0, -125.0, -115.0, -150.0, -300.0, -116.0, -99.0, -119.0, -294.0, -138.0, -112.0, -88.0, -124.0, -202.0, -300.0, -123.0, -104.0, -141.0, -96.0, -135.0, -106.0, -300.0, -129.0, -119.0, -146.0, -99.0, -178.0, -130.0, -95.0, -100.0, -110.0, -300.0, -106.0, -179.0, -89.0, -112.0, -154.0, -184.0, -121.0, -149.0, -165.0, -99.0, -174.0, -85.0, -149.0, -300.0, -92.0, -102.0, -226.0, -105.0, -300.0, -98.0, -115.0, -300.0, -144.0, -132.0, -300.0, -105.0, -83.0], [-270.0, -202.0, -115.0, -138.0, -300.0, -300.0, -300.0, -144.0, -127.0, -142.0, -104.0, -126.0, -170.0, -300.0, -101.0, -115.0, -141.0, -82.0, -182.0, -165.0, -129.0, -300.0, -144.0, -95.0, -120.0, -196.0, -165.0, -97.0, -143.0, -300.0, -300.0, -118.0, -164.0, -118.0, -98.0, -300.0, -101.0, -132.0, -300.0, -144.0, -144.0, -99.0, -99.0, -82.0, -106.0, -132.0, -300.0, -151.0, -90.0, -132.0, -137.0, -115.0, -99.0, -100.0, -94.0, -300.0, -79.0, -129.0, -134.0, -132.0, -121.0, -94.0, -92.0, -300.0, -67.0, -131.0, -149.0, -127.0, -100.0, -104.0, -300.0, -65.0, -143.0, -130.0, -300.0, -300.0, -300.0, -300.0, -300.0, -115.0, -243.0, -300.0, -111.0, -103.0, -161.0, -87.0, -124.0, -89.0, -121.0, -164.0, -300.0, -106.0, -104.0, -177.0, -148.0, -91.0, -151.0, -131.0, -115.0, -90.0], [-123.0, -109.0, -78.0, -206.0, -89.0, -300.0, -143.0, -136.0, -130.0, -119.0, -121.0, -172.0, -118.0, -203.0, -284.0, -124.0, -285.0, -179.0, -188.0, -123.0, -158.0, -159.0, -300.0, -155.0, -169.0, -80.0, -155.0, -95.0, -133.0, -300.0, -72.0, -152.0, -79.0, -81.0, -300.0, -90.0, -138.0, -110.0, -74.0, -122.0, -160.0, -205.0, -90.0, -199.0, -116.0, -137.0, -90.0, -151.0, -85.0, -111.0, -121.0, -300.0, -300.0, -99.0, -300.0, -166.0, -113.0, -134.0, -103.0, -142.0, -127.0, -104.0, -155.0, -166.0, -80.0, -122.0, -300.0, -300.0, -106.0, -110.0, -123.0, -136.0, -104.0, -174.0, -100.0, -83.0, -216.0, -300.0, -281.0, -94.0, -139.0, -154.0, -211.0, -97.0, -128.0, -85.0, -118.0, -136.0, -150.0, -109.0, -112.0, -181.0, -167.0, -74.0, -209.0, -151.0, -150.0, -107.0, -99.0, -239.0], [-89.0, -94.0, -99.0, -143.0, -136.0, -103.0, -92.0, -111.0, -94.0, -101.0, -155.0, -100.0, -127.0, -131.0, -120.0, -160.0, -99.0, -130.0, -118.0, -134.0, -94.0, -202.0, -118.0, -79.0, -300.0, -106.0, -140.0, -130.0, -144.0, -130.0, -166.0, -190.0, -300.0, -230.0, -300.0, -300.0, -111.0, -205.0, -127.0, -140.0, -95.0, -159.0, -113.0, -113.0, -144.0, -80.0, -82.0, -116.0, -137.0, -125.0, -300.0, -110.0, -128.0, -91.0, -296.0, -128.0, -155.0, -300.0, -115.0, -258.0, -146.0, -101.0, -300.0, -135.0, -150.0, -300.0, -300.0, -171.0, -82.0, -134.0, -146.0, -96.0, -111.0, -93.0, -154.0, -104.0, -300.0, -141.0, -112.0, -116.0, -101.0, -247.0, -300.0, -300.0, -121.0, -300.0, -77.0, -95.0, -109.0, -121.0, -169.0, -125.0, -100.0, -96.0, -132.0, -142.0, -110.0, -112.0, -127.0, -181.0]], "success_matrix": [[false, true, true, true, true, false, true, true, true, false, true, true, true, false, true, true, true, true, true, true, true, true, true, true, true, true, true, true, true, true, true, true, true, true, true, true, true, true, true, true, true, true, true, true, false, true, false, true, true, true, false, true, true, true, true, true, true, true, true, true, true, true, true, true, true, true, true, false, true, true, true, true, true, true, true, true, true, true, false, true, true, true, true, true, true, true, true, true, true, true, true, true, true, true, true, true, true, true, true, true], [true, true, true, true, true, false, false, true, true, true, true, false, true, false, true, true, true, true, true, true, true, true, true, true, true, true, false, true, true, true, true, true, true, true, true, true, true, true, true, true, true, true, true, true, true, false, true, true, true, true, true, true, true, true, true, false, true, true, true, true, true, true, false, true, true, true, true, true, true, true, true, true, false, true, true, true, true, true, true, true, true, true, true, true, true, true, false, true, true, true, true, false, true, true, false, true, true, false, true, true], [true, true, true, true, false, false, false, true, true, true, true, true, true, false, true, true, true, true, true, true, true, false, true, true, true, true, true, true, true, false, false, true, true, true, true, false, true, true, false, true, true, true, true, true, true, true, false, true, true, true, true, true, true, true, true, false, true, true, true, true, true, true, true, false, true, true, true, true, true, true, false, true, true, true, false, false, false, false, false, true, true, false, true, true, true, true, true, true, true, true, false, true, true, true, true, true, true, true, true, true], [true, true, true, true, true, false, true, true, true, true, true, true, true, true, true, true, true, true, true, true, true, true, false, true, true, true, true, true, true, false, true, true, true, true, false, true, true, true, true, true, true, true, true, true, true, true, true, true, true, true, true, false, false, true, false, true, true, true, true, true, true, true, true, true, true, true, false, false, true, true, true, true, true, true, true, true, true, false, true, true, true, true, true, true, true, true, true, true, true, true, true, true, true, true, true, true, true, true, true, true], [true, true, true, true, true, true, true, true, true, true, true, true, true, true, true, true, true, true, true, true, true, true, true, true, false, true, true, true, true, true, true, true, false, true, false, false, true, true, true, true, true, true, true, true, true, true, true, true, true, true, false, true, true, true, true, true, true, false, true, true, true, true, false, true, true, false, false, true, true, true, true, true, true, true, true, true, false, true, true, true, true, true, false, false, true, false, true, true, true, true, true, true, true, true, true, true, true, true, true, true]], "ticket_name": "envs100_samples1000_seeds999_1000_1001_1002_1003_1004_1005_1006_1007_1008_ddim8_20251208_041639/seed_1008", "eval_noise_idx": 0, "eval_seed": 1619}