{"n_seeds": 5, "n_evals_per_seed": 100, "reward_mean": -163.88600158691406, "reward_std": 16.804275512695312, "success_mean": 0.5599999999999999, "success_std": 0.06964194138592059, "episode_seeds": [1619, 1620, 1621, 1622, 1623], "seed_reward_means": [-171.7899932861328, -187.97000122070312, -149.14999389648438, -147.47999572753906, -163.0399932861328], "seed_success_means": [0.53, 0.46, 0.62, 0.63, 0.56], "reward_matrix": [[-300.0, -54.0, -300.0, -53.0, -49.0, -49.0, -300.0, -62.0, -300.0, -300.0, -57.0, -73.0, -49.0, -73.0, -55.0, -60.0, -300.0, -53.0, -300.0, -300.0, -300.0, -57.0, -58.0, -58.0, -300.0, -53.0, -55.0, -300.0, -62.0, -52.0, -58.0, -53.0, -300.0, -300.0, -69.0, -53.0, -69.0, -49.0, -74.0, -300.0, -53.0, -300.0, -58.0, -300.0, -300.0, -300.0, -300.0, -57.0, -49.0, -294.0, -51.0, -57.0, -57.0, -300.0, -300.0, -113.0, -53.0, -300.0, -65.0, -300.0, -64.0, -300.0, -54.0, -300.0, -300.0, -300.0, -57.0, -300.0, -61.0, -300.0, -300.0, -61.0, -61.0, -53.0, -57.0, -300.0, -300.0, -61.0, -295.0, -48.0, -300.0, -300.0, -53.0, -300.0, -300.0, -57.0, -61.0, -300.0, -64.0, -300.0, -300.0, -300.0, -300.0, -60.0, -45.0, -300.0, -300.0, -300.0, -300.0, -53.0], [-300.0, -300.0, -53.0, -53.0, -53.0, -300.0, -46.0, -53.0, -300.0, -300.0, -46.0, -300.0, -50.0, -300.0, -300.0, -300.0, -49.0, -300.0, -300.0, -300.0, -61.0, -49.0, -300.0, -55.0, -300.0, -300.0, -300.0, -54.0, -300.0, -300.0, -300.0, -300.0, -300.0, -300.0, -300.0, -58.0, -299.0, -300.0, -54.0, -48.0, -300.0, -300.0, -300.0, -300.0, -300.0, -300.0, -53.0, -53.0, -56.0, -53.0, -300.0, -300.0, -300.0, -300.0, -300.0, -54.0, -54.0, -300.0, -57.0, -300.0, -300.0, -55.0, -300.0, -57.0, -49.0, -300.0, -53.0, -60.0, -300.0, -60.0, -300.0, -63.0, -300.0, -300.0, -294.0, -300.0, -50.0, -53.0, -300.0, -53.0, -300.0, -122.0, -53.0, -109.0, -300.0, -54.0, -300.0, -300.0, -61.0, -300.0, -52.0, -300.0, -52.0, -69.0, -61.0, -50.0, -52.0, -49.0, -61.0, -44.0], [-300.0, -300.0, -56.0, -300.0, -62.0, -62.0, -58.0, -300.0, -93.0, -61.0, -51.0, -45.0, -300.0, -54.0, -53.0, -300.0, -96.0, -58.0, -57.0, -55.0, -53.0, -300.0, -69.0, -300.0, -300.0, -300.0, -300.0, -300.0, -300.0, -49.0, -88.0, -53.0, -57.0, -86.0, -46.0, -300.0, -53.0, -53.0, -300.0, -53.0, -50.0, -51.0, -53.0, -300.0, -49.0, -53.0, -51.0, -53.0, -300.0, -300.0, -57.0, -53.0, -65.0, -300.0, -52.0, -300.0, -57.0, -49.0, -300.0, -50.0, -49.0, -57.0, -58.0, -300.0, -52.0, -300.0, -300.0, -46.0, -50.0, -53.0, -300.0, -300.0, -57.0, -300.0, -300.0, -300.0, -48.0, -61.0, -300.0, -53.0, -300.0, -300.0, -53.0, -300.0, -65.0, -50.0, -57.0, -45.0, -300.0, -53.0, -300.0, -61.0, -300.0, -300.0, -53.0, -54.0, -65.0, -55.0, -56.0, -300.0], [-300.0, -62.0, -300.0, -300.0, -300.0, -300.0, -300.0, -53.0, -62.0, -49.0, -53.0, -58.0, -300.0, -87.0, -81.0, -54.0, -300.0, -52.0, -65.0, -57.0, -300.0, -300.0, -300.0, -300.0, -61.0, -300.0, -300.0, -53.0, -300.0, -61.0, -49.0, -300.0, -46.0, -57.0, -300.0, -53.0, -56.0, -300.0, -300.0, -53.0, -57.0, -101.0, -51.0, -58.0, -57.0, -300.0, -300.0, -50.0, -45.0, -58.0, -300.0, -58.0, -50.0, -52.0, -300.0, -53.0, -61.0, -95.0, -300.0, -300.0, -300.0, -49.0, -69.0, -69.0, -53.0, -53.0, -300.0, -300.0, -45.0, -58.0, -54.0, -300.0, -50.0, -60.0, -49.0, -49.0, -300.0, -53.0, -300.0, -59.0, -53.0, -57.0, -57.0, -46.0, -300.0, -49.0, -57.0, -300.0, -61.0, -300.0, -53.0, -60.0, -300.0, -50.0, -77.0, -65.0, -53.0, -300.0, -300.0, -72.0], [-61.0, -300.0, -69.0, -57.0, -300.0, -50.0, -300.0, -49.0, -300.0, -57.0, -300.0, -55.0, -300.0, -300.0, -300.0, -54.0, -50.0, -81.0, -53.0, -300.0, -300.0, -300.0, -47.0, -300.0, -300.0, -300.0, -300.0, -300.0, -49.0, -81.0, -300.0, -56.0, -53.0, -300.0, -300.0, -49.0, -300.0, -49.0, -61.0, -300.0, -50.0, -53.0, -50.0, -300.0, -52.0, -300.0, -48.0, -300.0, -53.0, -300.0, -300.0, -300.0, -300.0, -300.0, -57.0, -50.0, -300.0, -53.0, -300.0, -300.0, -57.0, -53.0, -53.0, -50.0, -54.0, -45.0, -62.0, -300.0, -53.0, -53.0, -300.0, -53.0, -54.0, -50.0, -300.0, -94.0, -300.0, -300.0, -54.0, -61.0, -300.0, -300.0, -300.0, -49.0, -64.0, -300.0, -50.0, -50.0, -300.0, -58.0, -57.0, -53.0, -61.0, -48.0, -49.0, -54.0, -300.0, -300.0, -64.0, -54.0]], "success_matrix": [[false, true, false, true, true, true, false, true, false, false, true, true, true, true, true, true, false, true, false, false, false, true, true, true, false, true, true, false, true, true, true, true, false, false, true, true, true, true, true, false, true, false, true, false, false, false, false, true, true, false, true, true, true, false, false, true, true, false, true, false, true, false, true, false, false, false, true, false, true, false, false, true, true, true, true, false, false, true, false, true, false, false, true, false, false, true, true, false, true, false, false, false, false, true, true, false, false, false, false, true], [false, false, true, true, true, false, true, true, false, false, true, false, true, false, false, false, true, false, false, false, true, true, false, true, false, false, false, true, false, false, false, false, false, false, false, true, false, false, true, true, false, false, false, false, false, false, true, true, true, true, false, false, false, false, false, true, true, false, true, false, false, true, false, true, true, false, true, true, false, true, false, true, false, false, false, false, true, true, false, true, false, true, true, true, false, true, false, false, true, false, true, false, true, true, true, true, true, true, true, true], [false, false, true, false, true, true, true, false, true, true, true, true, false, true, true, false, true, true, true, true, true, false, true, false, false, false, false, false, false, true, true, true, true, true, true, false, true, true, false, true, true, true, true, false, true, true, true, true, false, false, true, true, true, false, true, false, true, true, false, true, true, true, true, false, true, false, false, true, true, true, false, false, true, false, false, false, true, true, false, true, false, false, true, false, true, true, true, true, false, true, false, true, false, false, true, true, true, true, true, false], [false, true, false, false, false, false, false, true, true, true, true, true, false, true, true, true, false, true, true, true, false, false, false, false, true, false, false, true, false, true, true, false, true, true, false, true, true, false, false, true, true, true, true, true, true, false, false, true, true, true, false, true, true, true, false, true, true, true, false, false, false, true, true, true, true, true, false, false, true, true, true, false, true, true, true, true, false, true, false, true, true, true, true, true, false, true, true, false, true, false, true, true, false, true, true, true, true, false, false, true], [true, false, true, true, false, true, false, true, false, true, false, true, false, false, false, true, true, true, true, false, false, false, true, false, false, false, false, false, true, true, false, true, true, false, false, true, false, true, true, false, true, true, true, false, true, false, true, false, true, false, false, false, false, false, true, true, false, true, false, false, true, true, true, true, true, true, true, false, true, true, false, true, true, true, false, true, false, false, true, true, false, false, false, true, true, false, true, true, false, true, true, true, true, true, true, true, false, false, true, true]], "ticket_name": "zo_envs10_iter500_cand2_lambda5.0_seed666_ddim8_20251213_184046/seed_674", "eval_noise_idx": 0, "eval_seed": 1619}