{"n_seeds": 5, "n_evals_per_seed": 100, "reward_mean": -244.28201293945312, "reward_std": 7.518035888671875, "success_mean": 0.488, "success_std": 0.05979966555090421, "episode_seeds": [1619, 1620, 1621, 1622, 1623], "seed_reward_means": [-234.8699951171875, -252.8300018310547, -245.10000610351562, -252.05999755859375, -236.5500030517578], "seed_success_means": [0.57, 0.44, 0.48, 0.41, 0.54], "reward_matrix": [[-300.0, -200.0, -300.0, -300.0, -284.0, -300.0, -300.0, -180.0, -171.0, -300.0, -300.0, -171.0, -160.0, -300.0, -188.0, -176.0, -211.0, -171.0, -300.0, -176.0, -148.0, -300.0, -300.0, -239.0, -231.0, -228.0, -163.0, -163.0, -300.0, -156.0, -171.0, -300.0, -187.0, -151.0, -300.0, -300.0, -300.0, -300.0, -300.0, -184.0, -300.0, -151.0, -300.0, -300.0, -147.0, -300.0, -168.0, -216.0, -152.0, -167.0, -159.0, -140.0, -180.0, -160.0, -148.0, -300.0, -300.0, -228.0, -300.0, -180.0, -300.0, -300.0, -159.0, -155.0, -283.0, -171.0, -295.0, -195.0, -156.0, -300.0, -300.0, -167.0, -222.0, -271.0, -300.0, -300.0, -179.0, -300.0, -300.0, -300.0, -300.0, -300.0, -163.0, -300.0, -152.0, -300.0, -300.0, -300.0, -228.0, -171.0, -172.0, -172.0, -168.0, -252.0, -168.0, -300.0, -232.0, -300.0, -300.0, -151.0], [-244.0, -300.0, -300.0, -171.0, -300.0, -300.0, -300.0, -300.0, -300.0, -300.0, -300.0, -160.0, -300.0, -300.0, -182.0, -232.0, -175.0, -300.0, -192.0, -191.0, -300.0, -300.0, -300.0, -164.0, -164.0, -300.0, -171.0, -300.0, -300.0, -300.0, -300.0, -215.0, -300.0, -300.0, -300.0, -176.0, -300.0, -300.0, -271.0, -280.0, -300.0, -188.0, -239.0, -300.0, -206.0, -151.0, -191.0, -300.0, -300.0, -300.0, -300.0, -300.0, -300.0, -208.0, -300.0, -300.0, -148.0, -208.0, -179.0, -175.0, -163.0, -300.0, -300.0, -300.0, -300.0, -160.0, -300.0, -200.0, -167.0, -300.0, -300.0, -210.0, -212.0, -159.0, -144.0, -188.0, -300.0, -300.0, -163.0, -300.0, -300.0, -300.0, -300.0, -227.0, -188.0, -195.0, -300.0, -196.0, -300.0, -262.0, -300.0, -300.0, -204.0, -209.0, -212.0, -300.0, -300.0, -143.0, -300.0, -300.0], [-191.0, -167.0, -172.0, -300.0, -159.0, -159.0, -300.0, -300.0, -180.0, -300.0, -224.0, -300.0, -300.0, -160.0, -163.0, -260.0, -179.0, -196.0, -300.0, -300.0, -300.0, -300.0, -300.0, -207.0, -300.0, -164.0, -155.0, -164.0, -175.0, -300.0, -300.0, -300.0, -300.0, -156.0, -179.0, -300.0, -300.0, -151.0, -272.0, -155.0, -300.0, -300.0, -300.0, -300.0, -163.0, -151.0, -300.0, -300.0, -300.0, -148.0, -155.0, -300.0, -300.0, -256.0, -163.0, -300.0, -213.0, -195.0, -228.0, -194.0, -288.0, -300.0, -300.0, -300.0, -300.0, -300.0, -300.0, -179.0, -184.0, -191.0, -300.0, -156.0, -300.0, -300.0, -236.0, -300.0, -172.0, -300.0, -155.0, -263.0, -164.0, -300.0, -156.0, -300.0, -155.0, -184.0, -300.0, -300.0, -300.0, -300.0, -300.0, -300.0, -261.0, -300.0, -300.0, -300.0, -300.0, -156.0, -300.0, -156.0], [-300.0, -300.0, -300.0, -300.0, -300.0, -147.0, -184.0, -300.0, -300.0, -175.0, -300.0, -164.0, -195.0, -300.0, -300.0, -268.0, -300.0, -159.0, -300.0, -152.0, -300.0, -300.0, -166.0, -300.0, -188.0, -175.0, -151.0, -200.0, -300.0, -171.0, -300.0, -300.0, -300.0, -184.0, -151.0, -300.0, -300.0, -300.0, -181.0, -175.0, -300.0, -300.0, -171.0, -300.0, -300.0, -203.0, -300.0, -300.0, -300.0, -188.0, -300.0, -180.0, -156.0, -175.0, -300.0, -220.0, -300.0, -163.0, -156.0, -300.0, -164.0, -300.0, -300.0, -300.0, -300.0, -159.0, -171.0, -300.0, -300.0, -300.0, -272.0, -288.0, -300.0, -300.0, -159.0, -300.0, -300.0, -300.0, -204.0, -204.0, -300.0, -151.0, -300.0, -300.0, -300.0, -300.0, -223.0, -300.0, -300.0, -300.0, -300.0, -216.0, -300.0, -155.0, -300.0, -300.0, -300.0, -300.0, -159.0, -183.0], [-167.0, -300.0, -131.0, -210.0, -188.0, -300.0, -300.0, -147.0, -300.0, -152.0, -300.0, -159.0, -300.0, -172.0, -300.0, -296.0, -300.0, -300.0, -160.0, -300.0, -300.0, -156.0, -300.0, -300.0, -223.0, -176.0, -300.0, -168.0, -300.0, -195.0, -192.0, -300.0, -300.0, -199.0, -183.0, -160.0, -300.0, -159.0, -167.0, -196.0, -212.0, -236.0, -300.0, -265.0, -300.0, -300.0, -300.0, -167.0, -300.0, -150.0, -300.0, -156.0, -300.0, -300.0, -300.0, -156.0, -300.0, -300.0, -144.0, -300.0, -184.0, -274.0, -172.0, -300.0, -187.0, -172.0, -300.0, -300.0, -300.0, -163.0, -268.0, -300.0, -300.0, -159.0, -192.0, -300.0, -212.0, -236.0, -300.0, -300.0, -211.0, -300.0, -180.0, -300.0, -148.0, -200.0, -163.0, -300.0, -300.0, -156.0, -300.0, -176.0, -300.0, -300.0, -152.0, -171.0, -157.0, -136.0, -188.0, -156.0]], "success_matrix": [[false, true, false, false, true, false, false, true, true, false, false, true, true, false, true, true, true, true, false, true, true, false, false, true, true, true, true, true, false, true, true, false, true, true, false, false, false, false, false, true, false, true, false, false, true, false, true, true, true, true, true, true, true, true, true, false, false, true, false, true, false, false, true, true, true, true, true, true, true, false, false, true, true, true, false, false, true, false, false, false, false, false, true, false, true, false, false, false, true, true, true, true, true, true, true, false, true, false, false, true], [true, false, false, true, false, false, false, false, false, false, false, true, false, false, true, true, true, false, true, true, false, false, false, true, true, false, true, false, false, false, false, true, false, false, false, true, false, false, true, true, false, true, true, false, true, true, true, false, false, false, false, false, false, true, false, false, true, true, true, true, true, false, false, false, false, true, false, true, true, false, false, true, true, true, true, true, false, false, true, false, false, false, false, true, true, true, false, true, false, true, false, false, true, true, true, false, false, true, false, false], [true, true, true, false, true, true, false, false, true, false, true, false, false, true, true, true, true, true, false, false, false, false, false, true, false, true, true, true, true, false, false, false, false, true, true, false, false, true, true, true, false, false, false, false, true, true, false, false, false, true, true, false, false, true, true, false, true, true, true, true, true, false, false, false, false, false, false, true, true, true, false, true, false, false, true, false, true, false, true, true, true, false, true, false, true, true, false, false, false, false, false, false, true, false, false, false, false, true, false, true], [false, false, false, false, false, true, true, false, false, true, false, true, true, false, false, true, false, true, false, true, false, false, true, false, true, true, true, true, false, true, false, false, false, true, true, false, false, false, true, true, false, false, true, false, false, true, false, false, false, true, false, true, true, true, false, true, false, true, true, false, true, false, false, false, false, true, true, false, false, false, true, true, false, false, true, false, false, false, true, true, false, true, false, false, false, false, true, false, false, false, false, true, false, true, false, false, false, false, true, true], [true, false, true, true, true, false, false, true, false, true, false, true, false, true, false, true, false, false, true, false, false, true, false, false, true, true, false, true, false, true, true, false, false, true, true, true, false, true, true, true, true, true, false, true, false, false, false, true, false, true, false, true, false, false, false, true, false, false, true, false, true, true, true, false, true, true, false, false, false, true, true, false, false, true, true, false, true, true, false, false, true, false, true, false, true, true, true, false, false, true, false, true, false, false, true, true, true, true, true, true]], "ticket_name": "envs50_samples5000_seed999_ddim8_20251130_223116_nenvs_50", "eval_noise_idx": 38, "eval_seed": 1619}