{"n_seeds": 5, "n_evals_per_seed": 100, "reward_mean": -228.7939910888672, "reward_std": 10.789586067199707, "success_mean": 0.5219999999999999, "success_std": 0.057619441163551714, "episode_seeds": [1619, 1620, 1621, 1622, 1623], "seed_reward_means": [-242.74000549316406, -229.41000366210938, -222.3300018310547, -234.64999389648438, -214.83999633789062], "seed_success_means": [0.45, 0.49, 0.57, 0.51, 0.59], "reward_matrix": [[-219.0, -203.0, -300.0, -179.0, -127.0, -140.0, -300.0, -135.0, -300.0, -300.0, -114.0, -300.0, -300.0, -199.0, -155.0, -300.0, -214.0, -300.0, -300.0, -138.0, -300.0, -127.0, -300.0, -300.0, -219.0, -178.0, -300.0, -300.0, -191.0, -144.0, -227.0, -300.0, -300.0, -300.0, -300.0, -174.0, -183.0, -300.0, -206.0, -300.0, -300.0, -131.0, -300.0, -263.0, -300.0, -300.0, -300.0, -175.0, -300.0, -140.0, -167.0, -300.0, -300.0, -300.0, -300.0, -300.0, -300.0, -300.0, -127.0, -300.0, -300.0, -300.0, -300.0, -175.0, -194.0, -300.0, -198.0, -300.0, -134.0, -300.0, -221.0, -175.0, -300.0, -300.0, -179.0, -300.0, -299.0, -191.0, -239.0, -134.0, -147.0, -300.0, -131.0, -151.0, -167.0, -178.0, -300.0, -300.0, -220.0, -300.0, -300.0, -163.0, -300.0, -300.0, -136.0, -300.0, -300.0, -300.0, -167.0, -300.0], [-122.0, -147.0, -155.0, -147.0, -300.0, -300.0, -300.0, -300.0, -140.0, -131.0, -171.0, -300.0, -106.0, -300.0, -300.0, -300.0, -134.0, -91.0, -251.0, -300.0, -300.0, -128.0, -300.0, -300.0, -300.0, -300.0, -300.0, -154.0, -178.0, -300.0, -300.0, -106.0, -90.0, -300.0, -300.0, -127.0, -300.0, -300.0, -134.0, -150.0, -300.0, -223.0, -300.0, -300.0, -142.0, -300.0, -300.0, -300.0, -299.0, -300.0, -300.0, -118.0, -300.0, -300.0, -300.0, -238.0, -204.0, -271.0, -146.0, -300.0, -216.0, -96.0, -144.0, -300.0, -151.0, -228.0, -119.0, -172.0, -144.0, -183.0, -162.0, -194.0, -300.0, -300.0, -300.0, -131.0, -139.0, -138.0, -300.0, -155.0, -300.0, -204.0, -300.0, -300.0, -136.0, -300.0, -300.0, -300.0, -187.0, -300.0, -127.0, -300.0, -111.0, -300.0, -300.0, -300.0, -163.0, -163.0, -175.0, -300.0], [-300.0, -231.0, -162.0, -159.0, -300.0, -300.0, -300.0, -135.0, -175.0, -300.0, -146.0, -146.0, -128.0, -148.0, -300.0, -300.0, -300.0, -207.0, -196.0, -211.0, -131.0, -300.0, -300.0, -132.0, -206.0, -175.0, -243.0, -300.0, -115.0, -300.0, -300.0, -300.0, -187.0, -300.0, -202.0, -300.0, -300.0, -300.0, -300.0, -147.0, -199.0, -123.0, -300.0, -300.0, -122.0, -115.0, -156.0, -123.0, -130.0, -300.0, -300.0, -139.0, -300.0, -224.0, -300.0, -300.0, -144.0, -176.0, -300.0, -147.0, -115.0, -98.0, -190.0, -231.0, -135.0, -300.0, -183.0, -163.0, -300.0, -174.0, -300.0, -130.0, -170.0, -300.0, -227.0, -258.0, -174.0, -290.0, -300.0, -118.0, -300.0, -300.0, -300.0, -300.0, -300.0, -110.0, -224.0, -90.0, -300.0, -175.0, -300.0, -192.0, -300.0, -300.0, -116.0, -300.0, -300.0, -111.0, -179.0, -100.0], [-300.0, -168.0, -300.0, -300.0, -80.0, -300.0, -300.0, -123.0, -216.0, -135.0, -147.0, -130.0, -155.0, -300.0, -186.0, -131.0, -300.0, -244.0, -154.0, -198.0, -300.0, -155.0, -300.0, -300.0, -300.0, -300.0, -152.0, -300.0, -258.0, -300.0, -300.0, -235.0, -300.0, -251.0, -300.0, -123.0, -273.0, -203.0, -100.0, -300.0, -300.0, -171.0, -300.0, -300.0, -202.0, -300.0, -115.0, -300.0, -119.0, -300.0, -300.0, -300.0, -238.0, -123.0, -146.0, -182.0, -166.0, -143.0, -300.0, -300.0, -300.0, -300.0, -187.0, -300.0, -197.0, -151.0, -171.0, -300.0, -143.0, -99.0, -300.0, -198.0, -126.0, -300.0, -200.0, -139.0, -300.0, -212.0, -300.0, -300.0, -300.0, -300.0, -300.0, -114.0, -210.0, -300.0, -182.0, -162.0, -272.0, -190.0, -300.0, -300.0, -127.0, -300.0, -300.0, -263.0, -300.0, -300.0, -300.0, -300.0], [-300.0, -183.0, -300.0, -300.0, -162.0, -122.0, -300.0, -116.0, -300.0, -175.0, -139.0, -96.0, -300.0, -287.0, -127.0, -300.0, -95.0, -267.0, -126.0, -140.0, -104.0, -271.0, -300.0, -103.0, -178.0, -300.0, -300.0, -300.0, -135.0, -183.0, -300.0, -300.0, -300.0, -224.0, -138.0, -167.0, -130.0, -202.0, -207.0, -300.0, -127.0, -139.0, -300.0, -120.0, -155.0, -300.0, -300.0, -123.0, -226.0, -300.0, -300.0, -151.0, -236.0, -300.0, -300.0, -300.0, -300.0, -151.0, -111.0, -300.0, -300.0, -146.0, -151.0, -115.0, -151.0, -126.0, -300.0, -243.0, -139.0, -143.0, -156.0, -299.0, -186.0, -300.0, -131.0, -300.0, -162.0, -146.0, -300.0, -300.0, -300.0, -300.0, -300.0, -142.0, -300.0, -300.0, -130.0, -300.0, -123.0, -163.0, -300.0, -131.0, -123.0, -300.0, -191.0, -115.0, -143.0, -138.0, -175.0, -300.0]], "success_matrix": [[true, true, false, true, true, true, false, true, false, false, true, false, false, true, true, false, true, false, false, true, false, true, false, false, true, true, false, false, true, true, true, false, false, false, false, true, true, false, true, false, false, true, false, true, false, false, false, true, false, true, true, false, false, false, false, false, false, false, true, false, false, false, false, true, true, false, true, false, true, false, true, true, false, false, true, false, false, true, true, true, true, false, true, true, true, true, false, false, true, false, false, true, false, false, true, false, false, false, true, false], [true, true, true, true, false, false, false, false, true, true, true, false, true, false, false, false, true, true, true, false, false, true, false, false, false, false, false, true, true, false, false, true, true, false, false, true, false, false, true, true, false, true, false, false, true, false, false, false, false, false, false, true, false, false, false, true, true, true, true, false, true, true, true, false, true, true, true, true, true, true, true, true, false, false, false, true, true, true, false, true, false, true, false, false, true, false, false, false, true, false, true, false, true, false, false, false, true, true, true, false], [false, true, true, true, false, false, false, true, true, false, true, true, true, true, false, false, false, true, true, true, true, false, false, true, true, true, true, false, true, false, false, false, true, false, true, false, false, false, false, true, true, true, false, false, true, true, true, true, true, false, false, true, false, true, false, false, true, true, false, true, true, true, true, true, true, false, true, true, false, true, false, true, true, false, true, true, true, true, false, true, false, false, false, false, false, true, true, true, false, true, false, true, false, false, true, false, false, true, true, true], [false, true, false, false, true, false, false, true, true, true, true, true, true, false, true, true, false, true, true, true, false, true, false, false, false, false, true, false, true, false, false, true, false, true, false, true, true, true, true, false, false, true, false, false, true, false, true, false, true, false, false, false, true, true, true, true, true, true, false, false, false, false, true, false, true, true, true, false, true, true, false, true, true, false, true, true, false, true, false, false, false, false, false, true, true, false, true, true, true, true, false, false, true, false, false, true, false, false, false, false], [false, true, false, false, true, true, false, true, false, true, true, true, false, true, true, false, true, true, true, true, true, true, false, true, true, false, false, false, true, true, false, false, false, true, true, true, true, true, true, false, true, true, false, true, true, false, false, true, true, false, false, true, true, false, false, false, false, true, true, false, false, true, true, true, true, true, false, true, true, true, true, false, true, false, true, false, true, true, false, false, false, false, false, true, false, false, true, false, true, true, false, true, true, false, true, true, true, true, true, false]], "ticket_name": "zo_envs10_iter500_cand2_lambda5.0_seed666_ddim8_20251213_184046/seed_669", "eval_noise_idx": 0, "eval_seed": 1619}