{"n_seeds": 5, "n_evals_per_seed": 100, "reward_mean": -88.2239990234375, "reward_std": 7.86679744720459, "success_mean": 0.8400000000000001, "success_std": 0.03391164991562633, "episode_seeds": [1619, 1620, 1621, 1622, 1623], "seed_reward_means": [-101.44000244140625, -88.86000061035156, -82.0199966430664, -82.86000061035156, -85.94000244140625], "seed_success_means": [0.79, 0.83, 0.88, 0.86, 0.84], "reward_matrix": [[-44.0, -47.0, -35.0, -40.0, -47.0, -44.0, -47.0, -47.0, -84.0, -43.0, -47.0, -47.0, -43.0, -44.0, -42.0, -300.0, -40.0, -51.0, -39.0, -39.0, -300.0, -52.0, -44.0, -47.0, -52.0, -44.0, -48.0, -40.0, -43.0, -47.0, -47.0, -44.0, -48.0, -40.0, -47.0, -39.0, -300.0, -49.0, -300.0, -300.0, -49.0, -39.0, -40.0, -44.0, -59.0, -83.0, -83.0, -38.0, -300.0, -300.0, -300.0, -44.0, -44.0, -40.0, -300.0, -300.0, -41.0, -42.0, -300.0, -43.0, -300.0, -40.0, -79.0, -300.0, -44.0, -44.0, -51.0, -45.0, -44.0, -43.0, -46.0, -123.0, -55.0, -40.0, -44.0, -43.0, -300.0, -48.0, -47.0, -59.0, -55.0, -300.0, -42.0, -88.0, -76.0, -43.0, -300.0, -300.0, -300.0, -47.0, -49.0, -300.0, -300.0, -43.0, -35.0, -53.0, -38.0, -300.0, -43.0, -47.0], [-47.0, -44.0, -43.0, -43.0, -300.0, -46.0, -39.0, -300.0, -43.0, -39.0, -35.0, -55.0, -42.0, -44.0, -40.0, -39.0, -42.0, -39.0, -43.0, -45.0, -48.0, -44.0, -47.0, -44.0, -43.0, -300.0, -43.0, -39.0, -44.0, -47.0, -39.0, -300.0, -44.0, -44.0, -40.0, -51.0, -43.0, -59.0, -43.0, -52.0, -51.0, -48.0, -300.0, -40.0, -300.0, -51.0, -47.0, -300.0, -43.0, -300.0, -43.0, -47.0, -39.0, -40.0, -43.0, -58.0, -43.0, -43.0, -47.0, -300.0, -43.0, -44.0, -44.0, -44.0, -38.0, -300.0, -300.0, -300.0, -39.0, -40.0, -39.0, -47.0, -43.0, -300.0, -53.0, -300.0, -43.0, -40.0, -59.0, -43.0, -300.0, -44.0, -300.0, -44.0, -300.0, -47.0, -47.0, -64.0, -49.0, -115.0, -46.0, -44.0, -36.0, -44.0, -43.0, -40.0, -56.0, -60.0, -44.0, -39.0], [-51.0, -44.0, -43.0, -44.0, -47.0, -44.0, -94.0, -44.0, -38.0, -47.0, -43.0, -71.0, -56.0, -39.0, -48.0, -42.0, -52.0, -43.0, -43.0, -59.0, -40.0, -43.0, -47.0, -300.0, -84.0, -47.0, -47.0, -41.0, -43.0, -47.0, -43.0, -47.0, -47.0, -44.0, -44.0, -67.0, -47.0, -300.0, -51.0, -40.0, -78.0, -39.0, -43.0, -300.0, -66.0, -42.0, -51.0, -67.0, -43.0, -52.0, -47.0, -40.0, -51.0, -47.0, -140.0, -150.0, -38.0, -51.0, -52.0, -54.0, -43.0, -44.0, -48.0, -52.0, -300.0, -43.0, -300.0, -126.0, -38.0, -36.0, -48.0, -43.0, -47.0, -300.0, -47.0, -40.0, -44.0, -67.0, -51.0, -44.0, -300.0, -55.0, -300.0, -45.0, -47.0, -39.0, -44.0, -300.0, -112.0, -51.0, -55.0, -43.0, -300.0, -300.0, -43.0, -63.0, -300.0, -44.0, -44.0, -44.0], [-300.0, -48.0, -300.0, -300.0, -40.0, -55.0, -63.0, -44.0, -39.0, -39.0, -43.0, -44.0, -43.0, -48.0, -51.0, -47.0, -63.0, -107.0, -43.0, -43.0, -48.0, -44.0, -300.0, -43.0, -48.0, -300.0, -39.0, -39.0, -44.0, -44.0, -44.0, -44.0, -300.0, -48.0, -63.0, -44.0, -44.0, -44.0, -300.0, -48.0, -51.0, -47.0, -47.0, -84.0, -40.0, -39.0, -40.0, -47.0, -36.0, -48.0, -44.0, -72.0, -44.0, -44.0, -44.0, -47.0, -43.0, -300.0, -47.0, -43.0, -300.0, -40.0, -48.0, -44.0, -43.0, -42.0, -51.0, -90.0, -40.0, -39.0, -300.0, -55.0, -44.0, -300.0, -300.0, -40.0, -44.0, -44.0, -43.0, -48.0, -48.0, -43.0, -63.0, -61.0, -48.0, -300.0, -39.0, -42.0, -51.0, -44.0, -44.0, -50.0, -43.0, -40.0, -43.0, -43.0, -48.0, -39.0, -300.0, -47.0], [-44.0, -38.0, -45.0, -300.0, -40.0, -47.0, -66.0, -43.0, -43.0, -300.0, -43.0, -300.0, -300.0, -43.0, -40.0, -44.0, -43.0, -47.0, -43.0, -44.0, -300.0, -300.0, -39.0, -300.0, -44.0, -43.0, -43.0, -300.0, -43.0, -47.0, -42.0, -50.0, -297.0, -43.0, -48.0, -44.0, -43.0, -44.0, -48.0, -300.0, -44.0, -39.0, -44.0, -43.0, -43.0, -300.0, -300.0, -300.0, -47.0, -39.0, -51.0, -43.0, -47.0, -71.0, -42.0, -40.0, -40.0, -44.0, -43.0, -44.0, -47.0, -43.0, -47.0, -43.0, -47.0, -40.0, -51.0, -43.0, -52.0, -43.0, -76.0, -39.0, -47.0, -43.0, -300.0, -47.0, -74.0, -40.0, -43.0, -43.0, -48.0, -43.0, -47.0, -300.0, -51.0, -46.0, -39.0, -43.0, -39.0, -44.0, -43.0, -44.0, -47.0, -39.0, -40.0, -51.0, -300.0, -40.0, -43.0, -44.0]], "success_matrix": [[true, true, true, true, true, true, true, true, true, true, true, true, true, true, true, false, true, true, true, true, false, true, true, true, true, true, true, true, true, true, true, true, true, true, true, true, false, true, false, false, true, true, true, true, true, true, true, true, false, false, false, true, true, true, false, false, true, true, false, true, false, true, true, false, true, true, true, true, true, true, true, true, true, true, true, true, false, true, true, true, true, false, true, true, true, true, false, false, false, true, true, false, false, true, true, true, true, false, true, true], [true, true, true, true, false, true, true, false, true, true, true, true, true, true, true, true, true, true, true, true, true, true, true, true, true, false, true, true, true, true, true, false, true, true, true, true, true, true, true, true, true, true, false, true, false, true, true, false, true, false, true, true, true, true, true, true, true, true, true, false, true, true, true, true, true, false, false, false, true, true, true, true, true, false, true, false, true, true, true, true, false, true, false, true, false, true, true, true, true, true, true, true, true, true, true, true, true, true, true, true], [true, true, true, true, true, true, true, true, true, true, true, true, true, true, true, true, true, true, true, true, true, true, true, false, true, true, true, true, true, true, true, true, true, true, true, true, true, false, true, true, true, true, true, false, true, true, true, true, true, true, true, true, true, true, true, true, true, true, true, true, true, true, true, true, false, true, false, true, true, true, true, true, true, false, true, true, true, true, true, true, false, true, false, true, true, true, true, false, true, true, true, true, false, false, true, true, false, true, true, true], [false, true, false, false, true, true, true, true, true, true, true, true, true, true, true, true, true, true, true, true, true, true, false, true, true, false, true, true, true, true, true, true, false, true, true, true, true, true, false, true, true, true, true, true, true, true, true, true, true, true, true, true, true, true, true, true, true, false, true, true, false, true, true, true, true, true, true, true, true, true, false, true, true, false, false, true, true, true, true, true, true, true, true, true, true, false, true, true, true, true, true, true, true, true, true, true, true, true, false, true], [true, true, true, false, true, true, true, true, true, false, true, false, false, true, true, true, true, true, true, true, false, false, true, false, true, true, true, false, true, true, true, true, false, true, true, true, true, true, true, false, true, true, true, true, true, false, false, false, true, true, true, true, true, true, true, true, true, true, true, true, true, true, true, true, true, true, true, true, true, true, true, true, true, true, false, true, true, true, true, true, true, true, true, false, true, true, true, true, true, true, true, true, true, true, true, true, false, true, true, true]], "ticket_name": "zo_envs10_iter500_cand2_lambda2.0_seed666_ddim8_20251213_183635/seed_667", "eval_noise_idx": 0, "eval_seed": 1619}