{"n_seeds": 5, "n_evals_per_seed": 100, "reward_mean": -190.70999145507812, "reward_std": 10.736105918884277, "success_mean": 0.5740000000000001, "success_std": 0.04449719092257397, "episode_seeds": [1619, 1620, 1621, 1622, 1623], "seed_reward_means": [-201.33999633789062, -178.58999633789062, -202.41000366210938, -183.13999938964844, -188.07000732421875], "seed_success_means": [0.54, 0.63, 0.52, 0.6, 0.58], "reward_matrix": [[-300.0, -300.0, -123.0, -59.0, -52.0, -300.0, -300.0, -300.0, -300.0, -224.0, -53.0, -167.0, -300.0, -201.0, -300.0, -97.0, -190.0, -300.0, -300.0, -289.0, -124.0, -300.0, -162.0, -62.0, -300.0, -300.0, -105.0, -49.0, -172.0, -51.0, -76.0, -69.0, -300.0, -171.0, -60.0, -156.0, -300.0, -53.0, -300.0, -300.0, -300.0, -300.0, -70.0, -278.0, -300.0, -300.0, -300.0, -151.0, -296.0, -300.0, -100.0, -300.0, -107.0, -300.0, -206.0, -108.0, -49.0, -300.0, -92.0, -300.0, -75.0, -300.0, -58.0, -300.0, -300.0, -58.0, -121.0, -300.0, -144.0, -300.0, -137.0, -300.0, -132.0, -55.0, -103.0, -300.0, -201.0, -136.0, -145.0, -96.0, -300.0, -127.0, -300.0, -300.0, -300.0, -94.0, -104.0, -150.0, -65.0, -300.0, -300.0, -300.0, -66.0, -95.0, -200.0, -50.0, -300.0, -300.0, -300.0, -300.0], [-300.0, -213.0, -300.0, -69.0, -300.0, -56.0, -126.0, -95.0, -46.0, -300.0, -81.0, -300.0, -300.0, -300.0, -300.0, -64.0, -300.0, -300.0, -76.0, -300.0, -107.0, -159.0, -300.0, -99.0, -57.0, -112.0, -81.0, -147.0, -174.0, -126.0, -156.0, -56.0, -117.0, -300.0, -124.0, -300.0, -65.0, -300.0, -77.0, -57.0, -300.0, -300.0, -57.0, -158.0, -300.0, -300.0, -57.0, -118.0, -58.0, -69.0, -300.0, -249.0, -139.0, -300.0, -54.0, -300.0, -145.0, -300.0, -137.0, -193.0, -50.0, -152.0, -300.0, -65.0, -53.0, -300.0, -145.0, -157.0, -148.0, -173.0, -300.0, -84.0, -87.0, -300.0, -300.0, -145.0, -46.0, -59.0, -300.0, -57.0, -126.0, -102.0, -300.0, -60.0, -300.0, -76.0, -300.0, -111.0, -300.0, -300.0, -128.0, -95.0, -245.0, -133.0, -63.0, -62.0, -300.0, -300.0, -163.0, -300.0], [-300.0, -145.0, -300.0, -300.0, -300.0, -300.0, -300.0, -52.0, -45.0, -300.0, -57.0, -300.0, -300.0, -116.0, -300.0, -148.0, -113.0, -300.0, -300.0, -300.0, -84.0, -300.0, -64.0, -201.0, -300.0, -124.0, -57.0, -152.0, -300.0, -92.0, -253.0, -104.0, -64.0, -184.0, -52.0, -73.0, -57.0, -37.0, -300.0, -107.0, -300.0, -74.0, -300.0, -174.0, -54.0, -300.0, -56.0, -300.0, -300.0, -132.0, -300.0, -300.0, -139.0, -300.0, -124.0, -300.0, -300.0, -53.0, -300.0, -47.0, -126.0, -300.0, -300.0, -208.0, -300.0, -232.0, -196.0, -300.0, -169.0, -300.0, -300.0, -180.0, -58.0, -300.0, -300.0, -300.0, -300.0, -300.0, -300.0, -59.0, -300.0, -300.0, -130.0, -188.0, -73.0, -165.0, -300.0, -170.0, -300.0, -77.0, -300.0, -300.0, -165.0, -54.0, -49.0, -300.0, -96.0, -153.0, -59.0, -300.0], [-67.0, -300.0, -300.0, -300.0, -116.0, -300.0, -112.0, -51.0, -300.0, -52.0, -124.0, -55.0, -95.0, -124.0, -155.0, -300.0, -300.0, -61.0, -119.0, -150.0, -300.0, -61.0, -300.0, -300.0, -300.0, -193.0, -300.0, -105.0, -300.0, -91.0, -159.0, -56.0, -77.0, -54.0, -300.0, -72.0, -102.0, -300.0, -226.0, -300.0, -73.0, -300.0, -120.0, -300.0, -127.0, -134.0, -300.0, -58.0, -300.0, -300.0, -50.0, -53.0, -75.0, -300.0, -300.0, -300.0, -166.0, -300.0, -300.0, -300.0, -300.0, -86.0, -100.0, -300.0, -183.0, -64.0, -300.0, -300.0, -300.0, -149.0, -149.0, -300.0, -300.0, -101.0, -86.0, -67.0, -133.0, -68.0, -300.0, -68.0, -54.0, -61.0, -76.0, -137.0, -300.0, -129.0, -175.0, -300.0, -300.0, -53.0, -300.0, -118.0, -220.0, -108.0, -140.0, -300.0, -61.0, -143.0, -190.0, -62.0], [-186.0, -236.0, -51.0, -54.0, -300.0, -56.0, -97.0, -50.0, -63.0, -68.0, -300.0, -84.0, -92.0, -300.0, -300.0, -127.0, -300.0, -145.0, -300.0, -300.0, -300.0, -300.0, -55.0, -197.0, -234.0, -300.0, -300.0, -80.0, -61.0, -258.0, -181.0, -72.0, -300.0, -198.0, -300.0, -48.0, -224.0, -50.0, -300.0, -64.0, -300.0, -136.0, -56.0, -300.0, -300.0, -161.0, -102.0, -155.0, -300.0, -300.0, -300.0, -300.0, -300.0, -47.0, -300.0, -55.0, -296.0, -93.0, -300.0, -60.0, -300.0, -128.0, -300.0, -49.0, -50.0, -300.0, -105.0, -300.0, -300.0, -300.0, -68.0, -128.0, -300.0, -50.0, -300.0, -184.0, -300.0, -300.0, -105.0, -104.0, -145.0, -300.0, -300.0, -79.0, -97.0, -138.0, -160.0, -300.0, -300.0, -55.0, -300.0, -300.0, -134.0, -75.0, -57.0, -55.0, -149.0, -300.0, -105.0, -95.0]], "success_matrix": [[false, false, true, true, true, false, false, false, false, true, true, true, false, true, false, true, true, false, false, true, true, false, true, true, false, false, true, true, true, true, true, true, false, true, true, true, false, true, false, false, false, false, true, true, false, false, false, true, false, false, true, false, true, false, true, true, true, false, true, false, true, false, true, false, false, true, true, false, true, false, true, false, true, true, true, false, true, true, true, true, false, true, false, false, false, true, true, true, true, false, false, false, true, true, true, true, false, false, false, false], [false, true, false, true, false, true, true, true, true, false, true, false, false, false, false, true, false, false, true, false, true, true, false, true, true, true, true, true, true, true, true, true, true, false, true, false, true, false, true, true, false, false, true, true, false, false, true, true, true, true, false, true, true, false, true, false, true, false, true, true, true, true, false, true, true, false, true, true, true, true, false, true, true, false, false, true, true, true, false, true, true, true, false, true, false, true, false, true, false, false, true, true, true, true, true, true, false, false, true, false], [false, true, false, false, false, false, false, true, true, false, true, false, false, true, false, true, true, false, false, false, true, false, true, true, false, true, true, true, false, true, true, true, true, true, true, true, true, true, false, true, false, true, false, true, true, false, true, false, false, true, false, false, true, false, true, false, false, true, false, true, true, false, false, true, false, true, true, false, true, false, false, true, true, false, false, false, false, false, false, true, false, false, true, true, true, true, false, true, false, true, false, false, true, true, true, false, true, true, true, false], [true, false, false, false, true, false, true, true, false, true, true, true, true, true, true, false, false, true, true, true, false, true, false, false, false, true, false, true, false, true, true, true, true, true, false, true, true, false, true, false, true, false, true, false, true, true, false, true, false, false, true, true, true, false, false, false, true, false, false, false, false, true, true, false, true, true, false, false, false, true, true, false, false, true, true, true, true, true, false, true, true, true, true, true, false, true, true, false, false, true, false, true, true, true, true, false, true, true, true, true], [true, true, true, true, false, true, true, true, true, true, false, true, true, false, false, true, false, true, false, false, false, false, true, true, true, false, false, true, true, true, true, true, false, true, false, true, true, true, false, true, false, true, true, false, false, true, true, true, false, false, false, false, false, true, false, true, false, true, false, true, false, true, false, true, true, false, true, false, false, false, true, true, false, true, false, true, false, false, true, true, true, false, false, true, true, true, true, false, false, true, false, false, true, true, true, true, true, false, true, true]], "ticket_name": "zo_envs10_iter500_cand2_lambda2.0_seed666_ddim8_20251213_183635/seed_672", "eval_noise_idx": 0, "eval_seed": 1619}