{"num_noise_samples": 700, "num_envs": 10, "success_rate_mean": 0.14385715126991272, "success_rate_std": 0.25049546360969543, "best_success_rate": 1.0, "best_original_index": 476, "success_rates_sorted": [1.0, 1.0, 1.0, 1.0, 1.0, 1.0, 1.0, 1.0, 1.0, 1.0, 1.0, 1.0, 0.9, 0.9, 0.9, 0.9, 0.9, 0.9, 0.9, 0.9, 0.9, 0.9, 0.9, 0.9, 0.9, 0.8, 0.8, 0.8, 0.8, 0.8, 0.8, 0.8, 0.8, 0.8, 0.8, 0.7, 0.7, 0.7, 0.7, 0.7, 0.7, 0.7, 0.7, 0.7, 0.7, 0.7, 0.7, 0.7, 0.7, 0.7, 0.7, 0.6, 0.6, 0.6, 0.6, 0.6, 0.6, 0.6, 0.6, 0.6, 0.6, 0.6, 0.6, 0.6, 0.6, 0.6, 0.6, 0.6, 0.6, 0.5, 0.5, 0.5, 0.5, 0.5, 0.5, 0.5, 0.5, 0.5, 0.5, 0.5, 0.5, 0.5, 0.5, 0.5, 0.5, 0.5, 0.5, 0.5, 0.5, 0.5, 0.5, 0.5, 0.4, 0.4, 0.4, 0.4, 0.4, 0.4, 0.4, 0.4, 0.4, 0.4, 0.4, 0.4, 0.4, 0.4, 0.4, 0.4, 0.4, 0.4, 0.4, 0.4, 0.4, 0.4, 0.4, 0.4, 0.4, 0.4, 0.4, 0.3, 0.3, 0.3, 0.3, 0.3, 0.3, 0.3, 0.3, 0.3, 0.3, 0.3, 0.3, 0.3, 0.3, 0.3, 0.3, 0.3, 0.3, 0.3, 0.3, 0.3, 0.3, 0.3, 0.3, 0.3, 0.3, 0.2, 0.2, 0.2, 0.2, 0.2, 0.2, 0.2, 0.2, 0.2, 0.2, 0.2, 0.2, 0.2, 0.2, 0.2, 0.2, 0.2, 0.2, 0.2, 0.2, 0.2, 0.2, 0.2, 0.2, 0.2, 0.2, 0.2, 0.2, 0.2, 0.2, 0.2, 0.2, 0.2, 0.2, 0.2, 0.2, 0.2, 0.2, 0.2, 0.2, 0.2, 0.2, 0.2, 0.2, 0.2, 0.2, 0.2, 0.2, 0.2, 0.2, 0.2, 0.2, 0.2, 0.1, 0.1, 0.1, 0.1, 0.1, 0.1, 0.1, 0.1, 0.1, 0.1, 0.1, 0.1, 0.1, 0.1, 0.1, 0.1, 0.1, 0.1, 0.1, 0.1, 0.1, 0.1, 0.1, 0.1, 0.1, 0.1, 0.1, 0.1, 0.1, 0.1, 0.1, 0.1, 0.1, 0.1, 0.1, 0.1, 0.1, 0.1, 0.1, 0.1, 0.1, 0.1, 0.1, 0.1, 0.1, 0.1, 0.1, 0.1, 0.1, 0.1, 0.1, 0.1, 0.1, 0.1, 0.1, 0.1, 0.1, 0.1, 0.1, 0.1, 0.1, 0.1, 0.1, 0.0, 0.0, 0.0, 0.0, 0.0, 0.0, 0.0, 0.0, 0.0, 0.0, 0.0, 0.0, 0.0, 0.0, 0.0, 0.0, 0.0, 0.0, 0.0, 0.0, 0.0, 0.0, 0.0, 0.0, 0.0, 0.0, 0.0, 0.0, 0.0, 0.0, 0.0, 0.0, 0.0, 0.0, 0.0, 0.0, 0.0, 0.0, 0.0, 0.0, 0.0, 0.0, 0.0, 0.0, 0.0, 0.0, 0.0, 0.0, 0.0, 0.0, 0.0, 0.0, 0.0, 0.0, 0.0, 0.0, 0.0, 0.0, 0.0, 0.0, 0.0, 0.0, 0.0, 0.0, 0.0, 0.0, 0.0, 0.0, 0.0, 0.0, 0.0, 0.0, 0.0, 0.0, 0.0, 0.0, 0.0, 0.0, 0.0, 0.0, 0.0, 0.0, 0.0, 0.0, 0.0, 0.0, 0.0, 0.0, 0.0, 0.0, 0.0, 0.0, 0.0, 0.0, 0.0, 0.0, 0.0, 0.0, 0.0, 0.0, 0.0, 0.0, 0.0, 0.0, 0.0, 0.0, 0.0, 0.0, 0.0, 0.0, 0.0, 0.0, 0.0, 0.0, 0.0, 0.0, 0.0, 0.0, 0.0, 0.0, 0.0, 0.0, 0.0, 0.0, 0.0, 0.0, 0.0, 0.0, 0.0, 0.0, 0.0, 0.0, 0.0, 0.0, 0.0, 0.0, 0.0, 0.0, 0.0, 0.0, 0.0, 0.0, 0.0, 0.0, 0.0, 0.0, 0.0, 0.0, 0.0, 0.0, 0.0, 0.0, 0.0, 0.0, 0.0, 0.0, 0.0, 0.0, 0.0, 0.0, 0.0, 0.0, 0.0, 0.0, 0.0, 0.0, 0.0, 0.0, 0.0, 0.0, 0.0, 0.0, 0.0, 0.0, 0.0, 0.0, 0.0, 0.0, 0.0, 0.0, 0.0, 0.0, 0.0, 0.0, 0.0, 0.0, 0.0, 0.0, 0.0, 0.0, 0.0, 0.0, 0.0, 0.0, 0.0, 0.0, 0.0, 0.0, 0.0, 0.0, 0.0, 0.0, 0.0, 0.0, 0.0, 0.0, 0.0, 0.0, 0.0, 0.0, 0.0, 0.0, 0.0, 0.0, 0.0, 0.0, 0.0, 0.0, 0.0, 0.0, 0.0, 0.0, 0.0, 0.0, 0.0, 0.0, 0.0, 0.0, 0.0, 0.0, 0.0, 0.0, 0.0, 0.0, 0.0, 0.0, 0.0, 0.0, 0.0, 0.0, 0.0, 0.0, 0.0, 0.0, 0.0, 0.0, 0.0, 0.0, 0.0, 0.0, 0.0, 0.0, 0.0, 0.0, 0.0, 0.0, 0.0, 0.0, 0.0, 0.0, 0.0, 0.0, 0.0, 0.0, 0.0, 0.0, 0.0, 0.0, 0.0, 0.0, 0.0, 0.0, 0.0, 0.0, 0.0, 0.0, 0.0, 0.0, 0.0, 0.0, 0.0, 0.0, 0.0, 0.0, 0.0, 0.0, 0.0, 0.0, 0.0, 0.0, 0.0, 0.0, 0.0, 0.0, 0.0, 0.0, 0.0, 0.0, 0.0, 0.0, 0.0, 0.0, 0.0, 0.0, 0.0, 0.0, 0.0, 0.0, 0.0, 0.0, 0.0, 0.0, 0.0, 0.0, 0.0, 0.0, 0.0, 0.0, 0.0, 0.0, 0.0, 0.0, 0.0, 0.0, 0.0, 0.0, 0.0, 0.0, 0.0, 0.0, 0.0, 0.0, 0.0, 0.0, 0.0, 0.0, 0.0, 0.0, 0.0, 0.0, 0.0, 0.0, 0.0, 0.0, 0.0, 0.0, 0.0, 0.0, 0.0, 0.0, 0.0, 0.0, 0.0, 0.0, 0.0, 0.0, 0.0, 0.0, 0.0, 0.0, 0.0, 0.0, 0.0, 0.0, 0.0, 0.0, 0.0, 0.0, 0.0, 0.0, 0.0, 0.0, 0.0, 0.0, 0.0, 0.0, 0.0, 0.0, 0.0, 0.0, 0.0, 0.0, 0.0, 0.0, 0.0, 0.0, 0.0, 0.0, 0.0, 0.0, 0.0, 0.0, 0.0, 0.0, 0.0, 0.0, 0.0, 0.0, 0.0, 0.0, 0.0, 0.0, 0.0, 0.0, 0.0, 0.0, 0.0, 0.0, 0.0, 0.0, 0.0, 0.0, 0.0, 0.0, 0.0, 0.0, 0.0, 0.0, 0.0, 0.0, 0.0, 0.0, 0.0, 0.0, 0.0, 0.0, 0.0, 0.0, 0.0, 0.0, 0.0, 0.0, 0.0, 0.0, 0.0, 0.0, 0.0, 0.0, 0.0], "original_success_rates": [0.0, 0.0, 0.0, 0.0, 0.0, 0.5, 0.2, 0.0, 0.2, 0.0, 0.0, 0.2, 0.0, 0.3, 0.4, 0.0, 0.0, 0.4, 0.9, 0.0, 0.0, 0.0, 0.0, 0.0, 0.0, 0.0, 0.1, 0.5, 0.4, 0.5, 0.1, 0.0, 0.3, 0.0, 0.5, 0.3, 0.3, 0.0, 0.5, 0.0, 0.0, 0.0, 0.0, 0.0, 0.0, 0.0, 0.0, 0.1, 0.0, 0.9, 0.0, 0.0, 0.2, 0.3, 0.3, 0.0, 0.0, 0.0, 0.0, 0.0, 0.0, 0.1, 0.3, 0.0, 0.0, 0.0, 0.1, 0.0, 0.3, 1.0, 0.0, 0.0, 0.4, 0.2, 0.0, 0.6, 0.1, 0.2, 0.0, 0.0, 0.0, 0.0, 0.0, 0.1, 0.0, 0.1, 0.8, 0.0, 0.0, 0.8, 0.2, 0.3, 0.0, 0.0, 0.0, 0.0, 0.1, 0.0, 0.0, 0.0, 0.0, 0.0, 0.6, 0.0, 0.0, 0.2, 0.0, 0.4, 0.6, 0.4, 0.2, 0.0, 0.0, 0.0, 0.0, 0.0, 0.0, 0.1, 0.1, 0.0, 0.1, 0.0, 0.0, 0.7, 0.0, 0.2, 0.0, 0.0, 0.0, 0.0, 0.0, 0.0, 0.1, 0.0, 0.0, 0.0, 0.0, 0.1, 0.0, 0.3, 0.5, 0.4, 1.0, 0.0, 0.4, 0.1, 0.0, 0.0, 0.0, 0.0, 0.0, 0.0, 0.0, 0.0, 0.1, 0.0, 0.0, 0.2, 0.0, 0.7, 0.0, 0.0, 0.0, 0.0, 0.5, 0.0, 0.0, 0.0, 0.0, 0.0, 0.0, 0.0, 0.5, 0.0, 0.0, 0.0, 0.0, 0.0, 0.1, 0.0, 0.0, 0.2, 0.3, 1.0, 0.0, 0.0, 0.0, 0.0, 0.0, 0.0, 0.1, 0.2, 0.0, 0.0, 0.1, 0.0, 0.2, 0.3, 0.0, 0.9, 0.0, 0.0, 0.0, 0.0, 0.0, 0.0, 0.0, 0.0, 0.1, 0.0, 0.0, 0.1, 0.0, 0.0, 0.2, 0.0, 0.1, 0.7, 0.0, 0.4, 0.0, 0.0, 0.1, 0.0, 0.0, 0.4, 0.0, 0.0, 0.1, 0.0, 0.2, 0.0, 0.0, 0.0, 0.5, 0.0, 0.0, 0.2, 0.0, 0.0, 0.6, 0.1, 0.2, 0.0, 0.0, 0.2, 0.0, 0.0, 0.1, 0.5, 1.0, 0.0, 0.0, 0.2, 0.9, 0.0, 0.0, 0.4, 0.3, 0.0, 0.6, 0.0, 0.1, 0.1, 0.0, 0.1, 0.0, 0.0, 0.0, 0.5, 0.0, 0.9, 0.0, 0.0, 0.0, 0.0, 0.0, 0.0, 0.1, 0.0, 0.0, 0.0, 0.0, 0.8, 0.0, 0.0, 0.4, 0.2, 0.0, 0.0, 0.0, 0.0, 0.1, 0.0, 0.5, 0.0, 0.0, 0.0, 0.0, 0.3, 0.9, 0.0, 0.7, 0.0, 0.5, 0.1, 1.0, 0.0, 0.0, 0.2, 0.2, 0.0, 0.0, 0.0, 0.0, 0.0, 0.2, 0.0, 0.0, 0.5, 0.0, 0.0, 0.3, 0.0, 0.0, 0.0, 0.0, 0.0, 0.0, 0.0, 0.0, 0.0, 0.2, 0.0, 0.2, 0.0, 0.0, 0.0, 0.0, 0.0, 0.8, 0.2, 0.0, 0.0, 0.0, 0.0, 0.0, 0.4, 0.0, 0.8, 0.0, 0.0, 0.0, 0.0, 0.7, 0.2, 0.0, 0.0, 0.6, 0.1, 0.1, 0.5, 0.0, 0.3, 0.1, 0.4, 0.1, 0.3, 0.0, 0.0, 0.0, 0.3, 0.2, 0.3, 0.5, 0.1, 0.1, 0.0, 0.0, 0.7, 0.0, 0.0, 0.2, 0.0, 0.7, 0.0, 0.2, 1.0, 0.0, 0.0, 0.0, 0.0, 0.0, 0.0, 0.1, 0.3, 0.4, 0.7, 0.1, 0.0, 1.0, 0.2, 0.0, 0.2, 0.5, 0.0, 0.0, 0.1, 0.3, 0.0, 0.0, 0.0, 0.0, 0.1, 0.0, 0.0, 0.1, 0.0, 0.0, 0.0, 0.0, 0.4, 0.0, 0.4, 0.0, 0.0, 0.1, 0.0, 0.0, 0.0, 0.0, 0.0, 0.0, 0.0, 0.0, 0.0, 0.0, 0.1, 0.0, 0.0, 0.0, 0.0, 0.0, 0.1, 0.7, 0.2, 0.6, 0.6, 0.0, 0.2, 0.2, 0.9, 0.0, 1.0, 0.2, 0.3, 0.2, 0.0, 0.2, 0.0, 0.0, 0.0, 0.0, 0.0, 0.0, 0.0, 0.4, 0.0, 0.4, 0.0, 0.0, 0.0, 0.0, 0.3, 0.6, 0.6, 1.0, 0.2, 0.0, 0.6, 0.0, 0.2, 1.0, 1.0, 0.5, 0.0, 0.0, 0.5, 0.0, 0.0, 0.0, 0.1, 0.6, 0.0, 0.0, 0.0, 0.0, 0.4, 0.0, 0.2, 0.0, 0.3, 0.9, 0.0, 0.4, 0.0, 0.0, 0.0, 0.2, 0.1, 0.2, 0.0, 0.8, 0.0, 0.0, 0.0, 0.0, 0.9, 0.0, 0.1, 0.0, 0.9, 0.0, 0.0, 0.3, 0.0, 0.5, 0.0, 0.1, 0.0, 0.0, 0.0, 0.0, 0.1, 0.0, 0.0, 0.0, 0.2, 0.0, 0.0, 0.0, 0.0, 0.0, 0.0, 0.0, 0.0, 0.0, 0.0, 0.0, 0.2, 0.0, 0.0, 0.0, 0.0, 0.0, 0.0, 0.7, 0.1, 0.0, 0.0, 0.0, 0.7, 0.0, 0.0, 0.0, 0.0, 0.2, 0.0, 0.0, 0.0, 0.0, 0.1, 0.0, 0.0, 0.0, 0.7, 0.2, 0.0, 0.4, 0.2, 0.6, 0.4, 0.0, 0.6, 0.0, 0.4, 0.0, 0.0, 0.8, 0.0, 0.0, 0.1, 0.0, 0.0, 0.0, 0.0, 0.0, 0.0, 0.2, 0.0, 0.0, 0.1, 0.0, 0.0, 0.0, 0.0, 0.0, 0.2, 0.0, 0.0, 0.0, 0.0, 0.8, 0.0, 0.0, 0.0, 0.7, 0.4, 0.1, 0.0, 0.0, 0.0, 0.0, 0.0, 0.0, 0.7, 0.2, 0.0, 0.0, 0.0, 0.0, 0.0, 0.0, 0.6, 0.1, 0.9, 0.8, 0.0, 0.0, 0.0, 0.0, 0.6, 0.9, 0.0, 0.0, 0.0, 0.1, 0.0, 0.0, 0.0, 0.8, 0.0, 0.0, 0.0, 0.0, 0.1, 0.0, 0.0, 0.5, 0.3, 0.0, 0.0, 0.0, 0.0, 0.4, 0.0, 0.0, 0.9, 0.0, 0.1, 0.0, 0.7, 0.2, 0.0, 0.0, 1.0, 0.6, 0.0, 0.5, 0.0, 0.0, 0.0, 0.0, 0.0, 0.0, 0.0, 0.0, 0.6, 0.5, 0.0, 0.1, 0.1, 0.0, 0.0, 0.0, 0.4, 0.1, 0.7, 0.0, 0.0], "seed": 1007, "env_seeds": [761205238, 1911790101, 3801180885, 330122633, 3636892755, 3182036421, 1993265011, 1761237844, 202501231, 323107144]}