{"n_seeds": 5, "n_evals_per_seed": 100, "reward_mean": -133.8939971923828, "reward_std": 12.221907615661621, "success_mean": 0.8859999999999999, "success_std": 0.02870540018881463, "episode_seeds": [1619, 1620, 1621, 1622, 1623], "seed_reward_means": [-134.6999969482422, -125.01000213623047, -143.61000061035156, -149.97999572753906, -116.16999816894531], "seed_success_means": [0.87, 0.89, 0.86, 0.87, 0.94], "reward_matrix": [[-100.0, -84.0, -90.0, -106.0, -82.0, -73.0, -94.0, -83.0, -300.0, -84.0, -254.0, -300.0, -67.0, -108.0, -69.0, -115.0, -77.0, -81.0, -85.0, -81.0, -72.0, -217.0, -109.0, -74.0, -81.0, -88.0, -300.0, -89.0, -291.0, -84.0, -200.0, -300.0, -78.0, -97.0, -126.0, -79.0, -92.0, -71.0, -300.0, -94.0, -74.0, -77.0, -112.0, -300.0, -300.0, -237.0, -101.0, -76.0, -74.0, -300.0, -168.0, -124.0, -119.0, -68.0, -300.0, -73.0, -79.0, -76.0, -300.0, -86.0, -106.0, -112.0, -200.0, -75.0, -77.0, -86.0, -88.0, -300.0, -86.0, -76.0, -108.0, -241.0, -200.0, -92.0, -193.0, -75.0, -225.0, -83.0, -246.0, -87.0, -112.0, -200.0, -77.0, -170.0, -91.0, -83.0, -77.0, -96.0, -92.0, -300.0, -80.0, -83.0, -79.0, -91.0, -70.0, -80.0, -154.0, -68.0, -300.0, -192.0], [-300.0, -77.0, -96.0, -91.0, -77.0, -80.0, -216.0, -88.0, -73.0, -75.0, -87.0, -300.0, -82.0, -97.0, -76.0, -211.0, -85.0, -124.0, -82.0, -88.0, -180.0, -300.0, -92.0, -215.0, -93.0, -236.0, -146.0, -92.0, -95.0, -119.0, -300.0, -70.0, -108.0, -96.0, -65.0, -103.0, -96.0, -104.0, -207.0, -77.0, -300.0, -300.0, -117.0, -255.0, -93.0, -136.0, -78.0, -72.0, -66.0, -87.0, -75.0, -83.0, -300.0, -78.0, -141.0, -81.0, -85.0, -76.0, -194.0, -85.0, -80.0, -81.0, -178.0, -82.0, -92.0, -78.0, -88.0, -300.0, -104.0, -69.0, -64.0, -86.0, -144.0, -66.0, -300.0, -92.0, -80.0, -81.0, -86.0, -98.0, -81.0, -104.0, -71.0, -107.0, -204.0, -117.0, -99.0, -72.0, -300.0, -130.0, -73.0, -300.0, -78.0, -87.0, -133.0, -78.0, -75.0, -87.0, -93.0, -62.0], [-300.0, -94.0, -83.0, -79.0, -75.0, -284.0, -189.0, -87.0, -88.0, -116.0, -84.0, -73.0, -76.0, -145.0, -300.0, -248.0, -110.0, -69.0, -295.0, -87.0, -82.0, -88.0, -105.0, -98.0, -77.0, -119.0, -90.0, -227.0, -84.0, -108.0, -86.0, -300.0, -87.0, -74.0, -193.0, -300.0, -85.0, -80.0, -87.0, -89.0, -300.0, -72.0, -81.0, -201.0, -70.0, -82.0, -240.0, -88.0, -194.0, -300.0, -88.0, -300.0, -80.0, -300.0, -149.0, -97.0, -64.0, -94.0, -298.0, -298.0, -80.0, -214.0, -192.0, -105.0, -162.0, -91.0, -249.0, -81.0, -76.0, -87.0, -82.0, -187.0, -80.0, -89.0, -77.0, -89.0, -168.0, -300.0, -101.0, -230.0, -98.0, -300.0, -90.0, -90.0, -197.0, -300.0, -92.0, -149.0, -80.0, -92.0, -138.0, -67.0, -233.0, -98.0, -245.0, -96.0, -137.0, -81.0, -79.0, -222.0], [-84.0, -193.0, -300.0, -142.0, -84.0, -300.0, -134.0, -72.0, -298.0, -78.0, -300.0, -169.0, -73.0, -148.0, -246.0, -83.0, -300.0, -85.0, -100.0, -77.0, -81.0, -88.0, -90.0, -81.0, -106.0, -80.0, -70.0, -288.0, -71.0, -89.0, -220.0, -79.0, -238.0, -170.0, -105.0, -184.0, -300.0, -86.0, -141.0, -81.0, -100.0, -78.0, -72.0, -299.0, -80.0, -118.0, -300.0, -96.0, -66.0, -220.0, -190.0, -97.0, -72.0, -77.0, -102.0, -101.0, -204.0, -300.0, -211.0, -87.0, -90.0, -69.0, -251.0, -130.0, -184.0, -84.0, -193.0, -105.0, -74.0, -292.0, -91.0, -74.0, -76.0, -229.0, -194.0, -186.0, -80.0, -79.0, -110.0, -218.0, -85.0, -81.0, -300.0, -74.0, -300.0, -228.0, -88.0, -90.0, -93.0, -81.0, -231.0, -281.0, -112.0, -300.0, -118.0, -102.0, -94.0, -215.0, -232.0, -300.0], [-65.0, -127.0, -74.0, -84.0, -67.0, -172.0, -70.0, -65.0, -249.0, -81.0, -76.0, -240.0, -300.0, -77.0, -73.0, -233.0, -80.0, -119.0, -84.0, -93.0, -70.0, -83.0, -78.0, -97.0, -76.0, -72.0, -86.0, -80.0, -105.0, -83.0, -101.0, -81.0, -84.0, -93.0, -300.0, -77.0, -77.0, -84.0, -85.0, -115.0, -62.0, -106.0, -83.0, -70.0, -75.0, -62.0, -67.0, -88.0, -167.0, -300.0, -300.0, -262.0, -69.0, -62.0, -79.0, -87.0, -78.0, -236.0, -83.0, -300.0, -78.0, -81.0, -75.0, -211.0, -104.0, -69.0, -167.0, -94.0, -92.0, -248.0, -92.0, -118.0, -76.0, -214.0, -71.0, -81.0, -300.0, -80.0, -211.0, -105.0, -92.0, -91.0, -144.0, -81.0, -215.0, -78.0, -62.0, -80.0, -69.0, -87.0, -88.0, -75.0, -97.0, -68.0, -97.0, -254.0, -158.0, -67.0, -81.0, -74.0]], "success_matrix": [[true, true, true, true, true, true, true, true, false, true, true, false, true, true, true, true, true, true, true, true, true, true, true, true, true, true, false, true, true, true, true, false, true, true, true, true, true, true, false, true, true, true, true, false, false, true, true, true, true, false, true, true, true, true, false, true, true, true, false, true, true, true, true, true, true, true, true, false, true, true, true, true, true, true, true, true, true, true, true, true, true, true, true, true, true, true, true, true, true, false, true, true, true, true, true, true, true, true, false, true], [false, true, true, true, true, true, true, true, true, true, true, false, true, true, true, true, true, true, true, true, true, false, true, true, true, true, true, true, true, true, false, true, true, true, true, true, true, true, true, true, false, false, true, true, true, true, true, true, true, true, true, true, false, true, true, true, true, true, true, true, true, true, true, true, true, true, true, false, true, true, true, true, true, true, false, true, true, true, true, true, true, true, true, true, true, true, true, true, false, true, true, false, true, true, true, true, true, true, true, true], [false, true, true, true, true, true, true, true, true, true, true, true, true, true, false, true, true, true, false, true, true, true, true, true, true, true, true, true, true, true, true, false, true, true, true, false, true, true, true, true, false, true, true, true, true, true, true, true, true, false, true, false, true, false, true, true, true, true, false, false, true, true, true, true, true, true, true, true, true, true, true, true, true, true, true, true, true, false, true, true, true, false, true, true, true, false, true, true, true, true, true, true, true, true, true, true, true, true, true, true], [true, true, false, true, true, false, true, true, false, true, false, true, true, true, true, true, false, true, true, true, true, true, true, true, true, true, true, true, true, true, true, true, true, true, true, true, false, true, true, true, true, true, true, false, true, true, false, true, true, true, true, true, true, true, true, true, true, false, true, true, true, true, true, true, true, true, true, true, true, true, true, true, true, true, true, true, true, true, true, true, true, true, false, true, false, true, true, true, true, true, true, true, true, false, true, true, true, true, true, false], [true, true, true, true, true, true, true, true, true, true, true, true, false, true, true, true, true, true, true, true, true, true, true, true, true, true, true, true, true, true, true, true, true, true, false, true, true, true, true, true, true, true, true, true, true, true, true, true, true, false, false, true, true, true, true, true, true, true, true, false, true, true, true, true, true, true, true, true, true, true, true, true, true, true, true, true, false, true, true, true, true, true, true, true, true, true, true, true, true, true, true, true, true, true, true, true, true, true, true, true]], "ticket_name": "envs100_samples1000_seeds999_1000_1001_1002_1003_1004_1005_1006_1007_1008_ddim2_20251208_052117/seed_1006", "eval_noise_idx": 0, "eval_seed": 1619}