{"n_seeds": 5, "n_evals_per_seed": 100, "reward_mean": -221.0500030517578, "reward_std": 5.464810371398926, "success_mean": 0.5980000000000001, "success_std": 0.027129319932501065, "episode_seeds": [1619, 1620, 1621, 1622, 1623], "seed_reward_means": [-225.75, -225.19000244140625, -217.1999969482422, -212.1199951171875, -224.99000549316406], "seed_success_means": [0.56, 0.6, 0.61, 0.64, 0.58], "reward_matrix": [[-174.0, -300.0, -173.0, -300.0, -192.0, -152.0, -147.0, -300.0, -300.0, -173.0, -171.0, -300.0, -300.0, -142.0, -300.0, -300.0, -300.0, -300.0, -300.0, -300.0, -300.0, -158.0, -135.0, -300.0, -163.0, -300.0, -300.0, -139.0, -300.0, -300.0, -155.0, -169.0, -167.0, -139.0, -149.0, -143.0, -146.0, -161.0, -155.0, -300.0, -175.0, -300.0, -166.0, -300.0, -300.0, -300.0, -300.0, -300.0, -189.0, -142.0, -135.0, -300.0, -136.0, -300.0, -300.0, -158.0, -300.0, -143.0, -126.0, -300.0, -223.0, -300.0, -300.0, -237.0, -147.0, -155.0, -148.0, -300.0, -143.0, -199.0, -186.0, -300.0, -187.0, -300.0, -163.0, -175.0, -300.0, -300.0, -183.0, -268.0, -166.0, -151.0, -300.0, -211.0, -300.0, -160.0, -155.0, -234.0, -300.0, -220.0, -300.0, -300.0, -300.0, -171.0, -139.0, -300.0, -137.0, -246.0, -163.0, -135.0], [-147.0, -152.0, -300.0, -300.0, -144.0, -300.0, -300.0, -167.0, -183.0, -156.0, -300.0, -300.0, -300.0, -184.0, -190.0, -237.0, -300.0, -300.0, -162.0, -280.0, -146.0, -300.0, -300.0, -300.0, -300.0, -300.0, -145.0, -300.0, -139.0, -300.0, -300.0, -156.0, -165.0, -159.0, -175.0, -300.0, -215.0, -162.0, -155.0, -152.0, -184.0, -155.0, -300.0, -169.0, -238.0, -246.0, -142.0, -161.0, -189.0, -232.0, -300.0, -300.0, -187.0, -300.0, -205.0, -300.0, -300.0, -143.0, -141.0, -129.0, -300.0, -180.0, -187.0, -165.0, -300.0, -300.0, -300.0, -292.0, -135.0, -183.0, -235.0, -211.0, -300.0, -135.0, -300.0, -300.0, -184.0, -300.0, -300.0, -142.0, -176.0, -300.0, -243.0, -149.0, -300.0, -164.0, -189.0, -300.0, -164.0, -300.0, -175.0, -175.0, -155.0, -134.0, -168.0, -300.0, -152.0, -300.0, -134.0, -300.0], [-152.0, -300.0, -300.0, -179.0, -300.0, -300.0, -176.0, -189.0, -143.0, -159.0, -141.0, -157.0, -192.0, -131.0, -135.0, -151.0, -300.0, -300.0, -143.0, -155.0, -159.0, -300.0, -126.0, -170.0, -300.0, -189.0, -139.0, -300.0, -300.0, -184.0, -161.0, -300.0, -166.0, -300.0, -300.0, -165.0, -157.0, -135.0, -159.0, -300.0, -250.0, -180.0, -167.0, -300.0, -300.0, -300.0, -176.0, -300.0, -207.0, -128.0, -300.0, -300.0, -151.0, -300.0, -141.0, -143.0, -300.0, -145.0, -147.0, -169.0, -139.0, -193.0, -207.0, -300.0, -145.0, -266.0, -139.0, -300.0, -143.0, -177.0, -300.0, -136.0, -175.0, -300.0, -147.0, -184.0, -300.0, -300.0, -131.0, -159.0, -300.0, -300.0, -300.0, -148.0, -300.0, -300.0, -300.0, -300.0, -155.0, -300.0, -179.0, -168.0, -300.0, -164.0, -181.0, -136.0, -162.0, -269.0, -300.0, -300.0], [-300.0, -192.0, -177.0, -179.0, -186.0, -132.0, -154.0, -136.0, -179.0, -300.0, -155.0, -147.0, -300.0, -300.0, -164.0, -148.0, -300.0, -139.0, -160.0, -129.0, -300.0, -176.0, -300.0, -184.0, -159.0, -300.0, -131.0, -206.0, -242.0, -300.0, -160.0, -176.0, -300.0, -300.0, -127.0, -300.0, -172.0, -222.0, -230.0, -300.0, -300.0, -172.0, -300.0, -195.0, -180.0, -151.0, -300.0, -157.0, -172.0, -300.0, -300.0, -300.0, -300.0, -300.0, -300.0, -300.0, -300.0, -300.0, -132.0, -151.0, -300.0, -150.0, -149.0, -169.0, -163.0, -135.0, -143.0, -149.0, -152.0, -191.0, -300.0, -300.0, -170.0, -300.0, -131.0, -169.0, -300.0, -163.0, -139.0, -159.0, -191.0, -300.0, -161.0, -300.0, -183.0, -160.0, -148.0, -167.0, -149.0, -150.0, -142.0, -300.0, -159.0, -141.0, -143.0, -300.0, -179.0, -135.0, -300.0, -300.0], [-300.0, -300.0, -126.0, -137.0, -139.0, -152.0, -164.0, -132.0, -171.0, -139.0, -155.0, -231.0, -300.0, -300.0, -176.0, -159.0, -228.0, -128.0, -300.0, -185.0, -159.0, -147.0, -300.0, -181.0, -147.0, -300.0, -300.0, -229.0, -179.0, -300.0, -137.0, -199.0, -148.0, -300.0, -300.0, -300.0, -300.0, -300.0, -135.0, -145.0, -300.0, -300.0, -300.0, -300.0, -160.0, -168.0, -300.0, -300.0, -226.0, -132.0, -139.0, -300.0, -207.0, -300.0, -223.0, -300.0, -180.0, -300.0, -300.0, -175.0, -287.0, -155.0, -213.0, -183.0, -184.0, -139.0, -300.0, -168.0, -177.0, -146.0, -151.0, -176.0, -198.0, -300.0, -155.0, -300.0, -148.0, -155.0, -189.0, -300.0, -300.0, -300.0, -300.0, -156.0, -158.0, -300.0, -141.0, -295.0, -300.0, -300.0, -300.0, -300.0, -300.0, -144.0, -300.0, -300.0, -200.0, -300.0, -300.0, -143.0]], "success_matrix": [[true, false, true, false, true, true, true, false, false, true, true, false, false, true, false, false, false, false, false, false, false, true, true, false, true, false, false, true, false, false, true, true, true, true, true, true, true, true, true, false, true, false, true, false, false, false, false, false, true, true, true, false, true, false, false, true, false, true, true, false, true, false, false, true, true, true, true, false, true, true, true, false, true, false, true, true, false, false, true, true, true, true, false, true, false, true, true, true, false, true, false, false, false, true, true, false, true, true, true, true], [true, true, false, false, true, false, false, true, true, true, false, false, false, true, true, true, false, false, true, true, true, false, false, false, false, false, true, false, true, false, false, true, true, true, true, false, true, true, true, true, true, true, false, true, true, true, true, true, true, true, false, false, true, false, true, false, false, true, true, true, false, true, true, true, false, false, false, true, true, true, true, true, false, true, false, false, true, false, false, true, true, false, true, true, false, true, true, false, true, false, true, true, true, true, true, false, true, false, true, false], [true, false, false, true, false, false, true, true, true, true, true, true, true, true, true, true, false, false, true, true, true, false, true, true, false, true, true, false, false, true, true, false, true, false, false, true, true, true, true, false, true, true, true, false, false, false, true, false, true, true, false, false, true, false, true, true, false, true, true, true, true, true, true, false, true, true, true, false, true, true, false, true, true, false, true, true, false, false, true, true, false, false, false, true, false, false, false, false, true, false, true, true, false, true, true, true, true, true, false, false], [false, true, true, true, true, true, true, true, true, false, true, true, false, false, true, true, false, true, true, true, false, true, false, true, true, false, true, true, true, false, true, true, false, false, true, false, true, true, true, false, false, true, false, true, true, true, false, true, true, false, false, false, false, false, false, false, false, false, true, true, false, true, true, true, true, true, true, true, true, true, false, false, true, false, true, true, false, true, true, true, true, false, true, false, true, true, true, true, true, true, true, false, true, true, true, false, true, true, false, false], [false, false, true, true, true, true, true, true, true, true, true, true, false, false, true, true, true, true, false, true, true, true, false, true, true, false, false, true, true, false, true, true, true, false, false, false, false, false, true, true, false, false, false, false, true, true, false, false, true, true, true, false, true, false, true, false, true, false, false, true, true, true, true, true, true, true, false, true, true, true, true, true, true, false, true, false, true, true, true, false, false, false, false, true, true, false, true, true, false, false, false, false, false, true, false, false, true, false, false, true]], "ticket_name": "envs100_samples1000_seeds999_1000_1001_1002_1003_1004_1005_1006_1007_1008_ddim8_20251208_041639/seed_1008", "eval_noise_idx": 0, "eval_seed": 1619}