{"n_seeds": 5, "n_evals_per_seed": 100, "reward_mean": -208.43801879882812, "reward_std": 7.649878978729248, "success_mean": 0.666, "success_std": 0.039293765408777, "episode_seeds": [1619, 1620, 1621, 1622, 1623], "seed_reward_means": [-216.7899932861328, -213.24000549316406, -212.86000061035156, -196.05999755859375, -203.24000549316406], "seed_success_means": [0.61, 0.66, 0.65, 0.73, 0.68], "reward_matrix": [[-175.0, -300.0, -156.0, -300.0, -300.0, -300.0, -300.0, -300.0, -165.0, -172.0, -147.0, -148.0, -300.0, -128.0, -151.0, -300.0, -300.0, -183.0, -172.0, -300.0, -300.0, -143.0, -300.0, -300.0, -156.0, -224.0, -148.0, -134.0, -158.0, -300.0, -148.0, -300.0, -300.0, -134.0, -300.0, -128.0, -300.0, -136.0, -144.0, -300.0, -238.0, -300.0, -155.0, -165.0, -300.0, -161.0, -183.0, -161.0, -300.0, -139.0, -127.0, -300.0, -134.0, -233.0, -300.0, -147.0, -300.0, -300.0, -300.0, -300.0, -154.0, -271.0, -127.0, -300.0, -149.0, -142.0, -150.0, -166.0, -300.0, -173.0, -157.0, -148.0, -158.0, -300.0, -159.0, -217.0, -152.0, -300.0, -159.0, -177.0, -167.0, -156.0, -300.0, -212.0, -300.0, -151.0, -152.0, -300.0, -139.0, -147.0, -300.0, -144.0, -218.0, -158.0, -132.0, -218.0, -300.0, -300.0, -233.0, -300.0], [-135.0, -144.0, -223.0, -300.0, -300.0, -171.0, -300.0, -300.0, -300.0, -152.0, -206.0, -291.0, -171.0, -218.0, -147.0, -300.0, -300.0, -144.0, -138.0, -180.0, -300.0, -145.0, -300.0, -300.0, -138.0, -226.0, -140.0, -151.0, -129.0, -300.0, -300.0, -148.0, -135.0, -166.0, -171.0, -141.0, -300.0, -155.0, -152.0, -300.0, -183.0, -146.0, -143.0, -155.0, -300.0, -300.0, -300.0, -151.0, -176.0, -250.0, -226.0, -159.0, -300.0, -300.0, -199.0, -300.0, -154.0, -143.0, -131.0, -300.0, -144.0, -300.0, -300.0, -300.0, -205.0, -157.0, -276.0, -171.0, -129.0, -169.0, -186.0, -300.0, -300.0, -125.0, -141.0, -167.0, -218.0, -300.0, -149.0, -300.0, -167.0, -174.0, -204.0, -300.0, -300.0, -158.0, -183.0, -232.0, -137.0, -300.0, -300.0, -158.0, -148.0, -300.0, -167.0, -159.0, -300.0, -165.0, -120.0, -182.0], [-147.0, -300.0, -300.0, -185.0, -155.0, -300.0, -300.0, -156.0, -140.0, -136.0, -131.0, -144.0, -192.0, -300.0, -127.0, -207.0, -159.0, -154.0, -225.0, -147.0, -300.0, -300.0, -300.0, -300.0, -300.0, -229.0, -300.0, -136.0, -300.0, -176.0, -151.0, -172.0, -160.0, -225.0, -300.0, -174.0, -147.0, -300.0, -147.0, -225.0, -154.0, -169.0, -168.0, -133.0, -232.0, -146.0, -171.0, -300.0, -154.0, -300.0, -208.0, -300.0, -144.0, -300.0, -130.0, -141.0, -300.0, -300.0, -139.0, -300.0, -154.0, -145.0, -169.0, -192.0, -135.0, -189.0, -300.0, -300.0, -162.0, -300.0, -139.0, -300.0, -174.0, -208.0, -165.0, -300.0, -151.0, -300.0, -126.0, -157.0, -300.0, -160.0, -284.0, -119.0, -199.0, -192.0, -300.0, -139.0, -137.0, -300.0, -300.0, -190.0, -300.0, -146.0, -175.0, -300.0, -172.0, -300.0, -171.0, -300.0], [-150.0, -165.0, -151.0, -300.0, -175.0, -120.0, -300.0, -300.0, -169.0, -194.0, -149.0, -300.0, -300.0, -300.0, -136.0, -157.0, -300.0, -131.0, -155.0, -300.0, -148.0, -147.0, -155.0, -181.0, -152.0, -145.0, -122.0, -142.0, -194.0, -300.0, -122.0, -154.0, -160.0, -145.0, -300.0, -300.0, -135.0, -179.0, -300.0, -300.0, -156.0, -154.0, -256.0, -154.0, -167.0, -136.0, -130.0, -136.0, -300.0, -300.0, -174.0, -300.0, -152.0, -152.0, -207.0, -141.0, -300.0, -242.0, -180.0, -146.0, -157.0, -159.0, -141.0, -148.0, -167.0, -300.0, -300.0, -130.0, -139.0, -300.0, -257.0, -160.0, -155.0, -300.0, -121.0, -300.0, -300.0, -167.0, -147.0, -151.0, -300.0, -158.0, -147.0, -175.0, -165.0, -144.0, -139.0, -147.0, -300.0, -139.0, -300.0, -156.0, -143.0, -139.0, -131.0, -226.0, -141.0, -300.0, -151.0, -190.0], [-300.0, -196.0, -300.0, -300.0, -122.0, -167.0, -155.0, -133.0, -171.0, -300.0, -136.0, -136.0, -146.0, -300.0, -300.0, -151.0, -300.0, -300.0, -201.0, -188.0, -155.0, -300.0, -163.0, -180.0, -163.0, -163.0, -241.0, -147.0, -164.0, -300.0, -129.0, -135.0, -133.0, -151.0, -300.0, -300.0, -148.0, -144.0, -126.0, -138.0, -147.0, -159.0, -115.0, -300.0, -154.0, -148.0, -166.0, -131.0, -300.0, -122.0, -300.0, -287.0, -192.0, -143.0, -300.0, -171.0, -300.0, -187.0, -300.0, -184.0, -300.0, -151.0, -138.0, -162.0, -300.0, -136.0, -300.0, -300.0, -166.0, -147.0, -138.0, -157.0, -155.0, -149.0, -174.0, -184.0, -143.0, -138.0, -152.0, -300.0, -160.0, -300.0, -168.0, -153.0, -300.0, -300.0, -137.0, -156.0, -144.0, -220.0, -300.0, -300.0, -160.0, -140.0, -300.0, -300.0, -154.0, -300.0, -154.0, -300.0]], "success_matrix": [[true, false, true, false, false, false, false, false, true, true, true, true, false, true, true, false, false, true, true, false, false, true, false, false, true, true, true, true, true, false, true, false, false, true, false, true, false, true, true, false, true, false, true, true, false, true, true, true, false, true, true, false, true, true, false, true, false, false, false, false, true, true, true, false, true, true, true, true, false, true, true, true, true, false, true, true, true, false, true, true, true, true, false, true, false, true, true, false, true, true, false, true, true, true, true, true, false, false, true, false], [true, true, true, false, false, true, false, false, false, true, true, true, true, true, true, false, false, true, true, true, false, true, false, false, true, true, true, true, true, false, false, true, true, true, true, true, false, true, true, false, true, true, true, true, false, false, false, true, true, true, true, true, false, false, true, false, true, true, true, false, true, false, false, false, true, true, true, true, true, true, true, false, false, true, true, true, true, false, true, false, true, true, true, false, false, true, true, true, true, false, false, true, true, false, true, true, false, true, true, true], [true, false, false, true, true, false, false, true, true, true, true, true, true, false, true, true, true, true, true, true, false, false, false, false, false, true, false, true, false, true, true, true, true, true, false, true, true, false, true, true, true, true, true, true, true, true, true, false, true, false, true, false, true, false, true, true, false, false, true, false, true, true, true, true, true, true, false, false, true, false, true, false, true, true, true, false, true, false, true, true, false, true, true, true, true, true, false, true, true, false, false, true, false, true, true, false, true, false, true, false], [true, true, true, false, true, true, false, false, true, true, true, false, false, false, true, true, false, true, true, false, true, true, true, true, true, true, true, true, true, false, true, true, true, true, false, false, true, true, false, false, true, true, true, true, true, true, true, true, false, false, true, false, true, true, true, true, false, true, true, true, true, true, true, true, true, false, false, true, true, false, true, true, true, false, true, false, false, true, true, true, false, true, true, true, true, true, true, true, false, true, false, true, true, true, true, true, true, false, true, true], [false, true, false, false, true, true, true, true, true, false, true, true, true, false, false, true, false, false, true, true, true, false, true, true, true, true, true, true, true, false, true, true, true, true, false, false, true, true, true, true, true, true, true, false, true, true, true, true, false, true, false, true, true, true, false, true, false, true, false, true, false, true, true, true, false, true, false, false, true, true, true, true, true, true, true, true, true, true, true, false, true, false, true, true, false, false, true, true, true, true, false, false, true, true, false, false, true, false, true, false]], "ticket_name": "envs10_samples5000_seed999_ddim8_20251130_223053_nenvs_10", "eval_noise_idx": 2, "eval_seed": 1619}