{"n_seeds": 5, "n_evals_per_seed": 100, "reward_mean": -274.01202392578125, "reward_std": 1.9840599298477173, "success_mean": 0.27, "success_std": 0.030822070014844882, "episode_seeds": [1619, 1620, 1621, 1622, 1623], "seed_reward_means": [-272.7900085449219, -275.3699951171875, -271.7300109863281, -273.5199890136719, -276.6499938964844], "seed_success_means": [0.24, 0.27, 0.31, 0.29, 0.24], "reward_matrix": [[-300.0, -300.0, -300.0, -300.0, -300.0, -300.0, -300.0, -300.0, -300.0, -300.0, -300.0, -300.0, -300.0, -300.0, -266.0, -300.0, -300.0, -300.0, -209.0, -300.0, -300.0, -131.0, -300.0, -300.0, -300.0, -300.0, -300.0, -300.0, -300.0, -300.0, -171.0, -300.0, -300.0, -143.0, -300.0, -117.0, -300.0, -147.0, -300.0, -158.0, -300.0, -300.0, -300.0, -226.0, -219.0, -174.0, -146.0, -300.0, -300.0, -300.0, -292.0, -300.0, -111.0, -300.0, -300.0, -197.0, -161.0, -300.0, -165.0, -300.0, -300.0, -300.0, -214.0, -300.0, -300.0, -300.0, -300.0, -300.0, -300.0, -300.0, -300.0, -300.0, -300.0, -300.0, -300.0, -220.0, -300.0, -202.0, -300.0, -129.0, -300.0, -300.0, -300.0, -300.0, -178.0, -290.0, -300.0, -213.0, -300.0, -300.0, -300.0, -300.0, -300.0, -300.0, -300.0, -300.0, -300.0, -300.0, -300.0, -300.0], [-300.0, -128.0, -300.0, -300.0, -300.0, -300.0, -300.0, -300.0, -300.0, -300.0, -300.0, -157.0, -170.0, -240.0, -300.0, -300.0, -300.0, -300.0, -300.0, -300.0, -300.0, -199.0, -167.0, -272.0, -300.0, -300.0, -300.0, -192.0, -198.0, -300.0, -165.0, -300.0, -238.0, -300.0, -300.0, -300.0, -300.0, -300.0, -300.0, -300.0, -300.0, -300.0, -300.0, -214.0, -227.0, -300.0, -300.0, -300.0, -300.0, -300.0, -300.0, -300.0, -300.0, -300.0, -300.0, -300.0, -165.0, -300.0, -300.0, -300.0, -300.0, -300.0, -300.0, -167.0, -300.0, -300.0, -300.0, -300.0, -228.0, -300.0, -186.0, -300.0, -300.0, -300.0, -212.0, -161.0, -200.0, -300.0, -300.0, -238.0, -208.0, -300.0, -300.0, -300.0, -300.0, -300.0, -240.0, -300.0, -274.0, -300.0, -300.0, -300.0, -300.0, -300.0, -300.0, -300.0, -278.0, -239.0, -300.0, -274.0], [-300.0, -300.0, -270.0, -230.0, -300.0, -300.0, -198.0, -198.0, -300.0, -300.0, -300.0, -218.0, -300.0, -300.0, -300.0, -300.0, -230.0, -300.0, -300.0, -300.0, -300.0, -300.0, -300.0, -300.0, -300.0, -300.0, -300.0, -224.0, -300.0, -300.0, -224.0, -257.0, -300.0, -138.0, -300.0, -300.0, -141.0, -286.0, -300.0, -300.0, -300.0, -300.0, -300.0, -300.0, -300.0, -173.0, -255.0, -300.0, -300.0, -300.0, -300.0, -300.0, -300.0, -148.0, -300.0, -300.0, -300.0, -300.0, -265.0, -189.0, -300.0, -217.0, -300.0, -300.0, -300.0, -300.0, -279.0, -300.0, -300.0, -300.0, -300.0, -300.0, -225.0, -300.0, -300.0, -300.0, -300.0, -192.0, -300.0, -300.0, -147.0, -300.0, -300.0, -300.0, -300.0, -148.0, -150.0, -300.0, -190.0, -300.0, -214.0, -300.0, -234.0, -190.0, -189.0, -229.0, -300.0, -300.0, -300.0, -225.0], [-200.0, -300.0, -300.0, -300.0, -214.0, -300.0, -300.0, -300.0, -300.0, -300.0, -300.0, -300.0, -300.0, -300.0, -237.0, -300.0, -300.0, -300.0, -300.0, -300.0, -300.0, -300.0, -300.0, -300.0, -300.0, -300.0, -300.0, -300.0, -300.0, -170.0, -300.0, -181.0, -281.0, -300.0, -300.0, -291.0, -300.0, -300.0, -300.0, -300.0, -300.0, -300.0, -300.0, -222.0, -289.0, -222.0, -300.0, -300.0, -300.0, -300.0, -300.0, -300.0, -300.0, -300.0, -300.0, -300.0, -300.0, -195.0, -300.0, -300.0, -300.0, -300.0, -300.0, -300.0, -182.0, -300.0, -275.0, -300.0, -170.0, -143.0, -246.0, -300.0, -151.0, -300.0, -300.0, -300.0, -209.0, -300.0, -300.0, -300.0, -191.0, -300.0, -216.0, -183.0, -300.0, -218.0, -234.0, -300.0, -172.0, -180.0, -300.0, -300.0, -238.0, -300.0, -183.0, -300.0, -206.0, -300.0, -300.0, -153.0], [-300.0, -300.0, -300.0, -300.0, -300.0, -300.0, -300.0, -300.0, -300.0, -300.0, -300.0, -300.0, -242.0, -264.0, -233.0, -120.0, -300.0, -300.0, -300.0, -248.0, -300.0, -300.0, -300.0, -235.0, -300.0, -195.0, -300.0, -148.0, -300.0, -300.0, -300.0, -179.0, -290.0, -300.0, -300.0, -300.0, -300.0, -300.0, -300.0, -300.0, -300.0, -300.0, -300.0, -300.0, -300.0, -157.0, -300.0, -166.0, -300.0, -300.0, -300.0, -300.0, -300.0, -300.0, -300.0, -300.0, -300.0, -300.0, -163.0, -300.0, -235.0, -300.0, -300.0, -300.0, -300.0, -300.0, -300.0, -300.0, -234.0, -300.0, -168.0, -300.0, -300.0, -300.0, -300.0, -210.0, -300.0, -300.0, -141.0, -300.0, -300.0, -300.0, -300.0, -300.0, -300.0, -300.0, -261.0, -300.0, -300.0, -300.0, -170.0, -300.0, -185.0, -257.0, -300.0, -218.0, -300.0, -146.0, -300.0, -300.0]], "success_matrix": [[false, false, false, false, false, false, false, false, false, false, false, false, false, false, true, false, false, false, true, false, false, true, false, false, false, false, false, false, false, false, true, false, false, true, false, true, false, true, false, true, false, false, false, true, true, true, true, false, false, false, true, false, true, false, false, true, true, false, true, false, false, false, true, false, false, false, false, false, false, false, false, false, false, false, false, true, false, true, false, true, false, false, false, false, true, true, false, true, false, false, false, false, false, false, false, false, false, false, false, false], [false, true, false, false, false, false, false, false, false, false, false, true, true, true, false, false, false, false, false, false, false, true, true, true, false, false, false, true, true, false, true, false, true, false, false, false, false, false, false, false, false, false, false, true, true, false, false, false, false, false, false, false, false, false, false, false, true, false, false, false, false, false, false, true, false, false, false, false, true, false, true, false, false, false, true, true, true, false, false, true, true, false, false, false, false, false, true, false, true, false, false, false, false, false, false, false, true, true, false, true], [false, false, true, true, false, false, true, true, false, false, false, true, false, false, false, false, true, false, false, false, false, false, false, false, false, false, false, true, false, false, true, true, false, true, false, false, true, true, false, false, false, false, false, false, false, true, true, false, false, false, false, false, false, true, false, false, false, false, true, true, false, true, false, false, false, false, true, false, false, false, false, false, true, false, false, false, false, true, false, false, true, false, false, false, false, true, true, false, true, false, true, false, true, true, true, true, false, false, false, true], [true, false, false, false, true, false, false, false, false, false, false, false, false, false, true, false, false, false, false, false, false, false, false, false, false, false, false, false, false, true, false, true, true, false, false, true, false, false, false, false, false, false, false, true, true, true, false, false, false, false, false, false, false, false, false, false, false, true, false, false, false, false, false, false, true, false, true, false, true, true, true, false, true, false, false, false, true, false, false, false, true, false, true, true, false, true, true, false, true, true, false, false, true, false, true, false, true, false, false, true], [false, false, false, false, false, false, false, false, false, false, false, false, true, true, true, true, false, false, false, true, false, false, false, true, false, true, false, true, false, false, false, true, true, false, false, false, false, false, false, false, false, false, false, false, false, true, false, true, false, false, false, false, false, false, false, false, false, false, true, false, true, false, false, false, false, false, false, false, true, false, true, false, false, false, false, true, false, false, true, false, false, false, false, false, false, false, true, false, false, false, true, false, true, true, false, true, false, true, false, false]], "ticket_name": "zo_envs10_iter500_cand2_lambda2.0_seed666_ddim8_20251213_183610/seed_671", "eval_noise_idx": 0, "eval_seed": 1619}