{"n_seeds": 5, "n_evals_per_seed": 100, "reward_mean": -248.4140167236328, "reward_std": 9.63888931274414, "success_mean": 0.418, "success_std": 0.07054076835419358, "episode_seeds": [1619, 1620, 1621, 1622, 1623], "seed_reward_means": [-242.9499969482422, -265.260009765625, -241.63999938964844, -252.97999572753906, -239.24000549316406], "seed_success_means": [0.44, 0.29, 0.48, 0.4, 0.48], "reward_matrix": [[-300.0, -152.0, -300.0, -300.0, -300.0, -300.0, -300.0, -167.0, -143.0, -300.0, -288.0, -158.0, -159.0, -300.0, -300.0, -222.0, -300.0, -300.0, -195.0, -175.0, -144.0, -300.0, -171.0, -300.0, -300.0, -204.0, -300.0, -159.0, -300.0, -300.0, -163.0, -300.0, -300.0, -300.0, -300.0, -152.0, -300.0, -300.0, -300.0, -162.0, -300.0, -300.0, -295.0, -300.0, -139.0, -300.0, -300.0, -300.0, -180.0, -150.0, -147.0, -127.0, -147.0, -300.0, -141.0, -300.0, -300.0, -300.0, -300.0, -167.0, -300.0, -300.0, -159.0, -175.0, -163.0, -300.0, -167.0, -163.0, -143.0, -300.0, -300.0, -152.0, -195.0, -179.0, -186.0, -300.0, -300.0, -300.0, -300.0, -300.0, -300.0, -300.0, -143.0, -300.0, -300.0, -300.0, -187.0, -300.0, -191.0, -300.0, -158.0, -163.0, -300.0, -183.0, -300.0, -187.0, -155.0, -300.0, -300.0, -139.0], [-300.0, -300.0, -300.0, -300.0, -300.0, -300.0, -300.0, -300.0, -300.0, -300.0, -300.0, -167.0, -300.0, -300.0, -300.0, -300.0, -155.0, -300.0, -164.0, -300.0, -300.0, -300.0, -300.0, -159.0, -300.0, -252.0, -151.0, -216.0, -300.0, -300.0, -300.0, -299.0, -300.0, -300.0, -232.0, -300.0, -300.0, -300.0, -300.0, -193.0, -300.0, -179.0, -181.0, -300.0, -300.0, -133.0, -300.0, -300.0, -300.0, -300.0, -218.0, -214.0, -149.0, -300.0, -300.0, -300.0, -138.0, -167.0, -156.0, -300.0, -174.0, -300.0, -300.0, -300.0, -300.0, -155.0, -300.0, -186.0, -151.0, -300.0, -300.0, -249.0, -300.0, -300.0, -131.0, -300.0, -300.0, -300.0, -171.0, -300.0, -300.0, -300.0, -300.0, -300.0, -159.0, -197.0, -300.0, -300.0, -300.0, -300.0, -300.0, -300.0, -300.0, -300.0, -300.0, -300.0, -300.0, -139.0, -300.0, -291.0], [-166.0, -300.0, -155.0, -300.0, -300.0, -300.0, -300.0, -300.0, -155.0, -296.0, -159.0, -300.0, -300.0, -139.0, -300.0, -159.0, -159.0, -300.0, -163.0, -300.0, -231.0, -300.0, -138.0, -300.0, -300.0, -171.0, -146.0, -151.0, -155.0, -300.0, -231.0, -300.0, -300.0, -300.0, -158.0, -208.0, -300.0, -135.0, -300.0, -150.0, -300.0, -300.0, -207.0, -199.0, -150.0, -143.0, -300.0, -224.0, -300.0, -130.0, -143.0, -167.0, -178.0, -179.0, -300.0, -300.0, -300.0, -300.0, -175.0, -300.0, -300.0, -300.0, -300.0, -300.0, -300.0, -300.0, -300.0, -300.0, -175.0, -300.0, -263.0, -167.0, -300.0, -300.0, -167.0, -300.0, -171.0, -300.0, -155.0, -170.0, -300.0, -224.0, -231.0, -300.0, -167.0, -195.0, -300.0, -300.0, -300.0, -300.0, -300.0, -300.0, -185.0, -300.0, -235.0, -146.0, -300.0, -155.0, -267.0, -171.0], [-300.0, -300.0, -300.0, -300.0, -300.0, -143.0, -183.0, -300.0, -300.0, -171.0, -199.0, -175.0, -300.0, -300.0, -300.0, -300.0, -300.0, -139.0, -300.0, -227.0, -247.0, -300.0, -300.0, -212.0, -175.0, -163.0, -143.0, -155.0, -300.0, -163.0, -300.0, -300.0, -300.0, -300.0, -131.0, -300.0, -300.0, -300.0, -300.0, -300.0, -195.0, -300.0, -300.0, -300.0, -300.0, -168.0, -300.0, -300.0, -300.0, -148.0, -300.0, -300.0, -159.0, -158.0, -300.0, -216.0, -235.0, -161.0, -148.0, -300.0, -300.0, -175.0, -300.0, -205.0, -300.0, -300.0, -215.0, -300.0, -300.0, -300.0, -220.0, -207.0, -300.0, -300.0, -300.0, -300.0, -300.0, -300.0, -300.0, -300.0, -224.0, -142.0, -268.0, -207.0, -300.0, -300.0, -300.0, -275.0, -143.0, -300.0, -300.0, -159.0, -300.0, -139.0, -183.0, -300.0, -300.0, -151.0, -171.0, -300.0], [-175.0, -300.0, -119.0, -161.0, -300.0, -300.0, -300.0, -143.0, -300.0, -139.0, -300.0, -147.0, -300.0, -139.0, -300.0, -183.0, -300.0, -208.0, -159.0, -300.0, -300.0, -171.0, -221.0, -300.0, -167.0, -240.0, -300.0, -300.0, -300.0, -215.0, -156.0, -300.0, -300.0, -164.0, -300.0, -155.0, -300.0, -300.0, -300.0, -300.0, -155.0, -191.0, -300.0, -300.0, -191.0, -300.0, -195.0, -300.0, -300.0, -300.0, -163.0, -179.0, -300.0, -300.0, -300.0, -300.0, -191.0, -300.0, -300.0, -300.0, -175.0, -300.0, -179.0, -300.0, -133.0, -155.0, -300.0, -300.0, -300.0, -159.0, -300.0, -300.0, -300.0, -159.0, -163.0, -300.0, -185.0, -183.0, -194.0, -300.0, -187.0, -300.0, -300.0, -208.0, -138.0, -300.0, -159.0, -183.0, -215.0, -151.0, -300.0, -203.0, -191.0, -300.0, -136.0, -223.0, -167.0, -300.0, -300.0, -151.0]], "success_matrix": [[false, true, false, false, false, false, false, true, true, false, true, true, true, false, false, true, false, false, true, true, true, false, true, false, false, true, false, true, false, false, true, false, false, false, false, true, false, false, false, true, false, false, true, false, true, false, false, false, true, true, true, true, true, false, true, false, false, false, false, true, false, false, true, true, true, false, true, true, true, false, false, true, true, true, true, false, false, false, false, false, false, false, true, false, false, false, true, false, true, false, true, true, false, true, false, true, true, false, false, true], [false, false, false, false, false, false, false, false, false, false, false, true, false, false, false, false, true, false, true, false, false, false, false, true, false, true, true, true, false, false, false, false, false, false, true, false, false, false, false, true, false, true, true, false, false, true, false, false, false, false, true, true, true, false, false, false, true, true, true, false, true, false, false, false, false, true, false, true, true, false, false, true, false, false, true, false, false, false, true, false, false, false, false, false, true, true, false, false, false, false, false, false, false, false, false, false, false, true, false, true], [true, false, true, false, false, false, false, false, true, true, true, false, false, true, false, true, true, false, true, false, true, false, true, false, false, true, true, true, true, false, true, false, false, false, true, true, false, true, false, true, false, false, true, true, true, true, false, true, false, true, true, true, true, true, false, false, false, false, true, false, false, false, false, false, false, false, false, false, true, false, true, true, false, false, true, false, true, false, true, true, false, true, true, false, true, true, false, false, false, false, false, false, true, false, true, true, false, true, true, true], [false, false, false, false, false, true, true, false, false, true, true, true, false, false, false, false, false, true, false, true, true, false, false, true, true, true, true, true, false, true, false, false, false, false, true, false, false, false, false, false, true, false, false, false, false, true, false, false, false, true, false, false, true, true, false, true, true, true, true, false, false, true, false, true, false, false, true, false, false, false, true, true, false, false, false, false, false, false, false, false, true, true, true, true, false, false, false, true, true, false, false, true, false, true, true, false, false, true, true, false], [true, false, true, true, false, false, false, true, false, true, false, true, false, true, false, true, false, true, true, false, false, true, true, false, true, true, false, false, false, true, true, false, false, true, false, true, false, false, false, false, true, true, false, false, true, false, true, false, false, false, true, true, false, false, false, false, true, false, false, false, true, false, true, false, true, true, false, false, false, true, false, false, false, true, true, false, true, true, true, false, true, false, false, true, true, false, true, true, true, true, false, true, true, false, true, true, true, false, false, true]], "ticket_name": "envs50_samples5000_seed999_ddim8_20251130_223116_nenvs_50", "eval_noise_idx": 44, "eval_seed": 1619}