{"n_seeds": 5, "n_evals_per_seed": 100, "reward_mean": -250.8419952392578, "reward_std": 4.081318378448486, "success_mean": 0.372, "success_std": 0.03271085446759226, "episode_seeds": [1619, 1620, 1621, 1622, 1623], "seed_reward_means": [-255.9600067138672, -250.66000366210938, -248.05999755859375, -253.66000366210938, -245.8699951171875], "seed_success_means": [0.32, 0.39, 0.4, 0.36, 0.39], "reward_matrix": [[-300.0, -300.0, -300.0, -152.0, -300.0, -66.0, -89.0, -296.0, -300.0, -297.0, -300.0, -211.0, -155.0, -206.0, -300.0, -300.0, -300.0, -300.0, -300.0, -102.0, -300.0, -300.0, -300.0, -115.0, -300.0, -300.0, -298.0, -300.0, -300.0, -300.0, -300.0, -300.0, -300.0, -300.0, -262.0, -300.0, -141.0, -300.0, -300.0, -300.0, -147.0, -235.0, -300.0, -74.0, -300.0, -300.0, -222.0, -183.0, -300.0, -300.0, -300.0, -300.0, -205.0, -165.0, -300.0, -300.0, -163.0, -300.0, -131.0, -286.0, -300.0, -300.0, -300.0, -300.0, -283.0, -300.0, -300.0, -300.0, -238.0, -300.0, -171.0, -300.0, -300.0, -118.0, -300.0, -80.0, -172.0, -300.0, -300.0, -300.0, -298.0, -300.0, -300.0, -300.0, -300.0, -219.0, -114.0, -300.0, -191.0, -300.0, -300.0, -300.0, -107.0, -300.0, -118.0, -86.0, -300.0, -300.0, -300.0, -300.0], [-160.0, -300.0, -122.0, -300.0, -300.0, -300.0, -98.0, -300.0, -300.0, -300.0, -123.0, -300.0, -206.0, -300.0, -300.0, -300.0, -300.0, -131.0, -292.0, -240.0, -300.0, -131.0, -300.0, -300.0, -221.0, -300.0, -300.0, -193.0, -300.0, -300.0, -120.0, -124.0, -163.0, -300.0, -300.0, -209.0, -216.0, -69.0, -300.0, -300.0, -300.0, -146.0, -300.0, -202.0, -300.0, -300.0, -300.0, -300.0, -300.0, -300.0, -139.0, -211.0, -300.0, -300.0, -300.0, -135.0, -300.0, -212.0, -151.0, -297.0, -225.0, -181.0, -300.0, -209.0, -300.0, -300.0, -300.0, -298.0, -154.0, -145.0, -300.0, -300.0, -300.0, -143.0, -285.0, -300.0, -300.0, -300.0, -271.0, -152.0, -300.0, -300.0, -139.0, -300.0, -91.0, -249.0, -300.0, -300.0, -300.0, -300.0, -300.0, -300.0, -300.0, -184.0, -300.0, -300.0, -207.0, -300.0, -122.0, -300.0], [-300.0, -300.0, -300.0, -300.0, -300.0, -300.0, -297.0, -271.0, -300.0, -159.0, -300.0, -300.0, -174.0, -300.0, -300.0, -142.0, -300.0, -203.0, -300.0, -209.0, -300.0, -300.0, -300.0, -146.0, -300.0, -300.0, -300.0, -152.0, -300.0, -300.0, -179.0, -300.0, -251.0, -198.0, -300.0, -300.0, -300.0, -300.0, -300.0, -300.0, -300.0, -196.0, -300.0, -300.0, -300.0, -300.0, -300.0, -157.0, -119.0, -300.0, -300.0, -160.0, -127.0, -213.0, -171.0, -274.0, -153.0, -300.0, -300.0, -300.0, -111.0, -171.0, -133.0, -129.0, -300.0, -186.0, -240.0, -183.0, -131.0, -123.0, -300.0, -119.0, -154.0, -300.0, -300.0, -300.0, -300.0, -300.0, -300.0, -300.0, -300.0, -300.0, -300.0, -160.0, -300.0, -300.0, -300.0, -300.0, -196.0, -300.0, -300.0, -131.0, -141.0, -300.0, -187.0, -181.0, -300.0, -160.0, -160.0, -159.0], [-300.0, -298.0, -114.0, -300.0, -179.0, -300.0, -258.0, -300.0, -300.0, -138.0, -300.0, -300.0, -300.0, -179.0, -300.0, -237.0, -300.0, -300.0, -300.0, -300.0, -300.0, -300.0, -300.0, -300.0, -300.0, -155.0, -300.0, -300.0, -300.0, -300.0, -98.0, -152.0, -300.0, -300.0, -300.0, -118.0, -86.0, -300.0, -62.0, -300.0, -300.0, -300.0, -101.0, -300.0, -166.0, -184.0, -62.0, -300.0, -300.0, -298.0, -214.0, -156.0, -300.0, -300.0, -242.0, -300.0, -300.0, -187.0, -158.0, -300.0, -300.0, -121.0, -300.0, -300.0, -300.0, -218.0, -300.0, -251.0, -300.0, -154.0, -176.0, -300.0, -300.0, -300.0, -300.0, -300.0, -300.0, -300.0, -300.0, -297.0, -300.0, -300.0, -300.0, -155.0, -266.0, -300.0, -181.0, -300.0, -268.0, -236.0, -155.0, -300.0, -217.0, -95.0, -300.0, -277.0, -300.0, -300.0, -157.0, -300.0], [-298.0, -300.0, -300.0, -300.0, -62.0, -300.0, -119.0, -114.0, -194.0, -134.0, -177.0, -168.0, -300.0, -300.0, -300.0, -300.0, -136.0, -248.0, -141.0, -300.0, -300.0, -300.0, -300.0, -298.0, -266.0, -300.0, -300.0, -300.0, -300.0, -239.0, -300.0, -300.0, -300.0, -300.0, -300.0, -300.0, -234.0, -234.0, -192.0, -300.0, -300.0, -300.0, -171.0, -125.0, -300.0, -115.0, -105.0, -300.0, -300.0, -300.0, -300.0, -300.0, -249.0, -75.0, -300.0, -300.0, -300.0, -151.0, -300.0, -300.0, -174.0, -300.0, -300.0, -300.0, -126.0, -300.0, -300.0, -300.0, -143.0, -297.0, -300.0, -300.0, -141.0, -113.0, -198.0, -180.0, -300.0, -300.0, -300.0, -155.0, -163.0, -300.0, -300.0, -300.0, -155.0, -300.0, -300.0, -148.0, -185.0, -300.0, -171.0, -300.0, -297.0, -113.0, -114.0, -179.0, -300.0, -300.0, -190.0, -300.0]], "success_matrix": [[false, false, false, true, false, true, true, false, false, false, false, true, true, true, false, false, false, false, false, true, false, false, false, true, false, false, false, false, false, false, false, false, false, false, true, false, true, false, false, false, true, true, false, true, false, false, true, true, false, false, false, false, true, true, false, false, true, false, true, true, false, false, false, false, true, false, false, false, true, false, true, false, false, true, false, true, true, false, false, false, false, false, false, false, false, true, true, false, true, false, false, false, true, false, true, true, false, false, false, false], [true, false, true, false, false, false, true, false, false, false, true, false, true, false, false, false, false, true, true, true, false, true, false, false, true, false, false, true, false, false, true, true, true, false, false, true, true, true, false, false, false, true, false, true, false, false, false, false, false, false, true, true, false, false, false, true, false, true, true, false, true, true, false, true, false, false, false, false, true, true, false, false, false, true, true, false, false, false, true, true, false, false, true, false, true, true, false, false, false, false, false, false, false, true, false, false, true, false, true, false], [false, false, false, false, false, false, false, true, false, true, false, false, true, false, false, true, false, true, false, true, false, false, false, true, false, false, false, true, false, false, true, false, true, true, false, false, false, false, false, false, false, true, false, false, false, false, false, true, true, false, false, true, true, true, true, true, true, false, false, false, true, true, true, true, false, true, true, true, true, true, false, true, true, false, false, false, false, false, false, false, false, false, false, true, false, false, false, false, true, false, false, true, true, false, true, true, false, true, true, true], [false, false, true, false, true, false, true, false, false, true, false, false, false, true, false, true, false, false, false, false, false, false, false, false, false, true, false, false, false, false, true, true, false, false, false, true, true, false, true, false, false, false, true, false, true, true, true, false, false, false, true, true, false, false, true, false, false, true, true, false, false, true, false, false, false, true, false, true, false, true, true, false, false, false, false, false, false, false, false, false, false, false, false, true, true, false, true, false, true, true, true, false, true, true, false, true, false, false, true, false], [false, false, false, false, true, false, true, true, true, true, true, true, false, false, false, false, true, true, true, false, false, false, false, false, true, false, false, false, false, true, false, false, false, false, false, false, true, true, true, false, false, false, true, true, false, true, true, false, false, false, false, false, true, true, false, false, false, true, false, false, true, false, false, false, true, false, false, false, true, false, false, false, true, true, true, true, false, false, false, true, true, false, false, false, true, false, false, true, true, false, true, false, false, true, true, true, false, false, true, false]], "ticket_name": "zo_envs10_iter500_cand2_lambda5.0_seed666_ddim8_20251213_184046/seed_675", "eval_noise_idx": 0, "eval_seed": 1619}