{"n_seeds": 5, "n_evals_per_seed": 100, "reward_mean": -88.88399505615234, "reward_std": 2.844914436340332, "success_mean": 0.9399999999999998, "success_std": 0.012247448713915856, "episode_seeds": [1619, 1620, 1621, 1622, 1623], "seed_reward_means": [-87.80000305175781, -93.91000366210938, -88.27999877929688, -87.18000030517578, -87.25], "seed_success_means": [0.95, 0.92, 0.94, 0.95, 0.94], "reward_matrix": [[-85.0, -300.0, -91.0, -75.0, -75.0, -72.0, -90.0, -68.0, -87.0, -78.0, -75.0, -74.0, -64.0, -88.0, -70.0, -80.0, -68.0, -72.0, -77.0, -62.0, -64.0, -66.0, -94.0, -66.0, -72.0, -67.0, -71.0, -73.0, -82.0, -74.0, -73.0, -95.0, -72.0, -70.0, -94.0, -76.0, -69.0, -63.0, -104.0, -67.0, -67.0, -78.0, -70.0, -79.0, -125.0, -77.0, -103.0, -74.0, -70.0, -300.0, -70.0, -92.0, -90.0, -68.0, -70.0, -62.0, -70.0, -79.0, -79.0, -79.0, -88.0, -83.0, -70.0, -300.0, -73.0, -73.0, -83.0, -98.0, -78.0, -72.0, -87.0, -71.0, -70.0, -65.0, -73.0, -77.0, -77.0, -72.0, -88.0, -82.0, -68.0, -78.0, -75.0, -298.0, -68.0, -86.0, -64.0, -81.0, -78.0, -97.0, -300.0, -74.0, -70.0, -71.0, -67.0, -71.0, -87.0, -64.0, -73.0, -65.0], [-59.0, -75.0, -60.0, -72.0, -66.0, -76.0, -65.0, -72.0, -67.0, -70.0, -79.0, -98.0, -65.0, -102.0, -73.0, -94.0, -79.0, -65.0, -76.0, -82.0, -102.0, -60.0, -104.0, -66.0, -70.0, -74.0, -132.0, -81.0, -75.0, -83.0, -79.0, -66.0, -66.0, -300.0, -63.0, -70.0, -98.0, -300.0, -67.0, -72.0, -90.0, -75.0, -63.0, -71.0, -83.0, -120.0, -300.0, -70.0, -297.0, -84.0, -76.0, -70.0, -78.0, -75.0, -78.0, -74.0, -75.0, -69.0, -79.0, -71.0, -83.0, -71.0, -61.0, -76.0, -76.0, -76.0, -75.0, -81.0, -78.0, -69.0, -300.0, -70.0, -99.0, -65.0, -300.0, -64.0, -62.0, -71.0, -82.0, -68.0, -78.0, -81.0, -62.0, -89.0, -66.0, -87.0, -84.0, -300.0, -64.0, -78.0, -68.0, -300.0, -77.0, -73.0, -90.0, -83.0, -75.0, -55.0, -70.0, -63.0], [-84.0, -85.0, -72.0, -67.0, -72.0, -82.0, -90.0, -76.0, -71.0, -75.0, -67.0, -300.0, -78.0, -65.0, -69.0, -73.0, -77.0, -63.0, -83.0, -78.0, -77.0, -96.0, -76.0, -72.0, -67.0, -92.0, -73.0, -70.0, -76.0, -300.0, -78.0, -71.0, -86.0, -72.0, -63.0, -96.0, -66.0, -75.0, -94.0, -78.0, -70.0, -66.0, -64.0, -67.0, -66.0, -66.0, -91.0, -73.0, -61.0, -82.0, -78.0, -65.0, -65.0, -300.0, -71.0, -82.0, -66.0, -70.0, -300.0, -67.0, -67.0, -67.0, -63.0, -104.0, -59.0, -78.0, -87.0, -74.0, -71.0, -65.0, -83.0, -62.0, -73.0, -71.0, -74.0, -84.0, -59.0, -83.0, -114.0, -67.0, -78.0, -88.0, -70.0, -73.0, -78.0, -62.0, -300.0, -65.0, -72.0, -300.0, -119.0, -72.0, -71.0, -81.0, -70.0, -58.0, -73.0, -82.0, -71.0, -65.0], [-68.0, -69.0, -55.0, -77.0, -62.0, -177.0, -78.0, -71.0, -78.0, -72.0, -75.0, -79.0, -71.0, -88.0, -86.0, -74.0, -94.0, -85.0, -83.0, -72.0, -83.0, -78.0, -96.0, -82.0, -86.0, -65.0, -300.0, -70.0, -71.0, -86.0, -62.0, -79.0, -63.0, -60.0, -300.0, -64.0, -81.0, -68.0, -61.0, -75.0, -79.0, -78.0, -300.0, -88.0, -76.0, -81.0, -66.0, -75.0, -64.0, -75.0, -69.0, -79.0, -73.0, -65.0, -84.0, -78.0, -67.0, -82.0, -61.0, -82.0, -71.0, -66.0, -77.0, -84.0, -70.0, -69.0, -80.0, -74.0, -69.0, -69.0, -71.0, -77.0, -64.0, -86.0, -66.0, -63.0, -82.0, -72.0, -77.0, -67.0, -300.0, -79.0, -79.0, -67.0, -71.0, -66.0, -72.0, -300.0, -76.0, -72.0, -66.0, -83.0, -92.0, -66.0, -91.0, -94.0, -74.0, -71.0, -71.0, -108.0], [-68.0, -79.0, -68.0, -76.0, -71.0, -66.0, -63.0, -63.0, -70.0, -74.0, -67.0, -78.0, -71.0, -66.0, -300.0, -81.0, -64.0, -74.0, -66.0, -300.0, -63.0, -80.0, -73.0, -73.0, -94.0, -66.0, -75.0, -69.0, -80.0, -78.0, -87.0, -94.0, -88.0, -91.0, -75.0, -67.0, -69.0, -87.0, -80.0, -74.0, -61.0, -82.0, -69.0, -65.0, -72.0, -61.0, -59.0, -74.0, -71.0, -298.0, -79.0, -300.0, -67.0, -59.0, -95.0, -76.0, -76.0, -75.0, -65.0, -106.0, -73.0, -65.0, -60.0, -64.0, -71.0, -59.0, -110.0, -75.0, -62.0, -68.0, -79.0, -72.0, -63.0, -62.0, -64.0, -70.0, -75.0, -75.0, -70.0, -69.0, -73.0, -96.0, -110.0, -78.0, -77.0, -89.0, -62.0, -65.0, -67.0, -80.0, -84.0, -300.0, -69.0, -66.0, -73.0, -67.0, -67.0, -300.0, -80.0, -78.0]], "success_matrix": [[true, false, true, true, true, true, true, true, true, true, true, true, true, true, true, true, true, true, true, true, true, true, true, true, true, true, true, true, true, true, true, true, true, true, true, true, true, true, true, true, true, true, true, true, true, true, true, true, true, false, true, true, true, true, true, true, true, true, true, true, true, true, true, false, true, true, true, true, true, true, true, true, true, true, true, true, true, true, true, true, true, true, true, false, true, true, true, true, true, true, false, true, true, true, true, true, true, true, true, true], [true, true, true, true, true, true, true, true, true, true, true, true, true, true, true, true, true, true, true, true, true, true, true, true, true, true, true, true, true, true, true, true, true, false, true, true, true, false, true, true, true, true, true, true, true, true, false, true, false, true, true, true, true, true, true, true, true, true, true, true, true, true, true, true, true, true, true, true, true, true, false, true, true, true, false, true, true, true, true, true, true, true, true, true, true, true, true, false, true, true, true, false, true, true, true, true, true, true, true, true], [true, true, true, true, true, true, true, true, true, true, true, false, true, true, true, true, true, true, true, true, true, true, true, true, true, true, true, true, true, false, true, true, true, true, true, true, true, true, true, true, true, true, true, true, true, true, true, true, true, true, true, true, true, false, true, true, true, true, false, true, true, true, true, true, true, true, true, true, true, true, true, true, true, true, true, true, true, true, true, true, true, true, true, true, true, true, false, true, true, false, true, true, true, true, true, true, true, true, true, true], [true, true, true, true, true, true, true, true, true, true, true, true, true, true, true, true, true, true, true, true, true, true, true, true, true, true, false, true, true, true, true, true, true, true, false, true, true, true, true, true, true, true, false, true, true, true, true, true, true, true, true, true, true, true, true, true, true, true, true, true, true, true, true, true, true, true, true, true, true, true, true, true, true, true, true, true, true, true, true, true, false, true, true, true, true, true, true, false, true, true, true, true, true, true, true, true, true, true, true, true], [true, true, true, true, true, true, true, true, true, true, true, true, true, true, false, true, true, true, true, false, true, true, true, true, true, true, true, true, true, true, true, true, true, true, true, true, true, true, true, true, true, true, true, true, true, true, true, true, true, false, true, false, true, true, true, true, true, true, true, true, true, true, true, true, true, true, true, true, true, true, true, true, true, true, true, true, true, true, true, true, true, true, true, true, true, true, true, true, true, true, true, false, true, true, true, true, true, false, true, true]], "ticket_name": "zo_envs10_iter100_cand10_lambda5.0_seed666_ddim8_20251213_184024/seed_671", "eval_noise_idx": 0, "eval_seed": 1619}