{"num_noise_samples": 500, "num_envs": 50, "success_rate_mean": 0.08163999766111374, "success_rate_std": 0.16306474804878235, "best_success_rate": 0.92, "best_original_index": 421, "success_rates_sorted": [0.92, 0.88, 0.84, 0.78, 0.76, 0.76, 0.74, 0.72, 0.72, 0.7, 0.68, 0.64, 0.64, 0.58, 0.58, 0.56, 0.56, 0.52, 0.52, 0.48, 0.48, 0.48, 0.46, 0.46, 0.46, 0.46, 0.46, 0.46, 0.44, 0.42, 0.42, 0.4, 0.4, 0.4, 0.38, 0.38, 0.38, 0.38, 0.38, 0.36, 0.36, 0.36, 0.36, 0.34, 0.34, 0.32, 0.3, 0.3, 0.3, 0.28, 0.28, 0.28, 0.28, 0.28, 0.26, 0.26, 0.26, 0.26, 0.26, 0.26, 0.24, 0.24, 0.24, 0.22, 0.22, 0.2, 0.2, 0.2, 0.2, 0.2, 0.2, 0.2, 0.18, 0.18, 0.18, 0.18, 0.18, 0.18, 0.18, 0.18, 0.18, 0.18, 0.18, 0.16, 0.16, 0.16, 0.16, 0.16, 0.16, 0.16, 0.14, 0.14, 0.14, 0.14, 0.14, 0.14, 0.14, 0.14, 0.14, 0.14, 0.12, 0.12, 0.12, 0.12, 0.12, 0.12, 0.12, 0.12, 0.1, 0.1, 0.1, 0.1, 0.1, 0.1, 0.1, 0.1, 0.1, 0.1, 0.1, 0.1, 0.1, 0.1, 0.08, 0.08, 0.08, 0.08, 0.08, 0.08, 0.08, 0.08, 0.08, 0.08, 0.08, 0.06, 0.06, 0.06, 0.06, 0.06, 0.06, 0.06, 0.06, 0.06, 0.06, 0.06, 0.06, 0.06, 0.06, 0.06, 0.04, 0.04, 0.04, 0.04, 0.04, 0.04, 0.04, 0.04, 0.04, 0.04, 0.04, 0.04, 0.04, 0.04, 0.04, 0.04, 0.04, 0.04, 0.04, 0.04, 0.04, 0.04, 0.04, 0.02, 0.02, 0.02, 0.02, 0.02, 0.02, 0.02, 0.02, 0.02, 0.02, 0.02, 0.02, 0.02, 0.02, 0.02, 0.02, 0.02, 0.02, 0.02, 0.02, 0.02, 0.02, 0.02, 0.02, 0.02, 0.02, 0.02, 0.02, 0.02, 0.02, 0.02, 0.02, 0.02, 0.02, 0.02, 0.02, 0.0, 0.0, 0.0, 0.0, 0.0, 0.0, 0.0, 0.0, 0.0, 0.0, 0.0, 0.0, 0.0, 0.0, 0.0, 0.0, 0.0, 0.0, 0.0, 0.0, 0.0, 0.0, 0.0, 0.0, 0.0, 0.0, 0.0, 0.0, 0.0, 0.0, 0.0, 0.0, 0.0, 0.0, 0.0, 0.0, 0.0, 0.0, 0.0, 0.0, 0.0, 0.0, 0.0, 0.0, 0.0, 0.0, 0.0, 0.0, 0.0, 0.0, 0.0, 0.0, 0.0, 0.0, 0.0, 0.0, 0.0, 0.0, 0.0, 0.0, 0.0, 0.0, 0.0, 0.0, 0.0, 0.0, 0.0, 0.0, 0.0, 0.0, 0.0, 0.0, 0.0, 0.0, 0.0, 0.0, 0.0, 0.0, 0.0, 0.0, 0.0, 0.0, 0.0, 0.0, 0.0, 0.0, 0.0, 0.0, 0.0, 0.0, 0.0, 0.0, 0.0, 0.0, 0.0, 0.0, 0.0, 0.0, 0.0, 0.0, 0.0, 0.0, 0.0, 0.0, 0.0, 0.0, 0.0, 0.0, 0.0, 0.0, 0.0, 0.0, 0.0, 0.0, 0.0, 0.0, 0.0, 0.0, 0.0, 0.0, 0.0, 0.0, 0.0, 0.0, 0.0, 0.0, 0.0, 0.0, 0.0, 0.0, 0.0, 0.0, 0.0, 0.0, 0.0, 0.0, 0.0, 0.0, 0.0, 0.0, 0.0, 0.0, 0.0, 0.0, 0.0, 0.0, 0.0, 0.0, 0.0, 0.0, 0.0, 0.0, 0.0, 0.0, 0.0, 0.0, 0.0, 0.0, 0.0, 0.0, 0.0, 0.0, 0.0, 0.0, 0.0, 0.0, 0.0, 0.0, 0.0, 0.0, 0.0, 0.0, 0.0, 0.0, 0.0, 0.0, 0.0, 0.0, 0.0, 0.0, 0.0, 0.0, 0.0, 0.0, 0.0, 0.0, 0.0, 0.0, 0.0, 0.0, 0.0, 0.0, 0.0, 0.0, 0.0, 0.0, 0.0, 0.0, 0.0, 0.0, 0.0, 0.0, 0.0, 0.0, 0.0, 0.0, 0.0, 0.0, 0.0, 0.0, 0.0, 0.0, 0.0, 0.0, 0.0, 0.0, 0.0, 0.0, 0.0, 0.0, 0.0, 0.0, 0.0, 0.0, 0.0, 0.0, 0.0, 0.0, 0.0, 0.0, 0.0, 0.0, 0.0, 0.0, 0.0, 0.0, 0.0, 0.0, 0.0, 0.0, 0.0, 0.0, 0.0, 0.0, 0.0, 0.0, 0.0, 0.0, 0.0, 0.0, 0.0, 0.0, 0.0, 0.0, 0.0, 0.0, 0.0, 0.0, 0.0, 0.0, 0.0, 0.0, 0.0, 0.0, 0.0, 0.0, 0.0, 0.0, 0.0, 0.0, 0.0, 0.0, 0.0, 0.0, 0.0, 0.0, 0.0, 0.0, 0.0, 0.0, 0.0, 0.0, 0.0, 0.0, 0.0, 0.0, 0.0, 0.0, 0.0, 0.0, 0.0, 0.0, 0.0], "original_success_rates": [0.0, 0.32, 0.0, 0.2, 0.16, 0.0, 0.02, 0.14, 0.0, 0.02, 0.06, 0.0, 0.0, 0.0, 0.14, 0.0, 0.0, 0.0, 0.04, 0.0, 0.42, 0.16, 0.0, 0.0, 0.02, 0.0, 0.06, 0.26, 0.06, 0.0, 0.0, 0.18, 0.0, 0.02, 0.0, 0.08, 0.0, 0.02, 0.06, 0.16, 0.0, 0.0, 0.0, 0.02, 0.76, 0.0, 0.16, 0.3, 0.0, 0.14, 0.02, 0.0, 0.0, 0.0, 0.2, 0.0, 0.0, 0.0, 0.0, 0.0, 0.02, 0.0, 0.0, 0.08, 0.0, 0.34, 0.0, 0.48, 0.0, 0.0, 0.0, 0.08, 0.7, 0.0, 0.46, 0.0, 0.0, 0.14, 0.0, 0.0, 0.04, 0.0, 0.0, 0.0, 0.0, 0.4, 0.0, 0.0, 0.04, 0.04, 0.0, 0.0, 0.0, 0.1, 0.0, 0.0, 0.02, 0.0, 0.1, 0.0, 0.0, 0.12, 0.0, 0.0, 0.0, 0.02, 0.02, 0.46, 0.0, 0.46, 0.0, 0.1, 0.0, 0.18, 0.64, 0.0, 0.0, 0.0, 0.0, 0.26, 0.0, 0.48, 0.0, 0.0, 0.0, 0.0, 0.04, 0.0, 0.0, 0.02, 0.04, 0.0, 0.04, 0.0, 0.0, 0.0, 0.0, 0.0, 0.0, 0.1, 0.0, 0.0, 0.0, 0.0, 0.0, 0.26, 0.02, 0.0, 0.04, 0.1, 0.0, 0.0, 0.0, 0.0, 0.0, 0.04, 0.0, 0.0, 0.0, 0.0, 0.56, 0.02, 0.02, 0.0, 0.0, 0.16, 0.1, 0.0, 0.0, 0.0, 0.04, 0.02, 0.08, 0.08, 0.04, 0.0, 0.38, 0.0, 0.0, 0.0, 0.0, 0.14, 0.0, 0.3, 0.12, 0.0, 0.1, 0.0, 0.0, 0.0, 0.52, 0.0, 0.08, 0.28, 0.74, 0.0, 0.0, 0.0, 0.34, 0.58, 0.04, 0.0, 0.0, 0.04, 0.0, 0.0, 0.08, 0.0, 0.46, 0.0, 0.78, 0.0, 0.0, 0.0, 0.0, 0.06, 0.0, 0.0, 0.0, 0.0, 0.0, 0.1, 0.0, 0.18, 0.0, 0.0, 0.0, 0.14, 0.0, 0.2, 0.0, 0.0, 0.0, 0.06, 0.22, 0.0, 0.0, 0.0, 0.02, 0.02, 0.0, 0.0, 0.0, 0.36, 0.0, 0.0, 0.04, 0.0, 0.0, 0.04, 0.0, 0.0, 0.28, 0.0, 0.0, 0.0, 0.08, 0.06, 0.18, 0.0, 0.0, 0.02, 0.0, 0.0, 0.0, 0.0, 0.0, 0.0, 0.24, 0.0, 0.04, 0.1, 0.02, 0.02, 0.0, 0.0, 0.0, 0.0, 0.0, 0.2, 0.0, 0.26, 0.38, 0.0, 0.72, 0.4, 0.2, 0.0, 0.02, 0.0, 0.02, 0.0, 0.0, 0.0, 0.0, 0.02, 0.0, 0.0, 0.0, 0.02, 0.0, 0.0, 0.0, 0.02, 0.1, 0.04, 0.02, 0.0, 0.0, 0.58, 0.0, 0.0, 0.0, 0.06, 0.0, 0.0, 0.24, 0.0, 0.0, 0.38, 0.0, 0.0, 0.28, 0.0, 0.64, 0.18, 0.0, 0.0, 0.0, 0.2, 0.0, 0.18, 0.0, 0.0, 0.0, 0.28, 0.12, 0.0, 0.0, 0.0, 0.0, 0.0, 0.0, 0.12, 0.04, 0.72, 0.0, 0.12, 0.0, 0.08, 0.0, 0.12, 0.0, 0.12, 0.0, 0.16, 0.38, 0.28, 0.0, 0.06, 0.0, 0.0, 0.0, 0.0, 0.0, 0.0, 0.36, 0.02, 0.0, 0.0, 0.02, 0.1, 0.0, 0.1, 0.0, 0.0, 0.06, 0.0, 0.0, 0.0, 0.0, 0.0, 0.0, 0.12, 0.04, 0.18, 0.04, 0.0, 0.16, 0.08, 0.0, 0.0, 0.0, 0.0, 0.02, 0.02, 0.84, 0.18, 0.06, 0.14, 0.0, 0.0, 0.0, 0.88, 0.14, 0.46, 0.06, 0.38, 0.04, 0.0, 0.0, 0.06, 0.26, 0.0, 0.06, 0.02, 0.36, 0.0, 0.0, 0.46, 0.04, 0.92, 0.1, 0.14, 0.0, 0.68, 0.0, 0.42, 0.04, 0.0, 0.0, 0.0, 0.4, 0.18, 0.0, 0.44, 0.1, 0.0, 0.0, 0.0, 0.0, 0.0, 0.0, 0.0, 0.0, 0.0, 0.0, 0.0, 0.0, 0.0, 0.0, 0.0, 0.22, 0.0, 0.02, 0.0, 0.0, 0.0, 0.0, 0.0, 0.52, 0.0, 0.0, 0.0, 0.0, 0.0, 0.0, 0.18, 0.3, 0.0, 0.0, 0.0, 0.18, 0.0, 0.26, 0.0, 0.0, 0.0, 0.06, 0.02, 0.0, 0.36, 0.0, 0.0, 0.48, 0.14, 0.2, 0.56, 0.02, 0.0, 0.0, 0.08, 0.0, 0.76, 0.0, 0.24, 0.02, 0.0, 0.0, 0.0], "seed": 999, "env_seeds": [451004528, 758096292, 1176312407, 1051420009, 1969865653, 227516016, 3321413852, 2239472195, 3455882041, 1504030193, 2690391368, 1321467831, 1101463253, 1344451107, 3010362429, 1189414829, 723871999, 2967756408, 3815486877, 1507084574, 2179630468, 1233169788, 2172844928, 3565846881, 1746889981, 1855024761, 3433420193, 97696103, 308002965, 1365063977, 3500057404, 1821446155, 2915083609, 2996609146, 2675756189, 13032085, 3167851736, 741664517, 1007071820, 2374060786, 2022623793, 3514128546, 2678701006, 2204581469, 806867254, 2048730895, 958810168, 2610773095, 3379804936, 2173597322]}