{"n_seeds": 5, "n_evals_per_seed": 100, "reward_mean": -236.56201171875, "reward_std": 7.671788692474365, "success_mean": 0.6399999999999999, "success_std": 0.07245688373094718, "episode_seeds": [1619, 1620, 1621, 1622, 1623], "seed_reward_means": [-231.47999572753906, -239.60000610351562, -229.5399932861328, -248.50999450683594, -233.67999267578125], "seed_success_means": [0.66, 0.63, 0.7, 0.52, 0.69], "reward_matrix": [[-218.0, -227.0, -272.0, -196.0, -300.0, -300.0, -160.0, -300.0, -300.0, -187.0, -226.0, -188.0, -161.0, -151.0, -300.0, -180.0, -300.0, -300.0, -300.0, -212.0, -242.0, -160.0, -180.0, -300.0, -189.0, -300.0, -172.0, -199.0, -260.0, -172.0, -177.0, -252.0, -206.0, -169.0, -300.0, -176.0, -216.0, -180.0, -176.0, -300.0, -300.0, -300.0, -300.0, -300.0, -164.0, -193.0, -177.0, -300.0, -300.0, -161.0, -181.0, -168.0, -216.0, -169.0, -300.0, -300.0, -188.0, -192.0, -300.0, -205.0, -196.0, -300.0, -169.0, -168.0, -300.0, -185.0, -206.0, -222.0, -177.0, -300.0, -300.0, -231.0, -300.0, -300.0, -210.0, -283.0, -169.0, -300.0, -300.0, -300.0, -209.0, -196.0, -300.0, -221.0, -181.0, -300.0, -300.0, -276.0, -192.0, -173.0, -169.0, -197.0, -225.0, -236.0, -198.0, -168.0, -194.0, -300.0, -197.0, -182.0], [-224.0, -149.0, -300.0, -300.0, -300.0, -300.0, -300.0, -300.0, -206.0, -300.0, -300.0, -300.0, -212.0, -296.0, -200.0, -240.0, -300.0, -300.0, -300.0, -170.0, -195.0, -268.0, -192.0, -177.0, -181.0, -171.0, -193.0, -268.0, -198.0, -199.0, -300.0, -201.0, -300.0, -234.0, -221.0, -189.0, -206.0, -300.0, -226.0, -219.0, -300.0, -210.0, -240.0, -300.0, -195.0, -176.0, -192.0, -300.0, -221.0, -300.0, -300.0, -200.0, -208.0, -188.0, -300.0, -300.0, -168.0, -214.0, -213.0, -170.0, -171.0, -300.0, -300.0, -171.0, -271.0, -191.0, -265.0, -300.0, -300.0, -187.0, -189.0, -213.0, -189.0, -182.0, -173.0, -300.0, -191.0, -300.0, -168.0, -196.0, -176.0, -224.0, -284.0, -300.0, -300.0, -188.0, -300.0, -300.0, -300.0, -200.0, -300.0, -189.0, -207.0, -209.0, -185.0, -300.0, -300.0, -170.0, -300.0, -241.0], [-216.0, -204.0, -185.0, -189.0, -194.0, -180.0, -300.0, -300.0, -221.0, -200.0, -217.0, -300.0, -281.0, -171.0, -209.0, -300.0, -183.0, -209.0, -216.0, -197.0, -219.0, -186.0, -180.0, -185.0, -300.0, -300.0, -188.0, -172.0, -300.0, -300.0, -224.0, -220.0, -231.0, -177.0, -300.0, -168.0, -168.0, -174.0, -241.0, -300.0, -152.0, -300.0, -187.0, -210.0, -300.0, -168.0, -272.0, -212.0, -197.0, -177.0, -206.0, -300.0, -150.0, -204.0, -181.0, -189.0, -225.0, -208.0, -224.0, -300.0, -220.0, -300.0, -224.0, -217.0, -204.0, -234.0, -180.0, -300.0, -217.0, -208.0, -300.0, -180.0, -300.0, -209.0, -217.0, -300.0, -168.0, -300.0, -176.0, -150.0, -300.0, -300.0, -177.0, -300.0, -167.0, -164.0, -300.0, -180.0, -224.0, -236.0, -300.0, -219.0, -300.0, -300.0, -215.0, -300.0, -300.0, -300.0, -228.0, -173.0], [-300.0, -260.0, -169.0, -213.0, -300.0, -193.0, -180.0, -300.0, -300.0, -204.0, -191.0, -192.0, -191.0, -300.0, -300.0, -240.0, -300.0, -210.0, -242.0, -300.0, -228.0, -244.0, -174.0, -300.0, -175.0, -300.0, -177.0, -300.0, -261.0, -300.0, -300.0, -300.0, -300.0, -300.0, -177.0, -187.0, -300.0, -300.0, -220.0, -211.0, -300.0, -300.0, -300.0, -300.0, -300.0, -300.0, -300.0, -300.0, -210.0, -189.0, -300.0, -300.0, -168.0, -179.0, -300.0, -300.0, -220.0, -300.0, -290.0, -214.0, -172.0, -300.0, -153.0, -300.0, -300.0, -300.0, -193.0, -188.0, -212.0, -192.0, -300.0, -300.0, -156.0, -300.0, -181.0, -188.0, -300.0, -221.0, -300.0, -224.0, -160.0, -168.0, -300.0, -300.0, -300.0, -198.0, -188.0, -230.0, -189.0, -236.0, -223.0, -300.0, -300.0, -204.0, -220.0, -300.0, -300.0, -300.0, -169.0, -177.0], [-300.0, -300.0, -160.0, -192.0, -257.0, -189.0, -216.0, -186.0, -227.0, -176.0, -300.0, -220.0, -212.0, -164.0, -300.0, -161.0, -197.0, -176.0, -300.0, -189.0, -211.0, -187.0, -256.0, -225.0, -212.0, -181.0, -300.0, -300.0, -248.0, -231.0, -300.0, -160.0, -168.0, -151.0, -204.0, -177.0, -300.0, -173.0, -300.0, -221.0, -215.0, -217.0, -300.0, -212.0, -203.0, -164.0, -178.0, -189.0, -266.0, -300.0, -210.0, -156.0, -216.0, -300.0, -300.0, -300.0, -194.0, -237.0, -300.0, -237.0, -193.0, -216.0, -300.0, -256.0, -222.0, -205.0, -285.0, -185.0, -221.0, -189.0, -232.0, -300.0, -300.0, -161.0, -218.0, -300.0, -242.0, -229.0, -300.0, -300.0, -300.0, -213.0, -300.0, -232.0, -300.0, -300.0, -300.0, -156.0, -214.0, -300.0, -300.0, -175.0, -221.0, -248.0, -300.0, -173.0, -185.0, -300.0, -189.0, -187.0]], "success_matrix": [[true, true, true, true, false, false, true, false, false, true, true, true, true, true, false, true, false, false, false, true, true, true, true, false, true, false, true, true, true, true, true, true, true, true, false, true, true, true, true, false, false, false, false, false, true, true, true, false, false, true, true, true, true, true, false, false, true, true, false, true, true, false, true, true, false, true, true, true, true, false, false, true, false, false, true, true, true, false, false, false, true, true, false, true, true, false, false, true, true, true, true, true, true, true, true, true, true, false, true, true], [true, true, false, false, false, false, false, false, true, false, false, false, true, true, true, true, false, false, false, true, true, true, true, true, true, true, true, true, true, true, false, true, false, true, true, true, true, false, true, true, false, true, true, false, true, true, true, false, true, false, false, true, true, true, false, false, true, true, true, true, true, false, false, true, true, true, true, false, false, true, true, true, true, true, true, false, true, false, true, true, true, true, true, false, false, true, false, false, false, true, false, true, true, true, true, false, false, true, false, true], [true, true, true, true, true, true, false, false, true, true, true, false, true, true, true, false, true, true, true, true, true, true, true, true, false, false, true, true, false, false, true, true, true, true, false, true, true, true, true, false, true, false, true, true, false, true, true, true, true, true, true, false, true, true, true, true, true, true, true, false, true, false, true, true, true, true, true, false, true, true, false, true, false, true, true, false, true, false, true, true, false, false, true, false, true, true, false, true, true, true, false, true, false, false, true, false, false, false, true, true], [false, true, true, true, false, true, true, false, false, true, true, true, true, false, false, true, false, true, true, false, true, true, true, false, true, false, true, false, true, false, false, false, false, false, true, true, false, false, true, true, false, false, false, false, false, false, false, false, true, true, false, false, true, true, false, false, true, false, true, true, true, false, true, false, false, false, true, true, true, true, false, false, true, false, true, true, false, true, false, true, true, true, false, false, false, true, true, true, true, true, true, false, false, true, true, false, false, false, true, true], [false, false, true, true, true, true, true, true, true, true, false, true, true, true, false, true, true, true, false, true, true, true, true, true, true, true, false, false, true, true, false, true, true, true, true, true, false, true, false, true, true, true, false, true, true, true, true, true, true, false, true, true, true, false, false, false, true, true, false, true, true, true, false, true, true, true, true, true, true, true, true, false, false, true, true, false, true, true, false, false, false, true, false, true, false, false, false, true, true, false, false, true, true, true, false, true, true, false, true, true]], "ticket_name": "zo_envs10_iter100_cand10_lambda5.0_seed666_ddim8_20251213_183807/seed_674", "eval_noise_idx": 0, "eval_seed": 1619}