{"num_noise_samples": 200, "num_envs": 10, "success_rate_mean": 0.21149997413158417, "success_rate_std": 0.20252840220928192, "best_success_rate": 0.9, "best_original_index": 28, "success_rates_sorted": [0.9, 0.9, 0.8, 0.8, 0.7, 0.7, 0.6, 0.6, 0.6, 0.6, 0.6, 0.6, 0.6, 0.5, 0.5, 0.5, 0.5, 0.5, 0.5, 0.5, 0.5, 0.5, 0.5, 0.5, 0.5, 0.5, 0.5, 0.5, 0.5, 0.4, 0.4, 0.4, 0.4, 0.4, 0.4, 0.4, 0.4, 0.4, 0.4, 0.4, 0.4, 0.4, 0.4, 0.4, 0.4, 0.4, 0.4, 0.4, 0.3, 0.3, 0.3, 0.3, 0.3, 0.3, 0.3, 0.3, 0.3, 0.3, 0.3, 0.3, 0.3, 0.3, 0.3, 0.3, 0.3, 0.3, 0.3, 0.3, 0.3, 0.3, 0.2, 0.2, 0.2, 0.2, 0.2, 0.2, 0.2, 0.2, 0.2, 0.2, 0.2, 0.2, 0.2, 0.2, 0.2, 0.2, 0.2, 0.2, 0.2, 0.2, 0.2, 0.2, 0.2, 0.2, 0.2, 0.2, 0.2, 0.2, 0.2, 0.2, 0.2, 0.1, 0.1, 0.1, 0.1, 0.1, 0.1, 0.1, 0.1, 0.1, 0.1, 0.1, 0.1, 0.1, 0.1, 0.1, 0.1, 0.1, 0.1, 0.1, 0.1, 0.1, 0.1, 0.1, 0.1, 0.1, 0.1, 0.1, 0.1, 0.1, 0.1, 0.1, 0.1, 0.1, 0.1, 0.1, 0.1, 0.1, 0.1, 0.1, 0.1, 0.1, 0.1, 0.1, 0.1, 0.1, 0.1, 0.1, 0.1, 0.1, 0.0, 0.0, 0.0, 0.0, 0.0, 0.0, 0.0, 0.0, 0.0, 0.0, 0.0, 0.0, 0.0, 0.0, 0.0, 0.0, 0.0, 0.0, 0.0, 0.0, 0.0, 0.0, 0.0, 0.0, 0.0, 0.0, 0.0, 0.0, 0.0, 0.0, 0.0, 0.0, 0.0, 0.0, 0.0, 0.0, 0.0, 0.0, 0.0, 0.0, 0.0, 0.0, 0.0, 0.0, 0.0, 0.0, 0.0, 0.0, 0.0, 0.0], "original_success_rates": [0.1, 0.4, 0.1, 0.0, 0.2, 0.0, 0.1, 0.1, 0.1, 0.1, 0.2, 0.4, 0.1, 0.3, 0.4, 0.2, 0.4, 0.2, 0.0, 0.5, 0.2, 0.0, 0.3, 0.2, 0.0, 0.3, 0.6, 0.5, 0.9, 0.0, 0.5, 0.0, 0.0, 0.0, 0.5, 0.1, 0.1, 0.0, 0.2, 0.1, 0.1, 0.2, 0.1, 0.5, 0.2, 0.1, 0.0, 0.3, 0.1, 0.1, 0.1, 0.0, 0.7, 0.1, 0.4, 0.2, 0.2, 0.5, 0.1, 0.1, 0.6, 0.1, 0.1, 0.1, 0.0, 0.3, 0.2, 0.1, 0.4, 0.0, 0.5, 0.3, 0.2, 0.3, 0.2, 0.1, 0.6, 0.0, 0.1, 0.0, 0.2, 0.0, 0.2, 0.5, 0.1, 0.3, 0.6, 0.0, 0.0, 0.3, 0.8, 0.0, 0.9, 0.0, 0.1, 0.2, 0.1, 0.3, 0.4, 0.0, 0.0, 0.2, 0.0, 0.0, 0.1, 0.2, 0.4, 0.5, 0.0, 0.4, 0.2, 0.8, 0.1, 0.1, 0.1, 0.1, 0.0, 0.4, 0.4, 0.5, 0.1, 0.1, 0.1, 0.4, 0.0, 0.5, 0.4, 0.4, 0.3, 0.0, 0.0, 0.3, 0.0, 0.2, 0.0, 0.4, 0.3, 0.1, 0.1, 0.0, 0.2, 0.1, 0.2, 0.3, 0.6, 0.3, 0.7, 0.0, 0.1, 0.2, 0.1, 0.5, 0.3, 0.1, 0.4, 0.6, 0.0, 0.0, 0.1, 0.3, 0.5, 0.0, 0.3, 0.2, 0.0, 0.2, 0.1, 0.5, 0.0, 0.2, 0.4, 0.2, 0.0, 0.0, 0.0, 0.2, 0.1, 0.0, 0.1, 0.4, 0.3, 0.0, 0.0, 0.5, 0.0, 0.6, 0.5, 0.3, 0.0, 0.0, 0.4, 0.0, 0.1, 0.3, 0.3, 0.1, 0.0, 0.2, 0.1, 0.2], "seed": 1004, "env_seeds": [1458279434, 2094128383, 2051908698, 3189870141, 2134560999, 2845249056, 27589537, 676233087, 1361455104, 964164021]}