{"n_seeds": 5, "n_evals_per_seed": 100, "reward_mean": -235.9320068359375, "reward_std": 5.325148105621338, "success_mean": 0.45199999999999996, "success_std": 0.040865633483405106, "episode_seeds": [1619, 1620, 1621, 1622, 1623], "seed_reward_means": [-227.92999267578125, -235.1999969482422, -234.9199981689453, -240.38999938964844, -241.22000122070312], "seed_success_means": [0.5, 0.49, 0.44, 0.41, 0.42], "reward_matrix": [[-180.0, -133.0, -159.0, -300.0, -300.0, -220.0, -300.0, -300.0, -300.0, -300.0, -300.0, -300.0, -161.0, -300.0, -300.0, -300.0, -300.0, -300.0, -300.0, -170.0, -300.0, -124.0, -140.0, -300.0, -300.0, -166.0, -300.0, -131.0, -300.0, -300.0, -132.0, -152.0, -165.0, -135.0, -300.0, -123.0, -300.0, -124.0, -126.0, -265.0, -158.0, -300.0, -148.0, -300.0, -149.0, -166.0, -223.0, -300.0, -300.0, -162.0, -136.0, -300.0, -300.0, -184.0, -300.0, -142.0, -300.0, -140.0, -300.0, -300.0, -160.0, -136.0, -139.0, -300.0, -300.0, -146.0, -132.0, -136.0, -138.0, -300.0, -300.0, -132.0, -300.0, -300.0, -300.0, -160.0, -300.0, -136.0, -300.0, -300.0, -228.0, -135.0, -300.0, -300.0, -300.0, -150.0, -141.0, -158.0, -300.0, -232.0, -147.0, -300.0, -194.0, -148.0, -124.0, -300.0, -300.0, -300.0, -163.0, -144.0], [-128.0, -300.0, -173.0, -300.0, -130.0, -300.0, -300.0, -271.0, -300.0, -300.0, -300.0, -300.0, -177.0, -193.0, -178.0, -223.0, -300.0, -137.0, -300.0, -300.0, -300.0, -144.0, -300.0, -148.0, -161.0, -300.0, -131.0, -149.0, -300.0, -300.0, -300.0, -135.0, -300.0, -142.0, -226.0, -300.0, -198.0, -163.0, -135.0, -152.0, -153.0, -141.0, -300.0, -160.0, -300.0, -300.0, -208.0, -300.0, -163.0, -300.0, -300.0, -300.0, -300.0, -300.0, -218.0, -172.0, -147.0, -300.0, -130.0, -121.0, -159.0, -164.0, -158.0, -140.0, -243.0, -143.0, -300.0, -300.0, -300.0, -300.0, -192.0, -162.0, -300.0, -300.0, -300.0, -300.0, -300.0, -300.0, -300.0, -300.0, -300.0, -237.0, -164.0, -300.0, -300.0, -270.0, -300.0, -186.0, -146.0, -300.0, -152.0, -300.0, -140.0, -300.0, -300.0, -159.0, -166.0, -300.0, -132.0, -300.0], [-300.0, -153.0, -300.0, -300.0, -300.0, -300.0, -300.0, -300.0, -300.0, -300.0, -300.0, -134.0, -204.0, -132.0, -121.0, -300.0, -137.0, -300.0, -300.0, -147.0, -300.0, -300.0, -298.0, -300.0, -300.0, -300.0, -139.0, -300.0, -300.0, -212.0, -138.0, -300.0, -148.0, -300.0, -300.0, -142.0, -126.0, -300.0, -137.0, -300.0, -300.0, -155.0, -300.0, -152.0, -300.0, -149.0, -156.0, -132.0, -300.0, -148.0, -300.0, -300.0, -300.0, -300.0, -300.0, -142.0, -300.0, -141.0, -300.0, -300.0, -129.0, -300.0, -175.0, -241.0, -300.0, -152.0, -300.0, -300.0, -132.0, -230.0, -139.0, -159.0, -144.0, -300.0, -300.0, -152.0, -157.0, -152.0, -300.0, -300.0, -300.0, -300.0, -145.0, -300.0, -165.0, -148.0, -300.0, -129.0, -128.0, -300.0, -136.0, -182.0, -300.0, -132.0, -182.0, -300.0, -300.0, -140.0, -300.0, -300.0], [-144.0, -168.0, -300.0, -300.0, -140.0, -300.0, -300.0, -300.0, -300.0, -300.0, -157.0, -144.0, -300.0, -300.0, -150.0, -300.0, -300.0, -300.0, -145.0, -300.0, -146.0, -300.0, -300.0, -175.0, -300.0, -300.0, -130.0, -300.0, -152.0, -300.0, -300.0, -136.0, -156.0, -186.0, -172.0, -300.0, -300.0, -300.0, -215.0, -185.0, -300.0, -141.0, -300.0, -121.0, -300.0, -300.0, -300.0, -300.0, -200.0, -149.0, -300.0, -300.0, -195.0, -148.0, -300.0, -300.0, -300.0, -300.0, -300.0, -139.0, -300.0, -300.0, -300.0, -300.0, -149.0, -300.0, -153.0, -122.0, -146.0, -300.0, -300.0, -300.0, -300.0, -134.0, -300.0, -137.0, -144.0, -166.0, -122.0, -146.0, -121.0, -286.0, -118.0, -300.0, -300.0, -131.0, -300.0, -300.0, -300.0, -126.0, -300.0, -300.0, -300.0, -300.0, -300.0, -300.0, -120.0, -300.0, -300.0, -224.0], [-280.0, -233.0, -300.0, -300.0, -124.0, -300.0, -202.0, -300.0, -300.0, -300.0, -300.0, -300.0, -134.0, -300.0, -144.0, -145.0, -180.0, -300.0, -300.0, -300.0, -145.0, -300.0, -300.0, -171.0, -130.0, -160.0, -300.0, -217.0, -174.0, -300.0, -135.0, -125.0, -124.0, -136.0, -300.0, -300.0, -151.0, -191.0, -120.0, -134.0, -128.0, -300.0, -139.0, -300.0, -173.0, -145.0, -300.0, -300.0, -184.0, -300.0, -300.0, -300.0, -300.0, -300.0, -300.0, -300.0, -168.0, -181.0, -190.0, -234.0, -174.0, -138.0, -300.0, -181.0, -300.0, -300.0, -300.0, -300.0, -300.0, -300.0, -300.0, -300.0, -300.0, -145.0, -147.0, -300.0, -131.0, -134.0, -300.0, -300.0, -300.0, -300.0, -300.0, -300.0, -300.0, -300.0, -300.0, -300.0, -125.0, -300.0, -300.0, -300.0, -300.0, -300.0, -300.0, -146.0, -300.0, -300.0, -172.0, -132.0]], "success_matrix": [[true, true, true, false, false, true, false, false, false, false, false, false, true, false, false, false, false, false, false, true, false, true, true, false, false, true, false, true, false, false, true, true, true, true, false, true, false, true, true, true, true, false, true, false, true, true, true, false, false, true, true, false, false, true, false, true, false, true, false, false, true, true, true, false, false, true, true, true, true, false, false, true, false, false, false, true, false, true, false, false, true, true, false, false, false, true, true, true, false, true, true, false, true, true, true, false, false, false, true, true], [true, false, true, false, true, false, false, true, false, false, false, false, true, true, true, true, false, true, false, false, false, true, false, true, true, false, true, true, false, false, false, true, false, true, true, false, true, true, true, true, true, true, false, true, false, false, true, false, true, false, false, false, false, false, true, true, true, false, true, true, true, true, true, true, true, true, false, false, false, false, true, true, false, false, false, false, false, false, false, false, false, true, true, false, false, true, false, true, true, false, true, false, true, false, false, true, true, false, true, false], [false, true, false, false, false, false, false, false, false, false, false, true, true, true, true, false, true, false, false, true, false, false, false, false, false, false, true, false, false, true, true, false, true, false, false, true, true, false, true, false, false, true, false, true, false, true, true, true, false, true, false, false, false, false, false, true, false, true, false, false, true, false, true, true, false, true, false, false, true, true, true, true, true, false, false, true, true, true, false, false, false, false, true, false, true, true, false, true, true, false, true, true, false, true, true, false, false, true, false, false], [true, true, false, false, true, false, false, false, false, false, true, true, false, false, true, false, false, false, true, false, true, false, false, true, false, false, true, false, true, false, false, true, true, true, true, false, false, false, true, true, false, true, false, true, false, false, false, false, true, true, false, false, true, true, false, false, false, false, false, true, false, false, false, false, true, false, true, true, true, false, false, false, false, true, false, true, true, true, true, true, true, true, true, false, false, true, false, false, false, true, false, false, false, false, false, false, true, false, false, true], [true, true, false, false, true, false, true, false, false, false, false, false, true, false, true, true, true, false, false, false, true, false, false, true, true, true, false, true, true, false, true, true, true, true, false, false, true, true, true, true, true, false, true, false, true, true, false, false, true, false, false, false, false, false, false, false, true, true, true, true, true, true, false, true, false, false, false, false, false, false, false, false, false, true, true, false, true, true, false, false, false, false, false, false, false, false, false, false, true, false, false, false, false, false, false, true, false, false, true, true]], "ticket_name": "zo_envs10_iter100_cand10_lambda5.0_seed666_ddim8_20251213_183807/seed_670", "eval_noise_idx": 0, "eval_seed": 1619}