{"n_seeds": 5, "n_evals_per_seed": 100, "reward_mean": -173.76600646972656, "reward_std": 6.5033345222473145, "success_mean": 0.8560000000000001, "success_std": 0.043358966777357594, "episode_seeds": [1619, 1620, 1621, 1622, 1623], "seed_reward_means": [-165.3300018310547, -179.85000610351562, -168.75999450683594, -175.33999633789062, -179.5500030517578], "seed_success_means": [0.9, 0.85, 0.89, 0.85, 0.79], "reward_matrix": [[-300.0, -300.0, -159.0, -123.0, -184.0, -151.0, -132.0, -176.0, -139.0, -167.0, -189.0, -138.0, -137.0, -134.0, -236.0, -138.0, -139.0, -160.0, -160.0, -160.0, -125.0, -128.0, -125.0, -176.0, -149.0, -156.0, -157.0, -135.0, -188.0, -121.0, -129.0, -156.0, -157.0, -131.0, -141.0, -135.0, -200.0, -150.0, -152.0, -148.0, -177.0, -300.0, -159.0, -151.0, -139.0, -132.0, -145.0, -152.0, -144.0, -143.0, -121.0, -128.0, -127.0, -148.0, -139.0, -153.0, -300.0, -141.0, -300.0, -152.0, -149.0, -300.0, -120.0, -135.0, -300.0, -135.0, -132.0, -140.0, -135.0, -216.0, -128.0, -127.0, -151.0, -169.0, -163.0, -169.0, -147.0, -153.0, -176.0, -300.0, -172.0, -151.0, -166.0, -243.0, -130.0, -152.0, -139.0, -175.0, -129.0, -149.0, -165.0, -135.0, -166.0, -156.0, -129.0, -152.0, -124.0, -300.0, -300.0, -123.0], [-137.0, -142.0, -280.0, -139.0, -147.0, -161.0, -139.0, -164.0, -166.0, -148.0, -149.0, -162.0, -300.0, -173.0, -300.0, -166.0, -148.0, -157.0, -140.0, -147.0, -300.0, -147.0, -300.0, -156.0, -141.0, -156.0, -136.0, -161.0, -300.0, -300.0, -164.0, -143.0, -128.0, -152.0, -166.0, -147.0, -156.0, -151.0, -144.0, -148.0, -293.0, -148.0, -176.0, -168.0, -155.0, -147.0, -145.0, -287.0, -163.0, -220.0, -300.0, -165.0, -135.0, -147.0, -188.0, -155.0, -137.0, -153.0, -136.0, -127.0, -142.0, -300.0, -300.0, -144.0, -267.0, -132.0, -300.0, -159.0, -127.0, -159.0, -152.0, -165.0, -300.0, -136.0, -125.0, -168.0, -175.0, -147.0, -130.0, -300.0, -159.0, -300.0, -160.0, -143.0, -152.0, -146.0, -191.0, -162.0, -160.0, -175.0, -300.0, -300.0, -140.0, -131.0, -184.0, -156.0, -136.0, -120.0, -134.0, -202.0], [-120.0, -300.0, -149.0, -160.0, -128.0, -141.0, -177.0, -166.0, -136.0, -145.0, -128.0, -130.0, -196.0, -121.0, -123.0, -130.0, -148.0, -155.0, -121.0, -144.0, -156.0, -175.0, -120.0, -155.0, -172.0, -158.0, -133.0, -164.0, -247.0, -300.0, -145.0, -188.0, -300.0, -148.0, -152.0, -141.0, -135.0, -124.0, -159.0, -140.0, -300.0, -173.0, -149.0, -125.0, -142.0, -132.0, -164.0, -140.0, -162.0, -117.0, -134.0, -149.0, -300.0, -153.0, -140.0, -139.0, -191.0, -123.0, -136.0, -141.0, -136.0, -271.0, -177.0, -161.0, -300.0, -300.0, -139.0, -150.0, -124.0, -156.0, -137.0, -133.0, -172.0, -180.0, -148.0, -155.0, -155.0, -300.0, -135.0, -139.0, -300.0, -300.0, -144.0, -135.0, -150.0, -165.0, -152.0, -150.0, -148.0, -183.0, -300.0, -156.0, -176.0, -148.0, -145.0, -145.0, -288.0, -140.0, -201.0, -142.0], [-149.0, -180.0, -161.0, -181.0, -173.0, -123.0, -152.0, -300.0, -143.0, -160.0, -140.0, -140.0, -151.0, -146.0, -300.0, -151.0, -300.0, -128.0, -173.0, -132.0, -156.0, -300.0, -145.0, -260.0, -142.0, -135.0, -120.0, -269.0, -152.0, -144.0, -134.0, -148.0, -300.0, -157.0, -124.0, -202.0, -167.0, -300.0, -165.0, -300.0, -153.0, -157.0, -189.0, -145.0, -161.0, -124.0, -300.0, -300.0, -160.0, -139.0, -193.0, -138.0, -135.0, -134.0, -247.0, -200.0, -152.0, -158.0, -123.0, -143.0, -152.0, -149.0, -134.0, -300.0, -160.0, -140.0, -137.0, -133.0, -138.0, -159.0, -165.0, -172.0, -134.0, -300.0, -125.0, -137.0, -155.0, -153.0, -136.0, -163.0, -127.0, -140.0, -145.0, -163.0, -300.0, -168.0, -143.0, -300.0, -128.0, -151.0, -126.0, -300.0, -300.0, -121.0, -139.0, -234.0, -131.0, -135.0, -147.0, -140.0], [-300.0, -152.0, -120.0, -132.0, -127.0, -170.0, -147.0, -127.0, -300.0, -124.0, -151.0, -227.0, -148.0, -125.0, -300.0, -140.0, -147.0, -133.0, -152.0, -184.0, -139.0, -140.0, -148.0, -169.0, -135.0, -136.0, -216.0, -149.0, -155.0, -300.0, -137.0, -132.0, -156.0, -141.0, -132.0, -140.0, -300.0, -151.0, -131.0, -131.0, -139.0, -176.0, -300.0, -160.0, -143.0, -145.0, -166.0, -144.0, -174.0, -127.0, -133.0, -136.0, -300.0, -300.0, -189.0, -125.0, -135.0, -300.0, -300.0, -168.0, -148.0, -153.0, -148.0, -184.0, -128.0, -120.0, -300.0, -300.0, -161.0, -143.0, -135.0, -300.0, -300.0, -126.0, -136.0, -300.0, -146.0, -165.0, -156.0, -300.0, -170.0, -300.0, -166.0, -300.0, -130.0, -152.0, -127.0, -143.0, -140.0, -190.0, -300.0, -152.0, -144.0, -141.0, -120.0, -147.0, -300.0, -300.0, -152.0, -128.0]], "success_matrix": [[false, false, true, true, true, true, true, true, true, true, true, true, true, true, true, true, true, true, true, true, true, true, true, true, true, true, true, true, true, true, true, true, true, true, true, true, true, true, true, true, true, false, true, true, true, true, true, true, true, true, true, true, true, true, true, true, false, true, false, true, true, false, true, true, false, true, true, true, true, true, true, true, true, true, true, true, true, true, true, false, true, true, true, true, true, true, true, true, true, true, true, true, true, true, true, true, true, false, false, true], [true, true, true, true, true, true, true, true, true, true, true, true, false, true, false, true, true, true, true, true, false, true, false, true, true, true, true, true, false, false, true, true, true, true, true, true, true, true, true, true, true, true, true, true, true, true, true, true, true, true, false, true, true, true, true, true, true, true, true, true, true, false, false, true, true, true, false, true, true, true, true, true, false, true, true, true, true, true, true, false, true, false, true, true, true, true, true, true, true, true, false, false, true, true, true, true, true, true, true, true], [true, false, true, true, true, true, true, true, true, true, true, true, true, true, true, true, true, true, true, true, true, true, true, true, true, true, true, true, true, false, true, true, false, true, true, true, true, true, true, true, false, true, true, true, true, true, true, true, true, true, true, true, false, true, true, true, true, true, true, true, true, true, true, true, false, false, true, true, true, true, true, true, true, true, true, true, true, false, true, true, false, false, true, true, true, true, true, true, true, true, false, true, true, true, true, true, true, true, true, true], [true, true, true, true, true, true, true, false, true, true, true, true, true, true, false, true, false, true, true, true, true, false, true, true, true, true, true, true, true, true, true, true, false, true, true, true, true, false, true, false, true, true, true, true, true, true, false, false, true, true, true, true, true, true, true, true, true, true, true, true, true, true, true, false, true, true, true, true, true, true, true, true, true, false, true, true, true, true, true, true, true, true, true, true, false, true, true, false, true, true, true, false, false, true, true, true, true, true, true, true], [false, true, true, true, true, true, true, true, false, true, true, true, true, true, false, true, true, true, true, true, true, true, true, true, true, true, true, true, true, false, true, true, true, true, true, true, false, true, true, true, true, true, false, true, true, true, true, true, true, true, true, true, false, false, true, true, true, false, false, true, true, true, true, true, true, true, false, false, true, true, true, false, false, true, true, false, true, true, true, false, true, false, true, false, true, true, true, true, true, true, false, true, true, true, true, true, false, false, true, true]], "ticket_name": "envs100_samples5000_seed999_20251122_233346_ddim8", "eval_noise_idx": 0, "eval_seed": 1619}