{"n_seeds": 5, "n_evals_per_seed": 100, "reward_mean": -264.52801513671875, "reward_std": 5.084883689880371, "success_mean": 0.28200000000000003, "success_std": 0.027856776554368242, "episode_seeds": [1619, 1620, 1621, 1622, 1623], "seed_reward_means": [-262.8999938964844, -263.1199951171875, -256.54998779296875, -270.45001220703125, -269.6199951171875], "seed_success_means": [0.28, 0.29, 0.33, 0.25, 0.26], "reward_matrix": [[-300.0, -300.0, -300.0, -300.0, -300.0, -300.0, -300.0, -155.0, -155.0, -300.0, -300.0, -300.0, -153.0, -300.0, -300.0, -300.0, -300.0, -300.0, -300.0, -181.0, -300.0, -300.0, -300.0, -300.0, -300.0, -300.0, -159.0, -300.0, -300.0, -300.0, -163.0, -300.0, -300.0, -157.0, -300.0, -300.0, -300.0, -300.0, -300.0, -171.0, -300.0, -300.0, -300.0, -273.0, -139.0, -300.0, -159.0, -300.0, -300.0, -300.0, -155.0, -151.0, -300.0, -151.0, -163.0, -300.0, -300.0, -300.0, -300.0, -300.0, -300.0, -300.0, -139.0, -300.0, -300.0, -300.0, -300.0, -300.0, -155.0, -233.0, -300.0, -300.0, -300.0, -300.0, -300.0, -300.0, -151.0, -300.0, -300.0, -300.0, -300.0, -300.0, -300.0, -300.0, -300.0, -213.0, -300.0, -300.0, -147.0, -154.0, -160.0, -178.0, -155.0, -202.0, -300.0, -171.0, -300.0, -300.0, -300.0, -147.0], [-300.0, -300.0, -300.0, -167.0, -300.0, -300.0, -300.0, -300.0, -163.0, -208.0, -142.0, -149.0, -300.0, -300.0, -300.0, -300.0, -151.0, -300.0, -300.0, -159.0, -300.0, -300.0, -300.0, -161.0, -300.0, -300.0, -166.0, -300.0, -300.0, -174.0, -300.0, -300.0, -300.0, -300.0, -300.0, -144.0, -300.0, -179.0, -300.0, -300.0, -300.0, -300.0, -300.0, -236.0, -159.0, -155.0, -300.0, -300.0, -300.0, -300.0, -300.0, -300.0, -171.0, -300.0, -300.0, -142.0, -135.0, -300.0, -300.0, -300.0, -291.0, -300.0, -300.0, -300.0, -300.0, -159.0, -300.0, -300.0, -300.0, -300.0, -300.0, -201.0, -300.0, -300.0, -300.0, -160.0, -300.0, -300.0, -155.0, -300.0, -300.0, -300.0, -300.0, -300.0, -151.0, -300.0, -205.0, -300.0, -300.0, -195.0, -300.0, -300.0, -300.0, -300.0, -300.0, -199.0, -300.0, -135.0, -300.0, -200.0], [-300.0, -300.0, -300.0, -300.0, -143.0, -300.0, -300.0, -246.0, -300.0, -300.0, -300.0, -300.0, -300.0, -300.0, -300.0, -300.0, -177.0, -152.0, -300.0, -300.0, -300.0, -153.0, -300.0, -300.0, -144.0, -196.0, -147.0, -171.0, -149.0, -300.0, -300.0, -300.0, -300.0, -143.0, -147.0, -300.0, -300.0, -300.0, -300.0, -141.0, -300.0, -300.0, -300.0, -300.0, -143.0, -145.0, -300.0, -300.0, -300.0, -300.0, -144.0, -183.0, -300.0, -300.0, -300.0, -300.0, -147.0, -207.0, -300.0, -154.0, -300.0, -300.0, -300.0, -300.0, -300.0, -300.0, -300.0, -165.0, -210.0, -300.0, -300.0, -300.0, -300.0, -300.0, -204.0, -300.0, -171.0, -300.0, -300.0, -300.0, -148.0, -186.0, -147.0, -300.0, -143.0, -159.0, -300.0, -300.0, -300.0, -300.0, -300.0, -300.0, -300.0, -300.0, -300.0, -278.0, -196.0, -300.0, -177.0, -139.0], [-300.0, -300.0, -300.0, -300.0, -300.0, -300.0, -300.0, -300.0, -300.0, -300.0, -300.0, -179.0, -164.0, -300.0, -300.0, -300.0, -300.0, -157.0, -300.0, -300.0, -298.0, -300.0, -172.0, -300.0, -300.0, -175.0, -300.0, -300.0, -300.0, -162.0, -300.0, -263.0, -300.0, -160.0, -300.0, -143.0, -300.0, -300.0, -300.0, -193.0, -300.0, -300.0, -300.0, -300.0, -300.0, -300.0, -300.0, -300.0, -300.0, -148.0, -300.0, -166.0, -157.0, -300.0, -203.0, -300.0, -188.0, -137.0, -300.0, -300.0, -221.0, -300.0, -300.0, -300.0, -300.0, -300.0, -300.0, -300.0, -300.0, -300.0, -300.0, -300.0, -300.0, -255.0, -300.0, -151.0, -300.0, -300.0, -300.0, -300.0, -300.0, -143.0, -300.0, -261.0, -300.0, -300.0, -300.0, -300.0, -300.0, -300.0, -300.0, -300.0, -300.0, -176.0, -300.0, -249.0, -300.0, -300.0, -151.0, -173.0], [-300.0, -159.0, -128.0, -300.0, -300.0, -300.0, -300.0, -300.0, -300.0, -140.0, -254.0, -300.0, -300.0, -300.0, -300.0, -300.0, -300.0, -143.0, -300.0, -300.0, -300.0, -300.0, -300.0, -300.0, -300.0, -300.0, -300.0, -171.0, -300.0, -300.0, -300.0, -300.0, -300.0, -300.0, -300.0, -155.0, -300.0, -159.0, -300.0, -300.0, -300.0, -300.0, -300.0, -300.0, -300.0, -300.0, -257.0, -300.0, -300.0, -300.0, -300.0, -300.0, -255.0, -300.0, -300.0, -300.0, -248.0, -300.0, -144.0, -300.0, -300.0, -300.0, -300.0, -300.0, -300.0, -170.0, -300.0, -300.0, -300.0, -161.0, -300.0, -300.0, -300.0, -151.0, -174.0, -270.0, -300.0, -300.0, -300.0, -168.0, -300.0, -300.0, -156.0, -300.0, -194.0, -151.0, -300.0, -300.0, -300.0, -145.0, -300.0, -215.0, -275.0, -300.0, -300.0, -160.0, -300.0, -300.0, -300.0, -159.0]], "success_matrix": [[false, false, false, false, false, false, false, true, true, false, false, false, true, false, false, false, false, false, false, true, false, false, false, false, false, false, true, false, false, false, true, false, false, true, false, false, false, false, false, true, false, false, false, true, true, false, true, false, false, false, true, true, false, true, true, false, false, false, false, false, false, false, true, false, false, false, false, false, true, true, false, false, false, false, false, false, true, false, false, false, false, false, false, false, false, true, false, false, true, true, true, true, true, true, false, true, false, false, false, true], [false, false, false, true, false, false, false, false, true, true, true, true, false, false, false, false, true, false, false, true, false, false, false, true, false, false, true, false, false, true, false, false, false, false, false, true, false, true, false, false, false, false, false, true, true, true, false, false, false, false, false, false, true, false, false, true, true, false, false, false, true, false, false, false, false, true, false, false, false, false, false, true, false, false, false, true, false, false, true, false, false, false, false, false, true, false, true, false, false, true, false, false, false, false, false, true, false, true, false, true], [false, false, false, false, true, false, false, true, false, false, false, false, false, false, false, false, true, true, false, false, false, true, false, false, true, true, true, true, true, false, false, false, false, true, true, false, false, false, false, true, false, false, false, false, true, true, false, false, false, false, true, true, false, false, false, false, true, true, false, true, false, false, false, false, false, false, false, true, true, false, false, false, false, false, true, false, true, false, false, false, true, true, true, false, true, true, false, false, false, false, false, false, false, false, false, true, true, false, true, true], [false, false, false, false, false, false, false, false, false, false, false, true, true, false, false, false, false, true, false, false, false, false, true, false, false, true, false, false, false, true, false, true, false, true, false, true, false, false, false, true, false, false, false, false, false, false, false, false, false, true, false, true, true, false, true, false, true, true, false, false, true, false, false, false, false, false, false, false, false, false, false, false, false, true, false, true, false, false, false, false, false, true, false, true, false, false, false, false, false, false, false, false, false, true, false, true, false, false, true, true], [false, true, true, false, false, false, false, false, false, true, true, false, false, false, false, false, false, true, false, false, false, false, false, false, false, false, false, true, false, false, false, false, false, false, false, true, false, true, false, false, false, false, false, false, false, false, true, false, false, false, false, false, true, false, false, false, true, false, true, false, false, false, false, false, false, true, false, false, false, true, false, false, false, true, true, true, false, false, false, true, false, false, true, false, true, true, false, false, false, true, false, true, true, false, false, true, false, false, false, true]], "ticket_name": "envs100_samples1000_seeds999_1000_1001_1002_1003_1004_1005_1006_1007_1008_ddim2_20251208_043402/seed_1005", "eval_noise_idx": 0, "eval_seed": 1619}