{"n_seeds": 5, "n_evals_per_seed": 100, "reward_mean": -226.3040008544922, "reward_std": 4.448205471038818, "success_mean": 0.588, "success_std": 0.019390719429665335, "episode_seeds": [1619, 1620, 1621, 1622, 1623], "seed_reward_means": [-227.27000427246094, -228.19000244140625, -223.60000610351562, -232.8300018310547, -219.6300048828125], "seed_success_means": [0.57, 0.58, 0.6, 0.57, 0.62], "reward_matrix": [[-300.0, -300.0, -251.0, -300.0, -202.0, -300.0, -171.0, -155.0, -299.0, -263.0, -268.0, -300.0, -142.0, -300.0, -170.0, -143.0, -300.0, -300.0, -197.0, -155.0, -300.0, -172.0, -141.0, -183.0, -300.0, -183.0, -300.0, -300.0, -300.0, -300.0, -145.0, -181.0, -300.0, -300.0, -300.0, -300.0, -300.0, -175.0, -167.0, -153.0, -267.0, -150.0, -300.0, -291.0, -131.0, -151.0, -146.0, -300.0, -300.0, -300.0, -137.0, -123.0, -119.0, -146.0, -300.0, -190.0, -263.0, -300.0, -300.0, -164.0, -247.0, -300.0, -131.0, -139.0, -300.0, -300.0, -138.0, -151.0, -135.0, -300.0, -300.0, -300.0, -189.0, -300.0, -163.0, -300.0, -300.0, -265.0, -298.0, -300.0, -300.0, -179.0, -300.0, -299.0, -152.0, -170.0, -179.0, -222.0, -155.0, -150.0, -143.0, -143.0, -143.0, -166.0, -147.0, -163.0, -139.0, -300.0, -300.0, -127.0], [-300.0, -300.0, -191.0, -300.0, -170.0, -178.0, -300.0, -300.0, -179.0, -202.0, -300.0, -145.0, -300.0, -300.0, -300.0, -300.0, -151.0, -174.0, -300.0, -169.0, -300.0, -170.0, -182.0, -147.0, -300.0, -155.0, -137.0, -181.0, -300.0, -206.0, -300.0, -157.0, -300.0, -177.0, -300.0, -151.0, -300.0, -190.0, -171.0, -165.0, -300.0, -162.0, -195.0, -230.0, -175.0, -135.0, -300.0, -300.0, -215.0, -300.0, -207.0, -300.0, -300.0, -187.0, -300.0, -160.0, -135.0, -300.0, -141.0, -300.0, -300.0, -228.0, -296.0, -191.0, -179.0, -138.0, -300.0, -191.0, -129.0, -239.0, -183.0, -167.0, -300.0, -150.0, -131.0, -170.0, -235.0, -300.0, -140.0, -300.0, -208.0, -300.0, -235.0, -300.0, -158.0, -300.0, -300.0, -167.0, -300.0, -199.0, -300.0, -300.0, -157.0, -137.0, -197.0, -177.0, -300.0, -127.0, -300.0, -300.0], [-171.0, -197.0, -143.0, -239.0, -300.0, -139.0, -239.0, -255.0, -143.0, -242.0, -143.0, -183.0, -300.0, -300.0, -134.0, -143.0, -135.0, -166.0, -300.0, -300.0, -179.0, -186.0, -134.0, -198.0, -152.0, -158.0, -300.0, -143.0, -300.0, -300.0, -191.0, -300.0, -300.0, -146.0, -158.0, -300.0, -171.0, -131.0, -300.0, -300.0, -300.0, -248.0, -178.0, -151.0, -300.0, -139.0, -300.0, -239.0, -300.0, -132.0, -300.0, -150.0, -300.0, -172.0, -300.0, -300.0, -179.0, -142.0, -146.0, -300.0, -147.0, -259.0, -300.0, -300.0, -300.0, -195.0, -300.0, -300.0, -147.0, -300.0, -179.0, -147.0, -300.0, -300.0, -154.0, -300.0, -165.0, -300.0, -130.0, -300.0, -300.0, -242.0, -143.0, -300.0, -146.0, -151.0, -165.0, -238.0, -198.0, -175.0, -182.0, -300.0, -176.0, -300.0, -191.0, -300.0, -201.0, -300.0, -300.0, -134.0], [-179.0, -267.0, -259.0, -300.0, -300.0, -126.0, -159.0, -300.0, -300.0, -300.0, -170.0, -159.0, -295.0, -300.0, -300.0, -165.0, -300.0, -127.0, -300.0, -300.0, -175.0, -300.0, -300.0, -300.0, -300.0, -300.0, -134.0, -182.0, -178.0, -162.0, -300.0, -235.0, -198.0, -164.0, -127.0, -178.0, -300.0, -300.0, -300.0, -175.0, -202.0, -177.0, -147.0, -203.0, -265.0, -134.0, -300.0, -300.0, -300.0, -300.0, -300.0, -291.0, -153.0, -149.0, -300.0, -174.0, -175.0, -148.0, -300.0, -174.0, -300.0, -152.0, -300.0, -300.0, -196.0, -300.0, -152.0, -219.0, -226.0, -300.0, -191.0, -182.0, -300.0, -170.0, -300.0, -300.0, -300.0, -300.0, -157.0, -300.0, -244.0, -131.0, -163.0, -219.0, -300.0, -203.0, -174.0, -300.0, -300.0, -186.0, -300.0, -300.0, -275.0, -126.0, -149.0, -300.0, -220.0, -143.0, -149.0, -150.0], [-147.0, -250.0, -119.0, -175.0, -300.0, -300.0, -201.0, -130.0, -300.0, -300.0, -300.0, -300.0, -194.0, -142.0, -222.0, -300.0, -300.0, -300.0, -300.0, -203.0, -146.0, -142.0, -199.0, -219.0, -146.0, -150.0, -300.0, -155.0, -264.0, -183.0, -138.0, -167.0, -300.0, -300.0, -300.0, -135.0, -186.0, -300.0, -141.0, -150.0, -124.0, -300.0, -300.0, -187.0, -181.0, -193.0, -192.0, -158.0, -183.0, -208.0, -147.0, -146.0, -300.0, -300.0, -216.0, -300.0, -145.0, -300.0, -135.0, -300.0, -199.0, -195.0, -151.0, -287.0, -300.0, -134.0, -300.0, -176.0, -300.0, -134.0, -165.0, -300.0, -300.0, -300.0, -150.0, -300.0, -300.0, -162.0, -187.0, -300.0, -300.0, -300.0, -163.0, -300.0, -300.0, -151.0, -133.0, -173.0, -215.0, -142.0, -300.0, -166.0, -207.0, -166.0, -300.0, -150.0, -300.0, -135.0, -161.0, -142.0]], "success_matrix": [[false, false, true, false, true, false, true, true, false, true, true, false, true, false, true, true, false, false, true, true, false, true, true, true, false, true, false, false, false, false, true, true, false, false, false, false, false, true, true, true, true, true, false, true, true, true, true, false, false, false, true, true, true, true, false, true, true, false, false, true, true, false, true, true, false, false, true, true, true, false, false, false, true, false, true, false, false, true, false, false, false, true, false, false, true, true, true, true, true, true, true, true, true, true, true, true, true, false, false, true], [false, false, true, false, true, true, false, false, true, true, false, true, false, false, false, false, true, true, false, true, false, true, true, true, false, true, true, true, false, true, false, true, false, true, false, true, false, true, true, true, false, true, true, true, true, true, false, false, true, false, true, false, false, true, false, true, true, false, true, false, false, true, true, true, true, true, false, true, true, true, true, true, false, true, true, true, true, false, true, false, true, false, true, false, true, false, false, true, false, true, false, false, true, true, true, true, false, true, false, false], [true, true, true, true, false, true, true, true, true, true, true, true, false, false, true, true, true, true, false, false, true, true, true, true, true, true, false, true, false, false, true, false, false, true, true, false, true, true, false, false, false, true, true, true, false, true, false, true, false, true, false, true, false, true, false, false, true, true, true, false, true, true, false, false, false, true, false, false, true, false, true, true, false, false, true, false, true, false, true, false, false, true, true, false, true, true, true, true, true, true, true, false, true, false, true, false, true, false, false, true], [true, true, true, false, false, true, true, false, false, false, true, true, true, false, false, true, false, true, false, false, true, false, false, false, false, false, true, true, true, true, false, true, true, true, true, true, false, false, false, true, true, true, true, true, true, true, false, false, false, false, false, true, true, true, false, true, true, true, false, true, false, true, false, false, true, false, true, true, true, false, true, true, false, true, false, false, false, false, true, false, true, true, true, true, false, true, true, false, false, true, false, false, true, true, true, false, true, true, true, true], [true, true, true, true, false, false, true, true, false, false, false, false, true, true, true, false, false, false, false, true, true, true, true, true, true, true, false, true, true, true, true, true, false, false, false, true, true, false, true, true, true, false, false, true, true, true, true, true, true, true, true, true, false, false, true, false, true, false, true, false, true, true, true, true, false, true, false, true, false, true, true, false, false, false, true, false, false, true, true, false, false, false, true, false, false, true, true, true, true, true, false, true, true, true, false, true, false, true, true, true]], "ticket_name": "envs100_samples1000_seeds999_1000_1001_1002_1003_1004_1005_1006_1007_1008_ddim8_20251208_041639/seed_1006", "eval_noise_idx": 0, "eval_seed": 1619}