{"n_seeds": 5, "n_evals_per_seed": 100, "reward_mean": -136.55999755859375, "reward_std": 11.168018341064453, "success_mean": 0.748, "success_std": 0.04816637831516922, "episode_seeds": [1619, 1620, 1621, 1622, 1623], "seed_reward_means": [-146.47999572753906, -147.75999450683594, -137.08999633789062, -121.23999786376953, -130.22999572753906], "seed_success_means": [0.71, 0.69, 0.77, 0.81, 0.76], "reward_matrix": [[-120.0, -300.0, -300.0, -70.0, -93.0, -91.0, -76.0, -67.0, -300.0, -95.0, -75.0, -99.0, -75.0, -87.0, -99.0, -300.0, -67.0, -300.0, -77.0, -115.0, -300.0, -101.0, -110.0, -300.0, -300.0, -120.0, -86.0, -52.0, -63.0, -87.0, -75.0, -74.0, -72.0, -80.0, -83.0, -73.0, -55.0, -300.0, -300.0, -300.0, -93.0, -79.0, -67.0, -54.0, -76.0, -67.0, -300.0, -71.0, -300.0, -105.0, -300.0, -91.0, -67.0, -300.0, -110.0, -300.0, -87.0, -62.0, -107.0, -98.0, -300.0, -59.0, -300.0, -300.0, -67.0, -71.0, -92.0, -75.0, -95.0, -67.0, -63.0, -97.0, -300.0, -67.0, -83.0, -67.0, -59.0, -91.0, -231.0, -300.0, -300.0, -83.0, -95.0, -135.0, -300.0, -67.0, -300.0, -300.0, -102.0, -300.0, -300.0, -51.0, -300.0, -79.0, -59.0, -51.0, -71.0, -300.0, -97.0, -103.0], [-109.0, -59.0, -79.0, -71.0, -300.0, -71.0, -298.0, -108.0, -52.0, -71.0, -57.0, -67.0, -99.0, -300.0, -74.0, -300.0, -78.0, -300.0, -67.0, -71.0, -129.0, -83.0, -67.0, -57.0, -92.0, -300.0, -300.0, -79.0, -115.0, -300.0, -55.0, -55.0, -59.0, -300.0, -63.0, -84.0, -72.0, -300.0, -52.0, -67.0, -300.0, -71.0, -79.0, -71.0, -300.0, -59.0, -98.0, -300.0, -300.0, -300.0, -95.0, -67.0, -300.0, -62.0, -300.0, -77.0, -300.0, -87.0, -87.0, -300.0, -75.0, -75.0, -300.0, -83.0, -83.0, -300.0, -67.0, -300.0, -70.0, -75.0, -219.0, -66.0, -86.0, -300.0, -75.0, -300.0, -62.0, -71.0, -91.0, -65.0, -300.0, -300.0, -60.0, -300.0, -79.0, -75.0, -119.0, -300.0, -300.0, -297.0, -71.0, -300.0, -51.0, -83.0, -119.0, -67.0, -95.0, -167.0, -62.0, -55.0], [-91.0, -84.0, -91.0, -61.0, -76.0, -84.0, -300.0, -300.0, -83.0, -149.0, -161.0, -300.0, -68.0, -298.0, -77.0, -59.0, -300.0, -63.0, -71.0, -92.0, -78.0, -70.0, -300.0, -83.0, -300.0, -103.0, -97.0, -57.0, -78.0, -300.0, -66.0, -55.0, -72.0, -71.0, -71.0, -79.0, -120.0, -300.0, -71.0, -79.0, -135.0, -75.0, -87.0, -300.0, -300.0, -71.0, -300.0, -177.0, -107.0, -67.0, -75.0, -131.0, -151.0, -93.0, -59.0, -153.0, -55.0, -300.0, -99.0, -97.0, -67.0, -47.0, -192.0, -300.0, -189.0, -72.0, -63.0, -79.0, -75.0, -91.0, -68.0, -63.0, -77.0, -300.0, -75.0, -62.0, -95.0, -185.0, -71.0, -63.0, -300.0, -72.0, -118.0, -91.0, -300.0, -84.0, -300.0, -51.0, -98.0, -300.0, -298.0, -67.0, -300.0, -300.0, -91.0, -86.0, -300.0, -59.0, -75.0, -95.0], [-55.0, -83.0, -47.0, -300.0, -58.0, -300.0, -300.0, -64.0, -62.0, -80.0, -67.0, -300.0, -67.0, -300.0, -59.0, -72.0, -300.0, -300.0, -91.0, -59.0, -74.0, -79.0, -82.0, -75.0, -79.0, -300.0, -300.0, -300.0, -73.0, -75.0, -53.0, -74.0, -54.0, -179.0, -82.0, -59.0, -67.0, -66.0, -51.0, -67.0, -79.0, -79.0, -103.0, -88.0, -64.0, -71.0, -56.0, -300.0, -55.0, -75.0, -98.0, -79.0, -95.0, -71.0, -77.0, -300.0, -75.0, -83.0, -133.0, -75.0, -54.0, -57.0, -63.0, -115.0, -66.0, -94.0, -94.0, -82.0, -79.0, -63.0, -67.0, -68.0, -71.0, -300.0, -63.0, -63.0, -67.0, -71.0, -91.0, -83.0, -263.0, -131.0, -300.0, -87.0, -91.0, -300.0, -67.0, -152.0, -78.0, -82.0, -87.0, -82.0, -59.0, -67.0, -300.0, -71.0, -300.0, -300.0, -300.0, -87.0], [-59.0, -58.0, -300.0, -83.0, -300.0, -95.0, -59.0, -62.0, -65.0, -58.0, -88.0, -51.0, -300.0, -132.0, -300.0, -300.0, -103.0, -79.0, -62.0, -300.0, -300.0, -300.0, -59.0, -55.0, -52.0, -63.0, -107.0, -60.0, -62.0, -67.0, -71.0, -300.0, -51.0, -64.0, -67.0, -73.0, -67.0, -67.0, -75.0, -298.0, -72.0, -62.0, -82.0, -67.0, -51.0, -55.0, -60.0, -67.0, -300.0, -91.0, -118.0, -300.0, -83.0, -71.0, -300.0, -65.0, -58.0, -59.0, -83.0, -67.0, -123.0, -79.0, -217.0, -90.0, -107.0, -79.0, -135.0, -105.0, -300.0, -102.0, -300.0, -299.0, -71.0, -90.0, -300.0, -71.0, -99.0, -75.0, -300.0, -300.0, -51.0, -55.0, -87.0, -300.0, -75.0, -63.0, -300.0, -74.0, -300.0, -91.0, -83.0, -75.0, -63.0, -55.0, -61.0, -91.0, -300.0, -300.0, -74.0, -60.0]], "success_matrix": [[true, false, false, true, true, true, true, true, false, true, true, true, true, true, true, false, true, false, true, true, false, true, true, false, false, true, true, true, true, true, true, true, true, true, true, true, true, false, false, false, true, true, true, true, true, true, false, true, false, true, false, true, true, false, true, false, true, true, true, true, false, true, false, false, true, true, true, true, true, true, true, true, false, true, true, true, true, true, true, false, false, true, true, true, false, true, false, false, true, false, false, true, false, true, true, true, true, false, true, true], [true, true, true, true, false, true, false, true, true, true, true, true, true, false, true, false, true, false, true, true, true, true, true, true, true, false, false, true, true, false, true, true, true, false, true, true, true, false, true, true, false, true, true, true, false, true, true, false, false, false, true, true, false, true, false, true, false, true, true, false, true, true, false, true, true, false, true, false, true, true, true, true, true, false, true, false, true, true, true, true, false, false, true, false, true, true, true, false, false, false, true, false, true, true, true, true, true, true, true, true], [true, true, true, true, true, true, false, false, true, true, true, false, true, false, true, true, false, true, true, true, true, true, false, true, false, true, true, true, true, false, true, true, true, true, true, true, true, false, true, true, true, true, true, false, false, true, false, true, true, true, true, true, true, true, true, true, true, false, true, true, true, true, true, false, true, true, true, true, true, true, true, true, true, false, true, true, true, true, true, true, false, true, true, true, false, true, false, true, true, false, false, true, false, false, true, true, false, true, true, true], [true, true, true, false, true, false, false, true, true, true, true, false, true, false, true, true, false, false, true, true, true, true, true, true, true, false, false, false, true, true, true, true, true, true, true, true, true, true, true, true, true, true, true, true, true, true, true, false, true, true, true, true, true, true, true, false, true, true, true, true, true, true, true, true, true, true, true, true, true, true, true, true, true, false, true, true, true, true, true, true, true, true, false, true, true, false, true, true, true, true, true, true, true, true, false, true, false, false, false, true], [true, true, false, true, false, true, true, true, true, true, true, true, false, true, false, false, true, true, true, false, false, false, true, true, true, true, true, true, true, true, true, false, true, true, true, true, true, true, true, false, true, true, true, true, true, true, true, true, false, true, true, false, true, true, false, true, true, true, true, true, true, true, true, true, true, true, true, true, false, true, false, false, true, true, false, true, true, true, false, false, true, true, true, false, true, true, false, true, false, true, true, true, true, true, true, true, false, false, true, true]], "ticket_name": "zo_envs10_iter100_cand10_lambda2.0_seed666_ddim8_20251212_061609/seed_669", "eval_noise_idx": 0, "eval_seed": 1619}