{"n_seeds": 5, "n_evals_per_seed": 100, "reward_mean": -199.6800079345703, "reward_std": 8.292848587036133, "success_mean": 0.7859999999999999, "success_std": 0.045055521304275245, "episode_seeds": [1619, 1620, 1621, 1622, 1623], "seed_reward_means": [-194.6699981689453, -202.2100067138672, -201.50999450683594, -210.9600067138672, -189.0500030517578], "seed_success_means": [0.81, 0.77, 0.79, 0.72, 0.84], "reward_matrix": [[-188.0, -180.0, -300.0, -133.0, -192.0, -160.0, -300.0, -234.0, -156.0, -200.0, -269.0, -164.0, -168.0, -168.0, -164.0, -172.0, -156.0, -172.0, -226.0, -172.0, -143.0, -300.0, -140.0, -180.0, -168.0, -192.0, -160.0, -152.0, -256.0, -136.0, -160.0, -176.0, -168.0, -140.0, -156.0, -172.0, -152.0, -300.0, -300.0, -300.0, -300.0, -244.0, -192.0, -224.0, -144.0, -160.0, -168.0, -167.0, -148.0, -156.0, -148.0, -140.0, -152.0, -156.0, -143.0, -300.0, -152.0, -148.0, -300.0, -172.0, -300.0, -300.0, -136.0, -148.0, -172.0, -160.0, -172.0, -164.0, -148.0, -300.0, -300.0, -160.0, -176.0, -220.0, -300.0, -281.0, -160.0, -300.0, -300.0, -300.0, -180.0, -203.0, -152.0, -300.0, -124.0, -180.0, -188.0, -300.0, -144.0, -152.0, -156.0, -160.0, -156.0, -180.0, -152.0, -184.0, -153.0, -159.0, -164.0, -144.0], [-164.0, -300.0, -203.0, -168.0, -167.0, -185.0, -148.0, -168.0, -157.0, -160.0, -151.0, -168.0, -164.0, -235.0, -168.0, -196.0, -172.0, -176.0, -184.0, -160.0, -300.0, -180.0, -155.0, -164.0, -148.0, -300.0, -156.0, -185.0, -163.0, -198.0, -175.0, -180.0, -300.0, -169.0, -192.0, -156.0, -171.0, -300.0, -184.0, -165.0, -300.0, -164.0, -180.0, -197.0, -164.0, -152.0, -148.0, -268.0, -300.0, -300.0, -188.0, -192.0, -144.0, -164.0, -300.0, -168.0, -140.0, -157.0, -156.0, -140.0, -156.0, -300.0, -300.0, -184.0, -284.0, -152.0, -300.0, -176.0, -148.0, -300.0, -300.0, -203.0, -144.0, -144.0, -144.0, -180.0, -300.0, -156.0, -156.0, -300.0, -196.0, -172.0, -300.0, -171.0, -294.0, -184.0, -300.0, -168.0, -300.0, -168.0, -300.0, -300.0, -176.0, -144.0, -196.0, -176.0, -300.0, -140.0, -152.0, -300.0], [-168.0, -155.0, -156.0, -259.0, -155.0, -155.0, -221.0, -216.0, -152.0, -300.0, -156.0, -300.0, -300.0, -144.0, -148.0, -168.0, -172.0, -168.0, -159.0, -164.0, -172.0, -168.0, -136.0, -200.0, -195.0, -180.0, -144.0, -156.0, -180.0, -300.0, -300.0, -300.0, -200.0, -160.0, -182.0, -300.0, -300.0, -148.0, -180.0, -155.0, -300.0, -300.0, -300.0, -189.0, -164.0, -148.0, -237.0, -185.0, -164.0, -140.0, -152.0, -184.0, -192.0, -179.0, -148.0, -152.0, -164.0, -156.0, -164.0, -152.0, -152.0, -300.0, -300.0, -180.0, -226.0, -204.0, -300.0, -252.0, -160.0, -180.0, -180.0, -140.0, -300.0, -272.0, -160.0, -176.0, -156.0, -180.0, -140.0, -184.0, -144.0, -198.0, -148.0, -300.0, -152.0, -226.0, -164.0, -300.0, -260.0, -180.0, -300.0, -176.0, -193.0, -300.0, -300.0, -300.0, -175.0, -147.0, -260.0, -144.0], [-180.0, -300.0, -300.0, -192.0, -300.0, -140.0, -160.0, -300.0, -300.0, -176.0, -257.0, -152.0, -156.0, -136.0, -300.0, -160.0, -172.0, -148.0, -300.0, -140.0, -176.0, -285.0, -164.0, -300.0, -176.0, -160.0, -144.0, -176.0, -243.0, -164.0, -300.0, -300.0, -223.0, -156.0, -140.0, -300.0, -300.0, -192.0, -192.0, -252.0, -204.0, -300.0, -156.0, -300.0, -300.0, -168.0, -300.0, -207.0, -176.0, -144.0, -233.0, -155.0, -152.0, -164.0, -300.0, -300.0, -200.0, -168.0, -143.0, -192.0, -164.0, -184.0, -231.0, -220.0, -188.0, -152.0, -148.0, -300.0, -195.0, -168.0, -196.0, -184.0, -300.0, -300.0, -148.0, -144.0, -300.0, -188.0, -152.0, -172.0, -300.0, -156.0, -300.0, -204.0, -300.0, -224.0, -160.0, -300.0, -136.0, -196.0, -144.0, -164.0, -208.0, -152.0, -168.0, -300.0, -300.0, -148.0, -156.0, -172.0], [-152.0, -180.0, -136.0, -148.0, -148.0, -176.0, -192.0, -144.0, -180.0, -144.0, -300.0, -152.0, -201.0, -148.0, -188.0, -203.0, -152.0, -136.0, -168.0, -300.0, -196.0, -144.0, -176.0, -300.0, -160.0, -168.0, -300.0, -156.0, -300.0, -162.0, -156.0, -300.0, -300.0, -160.0, -140.0, -164.0, -192.0, -156.0, -148.0, -160.0, -164.0, -180.0, -158.0, -160.0, -196.0, -300.0, -192.0, -148.0, -196.0, -140.0, -159.0, -164.0, -300.0, -300.0, -300.0, -147.0, -148.0, -217.0, -131.0, -193.0, -156.0, -188.0, -148.0, -300.0, -144.0, -152.0, -171.0, -180.0, -232.0, -156.0, -176.0, -300.0, -300.0, -148.0, -164.0, -300.0, -164.0, -171.0, -240.0, -179.0, -239.0, -167.0, -176.0, -192.0, -140.0, -172.0, -148.0, -228.0, -172.0, -164.0, -300.0, -180.0, -188.0, -169.0, -142.0, -160.0, -156.0, -132.0, -180.0, -152.0]], "success_matrix": [[true, true, false, true, true, true, false, true, true, true, true, true, true, true, true, true, true, true, true, true, true, false, true, true, true, true, true, true, true, true, true, true, true, true, true, true, true, false, false, false, false, true, true, true, true, true, true, true, true, true, true, true, true, true, true, false, true, true, false, true, false, false, true, true, true, true, true, true, true, false, false, true, true, true, false, true, true, false, false, false, true, true, true, false, true, true, true, false, true, true, true, true, true, true, true, true, true, true, true, true], [true, false, true, true, true, true, true, true, true, true, true, true, true, true, true, true, true, true, true, true, false, true, true, true, true, false, true, true, true, true, true, true, false, true, true, true, true, false, true, true, false, true, true, true, true, true, true, true, false, false, true, true, true, true, false, true, true, true, true, true, true, false, false, true, true, true, false, true, true, false, false, true, true, true, true, true, false, true, true, false, true, true, false, true, true, true, false, true, false, true, false, false, true, true, true, true, false, true, true, false], [true, true, true, true, true, true, true, true, true, false, true, false, false, true, true, true, true, true, true, true, true, true, true, true, true, true, true, true, true, false, false, false, true, true, true, false, false, true, true, true, false, false, false, true, true, true, true, true, true, true, true, true, true, true, true, true, true, true, true, true, true, false, false, true, true, true, false, true, true, true, true, true, false, true, true, true, true, true, true, true, true, true, true, false, true, true, true, false, true, true, false, true, true, false, false, false, true, true, true, true], [true, false, false, true, false, true, true, false, false, true, true, true, true, true, false, true, true, true, false, true, true, true, true, false, true, true, true, true, true, true, false, false, true, true, true, false, false, true, true, true, true, false, true, false, false, true, false, true, true, true, true, true, true, true, false, false, true, true, true, true, true, true, true, true, true, true, true, false, true, true, true, true, false, false, true, true, false, true, true, true, false, true, false, true, false, true, true, false, true, true, true, true, true, true, true, false, false, true, true, true], [true, true, true, true, true, true, true, true, true, true, false, true, true, true, true, true, true, true, true, false, true, true, true, false, true, true, false, true, false, true, true, false, false, true, true, true, true, true, true, true, true, true, true, true, true, false, true, true, true, true, true, true, false, false, false, true, true, true, true, true, true, true, true, false, true, true, true, true, true, true, true, false, false, true, true, false, true, true, true, true, true, true, true, true, true, true, true, true, true, true, false, true, true, true, true, true, true, true, true, true]], "ticket_name": "zo_envs10_iter100_cand10_lambda2.0_seed666_ddim8_20251212_062154/seed_673", "eval_noise_idx": 0, "eval_seed": 1619}