{"num_noise_samples": 501, "num_envs": 10, "success_rate_mean": 0.21896210312843323, "success_rate_std": 0.1703517585992813, "best_success_rate": 0.6, "best_original_index": 310, "success_rates_sorted": [0.6, 0.6, 0.6, 0.6, 0.6, 0.6, 0.6, 0.5, 0.5, 0.5, 0.5, 0.5, 0.5, 0.5, 0.5, 0.5, 0.5, 0.5, 0.5, 0.5, 0.5, 0.5, 0.5, 0.5, 0.5, 0.5, 0.5, 0.5, 0.5, 0.5, 0.5, 0.5, 0.5, 0.5, 0.5, 0.5, 0.5, 0.5, 0.5, 0.5, 0.5, 0.5, 0.5, 0.5, 0.5, 0.5, 0.5, 0.5, 0.5, 0.5, 0.4, 0.4, 0.4, 0.4, 0.4, 0.4, 0.4, 0.4, 0.4, 0.4, 0.4, 0.4, 0.4, 0.4, 0.4, 0.4, 0.4, 0.4, 0.4, 0.4, 0.4, 0.4, 0.4, 0.4, 0.4, 0.4, 0.4, 0.4, 0.4, 0.4, 0.4, 0.4, 0.4, 0.4, 0.4, 0.4, 0.4, 0.4, 0.4, 0.4, 0.4, 0.4, 0.4, 0.4, 0.4, 0.4, 0.4, 0.4, 0.4, 0.4, 0.4, 0.4, 0.4, 0.4, 0.4, 0.4, 0.4, 0.4, 0.4, 0.4, 0.4, 0.4, 0.4, 0.4, 0.4, 0.4, 0.4, 0.4, 0.4, 0.4, 0.4, 0.4, 0.4, 0.4, 0.4, 0.4, 0.4, 0.4, 0.4, 0.4, 0.4, 0.4, 0.4, 0.4, 0.3, 0.3, 0.3, 0.3, 0.3, 0.3, 0.3, 0.3, 0.3, 0.3, 0.3, 0.3, 0.3, 0.3, 0.3, 0.3, 0.3, 0.3, 0.3, 0.3, 0.3, 0.3, 0.3, 0.3, 0.3, 0.3, 0.3, 0.3, 0.3, 0.3, 0.3, 0.3, 0.3, 0.3, 0.3, 0.3, 0.3, 0.3, 0.3, 0.3, 0.3, 0.3, 0.3, 0.3, 0.3, 0.3, 0.3, 0.3, 0.3, 0.3, 0.3, 0.3, 0.3, 0.3, 0.3, 0.3, 0.3, 0.3, 0.3, 0.3, 0.3, 0.3, 0.3, 0.3, 0.3, 0.3, 0.3, 0.3, 0.3, 0.3, 0.3, 0.3, 0.3, 0.3, 0.3, 0.3, 0.3, 0.3, 0.3, 0.3, 0.3, 0.3, 0.3, 0.3, 0.3, 0.3, 0.3, 0.2, 0.2, 0.2, 0.2, 0.2, 0.2, 0.2, 0.2, 0.2, 0.2, 0.2, 0.2, 0.2, 0.2, 0.2, 0.2, 0.2, 0.2, 0.2, 0.2, 0.2, 0.2, 0.2, 0.2, 0.2, 0.2, 0.2, 0.2, 0.2, 0.2, 0.2, 0.2, 0.2, 0.2, 0.2, 0.2, 0.2, 0.2, 0.2, 0.2, 0.2, 0.2, 0.2, 0.2, 0.2, 0.2, 0.2, 0.2, 0.2, 0.2, 0.2, 0.2, 0.2, 0.2, 0.2, 0.2, 0.2, 0.2, 0.2, 0.2, 0.2, 0.2, 0.2, 0.2, 0.2, 0.2, 0.2, 0.2, 0.2, 0.2, 0.2, 0.2, 0.2, 0.2, 0.2, 0.2, 0.2, 0.2, 0.1, 0.1, 0.1, 0.1, 0.1, 0.1, 0.1, 0.1, 0.1, 0.1, 0.1, 0.1, 0.1, 0.1, 0.1, 0.1, 0.1, 0.1, 0.1, 0.1, 0.1, 0.1, 0.1, 0.1, 0.1, 0.1, 0.1, 0.1, 0.1, 0.1, 0.1, 0.1, 0.1, 0.1, 0.1, 0.1, 0.1, 0.1, 0.1, 0.1, 0.1, 0.1, 0.1, 0.1, 0.1, 0.1, 0.1, 0.1, 0.1, 0.1, 0.1, 0.1, 0.1, 0.1, 0.1, 0.1, 0.1, 0.1, 0.1, 0.1, 0.1, 0.1, 0.1, 0.1, 0.1, 0.1, 0.1, 0.1, 0.1, 0.1, 0.1, 0.1, 0.1, 0.1, 0.1, 0.1, 0.1, 0.1, 0.1, 0.1, 0.1, 0.1, 0.1, 0.1, 0.1, 0.1, 0.1, 0.0, 0.0, 0.0, 0.0, 0.0, 0.0, 0.0, 0.0, 0.0, 0.0, 0.0, 0.0, 0.0, 0.0, 0.0, 0.0, 0.0, 0.0, 0.0, 0.0, 0.0, 0.0, 0.0, 0.0, 0.0, 0.0, 0.0, 0.0, 0.0, 0.0, 0.0, 0.0, 0.0, 0.0, 0.0, 0.0, 0.0, 0.0, 0.0, 0.0, 0.0, 0.0, 0.0, 0.0, 0.0, 0.0, 0.0, 0.0, 0.0, 0.0, 0.0, 0.0, 0.0, 0.0, 0.0, 0.0, 0.0, 0.0, 0.0, 0.0, 0.0, 0.0, 0.0, 0.0, 0.0, 0.0, 0.0, 0.0, 0.0, 0.0, 0.0, 0.0, 0.0, 0.0, 0.0, 0.0, 0.0, 0.0, 0.0, 0.0, 0.0, 0.0, 0.0, 0.0, 0.0, 0.0, 0.0, 0.0, 0.0, 0.0, 0.0, 0.0, 0.0, 0.0, 0.0, 0.0, 0.0, 0.0, 0.0, 0.0, 0.0, 0.0, 0.0, 0.0, 0.0, 0.0, 0.0, 0.0, 0.0, 0.0, 0.0, 0.0, 0.0, 0.0, 0.0], "original_success_rates": [0.0, 0.0, 0.1, 0.0, 0.0, 0.0, 0.0, 0.0, 0.0, 0.0, 0.0, 0.0, 0.0, 0.0, 0.0, 0.0, 0.1, 0.0, 0.0, 0.1, 0.0, 0.1, 0.0, 0.0, 0.0, 0.1, 0.0, 0.0, 0.0, 0.0, 0.0, 0.0, 0.0, 0.1, 0.1, 0.0, 0.0, 0.0, 0.1, 0.0, 0.1, 0.0, 0.0, 0.0, 0.0, 0.1, 0.0, 0.0, 0.0, 0.1, 0.1, 0.1, 0.1, 0.0, 0.0, 0.1, 0.1, 0.0, 0.1, 0.0, 0.1, 0.1, 0.1, 0.0, 0.0, 0.1, 0.2, 0.1, 0.0, 0.1, 0.0, 0.1, 0.0, 0.0, 0.0, 0.0, 0.1, 0.0, 0.1, 0.1, 0.0, 0.1, 0.0, 0.0, 0.0, 0.0, 0.1, 0.0, 0.1, 0.0, 0.1, 0.0, 0.1, 0.0, 0.0, 0.0, 0.0, 0.0, 0.1, 0.0, 0.0, 0.1, 0.1, 0.0, 0.0, 0.0, 0.0, 0.0, 0.1, 0.1, 0.1, 0.1, 0.0, 0.0, 0.1, 0.0, 0.0, 0.0, 0.0, 0.0, 0.0, 0.2, 0.2, 0.0, 0.0, 0.1, 0.0, 0.1, 0.0, 0.0, 0.1, 0.1, 0.1, 0.0, 0.1, 0.1, 0.0, 0.0, 0.0, 0.1, 0.1, 0.2, 0.0, 0.0, 0.0, 0.0, 0.1, 0.2, 0.1, 0.1, 0.1, 0.0, 0.0, 0.1, 0.0, 0.1, 0.0, 0.0, 0.1, 0.0, 0.1, 0.2, 0.0, 0.0, 0.1, 0.1, 0.0, 0.0, 0.3, 0.0, 0.2, 0.1, 0.2, 0.0, 0.0, 0.2, 0.1, 0.1, 0.2, 0.3, 0.1, 0.0, 0.0, 0.0, 0.3, 0.2, 0.1, 0.3, 0.1, 0.0, 0.1, 0.1, 0.2, 0.1, 0.4, 0.0, 0.4, 0.1, 0.0, 0.4, 0.0, 0.1, 0.4, 0.4, 0.1, 0.2, 0.2, 0.1, 0.3, 0.3, 0.5, 0.4, 0.5, 0.3, 0.2, 0.6, 0.1, 0.3, 0.4, 0.4, 0.0, 0.2, 0.5, 0.2, 0.2, 0.3, 0.2, 0.2, 0.2, 0.4, 0.4, 0.2, 0.4, 0.4, 0.3, 0.2, 0.4, 0.2, 0.1, 0.1, 0.4, 0.4, 0.3, 0.4, 0.3, 0.1, 0.2, 0.5, 0.5, 0.1, 0.1, 0.4, 0.1, 0.2, 0.1, 0.3, 0.2, 0.5, 0.3, 0.4, 0.4, 0.4, 0.2, 0.2, 0.4, 0.3, 0.1, 0.2, 0.2, 0.1, 0.2, 0.3, 0.5, 0.2, 0.2, 0.4, 0.1, 0.2, 0.2, 0.1, 0.4, 0.4, 0.2, 0.2, 0.2, 0.2, 0.6, 0.5, 0.3, 0.5, 0.2, 0.3, 0.5, 0.5, 0.4, 0.5, 0.4, 0.5, 0.2, 0.4, 0.3, 0.5, 0.3, 0.3, 0.4, 0.3, 0.2, 0.5, 0.4, 0.4, 0.6, 0.3, 0.2, 0.2, 0.5, 0.5, 0.4, 0.3, 0.3, 0.4, 0.2, 0.4, 0.4, 0.5, 0.5, 0.5, 0.4, 0.2, 0.4, 0.4, 0.3, 0.2, 0.4, 0.4, 0.4, 0.2, 0.5, 0.4, 0.2, 0.2, 0.5, 0.4, 0.2, 0.4, 0.3, 0.5, 0.4, 0.3, 0.5, 0.3, 0.4, 0.5, 0.4, 0.2, 0.1, 0.6, 0.2, 0.5, 0.4, 0.4, 0.3, 0.5, 0.4, 0.3, 0.3, 0.3, 0.4, 0.2, 0.3, 0.3, 0.3, 0.4, 0.3, 0.5, 0.5, 0.4, 0.3, 0.4, 0.4, 0.4, 0.3, 0.3, 0.5, 0.2, 0.6, 0.5, 0.3, 0.5, 0.2, 0.4, 0.5, 0.3, 0.3, 0.3, 0.3, 0.4, 0.3, 0.3, 0.4, 0.5, 0.2, 0.2, 0.3, 0.3, 0.5, 0.4, 0.5, 0.2, 0.5, 0.4, 0.3, 0.2, 0.2, 0.3, 0.4, 0.3, 0.4, 0.2, 0.2, 0.3, 0.4, 0.4, 0.4, 0.4, 0.3, 0.3, 0.2, 0.2, 0.1, 0.4, 0.3, 0.3, 0.3, 0.3, 0.3, 0.4, 0.2, 0.3, 0.5, 0.3, 0.3, 0.3, 0.3, 0.2, 0.4, 0.4, 0.4, 0.2, 0.4, 0.2, 0.4, 0.5, 0.3, 0.4, 0.4, 0.2, 0.6, 0.3, 0.3, 0.3, 0.4, 0.3, 0.3, 0.5, 0.3, 0.3, 0.2, 0.2, 0.3, 0.0, 0.3, 0.4, 0.5, 0.3, 0.3, 0.4, 0.3, 0.3, 0.3, 0.4, 0.4, 0.2, 0.4, 0.3, 0.3, 0.3, 0.3, 0.5, 0.3, 0.2, 0.1, 0.2, 0.6, 0.2, 0.4, 0.4, 0.4, 0.2, 0.5, 0.3, 0.3], "seed": 669, "env_seeds": [3363777779, 2092606224, 2265870423, 4139673807, 3137333384, 2289435478, 184688397, 69859154, 3394972537, 1791900583]}