{"n_seeds": 5, "n_evals_per_seed": 100, "reward_mean": -183.13600158691406, "reward_std": 3.9050917625427246, "success_mean": 0.834, "success_std": 0.032863353450309954, "episode_seeds": [1619, 1620, 1621, 1622, 1623], "seed_reward_means": [-181.85000610351562, -185.7899932861328, -177.33999633789062, -187.4600067138672, -183.24000549316406], "seed_success_means": [0.84, 0.84, 0.88, 0.79, 0.82], "reward_matrix": [[-300.0, -300.0, -172.0, -300.0, -179.0, -143.0, -137.0, -221.0, -135.0, -171.0, -171.0, -132.0, -278.0, -138.0, -246.0, -159.0, -300.0, -300.0, -168.0, -160.0, -300.0, -260.0, -143.0, -160.0, -300.0, -167.0, -167.0, -136.0, -184.0, -123.0, -135.0, -164.0, -175.0, -127.0, -158.0, -123.0, -300.0, -163.0, -140.0, -171.0, -156.0, -300.0, -166.0, -165.0, -168.0, -170.0, -155.0, -123.0, -139.0, -139.0, -127.0, -120.0, -135.0, -190.0, -157.0, -174.0, -300.0, -142.0, -300.0, -144.0, -148.0, -300.0, -124.0, -123.0, -158.0, -155.0, -131.0, -136.0, -128.0, -204.0, -300.0, -123.0, -167.0, -186.0, -159.0, -176.0, -155.0, -300.0, -205.0, -300.0, -158.0, -167.0, -128.0, -272.0, -120.0, -149.0, -141.0, -186.0, -191.0, -152.0, -231.0, -156.0, -139.0, -159.0, -125.0, -183.0, -127.0, -123.0, -300.0, -124.0], [-135.0, -126.0, -244.0, -150.0, -300.0, -199.0, -147.0, -300.0, -152.0, -147.0, -300.0, -144.0, -300.0, -187.0, -300.0, -167.0, -248.0, -145.0, -300.0, -163.0, -300.0, -152.0, -181.0, -144.0, -140.0, -179.0, -127.0, -175.0, -136.0, -300.0, -171.0, -142.0, -131.0, -171.0, -300.0, -144.0, -167.0, -155.0, -160.0, -186.0, -180.0, -163.0, -136.0, -174.0, -167.0, -187.0, -180.0, -300.0, -171.0, -215.0, -300.0, -166.0, -132.0, -135.0, -215.0, -167.0, -158.0, -139.0, -139.0, -126.0, -300.0, -179.0, -220.0, -152.0, -168.0, -128.0, -191.0, -157.0, -139.0, -153.0, -187.0, -179.0, -136.0, -132.0, -144.0, -177.0, -171.0, -151.0, -180.0, -178.0, -156.0, -300.0, -168.0, -175.0, -300.0, -151.0, -163.0, -139.0, -198.0, -179.0, -237.0, -300.0, -136.0, -123.0, -159.0, -173.0, -162.0, -143.0, -300.0, -230.0], [-141.0, -300.0, -145.0, -183.0, -210.0, -300.0, -300.0, -169.0, -140.0, -147.0, -123.0, -152.0, -250.0, -131.0, -124.0, -135.0, -135.0, -150.0, -157.0, -151.0, -168.0, -186.0, -132.0, -168.0, -210.0, -200.0, -130.0, -137.0, -146.0, -182.0, -140.0, -178.0, -173.0, -167.0, -195.0, -300.0, -136.0, -123.0, -167.0, -188.0, -300.0, -173.0, -162.0, -141.0, -163.0, -141.0, -180.0, -147.0, -300.0, -119.0, -191.0, -205.0, -300.0, -155.0, -147.0, -143.0, -160.0, -143.0, -131.0, -144.0, -139.0, -277.0, -176.0, -167.0, -300.0, -172.0, -147.0, -287.0, -131.0, -160.0, -136.0, -143.0, -300.0, -228.0, -136.0, -169.0, -139.0, -176.0, -121.0, -136.0, -300.0, -184.0, -152.0, -126.0, -139.0, -221.0, -159.0, -140.0, -159.0, -155.0, -144.0, -168.0, -188.0, -136.0, -156.0, -128.0, -187.0, -138.0, -300.0, -300.0], [-152.0, -181.0, -177.0, -300.0, -166.0, -113.0, -159.0, -140.0, -300.0, -300.0, -159.0, -144.0, -152.0, -130.0, -149.0, -171.0, -300.0, -128.0, -164.0, -139.0, -148.0, -161.0, -174.0, -184.0, -162.0, -122.0, -123.0, -300.0, -157.0, -152.0, -300.0, -148.0, -300.0, -156.0, -131.0, -300.0, -137.0, -180.0, -167.0, -300.0, -300.0, -164.0, -156.0, -159.0, -300.0, -131.0, -300.0, -260.0, -300.0, -155.0, -300.0, -158.0, -156.0, -147.0, -231.0, -269.0, -171.0, -241.0, -131.0, -132.0, -152.0, -146.0, -121.0, -300.0, -163.0, -143.0, -140.0, -135.0, -130.0, -244.0, -190.0, -180.0, -267.0, -260.0, -135.0, -124.0, -300.0, -157.0, -125.0, -152.0, -124.0, -140.0, -127.0, -167.0, -300.0, -143.0, -135.0, -136.0, -131.0, -152.0, -145.0, -300.0, -300.0, -129.0, -135.0, -300.0, -155.0, -132.0, -300.0, -144.0], [-140.0, -161.0, -119.0, -152.0, -123.0, -300.0, -287.0, -127.0, -300.0, -128.0, -143.0, -122.0, -151.0, -144.0, -176.0, -143.0, -151.0, -131.0, -300.0, -195.0, -156.0, -140.0, -153.0, -184.0, -125.0, -163.0, -249.0, -124.0, -175.0, -141.0, -128.0, -134.0, -139.0, -121.0, -128.0, -184.0, -280.0, -146.0, -129.0, -135.0, -139.0, -183.0, -300.0, -147.0, -150.0, -300.0, -155.0, -147.0, -295.0, -149.0, -128.0, -167.0, -237.0, -300.0, -176.0, -300.0, -139.0, -300.0, -300.0, -175.0, -155.0, -147.0, -163.0, -180.0, -168.0, -137.0, -300.0, -164.0, -173.0, -131.0, -141.0, -300.0, -300.0, -123.0, -136.0, -246.0, -153.0, -153.0, -157.0, -300.0, -154.0, -168.0, -170.0, -300.0, -131.0, -165.0, -139.0, -150.0, -147.0, -171.0, -300.0, -154.0, -300.0, -144.0, -138.0, -143.0, -300.0, -300.0, -162.0, -147.0]], "success_matrix": [[false, false, true, false, true, true, true, true, true, true, true, true, true, true, true, true, false, false, true, true, false, true, true, true, false, true, true, true, true, true, true, true, true, true, true, true, false, true, true, true, true, false, true, true, true, true, true, true, true, true, true, true, true, true, true, true, false, true, false, true, true, false, true, true, true, true, true, true, true, true, false, true, true, true, true, true, true, false, true, false, true, true, true, true, true, true, true, true, true, true, true, true, true, true, true, true, true, true, false, true], [true, true, true, true, false, true, true, false, true, true, false, true, false, true, false, true, true, true, false, true, false, true, true, true, true, true, true, true, true, false, true, true, true, true, false, true, true, true, true, true, true, true, true, true, true, true, true, false, true, true, false, true, true, true, true, true, true, true, true, true, false, true, true, true, true, true, true, true, true, true, true, true, true, true, true, true, true, true, true, true, true, false, true, true, false, true, true, true, true, true, true, false, true, true, true, true, true, true, false, true], [true, false, true, true, true, false, false, true, true, true, true, true, true, true, true, true, true, true, true, true, true, true, true, true, true, true, true, true, true, true, true, true, true, true, true, false, true, true, true, true, false, true, true, true, true, true, true, true, false, true, true, true, false, true, true, true, true, true, true, true, true, true, true, true, false, true, true, true, true, true, true, true, false, true, true, true, true, true, true, true, false, true, true, true, true, true, true, true, true, true, true, true, true, true, true, true, true, true, false, false], [true, true, true, false, true, true, true, true, false, false, true, true, true, true, true, true, false, true, true, true, true, true, true, true, true, true, true, false, true, true, false, true, false, true, true, false, true, true, true, false, false, true, true, true, false, true, false, true, false, true, false, true, true, true, true, true, true, true, true, true, true, true, true, false, true, true, true, true, true, true, true, true, true, true, true, true, false, true, true, true, true, true, true, true, false, true, true, true, true, true, true, false, false, true, true, false, true, true, false, true], [true, true, true, true, true, false, true, true, false, true, true, true, true, true, true, true, true, true, false, true, true, true, true, true, true, true, true, true, true, true, true, true, true, true, true, true, true, true, true, true, true, true, false, true, true, false, true, true, true, true, true, true, true, false, true, false, true, false, false, true, true, true, true, true, true, true, false, true, true, true, true, false, false, true, true, true, true, true, true, false, true, true, true, false, true, true, true, true, true, true, false, true, false, true, true, true, false, false, true, true]], "ticket_name": "envs100_samples5000_seed999_20251122_233346_ddim8", "eval_noise_idx": 0, "eval_seed": 1619}