{"n_seeds": 5, "n_evals_per_seed": 100, "reward_mean": -255.4679718017578, "reward_std": 6.90005350112915, "success_mean": 0.268, "success_std": 0.031144823004794868, "episode_seeds": [1619, 1620, 1621, 1622, 1623], "seed_reward_means": [-247.8699951171875, -264.3299865722656, -252.97999572753906, -251.22000122070312, -260.94000244140625], "seed_success_means": [0.3, 0.23, 0.29, 0.28, 0.24], "reward_matrix": [[-115.0, -300.0, -300.0, -300.0, -300.0, -275.0, -300.0, -300.0, -300.0, -300.0, -300.0, -124.0, -300.0, -300.0, -300.0, -300.0, -300.0, -300.0, -97.0, -300.0, -300.0, -300.0, -300.0, -300.0, -300.0, -300.0, -300.0, -132.0, -300.0, -300.0, -300.0, -300.0, -300.0, -203.0, -124.0, -151.0, -172.0, -300.0, -300.0, -300.0, -300.0, -129.0, -300.0, -300.0, -300.0, -300.0, -88.0, -300.0, -300.0, -300.0, -300.0, -104.0, -230.0, -70.0, -300.0, -300.0, -135.0, -300.0, -300.0, -62.0, -300.0, -133.0, -300.0, -74.0, -59.0, -108.0, -300.0, -73.0, -113.0, -77.0, -109.0, -89.0, -300.0, -300.0, -300.0, -92.0, -300.0, -300.0, -272.0, -300.0, -300.0, -300.0, -92.0, -300.0, -300.0, -300.0, -300.0, -300.0, -300.0, -300.0, -84.0, -300.0, -300.0, -300.0, -300.0, -300.0, -300.0, -300.0, -201.0, -300.0], [-300.0, -300.0, -216.0, -169.0, -300.0, -300.0, -299.0, -300.0, -300.0, -114.0, -300.0, -300.0, -90.0, -74.0, -86.0, -300.0, -300.0, -300.0, -77.0, -72.0, -300.0, -300.0, -300.0, -300.0, -300.0, -300.0, -300.0, -300.0, -292.0, -300.0, -300.0, -300.0, -300.0, -300.0, -300.0, -300.0, -74.0, -300.0, -252.0, -205.0, -300.0, -300.0, -112.0, -300.0, -300.0, -300.0, -300.0, -300.0, -300.0, -300.0, -300.0, -300.0, -299.0, -109.0, -141.0, -300.0, -275.0, -300.0, -300.0, -300.0, -300.0, -300.0, -300.0, -300.0, -300.0, -300.0, -300.0, -300.0, -300.0, -300.0, -300.0, -300.0, -300.0, -300.0, -73.0, -300.0, -300.0, -300.0, -68.0, -158.0, -300.0, -300.0, -300.0, -300.0, -300.0, -181.0, -300.0, -300.0, -300.0, -300.0, -300.0, -300.0, -300.0, -300.0, -115.0, -300.0, -300.0, -280.0, -300.0, -102.0], [-300.0, -300.0, -300.0, -300.0, -300.0, -102.0, -300.0, -177.0, -194.0, -300.0, -300.0, -300.0, -118.0, -300.0, -151.0, -300.0, -300.0, -74.0, -300.0, -300.0, -136.0, -300.0, -300.0, -300.0, -300.0, -300.0, -144.0, -300.0, -72.0, -300.0, -256.0, -300.0, -80.0, -300.0, -300.0, -300.0, -300.0, -300.0, -300.0, -172.0, -300.0, -300.0, -300.0, -300.0, -300.0, -119.0, -300.0, -103.0, -94.0, -300.0, -72.0, -84.0, -300.0, -300.0, -300.0, -105.0, -300.0, -300.0, -68.0, -300.0, -300.0, -300.0, -300.0, -300.0, -300.0, -300.0, -236.0, -300.0, -212.0, -153.0, -300.0, -300.0, -128.0, -299.0, -300.0, -300.0, -300.0, -84.0, -300.0, -300.0, -300.0, -300.0, -300.0, -263.0, -300.0, -292.0, -300.0, -300.0, -62.0, -300.0, -300.0, -300.0, -300.0, -162.0, -300.0, -300.0, -300.0, -300.0, -86.0, -300.0], [-180.0, -300.0, -300.0, -300.0, -300.0, -300.0, -300.0, -300.0, -300.0, -300.0, -300.0, -300.0, -300.0, -300.0, -176.0, -100.0, -91.0, -300.0, -300.0, -300.0, -67.0, -72.0, -84.0, -69.0, -300.0, -300.0, -69.0, -298.0, -300.0, -300.0, -300.0, -71.0, -300.0, -300.0, -86.0, -298.0, -300.0, -300.0, -300.0, -300.0, -300.0, -138.0, -300.0, -80.0, -265.0, -300.0, -300.0, -300.0, -222.0, -300.0, -128.0, -300.0, -300.0, -66.0, -108.0, -300.0, -300.0, -300.0, -300.0, -68.0, -300.0, -300.0, -300.0, -138.0, -300.0, -156.0, -300.0, -85.0, -143.0, -300.0, -300.0, -300.0, -89.0, -300.0, -300.0, -300.0, -236.0, -300.0, -300.0, -300.0, -300.0, -300.0, -300.0, -280.0, -77.0, -300.0, -300.0, -184.0, -300.0, -300.0, -300.0, -300.0, -300.0, -298.0, -300.0, -300.0, -300.0, -300.0, -300.0, -300.0], [-300.0, -300.0, -300.0, -300.0, -73.0, -300.0, -300.0, -300.0, -300.0, -300.0, -102.0, -275.0, -297.0, -300.0, -134.0, -300.0, -300.0, -300.0, -300.0, -300.0, -144.0, -69.0, -229.0, -300.0, -300.0, -300.0, -72.0, -300.0, -300.0, -300.0, -148.0, -300.0, -300.0, -300.0, -300.0, -300.0, -300.0, -156.0, -300.0, -300.0, -300.0, -300.0, -86.0, -300.0, -300.0, -300.0, -300.0, -300.0, -300.0, -300.0, -77.0, -300.0, -112.0, -300.0, -300.0, -194.0, -291.0, -245.0, -300.0, -300.0, -300.0, -300.0, -166.0, -300.0, -300.0, -300.0, -300.0, -300.0, -84.0, -300.0, -300.0, -300.0, -93.0, -300.0, -63.0, -300.0, -71.0, -300.0, -300.0, -300.0, -300.0, -300.0, -79.0, -300.0, -298.0, -300.0, -300.0, -300.0, -72.0, -300.0, -300.0, -264.0, -300.0, -300.0, -300.0, -300.0, -300.0, -300.0, -300.0, -300.0]], "success_matrix": [[true, false, false, false, false, true, false, false, false, false, false, true, false, false, false, false, false, false, true, false, false, false, false, false, false, false, false, true, false, false, false, false, false, true, true, true, true, false, false, false, false, true, false, false, false, false, true, false, false, false, false, true, true, true, false, false, true, false, false, true, false, true, false, true, true, true, false, true, true, true, true, true, false, false, false, true, false, false, true, false, false, false, true, false, false, false, false, false, false, false, true, false, false, false, false, false, false, false, true, false], [false, false, true, true, false, false, false, false, false, true, false, false, true, true, true, false, false, false, true, true, false, false, false, false, false, false, false, false, true, false, false, false, false, false, false, false, true, false, true, true, false, false, true, false, false, false, false, false, false, false, false, false, false, true, true, false, true, false, false, false, false, false, false, false, false, false, false, false, false, false, false, false, false, false, true, false, false, false, true, true, false, false, false, false, false, true, false, false, false, false, false, false, false, false, true, false, false, true, false, true], [false, false, false, false, false, true, false, true, true, false, false, false, true, false, true, false, false, true, false, false, true, false, false, false, false, false, true, false, true, false, true, false, true, false, false, false, false, false, false, true, false, false, false, false, false, true, false, true, true, false, true, true, false, false, false, true, false, false, true, false, false, false, false, false, false, false, true, false, true, true, false, false, true, false, false, false, false, true, false, false, false, false, false, true, false, true, false, false, true, false, false, false, false, true, false, false, false, false, true, false], [true, false, false, false, false, false, false, false, false, false, false, false, false, false, true, true, true, false, false, false, true, true, true, true, false, false, true, false, false, false, false, true, false, false, true, false, false, false, false, false, false, true, false, true, true, false, false, false, true, false, true, false, false, true, true, false, false, false, false, true, false, false, false, true, false, true, false, true, true, false, false, false, true, false, false, false, true, false, false, false, false, false, false, true, true, false, false, true, false, false, false, false, false, false, false, false, false, false, false, false], [false, false, false, false, true, false, false, false, false, false, true, true, false, false, true, false, false, false, false, false, true, true, true, false, false, false, true, false, false, false, true, false, false, false, false, false, false, true, false, false, false, false, true, false, false, false, false, false, false, false, true, false, true, false, false, true, true, true, false, false, false, false, true, false, false, false, false, false, true, false, false, false, true, false, true, false, true, false, false, false, false, false, true, false, false, false, false, false, true, false, false, true, false, false, false, false, false, false, false, false]], "ticket_name": "zo_envs10_iter100_cand10_lambda2.0_seed666_ddim2_20251215_221703/seed_666", "eval_noise_idx": 0, "eval_seed": 1619}