{"n_seeds": 5, "n_evals_per_seed": 100, "reward_mean": -185.39999389648438, "reward_std": 10.968231201171875, "success_mean": 0.78, "success_std": 0.05612486080160913, "episode_seeds": [1619, 1620, 1621, 1622, 1623], "seed_reward_means": [-175.63999938964844, -184.38999938964844, -181.11000061035156, -204.17999267578125, -181.67999267578125], "seed_success_means": [0.86, 0.81, 0.74, 0.72, 0.77], "reward_matrix": [[-256.0, -98.0, -129.0, -156.0, -225.0, -95.0, -300.0, -73.0, -300.0, -233.0, -130.0, -90.0, -71.0, -300.0, -76.0, -87.0, -102.0, -154.0, -240.0, -54.0, -88.0, -133.0, -230.0, -79.0, -153.0, -108.0, -101.0, -219.0, -94.0, -118.0, -80.0, -194.0, -215.0, -61.0, -253.0, -185.0, -61.0, -207.0, -209.0, -70.0, -197.0, -177.0, -131.0, -195.0, -300.0, -300.0, -201.0, -127.0, -96.0, -114.0, -300.0, -201.0, -300.0, -189.0, -76.0, -300.0, -259.0, -113.0, -112.0, -197.0, -140.0, -218.0, -300.0, -208.0, -285.0, -197.0, -272.0, -254.0, -153.0, -241.0, -300.0, -133.0, -78.0, -300.0, -110.0, -274.0, -84.0, -300.0, -152.0, -165.0, -164.0, -142.0, -93.0, -132.0, -300.0, -112.0, -58.0, -300.0, -237.0, -154.0, -103.0, -228.0, -250.0, -75.0, -200.0, -244.0, -205.0, -277.0, -93.0, -121.0], [-68.0, -104.0, -125.0, -252.0, -200.0, -160.0, -66.0, -85.0, -115.0, -244.0, -96.0, -192.0, -231.0, -300.0, -232.0, -200.0, -205.0, -46.0, -300.0, -300.0, -241.0, -296.0, -268.0, -294.0, -246.0, -79.0, -253.0, -237.0, -120.0, -164.0, -61.0, -117.0, -101.0, -164.0, -63.0, -201.0, -300.0, -237.0, -300.0, -237.0, -195.0, -300.0, -147.0, -87.0, -300.0, -300.0, -300.0, -64.0, -300.0, -135.0, -99.0, -99.0, -65.0, -274.0, -257.0, -139.0, -88.0, -294.0, -101.0, -95.0, -234.0, -75.0, -104.0, -224.0, -300.0, -252.0, -300.0, -95.0, -197.0, -71.0, -125.0, -100.0, -208.0, -175.0, -264.0, -133.0, -85.0, -124.0, -289.0, -132.0, -260.0, -85.0, -93.0, -300.0, -300.0, -300.0, -226.0, -79.0, -114.0, -190.0, -264.0, -204.0, -252.0, -81.0, -191.0, -138.0, -97.0, -300.0, -76.0, -263.0], [-169.0, -300.0, -64.0, -300.0, -229.0, -148.0, -107.0, -277.0, -300.0, -140.0, -300.0, -149.0, -136.0, -300.0, -74.0, -86.0, -163.0, -300.0, -246.0, -107.0, -300.0, -136.0, -113.0, -79.0, -219.0, -150.0, -300.0, -73.0, -293.0, -135.0, -92.0, -85.0, -300.0, -300.0, -92.0, -300.0, -90.0, -142.0, -300.0, -300.0, -93.0, -68.0, -155.0, -64.0, -103.0, -101.0, -300.0, -300.0, -86.0, -166.0, -300.0, -85.0, -297.0, -300.0, -76.0, -165.0, -261.0, -90.0, -106.0, -107.0, -89.0, -300.0, -65.0, -232.0, -300.0, -131.0, -267.0, -154.0, -81.0, -126.0, -189.0, -300.0, -93.0, -186.0, -129.0, -196.0, -300.0, -236.0, -258.0, -98.0, -300.0, -150.0, -83.0, -206.0, -217.0, -64.0, -300.0, -74.0, -82.0, -118.0, -179.0, -90.0, -220.0, -231.0, -164.0, -85.0, -217.0, -84.0, -300.0, -300.0], [-300.0, -93.0, -108.0, -213.0, -94.0, -300.0, -300.0, -106.0, -257.0, -272.0, -252.0, -258.0, -300.0, -300.0, -207.0, -300.0, -249.0, -179.0, -170.0, -138.0, -217.0, -300.0, -300.0, -300.0, -97.0, -165.0, -300.0, -71.0, -142.0, -300.0, -57.0, -300.0, -300.0, -300.0, -189.0, -71.0, -300.0, -117.0, -59.0, -81.0, -281.0, -161.0, -67.0, -113.0, -252.0, -94.0, -59.0, -192.0, -223.0, -86.0, -216.0, -134.0, -116.0, -176.0, -224.0, -300.0, -79.0, -256.0, -213.0, -203.0, -300.0, -108.0, -127.0, -263.0, -300.0, -84.0, -188.0, -300.0, -271.0, -122.0, -218.0, -300.0, -285.0, -206.0, -300.0, -68.0, -221.0, -125.0, -300.0, -300.0, -300.0, -293.0, -300.0, -85.0, -102.0, -65.0, -300.0, -149.0, -285.0, -288.0, -145.0, -265.0, -110.0, -300.0, -138.0, -256.0, -300.0, -63.0, -241.0, -240.0], [-68.0, -209.0, -291.0, -241.0, -149.0, -89.0, -76.0, -106.0, -93.0, -197.0, -141.0, -69.0, -300.0, -300.0, -195.0, -120.0, -300.0, -83.0, -98.0, -164.0, -281.0, -300.0, -197.0, -300.0, -124.0, -175.0, -198.0, -127.0, -104.0, -107.0, -300.0, -222.0, -110.0, -300.0, -139.0, -109.0, -89.0, -300.0, -273.0, -300.0, -79.0, -151.0, -285.0, -101.0, -129.0, -82.0, -70.0, -265.0, -300.0, -173.0, -300.0, -118.0, -98.0, -131.0, -129.0, -182.0, -145.0, -125.0, -142.0, -225.0, -139.0, -300.0, -300.0, -106.0, -148.0, -300.0, -286.0, -258.0, -300.0, -176.0, -275.0, -300.0, -130.0, -77.0, -192.0, -87.0, -300.0, -300.0, -75.0, -98.0, -300.0, -173.0, -300.0, -141.0, -81.0, -300.0, -60.0, -70.0, -243.0, -186.0, -300.0, -114.0, -300.0, -81.0, -124.0, -176.0, -65.0, -116.0, -162.0, -155.0]], "success_matrix": [[true, true, true, true, true, true, false, true, false, true, true, true, true, false, true, true, true, true, true, true, true, true, true, true, true, true, true, true, true, true, true, true, true, true, true, true, true, true, true, true, true, true, true, true, false, false, true, true, true, true, false, true, false, true, true, false, true, true, true, true, true, true, false, true, true, true, true, true, true, true, false, true, true, false, true, true, true, false, true, true, true, true, true, true, false, true, true, false, true, true, true, true, true, true, true, true, true, true, true, true], [true, true, true, true, true, true, true, true, true, true, true, true, true, false, true, true, true, true, false, false, true, false, true, false, true, true, true, true, true, true, true, true, true, true, true, true, false, true, false, true, true, false, true, true, false, false, false, true, false, true, true, true, true, true, true, true, true, false, true, true, true, true, true, true, false, true, false, true, true, true, true, true, true, true, true, true, true, true, true, true, true, true, true, false, false, false, true, true, true, true, true, true, true, true, true, true, true, false, true, true], [true, false, true, false, true, true, true, true, false, true, false, true, true, false, true, true, true, false, true, true, false, true, true, true, true, true, false, true, true, true, true, true, false, false, true, false, true, true, false, false, true, true, true, true, true, true, false, false, true, true, false, true, false, false, true, true, true, true, true, true, true, false, true, true, false, true, true, true, true, true, true, false, true, true, true, true, false, true, true, true, false, true, true, true, true, true, false, true, true, true, true, true, true, true, true, true, true, true, false, false], [false, true, true, true, true, false, false, true, true, true, true, true, false, false, true, false, true, true, true, true, true, false, false, false, true, true, false, true, true, false, true, false, false, false, true, true, false, true, true, true, true, true, true, true, true, true, true, true, true, true, true, true, true, true, true, false, true, true, true, true, false, true, true, true, false, true, true, false, true, true, true, false, true, true, false, true, true, true, false, false, false, true, false, true, true, true, false, true, true, true, true, true, true, false, true, true, false, true, true, true], [true, true, true, true, true, true, true, true, true, true, true, true, false, false, true, true, false, true, true, true, true, false, true, false, true, true, true, true, true, true, false, true, true, false, true, true, true, false, true, false, true, true, true, true, true, true, true, true, false, true, false, true, true, true, true, true, true, true, true, true, true, false, false, true, true, false, true, true, false, true, true, false, true, true, true, true, false, false, true, true, false, true, false, true, true, false, true, true, true, true, false, true, false, true, true, true, true, true, true, true]], "ticket_name": "zo_envs10_iter500_cand2_lambda0.5_seed666_ddim8_20251212_061325/seed_671", "eval_noise_idx": 0, "eval_seed": 1619}