{"n_seeds": 5, "n_evals_per_seed": 100, "reward_mean": -278.3379821777344, "reward_std": 2.5885658264160156, "success_mean": 0.268, "success_std": 0.021679483388678797, "episode_seeds": [1619, 1620, 1621, 1622, 1623], "seed_reward_means": [-274.9700012207031, -280.8800048828125, -279.69000244140625, -279.95001220703125, -276.20001220703125], "seed_success_means": [0.3, 0.25, 0.26, 0.25, 0.28], "reward_matrix": [[-231.0, -300.0, -300.0, -300.0, -244.0, -300.0, -300.0, -300.0, -300.0, -300.0, -300.0, -300.0, -178.0, -300.0, -212.0, -300.0, -300.0, -300.0, -300.0, -236.0, -300.0, -300.0, -212.0, -300.0, -203.0, -228.0, -184.0, -300.0, -300.0, -300.0, -300.0, -276.0, -239.0, -212.0, -300.0, -300.0, -300.0, -300.0, -300.0, -300.0, -300.0, -214.0, -252.0, -300.0, -226.0, -213.0, -189.0, -300.0, -229.0, -300.0, -300.0, -300.0, -300.0, -174.0, -226.0, -300.0, -198.0, -220.0, -300.0, -300.0, -300.0, -300.0, -212.0, -214.0, -300.0, -210.0, -300.0, -300.0, -300.0, -300.0, -300.0, -300.0, -300.0, -300.0, -300.0, -300.0, -181.0, -300.0, -300.0, -300.0, -231.0, -300.0, -300.0, -300.0, -300.0, -300.0, -300.0, -300.0, -300.0, -195.0, -251.0, -300.0, -300.0, -300.0, -300.0, -300.0, -300.0, -300.0, -207.0, -300.0], [-300.0, -300.0, -256.0, -300.0, -300.0, -184.0, -300.0, -300.0, -300.0, -214.0, -226.0, -300.0, -300.0, -282.0, -219.0, -242.0, -300.0, -300.0, -300.0, -206.0, -300.0, -217.0, -300.0, -218.0, -195.0, -300.0, -300.0, -300.0, -300.0, -300.0, -294.0, -300.0, -300.0, -300.0, -226.0, -300.0, -218.0, -300.0, -300.0, -300.0, -300.0, -300.0, -300.0, -300.0, -300.0, -300.0, -300.0, -300.0, -300.0, -300.0, -300.0, -300.0, -300.0, -300.0, -300.0, -300.0, -226.0, -300.0, -300.0, -300.0, -202.0, -300.0, -300.0, -300.0, -258.0, -300.0, -300.0, -202.0, -300.0, -300.0, -300.0, -300.0, -300.0, -300.0, -300.0, -200.0, -300.0, -300.0, -190.0, -300.0, -300.0, -300.0, -300.0, -300.0, -300.0, -208.0, -300.0, -300.0, -300.0, -300.0, -300.0, -300.0, -258.0, -300.0, -210.0, -205.0, -300.0, -232.0, -300.0, -300.0], [-300.0, -300.0, -300.0, -300.0, -300.0, -300.0, -300.0, -300.0, -300.0, -300.0, -300.0, -300.0, -300.0, -300.0, -300.0, -300.0, -300.0, -223.0, -300.0, -228.0, -300.0, -300.0, -300.0, -208.0, -176.0, -184.0, -300.0, -300.0, -300.0, -300.0, -300.0, -300.0, -300.0, -300.0, -300.0, -300.0, -300.0, -300.0, -300.0, -233.0, -300.0, -300.0, -300.0, -300.0, -205.0, -267.0, -288.0, -300.0, -300.0, -300.0, -210.0, -300.0, -300.0, -300.0, -234.0, -216.0, -300.0, -300.0, -300.0, -300.0, -300.0, -300.0, -300.0, -222.0, -300.0, -300.0, -300.0, -300.0, -300.0, -210.0, -300.0, -244.0, -292.0, -300.0, -300.0, -212.0, -200.0, -208.0, -300.0, -300.0, -212.0, -300.0, -199.0, -300.0, -246.0, -300.0, -210.0, -300.0, -300.0, -300.0, -300.0, -232.0, -300.0, -300.0, -300.0, -300.0, -208.0, -300.0, -300.0, -202.0], [-220.0, -300.0, -300.0, -300.0, -300.0, -300.0, -300.0, -300.0, -300.0, -300.0, -300.0, -266.0, -300.0, -300.0, -300.0, -300.0, -198.0, -300.0, -300.0, -300.0, -300.0, -300.0, -178.0, -300.0, -300.0, -300.0, -300.0, -300.0, -300.0, -182.0, -300.0, -300.0, -286.0, -192.0, -300.0, -300.0, -300.0, -214.0, -226.0, -300.0, -300.0, -300.0, -300.0, -300.0, -300.0, -300.0, -300.0, -300.0, -218.0, -204.0, -300.0, -217.0, -198.0, -300.0, -300.0, -300.0, -300.0, -188.0, -300.0, -300.0, -182.0, -300.0, -300.0, -300.0, -293.0, -300.0, -242.0, -300.0, -300.0, -196.0, -300.0, -227.0, -300.0, -300.0, -300.0, -208.0, -300.0, -230.0, -300.0, -284.0, -300.0, -242.0, -300.0, -218.0, -300.0, -300.0, -300.0, -300.0, -300.0, -300.0, -300.0, -300.0, -300.0, -300.0, -300.0, -300.0, -300.0, -300.0, -186.0, -300.0], [-300.0, -184.0, -300.0, -300.0, -300.0, -206.0, -300.0, -300.0, -231.0, -300.0, -300.0, -300.0, -300.0, -300.0, -276.0, -300.0, -300.0, -300.0, -184.0, -300.0, -300.0, -235.0, -205.0, -300.0, -300.0, -194.0, -300.0, -300.0, -300.0, -300.0, -300.0, -300.0, -300.0, -300.0, -300.0, -231.0, -211.0, -300.0, -300.0, -300.0, -300.0, -300.0, -300.0, -300.0, -300.0, -300.0, -200.0, -300.0, -244.0, -300.0, -300.0, -182.0, -300.0, -300.0, -300.0, -300.0, -250.0, -300.0, -250.0, -233.0, -210.0, -300.0, -300.0, -300.0, -300.0, -300.0, -300.0, -196.0, -300.0, -300.0, -300.0, -300.0, -300.0, -219.0, -300.0, -300.0, -300.0, -300.0, -300.0, -202.0, -300.0, -182.0, -200.0, -300.0, -257.0, -182.0, -300.0, -300.0, -300.0, -300.0, -300.0, -180.0, -300.0, -300.0, -300.0, -199.0, -300.0, -300.0, -218.0, -259.0]], "success_matrix": [[true, false, false, false, true, false, false, false, false, false, false, false, true, false, true, false, false, false, false, true, false, false, true, false, true, true, true, false, false, false, false, true, true, true, false, false, false, false, false, false, false, true, true, false, true, true, true, false, true, false, false, false, false, true, true, false, true, true, false, false, false, false, true, true, false, true, false, false, false, false, false, false, false, false, false, false, true, false, false, false, true, false, false, false, false, false, false, false, false, true, true, false, false, false, false, false, false, false, true, false], [false, false, true, false, false, true, false, false, false, true, true, false, false, true, true, true, false, false, false, true, false, true, false, true, true, false, false, false, false, false, true, false, false, false, true, false, true, false, false, false, false, false, false, false, false, false, false, false, false, false, false, false, false, false, false, false, true, false, false, false, true, false, false, false, true, false, false, true, false, false, false, false, false, false, false, true, false, false, true, false, false, false, false, false, false, true, false, false, false, false, false, false, true, false, true, true, false, true, false, false], [false, false, false, false, false, false, false, false, false, false, false, false, false, false, false, false, false, true, false, true, false, false, false, true, true, true, false, false, false, false, false, false, false, false, false, false, false, false, false, true, false, false, false, false, true, true, true, false, false, false, true, false, false, false, true, true, false, false, false, false, false, false, false, true, false, false, false, false, false, true, false, true, true, false, false, true, true, true, false, false, true, false, true, false, true, false, true, false, false, false, false, true, false, false, false, false, true, false, false, true], [true, false, false, false, false, false, false, false, false, false, false, true, false, false, false, false, true, false, false, false, false, false, true, false, false, false, false, false, false, true, false, false, true, true, false, false, false, true, true, false, false, false, false, false, false, false, false, false, true, true, false, true, true, false, false, false, false, true, false, false, true, false, false, false, true, false, true, false, false, true, false, true, false, false, false, true, false, true, false, true, false, true, false, true, false, false, false, false, false, false, false, false, false, false, false, false, false, false, true, false], [false, true, false, false, false, true, false, false, true, false, false, false, false, false, true, false, false, false, true, false, false, true, true, false, false, true, false, false, false, false, false, false, false, false, false, true, true, false, false, false, false, false, false, false, false, false, true, false, true, false, false, true, false, false, false, false, true, false, true, true, true, false, false, false, false, false, false, true, false, false, false, false, false, true, false, false, false, false, false, true, false, true, true, false, true, true, false, false, false, false, false, true, false, false, false, true, false, false, true, true]], "ticket_name": "zo_envs10_iter500_cand2_lambda10.0_seed666_ddim8_20251213_183839/seed_670", "eval_noise_idx": 0, "eval_seed": 1619}