{"n_seeds": 5, "n_evals_per_seed": 100, "reward_mean": -222.35400390625, "reward_std": 14.592884063720703, "success_mean": 0.41600000000000004, "success_std": 0.06465291950097847, "episode_seeds": [1619, 1620, 1621, 1622, 1623], "seed_reward_means": [-216.47999572753906, -225.7100067138672, -236.14999389648438, -233.3300018310547, -200.10000610351562], "seed_success_means": [0.43, 0.43, 0.36, 0.35, 0.51], "reward_matrix": [[-300.0, -300.0, -300.0, -61.0, -300.0, -300.0, -300.0, -300.0, -300.0, -252.0, -73.0, -300.0, -50.0, -242.0, -275.0, -54.0, -300.0, -300.0, -300.0, -300.0, -160.0, -300.0, -97.0, -95.0, -300.0, -300.0, -53.0, -50.0, -62.0, -59.0, -72.0, -60.0, -300.0, -300.0, -300.0, -300.0, -300.0, -46.0, -300.0, -293.0, -300.0, -300.0, -68.0, -300.0, -300.0, -300.0, -300.0, -108.0, -300.0, -300.0, -126.0, -56.0, -300.0, -300.0, -300.0, -136.0, -300.0, -300.0, -300.0, -300.0, -71.0, -300.0, -65.0, -300.0, -300.0, -77.0, -122.0, -300.0, -51.0, -300.0, -109.0, -300.0, -112.0, -56.0, -102.0, -48.0, -273.0, -300.0, -108.0, -77.0, -300.0, -149.0, -295.0, -300.0, -300.0, -300.0, -133.0, -96.0, -300.0, -300.0, -300.0, -300.0, -63.0, -47.0, -178.0, -300.0, -300.0, -300.0, -300.0, -68.0], [-300.0, -249.0, -300.0, -64.0, -154.0, -60.0, -191.0, -93.0, -58.0, -50.0, -300.0, -300.0, -300.0, -300.0, -300.0, -300.0, -298.0, -300.0, -70.0, -300.0, -300.0, -212.0, -300.0, -66.0, -300.0, -145.0, -300.0, -166.0, -57.0, -140.0, -207.0, -65.0, -300.0, -300.0, -88.0, -300.0, -300.0, -300.0, -100.0, -300.0, -300.0, -300.0, -300.0, -224.0, -300.0, -300.0, -300.0, -143.0, -300.0, -100.0, -300.0, -237.0, -173.0, -300.0, -300.0, -300.0, -201.0, -300.0, -229.0, -249.0, -300.0, -50.0, -300.0, -81.0, -300.0, -300.0, -300.0, -202.0, -210.0, -300.0, -300.0, -57.0, -84.0, -300.0, -300.0, -185.0, -46.0, -61.0, -300.0, -58.0, -181.0, -52.0, -185.0, -300.0, -300.0, -91.0, -300.0, -300.0, -300.0, -300.0, -87.0, -300.0, -300.0, -52.0, -300.0, -300.0, -300.0, -300.0, -300.0, -300.0], [-300.0, -300.0, -300.0, -300.0, -300.0, -300.0, -300.0, -300.0, -300.0, -70.0, -51.0, -300.0, -300.0, -149.0, -300.0, -168.0, -75.0, -300.0, -300.0, -300.0, -85.0, -300.0, -300.0, -300.0, -300.0, -100.0, -300.0, -203.0, -300.0, -147.0, -300.0, -63.0, -300.0, -242.0, -300.0, -78.0, -56.0, -141.0, -300.0, -105.0, -300.0, -300.0, -300.0, -270.0, -58.0, -300.0, -300.0, -300.0, -47.0, -59.0, -300.0, -300.0, -300.0, -300.0, -53.0, -300.0, -60.0, -53.0, -300.0, -300.0, -94.0, -300.0, -300.0, -257.0, -300.0, -153.0, -300.0, -69.0, -253.0, -300.0, -300.0, -300.0, -300.0, -300.0, -300.0, -300.0, -300.0, -300.0, -300.0, -56.0, -300.0, -300.0, -169.0, -300.0, -297.0, -241.0, -300.0, -260.0, -300.0, -84.0, -300.0, -300.0, -220.0, -84.0, -300.0, -300.0, -69.0, -76.0, -300.0, -300.0], [-73.0, -300.0, -300.0, -300.0, -300.0, -300.0, -81.0, -56.0, -275.0, -298.0, -120.0, -59.0, -300.0, -79.0, -190.0, -300.0, -300.0, -300.0, -97.0, -300.0, -300.0, -300.0, -300.0, -300.0, -300.0, -246.0, -300.0, -73.0, -300.0, -300.0, -188.0, -300.0, -64.0, -300.0, -300.0, -300.0, -300.0, -300.0, -300.0, -300.0, -60.0, -300.0, -300.0, -300.0, -52.0, -70.0, -300.0, -54.0, -300.0, -300.0, -300.0, -61.0, -300.0, -300.0, -300.0, -300.0, -300.0, -300.0, -300.0, -300.0, -300.0, -194.0, -78.0, -300.0, -300.0, -300.0, -300.0, -300.0, -300.0, -186.0, -200.0, -300.0, -300.0, -300.0, -54.0, -59.0, -300.0, -62.0, -300.0, -62.0, -300.0, -300.0, -71.0, -64.0, -300.0, -181.0, -300.0, -300.0, -300.0, -300.0, -300.0, -61.0, -110.0, -64.0, -54.0, -300.0, -300.0, -180.0, -257.0, -300.0], [-77.0, -300.0, -56.0, -66.0, -300.0, -56.0, -142.0, -300.0, -73.0, -52.0, -300.0, -80.0, -207.0, -300.0, -300.0, -108.0, -300.0, -124.0, -300.0, -300.0, -300.0, -300.0, -63.0, -275.0, -300.0, -300.0, -300.0, -88.0, -86.0, -300.0, -233.0, -300.0, -300.0, -227.0, -300.0, -300.0, -70.0, -300.0, -300.0, -300.0, -74.0, -97.0, -295.0, -53.0, -57.0, -205.0, -68.0, -80.0, -300.0, -300.0, -300.0, -300.0, -300.0, -300.0, -300.0, -59.0, -142.0, -110.0, -300.0, -70.0, -300.0, -105.0, -300.0, -57.0, -300.0, -300.0, -98.0, -60.0, -300.0, -53.0, -89.0, -72.0, -300.0, -50.0, -300.0, -237.0, -300.0, -300.0, -91.0, -78.0, -198.0, -65.0, -300.0, -127.0, -65.0, -149.0, -300.0, -300.0, -300.0, -300.0, -300.0, -300.0, -57.0, -225.0, -58.0, -60.0, -300.0, -300.0, -82.0, -141.0]], "success_matrix": [[false, false, false, true, false, false, false, false, false, true, true, false, true, true, true, true, false, false, false, false, true, false, true, true, false, false, true, true, true, true, true, true, false, false, false, false, false, true, false, true, false, false, true, false, false, false, false, true, false, false, true, true, false, false, false, true, false, false, false, false, true, false, true, false, false, true, true, false, true, false, true, false, true, true, true, true, true, false, true, true, false, true, false, false, false, false, true, true, false, false, false, false, true, true, true, false, false, false, false, true], [false, true, false, true, true, true, true, true, true, true, false, false, false, false, false, false, false, false, true, false, false, true, false, true, false, true, false, true, true, true, true, true, false, false, true, false, false, false, true, false, false, false, false, true, false, false, false, true, false, true, false, true, true, false, false, false, true, false, true, true, false, true, false, true, false, false, false, true, true, false, false, true, true, false, false, true, true, true, false, true, true, true, true, false, false, true, false, false, false, false, true, false, false, true, false, false, false, false, false, false], [false, false, false, false, false, false, false, false, false, true, true, false, false, true, false, true, true, false, false, false, true, false, false, false, false, true, false, true, false, true, false, true, false, true, false, true, true, true, false, true, false, false, false, true, true, false, false, false, true, true, false, false, false, false, true, false, true, true, false, false, true, false, false, true, false, true, false, true, true, false, false, false, false, false, false, false, false, false, false, true, false, false, true, false, false, true, false, true, false, true, false, false, true, true, false, false, true, true, false, false], [true, false, false, false, false, false, true, true, true, false, true, true, false, true, true, false, false, false, true, false, false, false, false, false, false, true, false, true, false, false, true, false, true, false, false, false, false, false, false, false, true, false, false, false, true, true, false, true, false, false, false, true, false, false, false, false, false, false, false, false, false, true, true, false, false, false, false, false, false, true, true, false, false, false, true, true, false, true, false, true, false, false, true, true, false, true, false, false, false, false, false, true, true, true, true, false, false, true, true, false], [true, false, true, true, false, true, true, false, true, true, false, true, true, false, false, true, false, true, false, false, false, false, true, true, false, false, false, true, true, false, true, false, false, true, false, false, true, false, false, false, true, true, false, true, true, true, true, true, false, false, false, false, false, false, false, true, true, true, false, true, false, true, false, true, false, false, true, true, false, true, true, true, false, true, false, true, false, false, true, true, true, true, false, true, true, true, false, false, false, false, false, false, true, true, true, true, false, false, true, true]], "ticket_name": "zo_envs10_iter100_cand10_lambda1.0_seed666_ddim8_20251210_084952/seed_672", "eval_noise_idx": 0, "eval_seed": 1619}