{"n_seeds": 5, "n_evals_per_seed": 100, "reward_mean": -156.6959991455078, "reward_std": 5.970598220825195, "success_mean": 0.9219999999999999, "success_std": 0.03815756805667782, "episode_seeds": [1619, 1620, 1621, 1622, 1623], "seed_reward_means": [-160.60000610351562, -152.55999755859375, -165.27000427246094, -156.86000061035156, -148.19000244140625], "seed_success_means": [0.94, 0.92, 0.85, 0.96, 0.94], "reward_matrix": [[-182.0, -152.0, -294.0, -147.0, -136.0, -118.0, -208.0, -107.0, -211.0, -300.0, -143.0, -128.0, -96.0, -230.0, -86.0, -168.0, -108.0, -169.0, -140.0, -83.0, -95.0, -117.0, -243.0, -101.0, -212.0, -116.0, -178.0, -145.0, -154.0, -130.0, -122.0, -289.0, -123.0, -99.0, -191.0, -146.0, -116.0, -104.0, -197.0, -86.0, -108.0, -139.0, -121.0, -179.0, -300.0, -265.0, -300.0, -119.0, -106.0, -296.0, -300.0, -210.0, -206.0, -103.0, -109.0, -96.0, -123.0, -160.0, -168.0, -150.0, -278.0, -195.0, -142.0, -126.0, -147.0, -141.0, -156.0, -300.0, -138.0, -117.0, -164.0, -244.0, -115.0, -105.0, -132.0, -144.0, -129.0, -133.0, -300.0, -154.0, -191.0, -144.0, -131.0, -176.0, -132.0, -172.0, -96.0, -153.0, -118.0, -269.0, -139.0, -118.0, -119.0, -135.0, -104.0, -109.0, -288.0, -98.0, -161.0, -119.0], [-92.0, -110.0, -101.0, -182.0, -116.0, -168.0, -85.0, -132.0, -123.0, -132.0, -144.0, -300.0, -121.0, -300.0, -127.0, -248.0, -141.0, -133.0, -177.0, -190.0, -207.0, -113.0, -300.0, -105.0, -158.0, -139.0, -300.0, -146.0, -131.0, -169.0, -135.0, -106.0, -107.0, -147.0, -91.0, -159.0, -244.0, -126.0, -107.0, -114.0, -251.0, -119.0, -142.0, -128.0, -159.0, -273.0, -131.0, -112.0, -101.0, -300.0, -153.0, -116.0, -116.0, -131.0, -200.0, -142.0, -114.0, -112.0, -133.0, -109.0, -131.0, -103.0, -99.0, -152.0, -152.0, -148.0, -107.0, -203.0, -138.0, -113.0, -90.0, -108.0, -252.0, -102.0, -164.0, -101.0, -102.0, -147.0, -195.0, -133.0, -151.0, -179.0, -95.0, -233.0, -105.0, -176.0, -197.0, -99.0, -300.0, -208.0, -110.0, -300.0, -111.0, -126.0, -300.0, -159.0, -137.0, -70.0, -104.0, -88.0], [-182.0, -192.0, -131.0, -127.0, -211.0, -300.0, -300.0, -198.0, -143.0, -145.0, -116.0, -122.0, -165.0, -101.0, -116.0, -133.0, -141.0, -100.0, -174.0, -152.0, -163.0, -300.0, -134.0, -265.0, -130.0, -198.0, -215.0, -107.0, -171.0, -300.0, -126.0, -132.0, -183.0, -117.0, -300.0, -300.0, -111.0, -121.0, -300.0, -190.0, -131.0, -105.0, -109.0, -89.0, -101.0, -125.0, -236.0, -300.0, -95.0, -230.0, -185.0, -300.0, -105.0, -107.0, -127.0, -300.0, -91.0, -127.0, -145.0, -135.0, -109.0, -172.0, -99.0, -300.0, -73.0, -120.0, -180.0, -130.0, -102.0, -145.0, -300.0, -77.0, -127.0, -122.0, -300.0, -146.0, -76.0, -256.0, -300.0, -119.0, -230.0, -189.0, -116.0, -113.0, -171.0, -87.0, -133.0, -92.0, -147.0, -158.0, -300.0, -119.0, -112.0, -208.0, -167.0, -139.0, -173.0, -132.0, -126.0, -107.0], [-145.0, -118.0, -74.0, -181.0, -89.0, -300.0, -182.0, -113.0, -139.0, -122.0, -134.0, -229.0, -134.0, -247.0, -257.0, -153.0, -300.0, -196.0, -177.0, -123.0, -189.0, -207.0, -262.0, -221.0, -198.0, -92.0, -150.0, -105.0, -120.0, -206.0, -96.0, -213.0, -89.0, -77.0, -216.0, -91.0, -149.0, -111.0, -81.0, -145.0, -188.0, -190.0, -99.0, -225.0, -125.0, -146.0, -102.0, -162.0, -95.0, -178.0, -191.0, -183.0, -136.0, -103.0, -152.0, -177.0, -110.0, -131.0, -130.0, -164.0, -133.0, -100.0, -199.0, -166.0, -90.0, -141.0, -300.0, -213.0, -112.0, -105.0, -122.0, -154.0, -114.0, -181.0, -96.0, -82.0, -170.0, -133.0, -300.0, -120.0, -174.0, -178.0, -234.0, -106.0, -157.0, -94.0, -130.0, -147.0, -194.0, -120.0, -117.0, -251.0, -195.0, -82.0, -276.0, -142.0, -187.0, -119.0, -108.0, -226.0], [-134.0, -120.0, -102.0, -155.0, -118.0, -101.0, -94.0, -99.0, -123.0, -114.0, -135.0, -131.0, -135.0, -131.0, -128.0, -161.0, -300.0, -143.0, -104.0, -149.0, -95.0, -156.0, -125.0, -140.0, -300.0, -111.0, -156.0, -128.0, -144.0, -161.0, -171.0, -165.0, -188.0, -223.0, -124.0, -117.0, -114.0, -175.0, -133.0, -164.0, -92.0, -164.0, -120.0, -112.0, -143.0, -81.0, -85.0, -134.0, -117.0, -129.0, -296.0, -114.0, -129.0, -89.0, -289.0, -136.0, -161.0, -141.0, -119.0, -216.0, -136.0, -110.0, -81.0, -124.0, -165.0, -88.0, -300.0, -197.0, -89.0, -185.0, -155.0, -108.0, -102.0, -296.0, -125.0, -109.0, -242.0, -154.0, -123.0, -124.0, -97.0, -294.0, -300.0, -204.0, -211.0, -300.0, -79.0, -103.0, -111.0, -128.0, -177.0, -114.0, -112.0, -95.0, -165.0, -162.0, -129.0, -102.0, -129.0, -160.0]], "success_matrix": [[true, true, true, true, true, true, true, true, true, false, true, true, true, true, true, true, true, true, true, true, true, true, true, true, true, true, true, true, true, true, true, true, true, true, true, true, true, true, true, true, true, true, true, true, false, true, false, true, true, true, false, true, true, true, true, true, true, true, true, true, true, true, true, true, true, true, true, false, true, true, true, true, true, true, true, true, true, true, false, true, true, true, true, true, true, true, true, true, true, true, true, true, true, true, true, true, true, true, true, true], [true, true, true, true, true, true, true, true, true, true, true, false, true, false, true, true, true, true, true, true, true, true, false, true, true, true, false, true, true, true, true, true, true, true, true, true, true, true, true, true, true, true, true, true, true, true, true, true, true, false, true, true, true, true, true, true, true, true, true, true, true, true, true, true, true, true, true, true, true, true, true, true, true, true, true, true, true, true, true, true, true, true, true, true, true, true, true, true, false, true, true, false, true, true, false, true, true, true, true, true], [true, true, true, true, true, false, false, true, true, true, true, true, true, true, true, true, true, true, true, true, true, false, true, true, true, true, true, true, true, false, true, true, true, true, false, false, true, true, false, true, true, true, true, true, true, true, true, false, true, true, true, false, true, true, true, false, true, true, true, true, true, true, true, false, true, true, true, true, true, true, false, true, true, true, false, true, true, true, false, true, true, true, true, true, true, true, true, true, true, true, false, true, true, true, true, true, true, true, true, true], [true, true, true, true, true, false, true, true, true, true, true, true, true, true, true, true, false, true, true, true, true, true, true, true, true, true, true, true, true, true, true, true, true, true, true, true, true, true, true, true, true, true, true, true, true, true, true, true, true, true, true, true, true, true, true, true, true, true, true, true, true, true, true, true, true, true, false, true, true, true, true, true, true, true, true, true, true, true, false, true, true, true, true, true, true, true, true, true, true, true, true, true, true, true, true, true, true, true, true, true], [true, true, true, true, true, true, true, true, true, true, true, true, true, true, true, true, false, true, true, true, true, true, true, true, false, true, true, true, true, true, true, true, true, true, true, true, true, true, true, true, true, true, true, true, true, true, true, true, true, true, true, true, true, true, true, true, true, true, true, true, true, true, true, true, true, true, false, true, true, true, true, true, true, false, true, true, true, true, true, true, true, true, false, true, true, false, true, true, true, true, true, true, true, true, true, true, true, true, true, true]], "ticket_name": "envs100_samples1000_seeds999_1000_1001_1002_1003_1004_1005_1006_1007_1008_ddim8_20251208_041639/seed_1002", "eval_noise_idx": 0, "eval_seed": 1619}