{"n_seeds": 5, "n_evals_per_seed": 100, "reward_mean": -107.30599212646484, "reward_std": 4.215165615081787, "success_mean": 0.8320000000000001, "success_std": 0.02167948338867878, "episode_seeds": [1619, 1620, 1621, 1622, 1623], "seed_reward_means": [-108.98999786376953, -108.05999755859375, -101.6500015258789, -105.01000213623047, -112.81999969482422], "seed_success_means": [0.83, 0.83, 0.86, 0.84, 0.8], "reward_matrix": [[-68.0, -66.0, -68.0, -63.0, -67.0, -70.0, -100.0, -76.0, -85.0, -68.0, -65.0, -64.0, -64.0, -64.0, -68.0, -300.0, -62.0, -72.0, -66.0, -56.0, -80.0, -64.0, -64.0, -68.0, -66.0, -62.0, -68.0, -300.0, -62.0, -60.0, -72.0, -65.0, -91.0, -69.0, -68.0, -60.0, -68.0, -67.0, -69.0, -300.0, -64.0, -300.0, -71.0, -72.0, -87.0, -71.0, -300.0, -72.0, -300.0, -92.0, -64.0, -68.0, -300.0, -65.0, -300.0, -68.0, -61.0, -300.0, -71.0, -67.0, -80.0, -66.0, -76.0, -63.0, -90.0, -64.0, -68.0, -73.0, -69.0, -71.0, -129.0, -80.0, -64.0, -64.0, -64.0, -67.0, -67.0, -68.0, -72.0, -300.0, -71.0, -300.0, -62.0, -64.0, -71.0, -65.0, -300.0, -300.0, -80.0, -300.0, -68.0, -65.0, -300.0, -75.0, -56.0, -300.0, -72.0, -300.0, -65.0, -62.0], [-61.0, -62.0, -62.0, -62.0, -300.0, -68.0, -300.0, -61.0, -61.0, -60.0, -73.0, -97.0, -64.0, -78.0, -70.0, -75.0, -66.0, -300.0, -63.0, -64.0, -71.0, -57.0, -70.0, -68.0, -64.0, -300.0, -71.0, -60.0, -60.0, -91.0, -64.0, -64.0, -67.0, -67.0, -61.0, -76.0, -68.0, -94.0, -62.0, -300.0, -300.0, -84.0, -72.0, -61.0, -300.0, -75.0, -64.0, -294.0, -68.0, -83.0, -65.0, -60.0, -69.0, -66.0, -67.0, -68.0, -72.0, -60.0, -64.0, -71.0, -79.0, -69.0, -63.0, -65.0, -67.0, -82.0, -60.0, -300.0, -63.0, -66.0, -60.0, -63.0, -65.0, -63.0, -300.0, -300.0, -61.0, -62.0, -71.0, -63.0, -300.0, -173.0, -300.0, -68.0, -68.0, -64.0, -68.0, -300.0, -64.0, -72.0, -59.0, -300.0, -300.0, -68.0, -71.0, -69.0, -68.0, -60.0, -300.0, -67.0], [-95.0, -64.0, -64.0, -64.0, -88.0, -79.0, -76.0, -66.0, -64.0, -76.0, -60.0, -300.0, -300.0, -56.0, -76.0, -68.0, -69.0, -59.0, -64.0, -83.0, -63.0, -67.0, -72.0, -56.0, -73.0, -68.0, -73.0, -71.0, -69.0, -300.0, -79.0, -83.0, -67.0, -64.0, -60.0, -88.0, -67.0, -300.0, -300.0, -64.0, -96.0, -60.0, -60.0, -300.0, -66.0, -63.0, -69.0, -82.0, -59.0, -67.0, -65.0, -84.0, -65.0, -68.0, -300.0, -92.0, -59.0, -63.0, -72.0, -72.0, -75.0, -75.0, -300.0, -67.0, -300.0, -68.0, -64.0, -64.0, -60.0, -71.0, -75.0, -300.0, -67.0, -300.0, -75.0, -63.0, -60.0, -72.0, -79.0, -63.0, -67.0, -88.0, -77.0, -63.0, -300.0, -55.0, -64.0, -57.0, -76.0, -300.0, -72.0, -61.0, -68.0, -68.0, -69.0, -65.0, -300.0, -65.0, -61.0, -74.0], [-99.0, -68.0, -63.0, -67.0, -57.0, -80.0, -300.0, -67.0, -60.0, -63.0, -67.0, -67.0, -63.0, -300.0, -69.0, -68.0, -83.0, -300.0, -65.0, -66.0, -64.0, -65.0, -88.0, -67.0, -68.0, -65.0, -82.0, -300.0, -67.0, -67.0, -54.0, -67.0, -63.0, -64.0, -300.0, -59.0, -67.0, -64.0, -300.0, -72.0, -72.0, -69.0, -300.0, -81.0, -60.0, -72.0, -60.0, -64.0, -67.0, -71.0, -68.0, -72.0, -300.0, -60.0, -65.0, -300.0, -60.0, -68.0, -63.0, -69.0, -300.0, -76.0, -67.0, -72.0, -300.0, -68.0, -67.0, -71.0, -60.0, -67.0, -71.0, -300.0, -60.0, -68.0, -300.0, -60.0, -84.0, -65.0, -64.0, -60.0, -63.0, -64.0, -79.0, -300.0, -67.0, -299.0, -60.0, -64.0, -69.0, -80.0, -60.0, -67.0, -68.0, -63.0, -68.0, -68.0, -91.0, -300.0, -64.0, -71.0], [-60.0, -63.0, -300.0, -300.0, -300.0, -61.0, -300.0, -64.0, -59.0, -60.0, -67.0, -59.0, -300.0, -64.0, -73.0, -71.0, -63.0, -64.0, -60.0, -64.0, -65.0, -91.0, -61.0, -68.0, -66.0, -66.0, -64.0, -300.0, -64.0, -61.0, -300.0, -300.0, -300.0, -67.0, -300.0, -67.0, -64.0, -67.0, -79.0, -300.0, -59.0, -67.0, -59.0, -63.0, -70.0, -300.0, -300.0, -67.0, -63.0, -64.0, -71.0, -68.0, -65.0, -67.0, -80.0, -63.0, -67.0, -60.0, -64.0, -300.0, -68.0, -59.0, -300.0, -62.0, -65.0, -59.0, -71.0, -65.0, -67.0, -67.0, -67.0, -56.0, -67.0, -60.0, -91.0, -63.0, -69.0, -65.0, -63.0, -67.0, -300.0, -300.0, -76.0, -64.0, -60.0, -97.0, -55.0, -71.0, -66.0, -65.0, -72.0, -63.0, -59.0, -300.0, -64.0, -63.0, -300.0, -60.0, -300.0, -77.0]], "success_matrix": [[true, true, true, true, true, true, true, true, true, true, true, true, true, true, true, false, true, true, true, true, true, true, true, true, true, true, true, false, true, true, true, true, true, true, true, true, true, true, true, false, true, false, true, true, true, true, false, true, false, true, true, true, false, true, false, true, true, false, true, true, true, true, true, true, true, true, true, true, true, true, true, true, true, true, true, true, true, true, true, false, true, false, true, true, true, true, false, false, true, false, true, true, false, true, true, false, true, false, true, true], [true, true, true, true, false, true, false, true, true, true, true, true, true, true, true, true, true, false, true, true, true, true, true, true, true, false, true, true, true, true, true, true, true, true, true, true, true, true, true, false, false, true, true, true, false, true, true, false, true, true, true, true, true, true, true, true, true, true, true, true, true, true, true, true, true, true, true, false, true, true, true, true, true, true, false, false, true, true, true, true, false, true, false, true, true, true, true, false, true, true, true, false, false, true, true, true, true, true, false, true], [true, true, true, true, true, true, true, true, true, true, true, false, false, true, true, true, true, true, true, true, true, true, true, true, true, true, true, true, true, false, true, true, true, true, true, true, true, false, false, true, true, true, true, false, true, true, true, true, true, true, true, true, true, true, false, true, true, true, true, true, true, true, false, true, false, true, true, true, true, true, true, false, true, false, true, true, true, true, true, true, true, true, true, true, false, true, true, true, true, false, true, true, true, true, true, true, false, true, true, true], [true, true, true, true, true, true, false, true, true, true, true, true, true, false, true, true, true, false, true, true, true, true, true, true, true, true, true, false, true, true, true, true, true, true, false, true, true, true, false, true, true, true, false, true, true, true, true, true, true, true, true, true, false, true, true, false, true, true, true, true, false, true, true, true, false, true, true, true, true, true, true, false, true, true, false, true, true, true, true, true, true, true, true, false, true, false, true, true, true, true, true, true, true, true, true, true, true, false, true, true], [true, true, false, false, false, true, false, true, true, true, true, true, false, true, true, true, true, true, true, true, true, true, true, true, true, true, true, false, true, true, false, false, false, true, false, true, true, true, true, false, true, true, true, true, true, false, false, true, true, true, true, true, true, true, true, true, true, true, true, false, true, true, false, true, true, true, true, true, true, true, true, true, true, true, true, true, true, true, true, true, false, false, true, true, true, true, true, true, true, true, true, true, true, false, true, true, false, true, false, true]], "ticket_name": "zo_envs10_iter500_cand2_lambda2.0_seed666_ddim2_20251215_221920/seed_669", "eval_noise_idx": 0, "eval_seed": 1619}