{"n_seeds": 5, "n_evals_per_seed": 100, "reward_mean": -267.9219970703125, "reward_std": 4.552274703979492, "success_mean": 0.344, "success_std": 0.047749345545253286, "episode_seeds": [1619, 1620, 1621, 1622, 1623], "seed_reward_means": [-262.9100036621094, -272.2200012207031, -272.8800048828125, -264.1099853515625, -267.489990234375], "seed_success_means": [0.4, 0.32, 0.28, 0.38, 0.34], "reward_matrix": [[-300.0, -176.0, -263.0, -300.0, -166.0, -300.0, -300.0, -262.0, -196.0, -265.0, -300.0, -300.0, -181.0, -300.0, -300.0, -300.0, -300.0, -300.0, -151.0, -300.0, -300.0, -300.0, -255.0, -300.0, -177.0, -222.0, -154.0, -300.0, -300.0, -300.0, -206.0, -157.0, -300.0, -269.0, -190.0, -140.0, -300.0, -177.0, -300.0, -264.0, -279.0, -300.0, -300.0, -204.0, -300.0, -300.0, -300.0, -300.0, -300.0, -136.0, -300.0, -300.0, -206.0, -300.0, -149.0, -283.0, -300.0, -300.0, -300.0, -300.0, -292.0, -300.0, -300.0, -300.0, -300.0, -218.0, -135.0, -300.0, -300.0, -300.0, -163.0, -219.0, -193.0, -300.0, -282.0, -300.0, -189.0, -233.0, -300.0, -300.0, -300.0, -300.0, -300.0, -300.0, -300.0, -199.0, -300.0, -240.0, -185.0, -162.0, -300.0, -300.0, -300.0, -300.0, -300.0, -171.0, -300.0, -300.0, -300.0, -282.0], [-300.0, -161.0, -300.0, -300.0, -300.0, -300.0, -220.0, -300.0, -300.0, -300.0, -300.0, -300.0, -300.0, -267.0, -226.0, -300.0, -300.0, -300.0, -300.0, -300.0, -300.0, -169.0, -300.0, -300.0, -300.0, -300.0, -269.0, -186.0, -300.0, -300.0, -300.0, -131.0, -258.0, -300.0, -300.0, -300.0, -300.0, -183.0, -300.0, -300.0, -206.0, -300.0, -300.0, -193.0, -300.0, -300.0, -300.0, -300.0, -207.0, -300.0, -300.0, -253.0, -300.0, -300.0, -300.0, -300.0, -300.0, -300.0, -274.0, -300.0, -148.0, -300.0, -300.0, -300.0, -300.0, -300.0, -300.0, -169.0, -300.0, -243.0, -199.0, -300.0, -300.0, -300.0, -300.0, -280.0, -194.0, -300.0, -161.0, -300.0, -263.0, -300.0, -281.0, -300.0, -154.0, -183.0, -230.0, -300.0, -300.0, -300.0, -262.0, -300.0, -231.0, -300.0, -169.0, -181.0, -300.0, -300.0, -300.0, -271.0], [-300.0, -300.0, -300.0, -262.0, -173.0, -300.0, -300.0, -183.0, -300.0, -300.0, -300.0, -299.0, -300.0, -300.0, -300.0, -300.0, -300.0, -300.0, -300.0, -300.0, -153.0, -181.0, -263.0, -300.0, -300.0, -300.0, -222.0, -300.0, -300.0, -300.0, -171.0, -300.0, -300.0, -300.0, -300.0, -300.0, -207.0, -300.0, -300.0, -221.0, -300.0, -300.0, -151.0, -300.0, -300.0, -300.0, -300.0, -300.0, -197.0, -300.0, -160.0, -158.0, -300.0, -228.0, -299.0, -300.0, -300.0, -244.0, -223.0, -300.0, -300.0, -197.0, -300.0, -300.0, -300.0, -300.0, -300.0, -300.0, -300.0, -300.0, -300.0, -242.0, -297.0, -300.0, -300.0, -177.0, -180.0, -188.0, -300.0, -300.0, -300.0, -242.0, -300.0, -300.0, -300.0, -300.0, -300.0, -271.0, -166.0, -206.0, -300.0, -300.0, -300.0, -300.0, -168.0, -300.0, -300.0, -300.0, -259.0, -300.0], [-217.0, -300.0, -257.0, -300.0, -207.0, -300.0, -300.0, -300.0, -300.0, -265.0, -139.0, -300.0, -300.0, -300.0, -199.0, -300.0, -300.0, -300.0, -185.0, -300.0, -300.0, -300.0, -148.0, -300.0, -146.0, -300.0, -300.0, -300.0, -187.0, -300.0, -300.0, -201.0, -190.0, -300.0, -300.0, -300.0, -261.0, -300.0, -300.0, -300.0, -300.0, -300.0, -300.0, -300.0, -222.0, -273.0, -300.0, -300.0, -300.0, -271.0, -300.0, -300.0, -171.0, -227.0, -300.0, -300.0, -300.0, -300.0, -250.0, -300.0, -149.0, -300.0, -138.0, -196.0, -175.0, -274.0, -300.0, -300.0, -300.0, -300.0, -300.0, -170.0, -203.0, -270.0, -300.0, -225.0, -184.0, -300.0, -300.0, -300.0, -300.0, -300.0, -300.0, -175.0, -192.0, -282.0, -300.0, -279.0, -300.0, -166.0, -300.0, -300.0, -300.0, -200.0, -174.0, -300.0, -193.0, -300.0, -150.0, -300.0], [-300.0, -300.0, -300.0, -300.0, -300.0, -183.0, -300.0, -300.0, -300.0, -242.0, -300.0, -300.0, -265.0, -220.0, -231.0, -138.0, -300.0, -288.0, -184.0, -300.0, -300.0, -299.0, -300.0, -216.0, -300.0, -300.0, -300.0, -300.0, -300.0, -300.0, -300.0, -300.0, -203.0, -300.0, -300.0, -300.0, -300.0, -159.0, -300.0, -300.0, -300.0, -300.0, -300.0, -300.0, -300.0, -188.0, -164.0, -300.0, -300.0, -232.0, -300.0, -151.0, -300.0, -300.0, -300.0, -300.0, -291.0, -300.0, -300.0, -300.0, -300.0, -300.0, -197.0, -300.0, -300.0, -261.0, -300.0, -300.0, -274.0, -300.0, -153.0, -151.0, -194.0, -204.0, -300.0, -300.0, -300.0, -300.0, -300.0, -300.0, -220.0, -300.0, -300.0, -255.0, -251.0, -189.0, -291.0, -154.0, -300.0, -143.0, -167.0, -154.0, -163.0, -300.0, -300.0, -300.0, -300.0, -300.0, -174.0, -300.0]], "success_matrix": [[false, true, true, false, true, false, false, true, true, true, false, false, true, false, false, false, false, false, true, false, false, false, true, false, true, true, true, false, false, false, true, true, false, true, true, true, false, true, false, true, true, false, false, true, false, false, false, false, false, true, false, false, true, false, true, true, false, false, false, false, true, false, false, false, false, true, true, false, false, false, true, true, true, false, true, false, true, true, false, false, false, false, false, false, false, true, false, true, true, true, false, false, false, false, false, true, false, false, false, true], [false, true, false, false, false, false, true, false, false, false, false, false, false, true, true, false, false, false, false, false, false, true, false, false, false, false, true, true, false, false, false, true, true, false, false, false, false, true, false, false, true, false, false, true, false, false, false, false, true, false, false, true, false, false, false, false, false, false, true, false, true, false, false, false, false, false, false, true, false, true, true, false, false, false, false, true, true, false, true, false, true, false, true, false, true, true, true, false, false, false, true, false, true, false, true, true, false, false, false, true], [false, false, false, true, true, false, false, true, false, false, false, false, false, false, false, false, false, false, false, false, true, true, true, false, false, false, true, false, false, false, true, false, false, false, false, false, true, false, false, true, false, false, true, false, false, false, false, false, true, false, true, true, false, true, false, false, false, true, true, false, false, true, false, false, false, false, false, false, false, false, false, true, false, false, false, true, true, true, false, false, false, true, false, false, false, false, false, true, true, true, false, false, false, false, true, false, false, false, true, false], [true, false, true, false, true, false, false, false, false, true, true, false, false, false, true, false, false, false, true, false, false, false, true, false, true, false, false, false, true, false, false, true, true, false, false, false, true, false, false, false, false, false, false, false, true, true, false, false, false, true, false, false, true, true, false, false, false, false, true, false, true, false, true, true, true, true, false, false, false, false, false, true, true, true, false, true, true, false, false, false, false, false, false, true, true, true, false, true, false, true, false, false, false, true, true, false, true, false, true, false], [false, false, false, false, false, true, false, false, false, true, false, false, true, true, true, true, false, true, true, false, false, false, false, true, false, false, false, false, false, false, false, false, true, false, false, false, false, true, false, false, false, false, false, false, false, true, true, false, false, true, false, true, false, false, false, false, true, false, false, false, false, false, true, false, false, true, false, false, true, false, true, true, true, true, false, false, false, false, false, false, true, false, false, true, true, true, true, true, false, true, true, true, true, false, false, false, false, false, true, false]], "ticket_name": "zo_envs10_iter100_cand10_lambda2.0_seed666_ddim8_20251212_062154/seed_671", "eval_noise_idx": 0, "eval_seed": 1619}