{"n_seeds": 5, "n_evals_per_seed": 100, "reward_mean": -155.63998413085938, "reward_std": 6.237037181854248, "success_mean": 0.662, "success_std": 0.03898717737923586, "episode_seeds": [1619, 1620, 1621, 1622, 1623], "seed_reward_means": [-154.22000122070312, -148.67999267578125, -157.17999267578125, -152.75999450683594, -165.36000061035156], "seed_success_means": [0.68, 0.7, 0.65, 0.68, 0.6], "reward_matrix": [[-81.0, -300.0, -78.0, -76.0, -76.0, -300.0, -144.0, -56.0, -69.0, -123.0, -300.0, -91.0, -63.0, -300.0, -59.0, -65.0, -102.0, -300.0, -83.0, -51.0, -300.0, -300.0, -198.0, -58.0, -70.0, -300.0, -63.0, -300.0, -300.0, -66.0, -300.0, -101.0, -127.0, -66.0, -137.0, -79.0, -59.0, -300.0, -118.0, -300.0, -300.0, -79.0, -300.0, -300.0, -284.0, -71.0, -68.0, -84.0, -300.0, -80.0, -300.0, -102.0, -69.0, -300.0, -113.0, -300.0, -300.0, -70.0, -82.0, -300.0, -300.0, -77.0, -75.0, -300.0, -61.0, -76.0, -83.0, -300.0, -179.0, -300.0, -67.0, -64.0, -60.0, -300.0, -65.0, -90.0, -68.0, -88.0, -78.0, -91.0, -71.0, -71.0, -61.0, -60.0, -300.0, -300.0, -300.0, -68.0, -76.0, -95.0, -60.0, -90.0, -300.0, -65.0, -158.0, -60.0, -78.0, -300.0, -66.0, -60.0], [-52.0, -64.0, -300.0, -88.0, -300.0, -83.0, -68.0, -65.0, -300.0, -300.0, -66.0, -168.0, -300.0, -111.0, -78.0, -120.0, -80.0, -49.0, -74.0, -71.0, -300.0, -54.0, -112.0, -59.0, -71.0, -75.0, -91.0, -96.0, -69.0, -76.0, -300.0, -300.0, -300.0, -300.0, -300.0, -300.0, -63.0, -96.0, -61.0, -76.0, -93.0, -153.0, -300.0, -84.0, -72.0, -109.0, -69.0, -70.0, -300.0, -84.0, -76.0, -85.0, -300.0, -75.0, -300.0, -70.0, -62.0, -66.0, -73.0, -300.0, -123.0, -300.0, -300.0, -300.0, -72.0, -300.0, -60.0, -87.0, -73.0, -75.0, -300.0, -300.0, -173.0, -300.0, -77.0, -300.0, -300.0, -71.0, -75.0, -300.0, -89.0, -64.0, -69.0, -65.0, -52.0, -300.0, -84.0, -55.0, -56.0, -98.0, -72.0, -236.0, -180.0, -62.0, -124.0, -69.0, -67.0, -300.0, -63.0, -300.0], [-89.0, -112.0, -73.0, -300.0, -89.0, -82.0, -300.0, -300.0, -67.0, -69.0, -300.0, -300.0, -68.0, -300.0, -59.0, -68.0, -121.0, -62.0, -100.0, -68.0, -78.0, -123.0, -300.0, -87.0, -300.0, -89.0, -71.0, -59.0, -300.0, -66.0, -300.0, -59.0, -300.0, -83.0, -300.0, -180.0, -300.0, -68.0, -127.0, -300.0, -64.0, -74.0, -300.0, -300.0, -300.0, -67.0, -300.0, -298.0, -56.0, -70.0, -300.0, -55.0, -65.0, -72.0, -300.0, -300.0, -162.0, -300.0, -59.0, -62.0, -300.0, -54.0, -53.0, -92.0, -49.0, -64.0, -82.0, -87.0, -68.0, -60.0, -126.0, -44.0, -300.0, -68.0, -300.0, -128.0, -300.0, -300.0, -145.0, -300.0, -76.0, -91.0, -76.0, -80.0, -300.0, -62.0, -300.0, -62.0, -55.0, -67.0, -158.0, -72.0, -300.0, -75.0, -300.0, -56.0, -78.0, -69.0, -300.0, -300.0], [-300.0, -300.0, -55.0, -81.0, -69.0, -176.0, -74.0, -64.0, -95.0, -80.0, -79.0, -300.0, -85.0, -79.0, -88.0, -300.0, -84.0, -300.0, -98.0, -75.0, -66.0, -300.0, -87.0, -71.0, -300.0, -300.0, -65.0, -300.0, -62.0, -107.0, -300.0, -91.0, -300.0, -300.0, -156.0, -61.0, -180.0, -67.0, -59.0, -60.0, -300.0, -79.0, -57.0, -71.0, -100.0, -65.0, -81.0, -300.0, -68.0, -64.0, -300.0, -87.0, -75.0, -300.0, -102.0, -65.0, -60.0, -101.0, -300.0, -83.0, -60.0, -67.0, -66.0, -83.0, -300.0, -300.0, -93.0, -72.0, -300.0, -65.0, -77.0, -114.0, -300.0, -120.0, -300.0, -300.0, -81.0, -72.0, -84.0, -300.0, -64.0, -76.0, -73.0, -106.0, -59.0, -59.0, -81.0, -300.0, -300.0, -84.0, -300.0, -300.0, -300.0, -300.0, -87.0, -140.0, -300.0, -300.0, -85.0, -136.0], [-56.0, -67.0, -300.0, -82.0, -300.0, -300.0, -300.0, -62.0, -300.0, -86.0, -300.0, -300.0, -64.0, -300.0, -64.0, -300.0, -300.0, -72.0, -66.0, -300.0, -68.0, -70.0, -85.0, -300.0, -300.0, -300.0, -69.0, -59.0, -300.0, -73.0, -300.0, -300.0, -71.0, -98.0, -69.0, -67.0, -70.0, -81.0, -78.0, -66.0, -55.0, -300.0, -300.0, -69.0, -300.0, -300.0, -52.0, -76.0, -300.0, -65.0, -148.0, -300.0, -63.0, -300.0, -68.0, -83.0, -77.0, -81.0, -69.0, -146.0, -65.0, -71.0, -300.0, -300.0, -300.0, -300.0, -184.0, -300.0, -52.0, -300.0, -92.0, -60.0, -300.0, -300.0, -68.0, -72.0, -68.0, -84.0, -63.0, -62.0, -300.0, -86.0, -294.0, -85.0, -300.0, -113.0, -50.0, -55.0, -61.0, -80.0, -300.0, -300.0, -300.0, -59.0, -60.0, -300.0, -58.0, -300.0, -105.0, -94.0]], "success_matrix": [[true, false, true, true, true, false, true, true, true, true, false, true, true, false, true, true, true, false, true, true, false, false, true, true, true, false, true, false, false, true, false, true, true, true, true, true, true, false, true, false, false, true, false, false, true, true, true, true, false, true, false, true, true, false, true, false, false, true, true, false, false, true, true, false, true, true, true, false, true, false, true, true, true, false, true, true, true, true, true, true, true, true, true, true, false, false, false, true, true, true, true, true, false, true, true, true, true, false, true, true], [true, true, false, true, false, true, true, true, false, false, true, true, false, true, true, true, true, true, true, true, false, true, true, true, true, true, true, true, true, true, false, false, false, false, false, false, true, true, true, true, true, true, false, true, true, true, true, true, false, true, true, true, false, true, false, true, true, true, true, false, true, false, false, false, true, false, true, true, true, true, false, false, true, false, true, false, false, true, true, false, true, true, true, true, true, false, true, true, true, true, true, true, true, true, true, true, true, false, true, false], [true, true, true, false, true, true, false, false, true, true, false, false, true, false, true, true, true, true, true, true, true, true, false, true, false, true, true, true, false, true, false, true, false, true, false, true, false, true, true, false, true, true, false, false, false, true, false, false, true, true, false, true, true, true, false, false, true, false, true, true, false, true, true, true, true, true, true, true, true, true, true, true, false, true, false, true, false, false, true, false, true, true, true, true, false, true, false, true, true, true, true, true, false, true, false, true, true, true, false, false], [false, false, true, true, true, true, true, true, true, true, true, false, true, true, true, false, true, false, true, true, true, false, true, true, false, false, true, false, true, true, false, true, false, false, true, true, true, true, true, true, false, true, true, true, true, true, true, false, true, true, false, true, true, false, true, true, true, true, false, true, true, true, true, true, false, false, true, true, false, true, true, true, false, true, false, false, true, true, true, false, true, true, true, true, true, true, true, false, false, true, false, false, false, false, true, true, false, false, true, true], [true, true, false, true, false, false, false, true, false, true, false, false, true, false, true, false, false, true, true, false, true, true, true, false, false, false, true, true, false, true, false, false, true, true, true, true, true, true, true, true, true, false, false, true, false, false, true, true, false, true, true, false, true, false, true, true, true, true, true, true, true, true, false, false, false, false, true, false, true, false, true, true, false, false, true, true, true, true, true, true, false, true, false, true, false, true, true, true, true, true, false, false, false, true, true, false, true, false, true, true]], "ticket_name": "zo_envs10_iter100_cand10_lambda0.1_seed666_ddim8_20251210_022801/seed_673", "eval_noise_idx": 0, "eval_seed": 1619}