{"n_seeds": 5, "n_evals_per_seed": 100, "reward_mean": -333.7300109863281, "reward_std": 12.257564544677734, "success_mean": 0.38, "success_std": 0.07416198487095664, "episode_seeds": [1619, 1620, 1621, 1622, 1623], "seed_reward_means": [-348.1600036621094, -336.75, -322.739990234375, -341.5, -319.5], "seed_success_means": [0.29, 0.37, 0.45, 0.33, 0.46], "reward_matrix": [[-287.0, -215.0, -400.0, -400.0, -222.0, -400.0, -400.0, -400.0, -202.0, -400.0, -160.0, -400.0, -400.0, -400.0, -379.0, -400.0, -183.0, -153.0, -400.0, -400.0, -389.0, -197.0, -225.0, -210.0, -155.0, -400.0, -400.0, -400.0, -245.0, -154.0, -400.0, -400.0, -400.0, -400.0, -400.0, -400.0, -400.0, -400.0, -400.0, -400.0, -400.0, -400.0, -400.0, -269.0, -400.0, -400.0, -179.0, -400.0, -400.0, -400.0, -400.0, -400.0, -400.0, -200.0, -400.0, -400.0, -400.0, -400.0, -400.0, -400.0, -400.0, -232.0, -400.0, -400.0, -154.0, -175.0, -245.0, -400.0, -400.0, -400.0, -214.0, -400.0, -400.0, -400.0, -400.0, -400.0, -400.0, -214.0, -236.0, -400.0, -400.0, -400.0, -173.0, -236.0, -234.0, -400.0, -400.0, -400.0, -400.0, -400.0, -400.0, -400.0, -400.0, -400.0, -400.0, -400.0, -400.0, -279.0, -400.0, -400.0], [-400.0, -165.0, -188.0, -265.0, -214.0, -400.0, -223.0, -289.0, -177.0, -302.0, -265.0, -400.0, -283.0, -290.0, -217.0, -400.0, -400.0, -223.0, -400.0, -177.0, -400.0, -400.0, -400.0, -339.0, -400.0, -248.0, -400.0, -226.0, -400.0, -400.0, -400.0, -248.0, -400.0, -400.0, -400.0, -187.0, -400.0, -400.0, -400.0, -400.0, -400.0, -400.0, -230.0, -400.0, -191.0, -400.0, -400.0, -400.0, -400.0, -400.0, -400.0, -238.0, -400.0, -400.0, -400.0, -400.0, -400.0, -400.0, -400.0, -400.0, -400.0, -400.0, -205.0, -400.0, -182.0, -400.0, -188.0, -400.0, -400.0, -400.0, -183.0, -400.0, -400.0, -400.0, -400.0, -400.0, -400.0, -400.0, -400.0, -400.0, -370.0, -224.0, -400.0, -400.0, -192.0, -400.0, -167.0, -400.0, -400.0, -174.0, -400.0, -169.0, -400.0, -287.0, -400.0, -237.0, -181.0, -385.0, -400.0, -146.0], [-233.0, -400.0, -400.0, -241.0, -250.0, -400.0, -400.0, -196.0, -233.0, -171.0, -233.0, -178.0, -400.0, -400.0, -400.0, -400.0, -230.0, -400.0, -400.0, -202.0, -222.0, -400.0, -282.0, -400.0, -273.0, -179.0, -296.0, -400.0, -400.0, -208.0, -400.0, -400.0, -221.0, -400.0, -310.0, -311.0, -400.0, -400.0, -170.0, -400.0, -251.0, -165.0, -400.0, -400.0, -400.0, -400.0, -400.0, -400.0, -400.0, -400.0, -400.0, -400.0, -198.0, -155.0, -270.0, -400.0, -400.0, -400.0, -400.0, -400.0, -197.0, -169.0, -400.0, -189.0, -400.0, -287.0, -400.0, -400.0, -400.0, -400.0, -153.0, -181.0, -165.0, -400.0, -358.0, -400.0, -400.0, -400.0, -400.0, -189.0, -319.0, -400.0, -400.0, -244.0, -193.0, -194.0, -345.0, -279.0, -400.0, -178.0, -400.0, -173.0, -373.0, -400.0, -207.0, -203.0, -400.0, -400.0, -400.0, -400.0], [-400.0, -400.0, -400.0, -161.0, -189.0, -400.0, -202.0, -400.0, -400.0, -400.0, -400.0, -400.0, -236.0, -400.0, -218.0, -228.0, -400.0, -400.0, -400.0, -224.0, -155.0, -156.0, -400.0, -221.0, -217.0, -400.0, -400.0, -400.0, -400.0, -400.0, -274.0, -242.0, -400.0, -218.0, -400.0, -400.0, -400.0, -400.0, -224.0, -400.0, -306.0, -400.0, -400.0, -400.0, -400.0, -400.0, -400.0, -400.0, -400.0, -400.0, -346.0, -203.0, -400.0, -400.0, -155.0, -400.0, -212.0, -178.0, -400.0, -189.0, -400.0, -400.0, -222.0, -400.0, -400.0, -400.0, -400.0, -400.0, -400.0, -400.0, -400.0, -352.0, -382.0, -400.0, -400.0, -400.0, -400.0, -400.0, -400.0, -171.0, -154.0, -400.0, -258.0, -165.0, -400.0, -252.0, -193.0, -400.0, -400.0, -259.0, -400.0, -400.0, -400.0, -400.0, -400.0, -400.0, -400.0, -188.0, -400.0, -400.0], [-294.0, -400.0, -174.0, -400.0, -400.0, -309.0, -400.0, -398.0, -222.0, -400.0, -217.0, -400.0, -197.0, -206.0, -400.0, -199.0, -400.0, -400.0, -343.0, -174.0, -400.0, -400.0, -258.0, -400.0, -163.0, -400.0, -400.0, -400.0, -200.0, -299.0, -400.0, -167.0, -400.0, -400.0, -400.0, -298.0, -400.0, -261.0, -400.0, -400.0, -218.0, -400.0, -206.0, -400.0, -369.0, -171.0, -400.0, -301.0, -400.0, -400.0, -400.0, -241.0, -400.0, -400.0, -194.0, -400.0, -400.0, -209.0, -196.0, -400.0, -267.0, -400.0, -142.0, -400.0, -214.0, -326.0, -400.0, -172.0, -400.0, -206.0, -266.0, -166.0, -303.0, -239.0, -400.0, -400.0, -400.0, -400.0, -238.0, -216.0, -205.0, -400.0, -154.0, -400.0, -218.0, -400.0, -400.0, -400.0, -400.0, -400.0, -400.0, -400.0, -181.0, -160.0, -238.0, -174.0, -400.0, -400.0, -181.0, -400.0]], "success_matrix": [[true, true, false, false, true, false, false, false, true, false, true, false, false, false, true, false, true, true, false, false, true, true, true, true, true, false, false, false, true, true, false, false, false, false, false, false, false, false, false, false, false, false, false, true, false, false, true, false, false, false, false, false, false, true, false, false, false, false, false, false, false, true, false, false, true, true, true, false, false, false, true, false, false, false, false, false, false, true, true, false, false, false, true, true, true, false, false, false, false, false, false, false, false, false, false, false, false, true, false, false], [false, true, true, true, true, false, true, true, true, true, true, false, true, true, true, false, false, true, false, true, false, false, false, true, false, true, false, true, false, false, false, true, false, false, false, true, false, false, false, false, false, false, true, false, true, false, false, false, false, false, false, true, false, false, false, false, false, false, false, false, false, false, true, false, true, false, true, false, false, false, true, false, false, false, false, false, false, false, false, false, true, true, false, false, true, false, true, false, false, true, false, true, false, true, false, true, true, true, false, true], [true, false, false, true, true, false, false, true, true, true, true, true, false, false, false, false, true, false, false, true, true, false, true, false, true, true, true, false, false, true, false, false, true, false, true, true, false, false, true, false, true, true, false, false, false, false, false, false, false, false, false, false, true, true, true, false, false, false, false, false, true, true, false, true, false, true, false, false, false, false, true, true, true, false, true, false, false, false, false, true, true, false, false, true, true, true, true, true, false, true, false, true, true, false, true, true, false, false, false, false], [false, false, false, true, true, false, true, false, false, false, false, false, true, false, true, true, false, false, false, true, true, true, false, true, true, false, false, false, false, false, true, true, false, true, false, false, false, false, true, false, true, false, false, false, false, false, false, false, false, false, true, true, false, false, true, false, true, true, false, true, false, false, true, false, false, false, false, false, false, false, false, true, true, false, false, false, false, false, false, true, true, false, true, true, false, true, true, false, false, true, false, false, false, false, false, false, false, true, false, false], [true, false, true, false, false, true, false, false, true, false, true, false, true, true, false, true, false, false, true, true, false, false, true, false, true, false, false, false, true, true, false, true, false, false, false, true, false, true, false, false, true, false, true, false, true, true, false, true, false, false, false, true, false, false, true, false, false, true, true, false, true, false, true, false, true, true, false, true, false, true, true, true, true, true, false, false, false, false, true, true, true, false, true, false, true, false, false, false, false, false, false, false, true, true, true, true, false, false, true, false]], "ticket_name": "envs100_samples5000_seed999_20251127_043752_ddim2", "eval_noise_idx": 0, "eval_seed": 1619}