{"n_seeds": 5, "n_evals_per_seed": 100, "reward_mean": -245.26998901367188, "reward_std": 8.503663063049316, "success_mean": 0.518, "success_std": 0.057758116312774596, "episode_seeds": [1619, 1620, 1621, 1622, 1623], "seed_reward_means": [-236.6699981689453, -252.4199981689453, -248.52000427246094, -254.9600067138672, -233.77999877929688], "seed_success_means": [0.57, 0.47, 0.5, 0.45, 0.6], "reward_matrix": [[-190.0, -264.0, -300.0, -156.0, -300.0, -164.0, -300.0, -198.0, -188.0, -300.0, -300.0, -188.0, -184.0, -300.0, -204.0, -200.0, -252.0, -236.0, -300.0, -188.0, -164.0, -300.0, -156.0, -300.0, -174.0, -300.0, -184.0, -180.0, -300.0, -156.0, -192.0, -255.0, -187.0, -156.0, -175.0, -300.0, -300.0, -300.0, -300.0, -300.0, -300.0, -300.0, -243.0, -300.0, -176.0, -176.0, -180.0, -232.0, -179.0, -192.0, -164.0, -168.0, -280.0, -176.0, -175.0, -300.0, -168.0, -164.0, -300.0, -212.0, -300.0, -210.0, -164.0, -164.0, -300.0, -180.0, -300.0, -300.0, -180.0, -300.0, -300.0, -208.0, -300.0, -300.0, -300.0, -300.0, -168.0, -300.0, -300.0, -300.0, -191.0, -300.0, -204.0, -300.0, -140.0, -300.0, -300.0, -300.0, -300.0, -172.0, -188.0, -192.0, -300.0, -299.0, -180.0, -228.0, -300.0, -188.0, -171.0, -164.0], [-300.0, -300.0, -300.0, -190.0, -300.0, -300.0, -160.0, -179.0, -300.0, -300.0, -180.0, -192.0, -179.0, -243.0, -179.0, -199.0, -222.0, -300.0, -300.0, -192.0, -300.0, -300.0, -300.0, -188.0, -168.0, -300.0, -212.0, -300.0, -300.0, -300.0, -184.0, -300.0, -300.0, -300.0, -199.0, -172.0, -176.0, -300.0, -300.0, -252.0, -300.0, -227.0, -288.0, -300.0, -180.0, -300.0, -176.0, -300.0, -300.0, -300.0, -300.0, -215.0, -300.0, -184.0, -300.0, -300.0, -164.0, -300.0, -228.0, -156.0, -184.0, -300.0, -300.0, -300.0, -251.0, -180.0, -300.0, -212.0, -188.0, -300.0, -300.0, -271.0, -300.0, -167.0, -176.0, -188.0, -300.0, -171.0, -180.0, -288.0, -300.0, -204.0, -300.0, -300.0, -208.0, -191.0, -300.0, -300.0, -300.0, -300.0, -300.0, -300.0, -219.0, -220.0, -208.0, -300.0, -300.0, -152.0, -300.0, -300.0], [-216.0, -176.0, -300.0, -272.0, -184.0, -180.0, -228.0, -300.0, -300.0, -300.0, -300.0, -300.0, -300.0, -164.0, -178.0, -300.0, -216.0, -192.0, -300.0, -183.0, -300.0, -300.0, -152.0, -184.0, -204.0, -200.0, -172.0, -246.0, -300.0, -300.0, -300.0, -263.0, -223.0, -180.0, -204.0, -300.0, -300.0, -176.0, -300.0, -192.0, -300.0, -300.0, -300.0, -300.0, -196.0, -176.0, -251.0, -300.0, -166.0, -164.0, -188.0, -300.0, -300.0, -300.0, -176.0, -167.0, -300.0, -228.0, -300.0, -300.0, -203.0, -300.0, -300.0, -196.0, -300.0, -300.0, -300.0, -286.0, -248.0, -188.0, -300.0, -156.0, -300.0, -300.0, -300.0, -195.0, -176.0, -300.0, -156.0, -300.0, -152.0, -300.0, -176.0, -300.0, -186.0, -200.0, -196.0, -300.0, -300.0, -300.0, -300.0, -191.0, -300.0, -300.0, -300.0, -300.0, -300.0, -172.0, -284.0, -194.0], [-300.0, -300.0, -300.0, -260.0, -300.0, -160.0, -180.0, -300.0, -300.0, -204.0, -300.0, -172.0, -180.0, -156.0, -300.0, -300.0, -300.0, -220.0, -300.0, -196.0, -300.0, -300.0, -180.0, -254.0, -208.0, -200.0, -160.0, -300.0, -300.0, -200.0, -300.0, -300.0, -300.0, -180.0, -167.0, -300.0, -300.0, -204.0, -191.0, -300.0, -283.0, -300.0, -300.0, -300.0, -300.0, -275.0, -300.0, -300.0, -179.0, -172.0, -300.0, -300.0, -180.0, -212.0, -300.0, -235.0, -300.0, -275.0, -180.0, -300.0, -180.0, -300.0, -300.0, -300.0, -300.0, -179.0, -184.0, -300.0, -300.0, -176.0, -300.0, -300.0, -300.0, -300.0, -168.0, -156.0, -300.0, -191.0, -236.0, -215.0, -300.0, -196.0, -300.0, -240.0, -300.0, -300.0, -208.0, -300.0, -160.0, -300.0, -172.0, -300.0, -300.0, -288.0, -300.0, -300.0, -300.0, -300.0, -180.0, -204.0], [-300.0, -184.0, -148.0, -244.0, -220.0, -181.0, -243.0, -156.0, -182.0, -160.0, -300.0, -176.0, -300.0, -176.0, -300.0, -300.0, -164.0, -164.0, -184.0, -300.0, -300.0, -168.0, -300.0, -300.0, -300.0, -184.0, -300.0, -168.0, -300.0, -300.0, -244.0, -300.0, -300.0, -236.0, -168.0, -184.0, -300.0, -172.0, -191.0, -236.0, -300.0, -216.0, -300.0, -300.0, -300.0, -300.0, -220.0, -172.0, -224.0, -163.0, -300.0, -176.0, -300.0, -300.0, -300.0, -184.0, -164.0, -194.0, -156.0, -199.0, -180.0, -300.0, -200.0, -300.0, -300.0, -268.0, -177.0, -180.0, -263.0, -176.0, -300.0, -300.0, -300.0, -172.0, -300.0, -300.0, -199.0, -300.0, -300.0, -188.0, -224.0, -168.0, -188.0, -300.0, -168.0, -200.0, -176.0, -300.0, -300.0, -176.0, -300.0, -192.0, -232.0, -300.0, -176.0, -184.0, -167.0, -136.0, -211.0, -176.0]], "success_matrix": [[true, true, false, true, false, true, false, true, true, false, false, true, true, false, true, true, true, true, false, true, true, false, true, false, true, false, true, true, false, true, true, true, true, true, true, false, false, false, false, false, false, false, true, false, true, true, true, true, true, true, true, true, true, true, true, false, true, true, false, true, false, true, true, true, false, true, false, false, true, false, false, true, false, false, false, false, true, false, false, false, true, false, true, false, true, false, false, false, false, true, true, true, false, false, true, true, false, true, true, true], [false, false, false, true, false, false, true, true, false, false, true, true, true, true, true, true, true, false, false, true, false, false, false, true, true, false, true, false, false, false, true, false, false, false, true, true, true, false, false, true, false, true, true, false, true, false, true, false, false, false, false, true, false, true, false, false, true, false, true, true, true, false, false, false, true, true, false, true, true, false, false, true, false, true, true, true, false, true, true, true, false, true, false, false, true, true, false, false, false, false, false, false, true, true, true, false, false, true, false, false], [true, true, false, true, true, true, true, false, false, false, false, false, false, true, true, false, true, true, false, true, false, false, true, true, true, true, true, true, false, false, false, true, true, true, true, false, false, true, false, true, false, false, false, false, true, true, true, false, true, true, true, false, false, false, true, true, false, true, false, false, true, false, false, true, false, false, false, true, true, true, false, true, false, false, false, true, true, false, true, false, true, false, true, false, true, true, true, false, false, false, false, true, false, false, false, false, false, true, true, true], [false, false, false, true, false, true, true, false, false, true, false, true, true, true, false, false, false, true, false, true, false, false, true, true, true, true, true, false, false, true, false, false, false, true, true, false, false, true, true, false, true, false, false, false, false, true, false, false, true, true, false, false, true, true, false, true, false, true, true, false, true, false, false, false, false, true, true, false, false, true, false, false, false, false, true, true, false, true, true, true, false, true, false, true, false, false, true, false, true, false, true, false, false, true, false, false, false, false, true, true], [false, true, true, true, true, true, true, true, true, true, false, true, false, true, false, false, true, true, true, false, false, true, false, false, false, true, false, true, false, false, true, false, false, true, true, true, false, true, true, true, false, true, false, false, false, false, true, true, true, true, false, true, false, false, false, true, true, true, true, true, true, false, true, false, false, true, true, true, true, true, false, false, false, true, false, false, true, false, false, true, true, true, true, false, true, true, true, false, false, true, false, true, true, false, true, true, true, true, true, true]], "ticket_name": "envs100_samples5000_seed999_ddim8_20251130_221846_ddim8", "eval_noise_idx": 25, "eval_seed": 1619}