{"n_seeds": 5, "n_evals_per_seed": 100, "reward_mean": -233.2239990234375, "reward_std": 7.241220474243164, "success_mean": 0.442, "success_std": 0.044384682042344276, "episode_seeds": [1619, 1620, 1621, 1622, 1623], "seed_reward_means": [-226.58999633789062, -228.77000427246094, -244.5, -236.19000244140625, -230.07000732421875], "seed_success_means": [0.49, 0.47, 0.39, 0.4, 0.46], "reward_matrix": [[-300.0, -119.0, -300.0, -200.0, -68.0, -300.0, -300.0, -300.0, -300.0, -225.0, -106.0, -210.0, -59.0, -207.0, -300.0, -124.0, -300.0, -76.0, -300.0, -300.0, -300.0, -83.0, -270.0, -149.0, -300.0, -300.0, -71.0, -300.0, -300.0, -131.0, -168.0, -55.0, -300.0, -300.0, -229.0, -300.0, -246.0, -62.0, -300.0, -300.0, -51.0, -300.0, -166.0, -223.0, -300.0, -114.0, -173.0, -300.0, -285.0, -300.0, -254.0, -300.0, -144.0, -300.0, -300.0, -146.0, -300.0, -300.0, -262.0, -300.0, -163.0, -300.0, -158.0, -300.0, -300.0, -300.0, -185.0, -300.0, -58.0, -296.0, -164.0, -300.0, -251.0, -111.0, -211.0, -300.0, -300.0, -300.0, -251.0, -94.0, -300.0, -197.0, -300.0, -300.0, -59.0, -111.0, -146.0, -143.0, -300.0, -300.0, -300.0, -300.0, -84.0, -78.0, -107.0, -300.0, -300.0, -300.0, -300.0, -116.0], [-300.0, -195.0, -300.0, -68.0, -145.0, -300.0, -173.0, -117.0, -94.0, -299.0, -300.0, -300.0, -300.0, -300.0, -300.0, -298.0, -82.0, -243.0, -300.0, -300.0, -71.0, -273.0, -226.0, -180.0, -300.0, -156.0, -300.0, -204.0, -300.0, -173.0, -185.0, -98.0, -298.0, -300.0, -163.0, -300.0, -183.0, -300.0, -138.0, -83.0, -300.0, -300.0, -83.0, -189.0, -300.0, -300.0, -300.0, -181.0, -300.0, -173.0, -300.0, -300.0, -189.0, -300.0, -65.0, -300.0, -197.0, -300.0, -206.0, -300.0, -300.0, -300.0, -300.0, -300.0, -300.0, -300.0, -300.0, -300.0, -300.0, -300.0, -58.0, -300.0, -184.0, -96.0, -300.0, -163.0, -298.0, -144.0, -300.0, -300.0, -173.0, -149.0, -128.0, -175.0, -268.0, -94.0, -300.0, -71.0, -300.0, -72.0, -121.0, -300.0, -197.0, -157.0, -300.0, -300.0, -300.0, -300.0, -153.0, -48.0], [-300.0, -300.0, -300.0, -67.0, -300.0, -211.0, -300.0, -300.0, -298.0, -87.0, -300.0, -125.0, -300.0, -148.0, -300.0, -245.0, -78.0, -300.0, -300.0, -300.0, -300.0, -215.0, -300.0, -300.0, -65.0, -293.0, -300.0, -216.0, -300.0, -300.0, -157.0, -133.0, -300.0, -169.0, -300.0, -300.0, -108.0, -145.0, -300.0, -300.0, -300.0, -300.0, -60.0, -211.0, -165.0, -59.0, -300.0, -300.0, -83.0, -205.0, -300.0, -300.0, -245.0, -300.0, -61.0, -300.0, -300.0, -300.0, -300.0, -300.0, -300.0, -300.0, -300.0, -221.0, -300.0, -187.0, -300.0, -76.0, -151.0, -300.0, -243.0, -296.0, -300.0, -132.0, -300.0, -272.0, -300.0, -300.0, -300.0, -117.0, -300.0, -300.0, -151.0, -300.0, -157.0, -300.0, -300.0, -219.0, -300.0, -153.0, -300.0, -300.0, -300.0, -300.0, -300.0, -300.0, -152.0, -74.0, -300.0, -300.0], [-299.0, -300.0, -300.0, -300.0, -300.0, -300.0, -83.0, -300.0, -300.0, -66.0, -142.0, -153.0, -300.0, -181.0, -204.0, -300.0, -300.0, -300.0, -173.0, -300.0, -300.0, -300.0, -300.0, -300.0, -300.0, -148.0, -300.0, -123.0, -300.0, -300.0, -220.0, -300.0, -63.0, -300.0, -300.0, -150.0, -300.0, -300.0, -300.0, -300.0, -157.0, -300.0, -63.0, -300.0, -75.0, -177.0, -300.0, -160.0, -48.0, -216.0, -300.0, -116.0, -300.0, -300.0, -300.0, -129.0, -232.0, -300.0, -300.0, -300.0, -300.0, -171.0, -221.0, -300.0, -253.0, -300.0, -300.0, -300.0, -52.0, -172.0, -147.0, -300.0, -300.0, -300.0, -300.0, -177.0, -300.0, -300.0, -300.0, -300.0, -300.0, -300.0, -156.0, -65.0, -300.0, -181.0, -300.0, -62.0, -300.0, -300.0, -68.0, -171.0, -162.0, -68.0, -140.0, -300.0, -101.0, -174.0, -300.0, -300.0], [-236.0, -300.0, -52.0, -129.0, -300.0, -300.0, -96.0, -300.0, -300.0, -198.0, -300.0, -162.0, -101.0, -300.0, -300.0, -146.0, -300.0, -222.0, -300.0, -58.0, -300.0, -300.0, -84.0, -217.0, -262.0, -300.0, -300.0, -149.0, -162.0, -294.0, -158.0, -300.0, -300.0, -205.0, -300.0, -300.0, -300.0, -300.0, -300.0, -70.0, -300.0, -128.0, -300.0, -300.0, -300.0, -133.0, -85.0, -300.0, -300.0, -300.0, -300.0, -300.0, -300.0, -51.0, -300.0, -75.0, -192.0, -195.0, -300.0, -300.0, -300.0, -126.0, -300.0, -177.0, -300.0, -300.0, -232.0, -300.0, -300.0, -72.0, -105.0, -167.0, -300.0, -75.0, -300.0, -151.0, -300.0, -300.0, -181.0, -190.0, -122.0, -300.0, -188.0, -201.0, -215.0, -300.0, -300.0, -300.0, -300.0, -300.0, -300.0, -300.0, -95.0, -150.0, -181.0, -89.0, -175.0, -300.0, -170.0, -185.0]], "success_matrix": [[false, true, false, true, true, false, false, false, false, true, true, true, true, true, false, true, false, true, false, false, false, true, true, true, false, false, true, false, false, true, true, true, false, false, true, false, true, true, false, false, true, false, true, true, false, true, true, false, true, false, true, false, true, false, false, true, false, false, true, false, true, false, true, false, false, false, true, false, true, false, true, false, true, true, true, false, false, false, true, true, false, true, false, false, true, true, true, true, false, false, false, false, true, true, true, false, false, false, false, true], [false, true, false, true, true, false, true, true, true, false, false, false, false, false, false, false, true, true, false, false, true, true, true, true, false, true, false, true, false, true, true, true, false, false, true, false, true, false, true, true, false, false, true, true, false, false, false, true, false, true, false, false, true, false, true, false, true, false, true, false, false, false, false, false, false, false, false, false, false, false, true, false, true, true, false, true, false, true, false, false, true, true, true, true, true, true, false, true, false, true, true, false, true, true, false, false, false, false, true, true], [false, false, false, true, false, true, false, false, false, true, false, true, false, true, false, true, true, false, false, false, false, true, false, false, true, true, false, true, false, false, true, true, false, true, false, false, true, true, false, false, false, false, true, true, true, true, false, false, true, true, false, false, true, false, true, false, false, false, false, false, false, false, false, true, false, true, false, true, true, false, true, true, false, true, false, true, false, false, false, true, false, false, true, false, true, false, false, true, false, true, false, false, false, false, false, false, true, true, false, false], [false, false, false, false, false, false, true, false, false, true, true, true, false, true, true, false, false, false, true, false, false, false, false, false, false, true, false, true, false, false, true, false, true, false, false, true, false, false, false, false, true, false, true, false, true, true, false, true, true, true, false, true, false, false, false, true, true, false, false, false, false, true, true, false, true, false, false, false, true, true, true, false, false, false, false, true, false, false, false, false, false, false, true, true, false, true, false, true, false, false, true, true, true, true, true, false, true, true, false, false], [true, false, true, true, false, false, true, false, false, true, false, true, true, false, false, true, false, true, false, true, false, false, true, true, true, false, false, true, true, false, true, false, false, true, false, false, false, false, false, true, false, true, false, false, false, true, true, false, false, false, false, false, false, true, false, true, true, true, false, false, false, true, false, true, false, false, true, false, false, true, true, true, false, true, false, true, false, false, true, true, true, false, true, true, true, false, false, false, false, false, false, false, true, true, true, true, true, false, true, true]], "ticket_name": "zo_envs10_iter100_cand10_lambda5.0_seed666_ddim8_20251213_184024/seed_672", "eval_noise_idx": 0, "eval_seed": 1619}