{"n_seeds": 5, "n_evals_per_seed": 100, "reward_mean": -243.583984375, "reward_std": 3.5119552612304688, "success_mean": 0.404, "success_std": 0.020736441353327712, "episode_seeds": [1619, 1620, 1621, 1622, 1623], "seed_reward_means": [-240.05999755859375, -244.99000549316406, -248.9499969482422, -241.3000030517578, -242.6199951171875], "seed_success_means": [0.42, 0.39, 0.38, 0.4, 0.43], "reward_matrix": [[-300.0, -300.0, -300.0, -184.0, -300.0, -300.0, -298.0, -300.0, -150.0, -300.0, -199.0, -300.0, -300.0, -300.0, -300.0, -300.0, -300.0, -99.0, -300.0, -300.0, -95.0, -83.0, -300.0, -300.0, -300.0, -300.0, -297.0, -248.0, -300.0, -300.0, -91.0, -300.0, -300.0, -300.0, -300.0, -300.0, -300.0, -97.0, -287.0, -87.0, -114.0, -300.0, -115.0, -300.0, -300.0, -222.0, -300.0, -300.0, -300.0, -300.0, -300.0, -116.0, -300.0, -300.0, -120.0, -103.0, -135.0, -300.0, -136.0, -176.0, -180.0, -300.0, -108.0, -300.0, -300.0, -273.0, -300.0, -300.0, -300.0, -98.0, -300.0, -300.0, -300.0, -83.0, -165.0, -300.0, -195.0, -114.0, -300.0, -300.0, -300.0, -255.0, -171.0, -300.0, -112.0, -300.0, -152.0, -258.0, -112.0, -300.0, -300.0, -162.0, -300.0, -283.0, -135.0, -88.0, -253.0, -78.0, -208.0, -271.0], [-300.0, -131.0, -101.0, -300.0, -171.0, -300.0, -300.0, -300.0, -85.0, -73.0, -235.0, -300.0, -252.0, -300.0, -300.0, -300.0, -300.0, -111.0, -300.0, -300.0, -300.0, -190.0, -300.0, -185.0, -300.0, -120.0, -300.0, -300.0, -119.0, -300.0, -99.0, -300.0, -120.0, -214.0, -142.0, -300.0, -300.0, -300.0, -300.0, -300.0, -300.0, -300.0, -171.0, -300.0, -300.0, -300.0, -119.0, -300.0, -300.0, -210.0, -300.0, -300.0, -106.0, -300.0, -300.0, -300.0, -300.0, -125.0, -169.0, -300.0, -161.0, -300.0, -300.0, -239.0, -300.0, -76.0, -300.0, -300.0, -223.0, -297.0, -300.0, -208.0, -300.0, -300.0, -300.0, -95.0, -300.0, -126.0, -120.0, -175.0, -281.0, -251.0, -300.0, -138.0, -122.0, -300.0, -300.0, -300.0, -264.0, -243.0, -300.0, -300.0, -300.0, -300.0, -300.0, -300.0, -300.0, -300.0, -161.0, -71.0], [-300.0, -300.0, -243.0, -300.0, -300.0, -300.0, -300.0, -247.0, -228.0, -300.0, -97.0, -300.0, -91.0, -300.0, -102.0, -300.0, -300.0, -75.0, -300.0, -300.0, -300.0, -300.0, -300.0, -300.0, -79.0, -300.0, -227.0, -300.0, -300.0, -300.0, -135.0, -102.0, -271.0, -300.0, -300.0, -300.0, -112.0, -253.0, -300.0, -300.0, -300.0, -300.0, -96.0, -83.0, -295.0, -300.0, -300.0, -170.0, -300.0, -283.0, -300.0, -300.0, -300.0, -103.0, -300.0, -300.0, -71.0, -300.0, -241.0, -300.0, -300.0, -300.0, -138.0, -300.0, -207.0, -300.0, -287.0, -300.0, -300.0, -300.0, -300.0, -300.0, -186.0, -259.0, -300.0, -300.0, -300.0, -300.0, -300.0, -124.0, -202.0, -300.0, -300.0, -138.0, -119.0, -300.0, -93.0, -300.0, -152.0, -190.0, -300.0, -300.0, -300.0, -229.0, -199.0, -300.0, -269.0, -300.0, -93.0, -106.0], [-192.0, -122.0, -93.0, -300.0, -300.0, -300.0, -300.0, -300.0, -117.0, -300.0, -300.0, -300.0, -300.0, -300.0, -300.0, -208.0, -300.0, -285.0, -300.0, -300.0, -300.0, -227.0, -300.0, -300.0, -224.0, -97.0, -300.0, -108.0, -300.0, -300.0, -78.0, -300.0, -83.0, -300.0, -300.0, -110.0, -300.0, -300.0, -68.0, -96.0, -300.0, -300.0, -290.0, -300.0, -194.0, -300.0, -300.0, -281.0, -95.0, -300.0, -152.0, -230.0, -300.0, -95.0, -300.0, -300.0, -300.0, -300.0, -96.0, -300.0, -300.0, -300.0, -300.0, -117.0, -300.0, -300.0, -300.0, -284.0, -106.0, -300.0, -300.0, -300.0, -98.0, -300.0, -300.0, -69.0, -300.0, -300.0, -300.0, -174.0, -110.0, -300.0, -283.0, -300.0, -300.0, -85.0, -300.0, -163.0, -300.0, -113.0, -103.0, -300.0, -233.0, -96.0, -286.0, -300.0, -145.0, -124.0, -300.0, -300.0], [-261.0, -300.0, -157.0, -300.0, -300.0, -92.0, -300.0, -300.0, -121.0, -210.0, -300.0, -110.0, -100.0, -300.0, -239.0, -209.0, -300.0, -300.0, -300.0, -300.0, -183.0, -159.0, -95.0, -83.0, -300.0, -300.0, -205.0, -95.0, -129.0, -300.0, -300.0, -300.0, -300.0, -300.0, -300.0, -300.0, -236.0, -300.0, -123.0, -226.0, -300.0, -300.0, -162.0, -136.0, -300.0, -83.0, -300.0, -185.0, -300.0, -275.0, -300.0, -82.0, -300.0, -300.0, -300.0, -300.0, -300.0, -211.0, -254.0, -267.0, -300.0, -108.0, -300.0, -300.0, -186.0, -300.0, -300.0, -189.0, -300.0, -196.0, -300.0, -300.0, -193.0, -198.0, -300.0, -300.0, -300.0, -300.0, -206.0, -300.0, -110.0, -300.0, -300.0, -161.0, -197.0, -300.0, -300.0, -300.0, -66.0, -118.0, -162.0, -300.0, -220.0, -300.0, -300.0, -164.0, -300.0, -300.0, -300.0, -300.0]], "success_matrix": [[false, false, false, true, false, false, false, false, true, false, true, false, false, false, false, false, false, true, false, false, true, true, false, false, false, false, false, true, false, false, true, false, false, false, false, false, false, true, true, true, true, false, true, false, false, true, false, false, false, false, false, true, false, false, true, true, true, false, true, true, true, false, true, false, false, true, false, false, false, true, false, false, false, true, true, false, true, true, false, false, false, true, true, false, true, false, true, true, true, false, false, true, false, true, true, true, true, true, true, true], [false, true, true, false, true, false, false, false, true, true, true, false, true, false, false, false, false, true, false, false, false, true, false, true, false, true, false, false, true, false, true, false, true, true, true, false, false, false, false, false, false, false, true, false, false, false, true, false, false, true, false, false, true, false, false, false, false, true, true, false, true, false, false, true, false, true, false, false, true, false, false, true, false, false, false, true, false, true, true, true, true, true, false, true, true, false, false, false, true, true, false, false, false, false, false, false, false, false, true, true], [false, false, true, false, false, false, false, true, true, false, true, false, true, false, true, false, false, true, false, false, false, false, false, false, true, false, true, false, false, false, true, true, true, false, false, false, true, true, false, false, false, false, true, true, false, false, false, true, false, true, false, false, false, true, false, false, true, false, true, false, false, false, true, false, true, false, true, false, false, false, false, false, true, true, false, false, false, false, false, true, true, false, false, true, true, false, true, false, true, true, false, false, false, true, true, false, true, false, true, true], [true, true, true, false, false, false, false, false, true, false, false, false, false, false, false, true, false, true, false, false, false, true, false, false, true, true, false, true, false, false, true, false, true, false, false, true, false, false, true, true, false, false, true, false, true, false, false, true, true, false, true, true, false, true, false, false, false, false, true, false, false, false, false, true, false, false, false, true, true, false, false, false, true, false, false, true, false, false, false, true, true, false, true, false, false, true, false, true, false, true, true, false, true, true, true, false, true, true, false, false], [true, false, true, false, false, true, false, false, true, true, false, true, true, false, true, true, false, false, false, false, true, true, true, true, false, false, true, true, true, false, false, false, false, false, false, false, true, false, true, true, false, false, true, true, false, true, false, true, false, true, false, true, false, false, false, false, false, true, true, true, false, true, false, false, true, false, false, true, false, true, false, false, true, true, false, false, false, false, true, false, true, false, false, true, true, false, false, false, true, true, true, false, true, false, false, true, false, false, false, false]], "ticket_name": "zo_envs10_iter100_cand10_lambda5.0_seed666_ddim8_20251213_184024/seed_668", "eval_noise_idx": 0, "eval_seed": 1619}