{"n_seeds": 5, "n_evals_per_seed": 100, "reward_mean": -256.0119934082031, "reward_std": 4.673347473144531, "success_mean": 0.45, "success_std": 0.04, "episode_seeds": [1619, 1620, 1621, 1622, 1623], "seed_reward_means": [-253.4600067138672, -258.4700012207031, -261.9200134277344, -257.8399963378906, -248.3699951171875], "seed_success_means": [0.43, 0.46, 0.4, 0.44, 0.52], "reward_matrix": [[-300.0, -300.0, -300.0, -143.0, -262.0, -272.0, -300.0, -300.0, -179.0, -300.0, -300.0, -167.0, -252.0, -183.0, -228.0, -300.0, -183.0, -178.0, -300.0, -217.0, -300.0, -300.0, -158.0, -300.0, -300.0, -300.0, -147.0, -159.0, -300.0, -300.0, -216.0, -300.0, -188.0, -147.0, -199.0, -178.0, -245.0, -300.0, -300.0, -300.0, -300.0, -300.0, -229.0, -300.0, -214.0, -182.0, -215.0, -212.0, -300.0, -169.0, -147.0, -154.0, -159.0, -300.0, -300.0, -300.0, -300.0, -300.0, -300.0, -300.0, -300.0, -300.0, -188.0, -138.0, -300.0, -244.0, -300.0, -300.0, -215.0, -300.0, -300.0, -213.0, -300.0, -300.0, -300.0, -300.0, -167.0, -300.0, -300.0, -300.0, -300.0, -219.0, -300.0, -300.0, -127.0, -300.0, -300.0, -300.0, -300.0, -197.0, -300.0, -209.0, -300.0, -300.0, -170.0, -252.0, -175.0, -300.0, -300.0, -150.0], [-214.0, -300.0, -300.0, -182.0, -300.0, -300.0, -300.0, -300.0, -223.0, -300.0, -154.0, -300.0, -188.0, -246.0, -300.0, -186.0, -300.0, -275.0, -267.0, -191.0, -300.0, -300.0, -300.0, -300.0, -190.0, -300.0, -184.0, -300.0, -184.0, -300.0, -300.0, -300.0, -300.0, -300.0, -300.0, -166.0, -300.0, -300.0, -300.0, -300.0, -300.0, -227.0, -300.0, -207.0, -300.0, -300.0, -187.0, -208.0, -300.0, -300.0, -300.0, -296.0, -300.0, -248.0, -300.0, -275.0, -202.0, -223.0, -178.0, -139.0, -161.0, -300.0, -300.0, -223.0, -247.0, -207.0, -300.0, -235.0, -146.0, -300.0, -229.0, -267.0, -300.0, -161.0, -300.0, -249.0, -300.0, -300.0, -164.0, -300.0, -195.0, -300.0, -300.0, -182.0, -268.0, -168.0, -300.0, -300.0, -300.0, -274.0, -300.0, -300.0, -251.0, -300.0, -199.0, -300.0, -300.0, -138.0, -167.0, -276.0], [-239.0, -300.0, -300.0, -300.0, -180.0, -300.0, -300.0, -300.0, -178.0, -300.0, -182.0, -300.0, -300.0, -143.0, -159.0, -300.0, -300.0, -174.0, -300.0, -300.0, -300.0, -300.0, -151.0, -230.0, -300.0, -300.0, -158.0, -300.0, -300.0, -300.0, -300.0, -300.0, -300.0, -300.0, -300.0, -300.0, -300.0, -150.0, -252.0, -300.0, -300.0, -300.0, -300.0, -300.0, -300.0, -184.0, -290.0, -300.0, -300.0, -139.0, -255.0, -233.0, -183.0, -234.0, -178.0, -160.0, -282.0, -191.0, -199.0, -208.0, -182.0, -300.0, -300.0, -300.0, -232.0, -300.0, -300.0, -300.0, -225.0, -300.0, -300.0, -151.0, -300.0, -300.0, -248.0, -200.0, -232.0, -300.0, -131.0, -199.0, -158.0, -250.0, -300.0, -300.0, -300.0, -253.0, -300.0, -300.0, -300.0, -269.0, -300.0, -300.0, -284.0, -300.0, -300.0, -300.0, -300.0, -300.0, -246.0, -300.0], [-300.0, -300.0, -300.0, -300.0, -300.0, -139.0, -204.0, -300.0, -300.0, -236.0, -300.0, -174.0, -300.0, -169.0, -300.0, -300.0, -300.0, -161.0, -275.0, -154.0, -300.0, -300.0, -149.0, -300.0, -240.0, -203.0, -147.0, -300.0, -300.0, -300.0, -300.0, -300.0, -300.0, -300.0, -146.0, -223.0, -300.0, -207.0, -178.0, -300.0, -300.0, -300.0, -300.0, -300.0, -272.0, -203.0, -300.0, -189.0, -300.0, -300.0, -300.0, -214.0, -208.0, -223.0, -300.0, -300.0, -300.0, -300.0, -135.0, -300.0, -139.0, -300.0, -187.0, -199.0, -300.0, -187.0, -174.0, -300.0, -271.0, -300.0, -271.0, -300.0, -283.0, -300.0, -153.0, -300.0, -300.0, -300.0, -183.0, -201.0, -300.0, -300.0, -300.0, -257.0, -217.0, -300.0, -300.0, -300.0, -300.0, -259.0, -300.0, -202.0, -187.0, -209.0, -223.0, -300.0, -300.0, -294.0, -219.0, -220.0], [-300.0, -300.0, -127.0, -300.0, -167.0, -300.0, -276.0, -139.0, -300.0, -154.0, -300.0, -150.0, -256.0, -204.0, -215.0, -276.0, -156.0, -228.0, -174.0, -300.0, -300.0, -167.0, -300.0, -300.0, -300.0, -186.0, -300.0, -171.0, -300.0, -300.0, -158.0, -300.0, -300.0, -179.0, -300.0, -233.0, -300.0, -180.0, -166.0, -234.0, -244.0, -210.0, -300.0, -293.0, -282.0, -300.0, -229.0, -167.0, -300.0, -187.0, -219.0, -240.0, -300.0, -300.0, -300.0, -300.0, -159.0, -300.0, -162.0, -300.0, -300.0, -268.0, -300.0, -300.0, -300.0, -174.0, -300.0, -196.0, -300.0, -166.0, -300.0, -231.0, -300.0, -180.0, -300.0, -300.0, -193.0, -300.0, -300.0, -300.0, -268.0, -300.0, -240.0, -300.0, -300.0, -300.0, -143.0, -268.0, -300.0, -300.0, -300.0, -228.0, -245.0, -299.0, -135.0, -208.0, -159.0, -127.0, -244.0, -177.0]], "success_matrix": [[false, false, false, true, true, true, false, false, true, false, false, true, true, true, true, false, true, true, false, true, false, false, true, false, false, false, true, true, false, false, true, false, true, true, true, true, true, false, false, false, false, false, true, false, true, true, true, true, false, true, true, true, true, false, false, false, false, false, false, false, false, false, true, true, false, true, false, false, true, false, false, true, false, false, false, false, true, false, false, false, false, true, false, false, true, false, false, false, false, true, false, true, false, false, true, true, true, false, false, true], [true, false, false, true, false, false, false, false, true, false, true, false, true, true, false, true, false, true, true, true, false, false, false, false, true, false, true, false, true, false, false, false, false, false, false, true, false, false, false, false, false, true, false, true, false, false, true, true, false, false, false, true, false, true, false, true, true, true, true, true, true, false, false, true, true, true, false, true, true, false, true, true, false, true, false, true, false, false, true, false, true, false, false, true, true, true, false, false, false, true, false, false, true, false, true, false, false, true, true, true], [true, false, false, false, true, false, false, false, true, false, true, false, false, true, true, false, false, true, false, false, false, false, true, true, false, false, true, false, false, false, false, false, false, false, false, false, false, true, true, false, false, false, false, false, false, true, true, false, false, true, true, true, true, true, true, true, true, true, true, true, true, false, false, false, true, false, false, false, true, false, false, true, false, false, true, true, true, false, true, true, true, true, false, false, false, true, false, false, false, true, false, false, true, false, false, false, false, false, true, false], [false, false, false, false, false, true, true, false, false, true, false, true, false, true, false, false, false, true, true, true, false, false, true, false, true, true, true, false, false, false, false, false, false, false, true, true, false, true, true, false, false, false, false, false, true, true, false, true, false, false, false, true, true, true, false, false, false, false, true, false, true, false, true, true, false, true, true, false, true, false, true, false, true, false, true, false, false, false, true, true, false, false, false, true, true, false, false, false, false, true, false, true, true, true, true, false, false, true, true, true], [false, false, true, false, true, false, true, true, false, true, false, true, true, true, true, true, true, true, true, false, false, true, false, false, false, true, false, true, false, false, true, false, false, true, false, true, false, true, true, true, true, true, false, true, true, false, true, true, false, true, true, true, false, false, false, false, true, false, true, false, false, true, false, false, false, true, false, true, false, true, false, true, false, true, false, false, true, false, false, false, true, false, true, false, false, false, true, true, false, false, false, true, true, false, true, true, true, true, true, true]], "ticket_name": "envs50_samples5000_seed999_ddim8_20251130_223116_nenvs_50", "eval_noise_idx": 42, "eval_seed": 1619}