{"n_seeds": 5, "n_evals_per_seed": 100, "reward_mean": -136.7659912109375, "reward_std": 15.152153968811035, "success_mean": 0.8640000000000001, "success_std": 0.058566201857385265, "episode_seeds": [1619, 1620, 1621, 1622, 1623], "seed_reward_means": [-133.0, -136.08999633789062, -153.30999755859375, -147.39999389648438, -114.02999877929688], "seed_success_means": [0.86, 0.88, 0.79, 0.84, 0.95], "reward_matrix": [[-100.0, -79.0, -70.0, -120.0, -83.0, -72.0, -85.0, -79.0, -94.0, -93.0, -300.0, -74.0, -72.0, -120.0, -65.0, -98.0, -79.0, -83.0, -86.0, -300.0, -74.0, -212.0, -160.0, -75.0, -85.0, -83.0, -300.0, -88.0, -249.0, -97.0, -231.0, -100.0, -300.0, -103.0, -114.0, -81.0, -80.0, -70.0, -131.0, -200.0, -76.0, -85.0, -107.0, -300.0, -300.0, -95.0, -300.0, -80.0, -76.0, -300.0, -169.0, -106.0, -100.0, -78.0, -96.0, -72.0, -83.0, -76.0, -216.0, -88.0, -104.0, -99.0, -212.0, -76.0, -73.0, -90.0, -85.0, -129.0, -85.0, -77.0, -96.0, -244.0, -203.0, -96.0, -175.0, -77.0, -300.0, -82.0, -300.0, -86.0, -299.0, -272.0, -77.0, -300.0, -86.0, -86.0, -71.0, -95.0, -79.0, -300.0, -300.0, -87.0, -84.0, -95.0, -71.0, -81.0, -111.0, -73.0, -80.0, -176.0], [-57.0, -76.0, -211.0, -87.0, -79.0, -81.0, -262.0, -224.0, -74.0, -75.0, -79.0, -300.0, -81.0, -121.0, -75.0, -173.0, -85.0, -124.0, -87.0, -88.0, -123.0, -300.0, -81.0, -228.0, -300.0, -252.0, -111.0, -126.0, -167.0, -122.0, -300.0, -72.0, -92.0, -91.0, -85.0, -104.0, -105.0, -300.0, -195.0, -77.0, -300.0, -300.0, -88.0, -120.0, -99.0, -272.0, -76.0, -228.0, -300.0, -84.0, -76.0, -248.0, -300.0, -85.0, -96.0, -86.0, -75.0, -87.0, -177.0, -91.0, -78.0, -100.0, -169.0, -84.0, -82.0, -87.0, -120.0, -222.0, -169.0, -70.0, -67.0, -86.0, -121.0, -72.0, -300.0, -85.0, -80.0, -83.0, -83.0, -107.0, -95.0, -92.0, -68.0, -95.0, -300.0, -133.0, -101.0, -72.0, -300.0, -110.0, -72.0, -163.0, -80.0, -97.0, -185.0, -71.0, -76.0, -71.0, -240.0, -65.0], [-300.0, -100.0, -75.0, -69.0, -72.0, -300.0, -300.0, -97.0, -85.0, -100.0, -300.0, -76.0, -74.0, -182.0, -299.0, -282.0, -96.0, -68.0, -101.0, -299.0, -82.0, -90.0, -102.0, -68.0, -78.0, -110.0, -88.0, -181.0, -87.0, -100.0, -77.0, -253.0, -82.0, -80.0, -180.0, -88.0, -90.0, -81.0, -81.0, -93.0, -72.0, -71.0, -82.0, -220.0, -68.0, -80.0, -94.0, -92.0, -219.0, -300.0, -88.0, -300.0, -87.0, -77.0, -104.0, -297.0, -72.0, -178.0, -300.0, -300.0, -98.0, -283.0, -189.0, -100.0, -160.0, -80.0, -257.0, -84.0, -300.0, -297.0, -76.0, -215.0, -300.0, -84.0, -76.0, -76.0, -159.0, -300.0, -91.0, -281.0, -100.0, -300.0, -90.0, -300.0, -211.0, -300.0, -90.0, -86.0, -84.0, -87.0, -131.0, -180.0, -131.0, -94.0, -300.0, -300.0, -120.0, -74.0, -80.0, -300.0], [-85.0, -232.0, -64.0, -105.0, -269.0, -110.0, -113.0, -66.0, -242.0, -80.0, -79.0, -300.0, -76.0, -153.0, -275.0, -81.0, -142.0, -82.0, -97.0, -69.0, -86.0, -87.0, -90.0, -88.0, -100.0, -83.0, -72.0, -300.0, -65.0, -97.0, -240.0, -82.0, -300.0, -152.0, -300.0, -213.0, -300.0, -68.0, -160.0, -81.0, -104.0, -86.0, -75.0, -300.0, -87.0, -109.0, -69.0, -128.0, -64.0, -184.0, -112.0, -105.0, -72.0, -81.0, -96.0, -125.0, -185.0, -300.0, -200.0, -92.0, -93.0, -73.0, -300.0, -91.0, -184.0, -88.0, -300.0, -112.0, -70.0, -87.0, -88.0, -75.0, -81.0, -142.0, -179.0, -185.0, -300.0, -78.0, -121.0, -267.0, -84.0, -87.0, -300.0, -76.0, -73.0, -251.0, -300.0, -96.0, -92.0, -79.0, -275.0, -300.0, -128.0, -300.0, -98.0, -94.0, -92.0, -243.0, -300.0, -300.0], [-77.0, -300.0, -75.0, -88.0, -299.0, -169.0, -73.0, -72.0, -97.0, -83.0, -93.0, -300.0, -112.0, -75.0, -82.0, -262.0, -80.0, -100.0, -145.0, -92.0, -73.0, -82.0, -89.0, -96.0, -84.0, -80.0, -84.0, -86.0, -219.0, -81.0, -92.0, -80.0, -77.0, -98.0, -300.0, -78.0, -80.0, -93.0, -80.0, -105.0, -88.0, -300.0, -87.0, -88.0, -74.0, -60.0, -69.0, -90.0, -81.0, -81.0, -140.0, -233.0, -73.0, -63.0, -77.0, -84.0, -74.0, -133.0, -96.0, -99.0, -83.0, -81.0, -76.0, -200.0, -121.0, -69.0, -122.0, -123.0, -109.0, -247.0, -90.0, -100.0, -75.0, -239.0, -75.0, -83.0, -92.0, -88.0, -224.0, -103.0, -85.0, -86.0, -115.0, -89.0, -203.0, -78.0, -136.0, -72.0, -70.0, -81.0, -85.0, -76.0, -193.0, -67.0, -244.0, -107.0, -172.0, -67.0, -83.0, -73.0]], "success_matrix": [[true, true, true, true, true, true, true, true, true, true, false, true, true, true, true, true, true, true, true, false, true, true, true, true, true, true, false, true, true, true, true, true, false, true, true, true, true, true, true, true, true, true, true, false, false, true, false, true, true, false, true, true, true, true, true, true, true, true, true, true, true, true, true, true, true, true, true, true, true, true, true, true, true, true, true, true, false, true, false, true, false, true, true, false, true, true, true, true, true, false, false, true, true, true, true, true, true, true, true, true], [true, true, true, true, true, true, true, true, true, true, true, false, true, true, true, true, true, true, true, true, true, false, true, true, false, true, true, true, true, true, false, true, true, true, true, true, true, false, true, true, false, false, true, true, true, true, true, true, false, true, true, true, false, true, true, true, true, true, true, true, true, true, true, true, true, true, true, true, true, true, true, true, true, true, false, true, true, true, true, true, true, true, true, true, false, true, true, true, false, true, true, true, true, true, true, true, true, true, true, true], [false, true, true, true, true, false, false, true, true, true, false, true, true, true, false, true, true, true, true, false, true, true, true, true, true, true, true, true, true, true, true, true, true, true, true, true, true, true, true, true, true, true, true, true, true, true, true, true, true, false, true, false, true, true, true, false, true, true, false, false, true, true, true, true, true, true, true, true, false, false, true, true, false, true, true, true, true, false, true, true, true, false, true, false, true, false, true, true, true, true, true, true, true, true, false, false, true, true, true, false], [true, true, true, true, true, true, true, true, true, true, true, false, true, true, true, true, true, true, true, true, true, true, true, true, true, true, true, false, true, true, true, true, false, true, false, true, false, true, true, true, true, true, true, false, true, true, true, true, true, true, true, true, true, true, true, true, true, false, true, true, true, true, false, true, true, true, false, true, true, true, true, true, true, true, true, true, false, true, true, true, true, true, false, true, true, true, false, true, true, true, true, false, true, false, true, true, true, true, false, false], [true, false, true, true, false, true, true, true, true, true, true, false, true, true, true, true, true, true, true, true, true, true, true, true, true, true, true, true, true, true, true, true, true, true, false, true, true, true, true, true, true, false, true, true, true, true, true, true, true, true, true, true, true, true, true, true, true, true, true, true, true, true, true, true, true, true, true, true, true, true, true, true, true, true, true, true, true, true, true, true, true, true, true, true, true, true, true, true, true, true, true, true, true, true, true, true, true, true, true, true]], "ticket_name": "envs100_samples5000_seed999_20251127_042954_ddim8", "eval_noise_idx": 0, "eval_seed": 1619}