{"n_seeds": 5, "n_evals_per_seed": 100, "reward_mean": -250.95639038085938, "reward_std": 7.849849700927734, "success_mean": 0.49000000000000005, "success_std": 0.03535533905932738, "episode_seeds": [1619, 1620, 1621, 1622, 1623], "seed_reward_means": [-250.85154724121094, -257.5697937011719, -239.94544982910156, -259.1806945800781, -247.2344970703125], "seed_success_means": [0.51, 0.44, 0.5, 0.47, 0.53], "reward_matrix": [[-342.226806640625, -213.41168212890625, -382.3899841308594, -185.19351196289062, -341.99017333984375, -148.47076416015625, -370.5856018066406, -113.71915435791016, -143.3540802001953, -140.77133178710938, -124.1297607421875, -162.08103942871094, -341.0119934082031, -160.94271850585938, -131.7334747314453, -111.81179809570312, -118.9104232788086, -350.36749267578125, -370.7744140625, -138.7663116455078, -390.1601867675781, -267.3607482910156, -345.1968688964844, -127.95841979980469, -360.6719970703125, -200.36624145507812, -293.24322509765625, -301.26959228515625, -359.03125, -128.55160522460938, -296.64501953125, -330.93731689453125, -378.5248107910156, -396.9158935546875, -320.5514221191406, -171.88885498046875, -134.36587524414062, -396.7828063964844, -120.7225341796875, -320.7442626953125, -395.8490295410156, -143.40977478027344, -390.5472412109375, -172.5388641357422, -383.69317626953125, -381.21771240234375, -132.23890686035156, -255.1123504638672, -229.8179168701172, -374.64715576171875, -190.47227478027344, -309.03948974609375, -298.8238220214844, -332.4753112792969, -372.5779724121094, -147.61172485351562, -376.6932678222656, -151.96900939941406, -269.78094482421875, -98.17800903320312, -377.7325744628906, -112.24244689941406, -145.57972717285156, -261.3874816894531, -122.28910064697266, -99.73889923095703, -336.8204040527344, -128.85508728027344, -399.8503112792969, -354.4204406738281, -127.60310363769531, -387.6089172363281, -308.4596862792969, -345.7666015625, -326.09649658203125, -385.6984558105469, -135.90090942382812, -377.3885498046875, -144.4867706298828, -147.6400909423828, -198.18698120117188, -120.4421157836914, -236.3224334716797, -282.8478088378906, -123.77702331542969, -305.9620361328125, -374.45294189453125, -211.01541137695312, -206.10177612304688, -251.48751831054688, -339.5083923339844, -306.05670166015625, -117.95068359375, -117.51847839355469, -292.49603271484375, -178.267822265625, -236.13088989257812, -175.08795166015625, -332.3162841796875, -212.43310546875], [-392.6084899902344, -141.45779418945312, -345.8568420410156, -175.46958923339844, -211.12513732910156, -169.37326049804688, -130.6514129638672, -213.65884399414062, -390.3625183105469, -144.6253662109375, -332.07452392578125, -393.066650390625, -190.4090576171875, -358.1369323730469, -200.26072692871094, -126.16478729248047, -131.7914581298828, -252.51901245117188, -377.0224609375, -146.05384826660156, -142.32977294921875, -228.00462341308594, -320.2523498535156, -181.0477294921875, -238.178955078125, -308.251220703125, -153.5054473876953, -135.73565673828125, -333.15185546875, -253.66908264160156, -377.0183410644531, -382.09320068359375, -230.65618896484375, -306.46551513671875, -355.77056884765625, -147.718017578125, -140.75457763671875, -149.8155059814453, -146.3244171142578, -330.7447509765625, -154.26333618164062, -199.3231658935547, -267.2548522949219, -215.25624084472656, -116.80958557128906, -204.8450927734375, -308.2652893066406, -328.5371398925781, -328.69464111328125, -310.91650390625, -181.83090209960938, -135.70263671875, -354.4555969238281, -394.3246765136719, -374.3955383300781, -373.00469970703125, -396.4570007324219, -117.46501922607422, -208.34800720214844, -383.0975341796875, -369.5908508300781, -117.23989868164062, -172.7510223388672, -371.0477600097656, -113.15901947021484, -197.61349487304688, -382.7347106933594, -111.02305603027344, -322.37554931640625, -184.3461151123047, -115.7378921508789, -112.35726165771484, -125.9695053100586, -229.5727081298828, -397.6651916503906, -389.01788330078125, -389.6834716796875, -130.66690063476562, -331.3195495605469, -356.6202392578125, -372.2667236328125, -341.3404235839844, -249.66009521484375, -380.5937805175781, -373.8503112792969, -342.94171142578125, -115.5687026977539, -370.42462158203125, -389.0536193847656, -153.940673828125, -220.24951171875, -344.3819274902344, -386.25677490234375, -212.8456573486328, -90.64480590820312, -209.42477416992188, -121.86051940917969, -383.89410400390625, -361.9974060058594, -377.8645935058594], [-213.64866638183594, -134.8686065673828, -338.9752502441406, -136.74656677246094, -132.1568145751953, -128.34649658203125, -120.66978454589844, -380.2477111816406, -126.59590911865234, -180.7556610107422, -149.3416290283203, -373.6722106933594, -277.09765625, -397.2801818847656, -240.52101135253906, -246.87496948242188, -237.07110595703125, -169.12071228027344, -328.5593566894531, -186.13551330566406, -308.1134948730469, -112.992431640625, -375.29119873046875, -269.23486328125, -378.9815368652344, -111.93404388427734, -352.71868896484375, -379.5419006347656, -391.08721923828125, -134.15408325195312, -236.16098022460938, -116.935546875, -136.417724609375, -245.13674926757812, -202.57948303222656, -153.8116912841797, -199.59359741210938, -213.9280548095703, -123.89741516113281, -216.3911895751953, -323.0054931640625, -115.48033142089844, -384.9600524902344, -136.75015258789062, -187.6858367919922, -232.03488159179688, -260.1734619140625, -338.9894104003906, -364.12255859375, -343.24078369140625, -355.41607666015625, -170.83592224121094, -124.8080062866211, -105.33460235595703, -248.11228942871094, -284.5450134277344, -383.6288146972656, -115.11363220214844, -387.2571716308594, -273.06878662109375, -112.73098754882812, -376.0195007324219, -350.99627685546875, -148.09251403808594, -235.9822540283203, -129.0892791748047, -368.7113952636719, -354.2852783203125, -355.63299560546875, -124.06468963623047, -343.7507629394531, -119.46681213378906, -129.03857421875, -206.27615356445312, -369.2220153808594, -377.4609680175781, -377.1982421875, -397.5374755859375, -276.1050720214844, -122.71796417236328, -123.91258239746094, -380.0876770019531, -247.424072265625, -141.9047393798828, -315.2687072753906, -118.77811431884766, -301.87060546875, -149.30479431152344, -124.63497161865234, -134.67855834960938, -127.80770111083984, -380.8703918457031, -278.3918762207031, -155.2896728515625, -320.875244140625, -114.5887222290039, -213.37991333007812, -141.5695037841797, -323.8381652832031, -333.5363464355469], [-326.49542236328125, -388.0537109375, -143.9835662841797, -129.1389617919922, -118.68829345703125, -279.7023620605469, -291.62872314453125, -106.62586975097656, -381.6141052246094, -384.0971984863281, -331.3958435058594, -241.7049102783203, -132.10983276367188, -359.08392333984375, -140.4904327392578, -351.2395324707031, -244.85482788085938, -372.880859375, -155.99085998535156, -315.95416259765625, -139.51348876953125, -124.81783294677734, -108.20984649658203, -176.69068908691406, -238.00241088867188, -178.42552185058594, -348.22991943359375, -160.8098602294922, -325.9947509765625, -371.8042297363281, -372.7899475097656, -135.43496704101562, -346.325927734375, -321.6337585449219, -142.29371643066406, -163.85299682617188, -354.4851989746094, -363.11773681640625, -267.1144104003906, -358.8870544433594, -342.1968994140625, -197.02105712890625, -164.99261474609375, -321.4768981933594, -388.9061584472656, -230.77037048339844, -375.3440856933594, -388.2069396972656, -354.8124694824219, -127.20899200439453, -283.4286193847656, -273.30670166015625, -289.33349609375, -278.5130310058594, -126.96730041503906, -183.2174835205078, -234.34991455078125, -109.96427154541016, -372.96630859375, -144.0418243408203, -223.3300323486328, -334.0337829589844, -384.53814697265625, -111.40402221679688, -337.14471435546875, -362.1120300292969, -187.65127563476562, -265.36981201171875, -117.85729217529297, -133.91046142578125, -368.8985290527344, -346.426513671875, -326.1163635253906, 