{"n_seeds": 5, "n_evals_per_seed": 100, "reward_mean": -163.07199096679688, "reward_std": 10.778553009033203, "success_mean": 0.7679999999999999, "success_std": 0.0408656334834051, "episode_seeds": [1619, 1620, 1621, 1622, 1623], "seed_reward_means": [-165.08999633789062, -152.8800048828125, -170.60000610351562, -175.63999938964844, -151.14999389648438], "seed_success_means": [0.76, 0.79, 0.71, 0.76, 0.82], "reward_matrix": [[-96.0, -300.0, -74.0, -91.0, -300.0, -300.0, -275.0, -66.0, -300.0, -114.0, -146.0, -66.0, -62.0, -300.0, -61.0, -300.0, -104.0, -300.0, -124.0, -55.0, -300.0, -72.0, -133.0, -65.0, -79.0, -300.0, -60.0, -192.0, -130.0, -66.0, -300.0, -300.0, -289.0, -54.0, -232.0, -195.0, -59.0, -300.0, -300.0, -76.0, -70.0, -88.0, -70.0, -88.0, -300.0, -300.0, -207.0, -96.0, -57.0, -300.0, -63.0, -233.0, -255.0, -103.0, -80.0, -75.0, -202.0, -300.0, -95.0, -181.0, -162.0, -201.0, -300.0, -185.0, -204.0, -86.0, -134.0, -228.0, -300.0, -192.0, -264.0, -95.0, -56.0, -62.0, -65.0, -212.0, -80.0, -300.0, -97.0, -113.0, -174.0, -118.0, -92.0, -300.0, -96.0, -236.0, -62.0, -300.0, -203.0, -300.0, -74.0, -300.0, -73.0, -61.0, -184.0, -81.0, -213.0, -80.0, -65.0, -62.0], [-300.0, -69.0, -72.0, -300.0, -300.0, -109.0, -66.0, -64.0, -68.0, -211.0, -62.0, -153.0, -182.0, -300.0, -107.0, -251.0, -202.0, -58.0, -76.0, -91.0, -278.0, -48.0, -175.0, -55.0, -121.0, -88.0, -300.0, -229.0, -300.0, -300.0, -64.0, -73.0, -169.0, -70.0, -54.0, -187.0, -77.0, -78.0, -300.0, -300.0, -108.0, -272.0, -91.0, -72.0, -109.0, -300.0, -94.0, -66.0, -70.0, -92.0, -66.0, -97.0, -68.0, -149.0, -144.0, -89.0, -59.0, -300.0, -70.0, -92.0, -248.0, -69.0, -300.0, -76.0, -300.0, -188.0, -67.0, -72.0, -300.0, -58.0, -300.0, -74.0, -225.0, -72.0, -220.0, -173.0, -66.0, -72.0, -257.0, -79.0, -139.0, -300.0, -93.0, -300.0, -61.0, -295.0, -155.0, -61.0, -300.0, -118.0, -76.0, -89.0, -300.0, -61.0, -209.0, -66.0, -70.0, -300.0, -64.0, -300.0], [-105.0, -152.0, -72.0, -300.0, -300.0, -238.0, -300.0, -227.0, -300.0, -79.0, -300.0, -66.0, -224.0, -300.0, -300.0, -88.0, -144.0, -300.0, -123.0, -66.0, -281.0, -118.0, -88.0, -62.0, -76.0, -300.0, -137.0, -74.0, -214.0, -74.0, -89.0, -300.0, -272.0, -121.0, -300.0, -300.0, -77.0, -113.0, -300.0, -256.0, -300.0, -61.0, -64.0, -71.0, -57.0, -74.0, -300.0, -104.0, -56.0, -300.0, -248.0, -300.0, -59.0, -300.0, -58.0, -220.0, -219.0, -61.0, -72.0, -300.0, -77.0, -300.0, -58.0, -300.0, -50.0, -81.0, -300.0, -86.0, -68.0, -64.0, -146.0, -54.0, -80.0, -90.0, -93.0, -260.0, -300.0, -237.0, -243.0, -108.0, -300.0, -104.0, -116.0, -300.0, -86.0, -53.0, -300.0, -81.0, -105.0, -296.0, -133.0, -60.0, -97.0, -300.0, -156.0, -300.0, -138.0, -84.0, -236.0, -60.0], [-300.0, -75.0, -300.0, -300.0, -180.0, -300.0, -222.0, -70.0, -300.0, -100.0, -300.0, -241.0, -281.0, -300.0, -77.0, -226.0, -219.0, -84.0, -132.0, -102.0, -115.0, -255.0, -300.0, -113.0, -300.0, -192.0, -300.0, -53.0, -80.0, -228.0, -50.0, -152.0, -63.0, -300.0, -252.0, -55.0, -300.0, -69.0, -60.0, -64.0, -213.0, -296.0, -59.0, -289.0, -265.0, -72.0, -54.0, -78.0, -181.0, -57.0, -185.0, -79.0, -83.0, -197.0, -300.0, -67.0, -56.0, -300.0, -62.0, -203.0, -240.0, -65.0, -72.0, -247.0, -53.0, -196.0, -118.0, -300.0, -196.0, -65.0, -132.0, -262.0, -219.0, -224.0, -59.0, -60.0, -81.0, -96.0, -94.0, -300.0, -300.0, -74.0, -300.0, -90.0, -73.0, -64.0, -256.0, -89.0, -230.0, -273.0, -72.0, -300.0, -86.0, -49.0, -300.0, -300.0, -300.0, -300.0, -300.0, -223.0], [-53.0, -196.0, -210.0, -232.0, -300.0, -58.0, -57.0, -81.0, -63.0, -205.0, -93.0, -61.0, -65.0, -300.0, -126.0, -104.0, -74.0, -64.0, -73.0, -83.0, -85.0, -253.0, -210.0, -56.0, -88.0, -121.0, -182.0, -61.0, -73.0, -72.0, -276.0, -80.0, -68.0, -256.0, -76.0, -78.0, -83.0, -230.0, -209.0, -66.0, -56.0, -300.0, -206.0, -69.0, -300.0, -62.0, -56.0, -300.0, -300.0, -84.0, -300.0, -300.0, -300.0, -65.0, -80.0, -164.0, -87.0, -87.0, -88.0, -145.0, -103.0, -221.0, -300.0, -67.0, -152.0, -300.0, -272.0, -244.0, -300.0, -108.0, -137.0, -74.0, -94.0, -57.0, -236.0, -89.0, -277.0, -137.0, -57.0, -66.0, -82.0, -81.0, -300.0, -77.0, -300.0, -300.0, -48.0, -300.0, -185.0, -203.0, -203.0, -72.0, -300.0, -74.0, -66.0, -77.0, -67.0, -300.0, -235.0, -84.0]], "success_matrix": [[true, false, true, true, false, false, true, true, false, true, true, true, true, false, true, false, true, false, true, true, false, true, true, true, true, false, true, true, true, true, false, false, true, true, true, true, true, false, false, true, true, true, true, true, false, false, true, true, true, false, true, true, true, true, true, true, true, false, true, true, true, true, false, true, true, true, true, true, false, true, true, true, true, true, true, true, true, false, true, true, true, true, true, false, true, true, true, false, true, false, true, false, true, true, true, true, true, true, true, true], [false, true, true, false, false, true, true, true, true, true, true, true, true, false, true, true, true, true, true, true, true, true, true, true, true, true, false, true, false, false, true, true, true, true, true, true, true, true, false, false, true, true, true, true, true, false, true, true, true, true, true, true, true, true, true, true, true, false, true, true, true, true, false, true, false, true, true, true, false, true, false, true, true, true, true, true, true, true, true, true, true, false, true, false, true, true, true, true, false, true, true, true, false, true, true, true, true, false, true, false], [true, true, true, false, false, true, false, true, false, true, false, true, true, false, false, true, true, false, true, true, true, true, true, true, true, false, true, true, true, true, true, false, true, true, false, false, true, true, false, true, false, true, true, true, true, true, false, true, true, false, true, false, true, false, true, true, true, true, true, false, true, false, true, false, true, true, false, true, true, true, true, true, true, true, true, true, false, true, true, true, false, true, true, false, true, true, false, true, true, false, true, true, true, false, true, false, true, true, true, true], [false, true, false, false, true, false, true, true, false, true, false, true, true, false, true, true, true, true, true, true, true, true, false, true, false, true, false, true, true, true, true, true, true, false, true, true, false, true, true, true, true, true, true, true, true, true, true, true, true, true, true, true, true, true, false, true, true, false, true, true, true, true, true, true, true, true, true, false, true, true, true, true, true, true, true, true, true, true, true, false, false, true, false, true, true, true, true, true, true, true, true, false, true, true, false, false, false, false, false, true], [true, true, true, true, false, true, true, true, true, true, true, true, true, false, true, true, true, true, true, true, true, true, true, true, true, true, true, true, true, true, true, true, true, true, true, true, true, true, true, true, true, false, true, true, false, true, true, false, false, true, false, false, false, true, true, true, true, true, true, true, true, true, false, true, true, false, true, true, false, true, true, true, true, true, true, true, true, true, true, true, true, true, false, true, false, false, true, false, true, true, true, true, false, true, true, true, true, false, true, true]], "ticket_name": "zo_envs10_iter100_cand10_lambda1.0_seed666_ddim8_20251210_084952/seed_671", "eval_noise_idx": 0, "eval_seed": 1619}