{"n_seeds": 5, "n_evals_per_seed": 100, "reward_mean": -277.55218505859375, "reward_std": 9.233305931091309, "success_mean": 0.414, "success_std": 0.036110940170535566, "episode_seeds": [1619, 1620, 1621, 1622, 1623], "seed_reward_means": [-287.42779541015625, -284.459228515625, -262.447021484375, -281.7860412597656, -271.6408996582031], "seed_success_means": [0.37, 0.4, 0.47, 0.39, 0.44], "reward_matrix": [[-382.4850158691406, -179.63003540039062, -203.8676300048828, -201.81393432617188, -391.1337585449219, -245.85305786132812, -246.29672241210938, -373.9573974609375, -184.6597137451172, -193.72348022460938, -136.00955200195312, -156.95709228515625, -191.42095947265625, -159.16632080078125, -325.68890380859375, -121.4063720703125, -157.7860565185547, -389.156494140625, -366.3243103027344, -378.82208251953125, -208.21673583984375, -144.28524780273438, -372.3375244140625, -211.51197814941406, -391.17047119140625, -184.33103942871094, -157.44252014160156, -261.8945617675781, -381.42877197265625, -352.523193359375, -385.7051086425781, -270.2960205078125, -387.21954345703125, -256.1487731933594, -266.82177734375, -232.3961639404297, -346.061279296875, -391.8011474609375, -306.0831604003906, -136.43511962890625, -387.8634033203125, -201.01756286621094, -389.4790954589844, -228.62490844726562, -386.98431396484375, -159.0872039794922, -174.70419311523438, -359.5850524902344, -197.93577575683594, -349.9421081542969, -188.23699951171875, -318.28399658203125, -232.0416259765625, -371.01544189453125, -244.27676391601562, -238.25779724121094, -381.0628967285156, -347.7674255371094, -370.69921875, -391.2367858886719, -381.2900085449219, -134.78163146972656, -388.0783996582031, -229.69651794433594, -142.3181610107422, -117.6223373413086, -375.6360778808594, -184.5508270263672, -399.8732604980469, -392.7671203613281, -379.7789611816406, -397.82623291015625, -272.7432556152344, -229.26443481445312, -180.8490447998047, -393.0594177246094, -392.5840148925781, -398.5622253417969, -242.72723388671875, -381.7337341308594, -360.6653137207031, -123.049072265625, -374.6374816894531, -379.4311218261719, -144.239990234375, -383.52203369140625, -364.89630126953125, -175.1980743408203, -281.58038330078125, -373.7326354980469, -395.3912353515625, -387.07208251953125, -139.7076873779297, -382.7677917480469, -292.6150817871094, -246.2962646484375, -248.6650848388672, -339.2624206542969, -394.7848205566406, -391.1483154296875], [-396.5865173339844, -376.098388671875, -338.82440185546875, -332.0177001953125, -224.22634887695312, -385.7631530761719, -156.95523071289062, -154.36312866210938, -184.83123779296875, -158.3848876953125, -221.6507110595703, -224.81759643554688, -229.07154846191406, -352.2706298828125, -392.7857360839844, -145.352294921875, -210.0009002685547, -385.7489318847656, -348.5256042480469, -165.1604766845703, -372.3428039550781, -369.8759765625, -212.3843994140625, -249.322509765625, -385.32171630859375, -371.75018310546875, -296.6131286621094, -280.7861022949219, -355.83660888671875, -363.1831359863281, -379.4339904785156, -314.0809020996094, -380.056640625, -384.2951965332031, -165.8284454345703, -175.84063720703125, -382.0107727050781, -376.3628234863281, -114.84874725341797, -385.0069274902344, -385.34588623046875, -304.1402893066406, -315.9515686035156, -317.996337890625, -159.73883056640625, -377.1446533203125, -216.0033721923828, -337.690673828125, -374.12420654296875, -395.5246887207031, -382.50823974609375, -142.88209533691406, -171.32073974609375, -253.552001953125, -378.04296875, -386.1164245605469, -379.76312255859375, -119.9118881225586, -146.0940399169922, -392.9430236816406, -393.44036865234375, -143.9567413330078, -395.6737365722656, -207.9990997314453, -123.31771850585938, -361.6390380859375, -393.8103332519531, -238.87966918945312, -290.80999755859375, -379.6954345703125, -134.7675323486328, -173.6507110595703, -390.2330627441406, -157.75396728515625, -398.5126953125, -386.059814453125, -183.6557159423828, -236.0360107421875, -378.0744323730469, -174.45925903320312, -336.84625244140625, -277.45025634765625, -359.81341552734375, -396.76678466796875, -182.5310821533203, -148.45025634765625, -136.27256774902344, -148.73080444335938, -396.89569091796875, -194.00592041015625, -142.59242248535156, -228.69871520996094, -349.613037109375, -380.0188293457031, -101.87735748291016, -355.217529296875, -137.3556671142578, -395.5596923828125, -213.51559448242188, -385.87548828125], [-210.3815460205078, -189.67709350585938, -398.26251220703125, -226.2321319580078, -144.93978881835938, -380.58502197265625, -221.83848571777344, -395.1730041503906, -247.5417938232422, -142.86573791503906, -126.97344207763672, -390.6816711425781, -130.5955352783203, -385.8233642578125, -305.2807922363281, -251.27301025390625, -239.44781494140625, -387.822998046875, -194.17767333984375, -151.22463989257812, -222.1398162841797, -123.16763305664062, -167.54571533203125, -390.810302734375, -392.1414489746094, -156.35391235351562, -185.27703857421875, -226.78733825683594, -384.9214782714844, -164.83180236816406, -385.1977233886719, -398.41583251953125, -155.82489013671875, -185.9829559326172, -209.43690490722656, -358.5937194824219, -208.11109924316406, -383.1758728027344, -381.06707763671875, -190.29644775390625, -233.88462829589844, -152.24864196777344, -292.490966796875, -390.6861267089844, -368.0733642578125, -264.5265808105469, -175.34083557128906, -391.93951416015625, -389.2137451171875, -314.6353454589844, -277.2548522949219, -319.7485046386719, -160.44163513183594, -164.18966674804688, -211.93231201171875, -344.2438049316406, -392.8720703125, -129.01791381835938, -259.7153625488281, -399.0503234863281, -163.2908935546875, -383.3858337402344, -388.2120666503906, -155.48497009277344, -396.59185791015625, -219.48988342285156, -323.9244079589844, -393.75390625, -336.791015625, -221.86338806152344, -366.7313537597656, -134.63739013671875, -141.3538818359375, -135.04391479492188, -237.0220489501953, -362.1585693359375, -228.81455993652344, -235.37637329101562, -360.5347595214844, -134.91970825195312, -169.28839111328125, -378.90728759765625, -254.1552276611328, -287.5160827636719, -383.9613952636719, -136.79998779296875, -380.3828125, -224.28076171875, -146.325439453125, -153.54673767089844, -385.45751953125, -340.48663330078125, -300.1452941894531, -226.6604766845703, -185.30030822753906, -139.79933166503906, -248.6873779296875, -177.5390625, -142.19483947753906, -241.50274658203125], [-345.87939453125, -382.890380859375, -142.8193359375, -166.78961181640625, -152.6557159423828, -297.7828063964844, -379.552734375, -127.83186340332031, -386.10174560546875, -389.7615051269531, -159.09571838378906, -397.3188781738281, -166.33236694335938, -161.47108459472656, -162.49029541015625, -159.7915496826172, -391.3028259277344, -390.9754333496094, -375.06719970703125, -256.48773193359375, -165.15589904785156, -127.5163345336914, -121.1908187866211, -394.35186767578125, -272.5616149902344, -250.0325469970703, -239.4979248046875, -388.2452087402344, -222.3153839111328, -177.1814727783203, -391.3650817871094, -234.71697998046875, -280.7523193359375, -386.30804443359375, -160.31417846679688, -370.79974365234375, -381.7720642089844, -263.28369140625, -238.0532684326172, -273.5381774902344, -384.1235046386719, -206.98309326171875, -144.96009826660156, -379.75335693359375, -397.6382751464844, -249.61627197265625, -143.96653747558594, -394.60906982421875, -288.9715576171875, -397.7823791503906, -309.3872375488281, -236.7645721435547, -384.12939453125, -340.2517395019531, -141.63438415527344, -355.95111083984375, -261.8681945800781, -145.31246948242188, -224.5534210205078, -188.634033203125, -389.5670166015625, -268.3102722167969, -361.9532775878906, -129.6656951904297, -198.6933135986328, -396.1703186035156, -369.03924560546875, -207.2300262451172, -126.82047271728516, -382.6138916015625, -193.03179931640625, -389.6186828613281, -372.84326171875, -232.29750061035156, -151.6090087890625, 