{"n_seeds": 5, "n_evals_per_seed": 100, "reward_mean": -96.05000305175781, "reward_std": 4.222536563873291, "success_mean": 0.9719999999999999, "success_std": 0.014696938456699083, "episode_seeds": [1619, 1620, 1621, 1622, 1623], "seed_reward_means": [-91.70999908447266, -98.12000274658203, -99.1500015258789, -100.93000030517578, -90.33999633789062], "seed_success_means": [0.99, 0.95, 0.96, 0.98, 0.98], "reward_matrix": [[-74.0, -71.0, -83.0, -67.0, -72.0, -63.0, -76.0, -75.0, -99.0, -79.0, -111.0, -81.0, -64.0, -81.0, -59.0, -216.0, -69.0, -79.0, -73.0, -56.0, -67.0, -68.0, -116.0, -62.0, -84.0, -64.0, -261.0, -82.0, -137.0, -65.0, -173.0, -85.0, -66.0, -80.0, -98.0, -74.0, -79.0, -69.0, -105.0, -67.0, -68.0, -75.0, -108.0, -102.0, -114.0, -85.0, -106.0, -80.0, -61.0, -300.0, -67.0, -92.0, -144.0, -65.0, -71.0, -62.0, -75.0, -76.0, -84.0, -77.0, -88.0, -84.0, -76.0, -74.0, -68.0, -76.0, -82.0, -107.0, -79.0, -69.0, -153.0, -78.0, -119.0, -81.0, -78.0, -69.0, -94.0, -70.0, -128.0, -87.0, -233.0, -82.0, -68.0, -67.0, -76.0, -100.0, -71.0, -185.0, -68.0, -82.0, -66.0, -73.0, -84.0, -211.0, -67.0, -104.0, -106.0, -66.0, -71.0, -69.0], [-300.0, -66.0, -63.0, -78.0, -78.0, -74.0, -68.0, -75.0, -64.0, -72.0, -76.0, -300.0, -75.0, -117.0, -69.0, -144.0, -76.0, -61.0, -74.0, -77.0, -113.0, -95.0, -85.0, -91.0, -76.0, -88.0, -188.0, -75.0, -72.0, -119.0, -149.0, -66.0, -69.0, -74.0, -138.0, -71.0, -139.0, -300.0, -67.0, -72.0, -76.0, -300.0, -89.0, -76.0, -102.0, -116.0, -72.0, -130.0, -63.0, -79.0, -69.0, -68.0, -136.0, -76.0, -87.0, -68.0, -67.0, -66.0, -78.0, -99.0, -76.0, -152.0, -70.0, -75.0, -69.0, -93.0, -65.0, -140.0, -79.0, -148.0, -55.0, -65.0, -194.0, -63.0, -72.0, -75.0, -60.0, -68.0, -84.0, -67.0, -85.0, -169.0, -62.0, -95.0, -71.0, -158.0, -84.0, -75.0, -65.0, -99.0, -70.0, -300.0, -77.0, -102.0, -144.0, -68.0, -70.0, -53.0, -66.0, -58.0], [-300.0, -108.0, -300.0, -67.0, -71.0, -151.0, -183.0, -139.0, -80.0, -135.0, -69.0, -68.0, -72.0, -68.0, -80.0, -143.0, -135.0, -62.0, -83.0, -75.0, -75.0, -75.0, -79.0, -119.0, -74.0, -90.0, -73.0, -105.0, -80.0, -111.0, -104.0, -171.0, -76.0, -72.0, -63.0, -84.0, -73.0, -76.0, -90.0, -92.0, -65.0, -63.0, -71.0, -71.0, -61.0, -64.0, -81.0, -71.0, -61.0, -300.0, -82.0, -60.0, -66.0, -300.0, -265.0, -81.0, -59.0, -66.0, -72.0, -64.0, -68.0, -66.0, -69.0, -114.0, -56.0, -203.0, -211.0, -84.0, -77.0, -59.0, -80.0, -56.0, -67.0, -82.0, -71.0, -87.0, -60.0, -88.0, -100.0, -86.0, -168.0, -83.0, -73.0, -73.0, -140.0, -60.0, -70.0, -58.0, -73.0, -83.0, -131.0, -69.0, -89.0, -104.0, -87.0, -70.0, -156.0, -209.0, -75.0, -66.0], [-91.0, -85.0, -58.0, -122.0, -61.0, -151.0, -261.0, -60.0, -87.0, -71.0, -75.0, -195.0, -69.0, -173.0, -173.0, -74.0, -231.0, -80.0, -92.0, -67.0, -76.0, -91.0, -80.0, -76.0, -92.0, -96.0, -68.0, -165.0, -63.0, -89.0, -102.0, -75.0, -97.0, -57.0, -79.0, -63.0, -69.0, -65.0, -64.0, -71.0, -103.0, -125.0, -67.0, -76.0, -82.0, -134.0, -57.0, -77.0, -58.0, -76.0, -95.0, -87.0, -69.0, -67.0, -79.0, -127.0, -66.0, -74.0, -84.0, -81.0, -222.0, -61.0, -169.0, -74.0, -83.0, -235.0, -104.0, -120.0, -65.0, -93.0, -79.0, -69.0, -68.0, -122.0, -65.0, -61.0, -69.0, -70.0, -101.0, -95.0, -71.0, -76.0, -300.0, -73.0, -83.0, -79.0, -76.0, -76.0, -75.0, -67.0, -72.0, -256.0, -229.0, -300.0, -75.0, -78.0, -218.0, -82.0, -91.0, -93.0], [-155.0, -79.0, -84.0, -82.0, -64.0, -63.0, -61.0, -57.0, -81.0, -75.0, -67.0, -121.0, -213.0, -66.0, -75.0, -213.0, -63.0, -87.0, -62.0, -73.0, -67.0, -66.0, -70.0, -111.0, -300.0, -68.0, -75.0, -75.0, -76.0, -75.0, -99.0, -77.0, -80.0, -106.0, -66.0, -68.0, -66.0, -166.0, -70.0, -178.0, -60.0, -300.0, -80.0, -61.0, -67.0, -57.0, -59.0, -77.0, -63.0, -74.0, -136.0, -62.0, -65.0, -58.0, -80.0, -79.0, -74.0, -72.0, -66.0, -97.0, -75.0, -73.0, -55.0, -67.0, -82.0, -56.0, -116.0, -84.0, -62.0, -79.0, -84.0, -220.0, -61.0, -70.0, -58.0, -71.0, -97.0, -82.0, -96.0, -96.0, -164.0, -88.0, -190.0, -78.0, -248.0, -74.0, -59.0, -66.0, -66.0, -72.0, -75.0, -64.0, -136.0, -57.0, -75.0, -79.0, -63.0, -61.0, -77.0, -71.0]], "success_matrix": [[true, true, true, true, true, true, true, true, true, true, true, true, true, true, true, true, true, true, true, true, true, true, true, true, true, true, true, true, true, true, true, true, true, true, true, true, true, true, true, true, true, true, true, true, true, true, true, true, true, false, true, true, true, true, true, true, true, true, true, true, true, true, true, true, true, true, true, true, true, true, true, true, true, true, true, true, true, true, true, true, true, true, true, true, true, true, true, true, true, true, true, true, true, true, true, true, true, true, true, true], [false, true, true, true, true, true, true, true, true, true, true, false, true, true, true, true, true, true, true, true, true, true, true, true, true, true, true, true, true, true, true, true, true, true, true, true, true, false, true, true, true, false, true, true, true, true, true, true, true, true, true, true, true, true, true, true, true, true, true, true, true, true, true, true, true, true, true, true, true, true, true, true, true, true, true, true, true, true, true, true, true, true, true, true, true, true, true, true, true, true, true, false, true, true, true, true, true, true, true, true], [false, true, false, true, true, true, true, true, true, true, true, true, true, true, true, true, true, true, true, true, true, true, true, true, true, true, true, true, true, true, true, true, true, true, true, true, true, true, true, true, true, true, true, true, true, true, true, true, true, false, true, true, true, false, true, true, true, true, true, true, true, true, true, true, true, true, true, true, true, true, true, true, true, true, true, true, true, true, true, true, true, true, true, true, true, true, true, true, true, true, true, true, true, true, true, true, true, true, true, true], [true, true, true, true, true, true, true, true, true, true, true, true, true, true, true, true, true, true, true, true, true, true, true, true, true, true, true, true, true, true, true, true, true, true, true, true, true, true, true, true, true, true, true, true, true, true, true, true, true, true, true, true, true, true, true, true, true, true, true, true, true, true, true, true, true, true, true, true, true, true, true, true, true, true, true, true, true, true, true, true, true, true, false, true, true, true, true, true, true, true, true, true, true, false, true, true, true, true, true, true], [true, true, true, true, true, true, true, true, true, true, true, true, true, true, true, true, true, true, true, true, true, true, true, true, false, true, true, true, true, true, true, true, true, true, true, true, true, true, true, true, true, false, true, true, true, true, true, true, true, true, true, true, true, true, true, true, true, true, true, true, true, true, true, true, true, true, true, true, true, true, true, true, true, true, true, true, true, true, true, true, true, true, true, true, true, true, true, true, true, true, true, true, true, true, true, true, true, true, true, true]], "ticket_name": "envs100_samples1000_seeds999_1000_1001_1002_1003_1004_1005_1006_1007_1008_ddim2_20251208_052117/seed_1003", "eval_noise_idx": 0, "eval_seed": 1619}