{"n_seeds": 5, "n_evals_per_seed": 100, "reward_mean": -205.9759979248047, "reward_std": 10.0746488571167, "success_mean": 0.64, "success_std": 0.06633249580710798, "episode_seeds": [1619, 1620, 1621, 1622, 1623], "seed_reward_means": [-191.24000549316406, -218.17999267578125, -206.72999572753906, -211.2100067138672, -202.52000427246094], "seed_success_means": [0.72, 0.54, 0.62, 0.66, 0.66], "reward_matrix": [[-300.0, -146.0, -300.0, -119.0, -300.0, -300.0, -195.0, -129.0, -118.0, -177.0, -263.0, -300.0, -123.0, -150.0, -251.0, -300.0, -300.0, -153.0, -300.0, -134.0, -111.0, -175.0, -113.0, -300.0, -300.0, -199.0, -160.0, -123.0, -176.0, -116.0, -120.0, -165.0, -300.0, -107.0, -143.0, -151.0, -148.0, -179.0, -238.0, -300.0, -251.0, -300.0, -300.0, -189.0, -106.0, -300.0, -120.0, -300.0, -166.0, -127.0, -116.0, -108.0, -130.0, -124.0, -113.0, -226.0, -300.0, -120.0, -300.0, -130.0, -300.0, -300.0, -107.0, -115.0, -151.0, -134.0, -131.0, -142.0, -116.0, -300.0, -300.0, -119.0, -150.0, -254.0, -169.0, -202.0, -132.0, -197.0, -177.0, -300.0, -300.0, -179.0, -124.0, -300.0, -101.0, -202.0, -163.0, -300.0, -124.0, -136.0, -116.0, -118.0, -300.0, -159.0, -122.0, -130.0, -122.0, -117.0, -300.0, -107.0], [-143.0, -236.0, -300.0, -130.0, -300.0, -300.0, -125.0, -300.0, -124.0, -300.0, -114.0, -146.0, -300.0, -300.0, -300.0, -300.0, -118.0, -162.0, -300.0, -126.0, -300.0, -183.0, -131.0, -127.0, -147.0, -167.0, -123.0, -183.0, -300.0, -132.0, -300.0, -146.0, -208.0, -151.0, -300.0, -127.0, -300.0, -300.0, -170.0, -130.0, -300.0, -138.0, -300.0, -169.0, -133.0, -120.0, -145.0, -300.0, -300.0, -300.0, -300.0, -300.0, -136.0, -300.0, -247.0, -119.0, -107.0, -157.0, -123.0, -111.0, -139.0, -300.0, -300.0, -187.0, -300.0, -116.0, -300.0, -263.0, -119.0, -300.0, -174.0, -142.0, -121.0, -120.0, -112.0, -153.0, -300.0, -300.0, -300.0, -300.0, -203.0, -300.0, -300.0, -300.0, -134.0, -300.0, -300.0, -299.0, -300.0, -148.0, -300.0, -223.0, -149.0, -300.0, -300.0, -159.0, -300.0, -103.0, -300.0, -300.0], [-163.0, -300.0, -300.0, -300.0, -114.0, -115.0, -300.0, -181.0, -142.0, -223.0, -148.0, -240.0, -300.0, -300.0, -126.0, -160.0, -123.0, -137.0, -142.0, -230.0, -151.0, -132.0, -112.0, -300.0, -131.0, -219.0, -104.0, -120.0, -300.0, -300.0, -196.0, -300.0, -169.0, -135.0, -118.0, -300.0, -203.0, -116.0, -164.0, -113.0, -300.0, -174.0, -300.0, -300.0, -111.0, -111.0, -300.0, -300.0, -300.0, -112.0, -122.0, -123.0, -194.0, -300.0, -122.0, -300.0, -124.0, -123.0, -135.0, -128.0, -123.0, -198.0, -300.0, -300.0, -188.0, -213.0, -158.0, -168.0, -135.0, -300.0, -300.0, -112.0, -300.0, -300.0, -165.0, -300.0, -128.0, -300.0, -107.0, -159.0, -111.0, -298.0, -127.0, -300.0, -116.0, -126.0, -300.0, -291.0, -198.0, -300.0, -300.0, -300.0, -300.0, -219.0, -300.0, -300.0, -300.0, -113.0, -300.0, -114.0], [-246.0, -300.0, -181.0, -300.0, -300.0, -108.0, -120.0, -300.0, -300.0, -300.0, -201.0, -120.0, -129.0, -145.0, -300.0, -138.0, -300.0, -115.0, -155.0, -132.0, -218.0, -173.0, -151.0, -300.0, -151.0, -138.0, -108.0, -210.0, -222.0, -300.0, -300.0, -195.0, -256.0, -128.0, -111.0, -132.0, -293.0, -300.0, -300.0, -143.0, -300.0, -180.0, -268.0, -241.0, -300.0, -150.0, -300.0, -215.0, -300.0, -112.0, -300.0, -140.0, -118.0, -131.0, -300.0, -300.0, -300.0, -119.0, -124.0, -163.0, -300.0, -166.0, -206.0, -300.0, -181.0, -164.0, -160.0, -177.0, -190.0, -300.0, -300.0, -223.0, -203.0, -300.0, -123.0, -115.0, -300.0, -300.0, -127.0, -146.0, -280.0, -114.0, -215.0, -300.0, -300.0, -196.0, -300.0, -195.0, -300.0, -159.0, -144.0, -155.0, -300.0, -126.0, -194.0, -300.0, -163.0, -144.0, -155.0, -120.0], [-128.0, -133.0, -103.0, -300.0, -300.0, -300.0, -300.0, -111.0, -300.0, -108.0, -187.0, -130.0, -227.0, -107.0, -300.0, -221.0, -123.0, -120.0, -300.0, -300.0, -167.0, -120.0, -300.0, -300.0, -127.0, -124.0, -300.0, -130.0, -300.0, -300.0, -300.0, -215.0, -214.0, -127.0, -120.0, -118.0, -245.0, -142.0, -119.0, -141.0, -185.0, -300.0, -300.0, -300.0, -187.0, -229.0, -300.0, -134.0, -155.0, -300.0, -139.0, -130.0, -300.0, -300.0, -300.0, -133.0, -112.0, -300.0, -109.0, -300.0, -127.0, -158.0, -141.0, -300.0, -122.0, -127.0, -300.0, -300.0, -203.0, -119.0, -155.0, -300.0, -300.0, -111.0, -174.0, -300.0, -142.0, -199.0, -267.0, -116.0, -300.0, -300.0, -167.0, -235.0, -116.0, -130.0, -119.0, -300.0, -221.0, -135.0, -197.0, -254.0, -300.0, -155.0, -128.0, -120.0, -144.0, -108.0, -227.0, -115.0]], "success_matrix": [[false, true, false, true, false, false, true, true, true, true, true, false, true, true, true, false, false, true, false, true, true, true, true, false, false, true, true, true, true, true, true, true, false, true, true, true, true, true, true, false, true, false, false, true, true, false, true, false, true, true, true, true, true, true, true, true, false, true, false, true, false, false, true, true, true, true, true, true, true, false, false, true, true, true, true, true, true, true, true, false, false, true, true, false, true, true, true, false, true, true, true, true, false, true, true, true, true, true, false, true], [true, true, false, true, false, false, true, false, true, false, true, true, false, false, false, false, true, true, false, true, false, true, true, true, true, true, true, true, false, true, false, true, true, true, false, true, false, false, true, true, false, true, false, true, true, true, true, false, false, false, false, false, true, false, true, true, true, true, true, true, true, false, false, true, false, true, false, true, true, false, true, true, true, true, true, true, false, false, false, false, true, false, false, false, true, false, false, false, false, true, false, true, true, false, false, true, false, true, false, false], [true, false, false, false, true, true, false, true, true, true, true, true, false, false, true, true, true, true, true, true, true, true, true, false, true, true, true, true, false, false, true, false, true, true, true, false, true, true, true, true, false, true, false, false, true, true, false, false, false, true, true, true, true, false, true, false, true, true, true, true, true, true, false, false, true, true, true, true, true, false, false, true, false, false, true, false, true, false, true, true, true, false, true, false, true, true, false, true, true, false, false, false, false, true, false, false, false, true, false, true], [true, false, true, false, false, true, true, false, false, false, true, true, true, true, false, true, false, true, true, true, true, true, true, false, true, true, true, true, true, false, false, true, true, true, true, true, true, false, false, true, false, true, true, true, false, true, false, true, false, true, false, true, true, true, false, false, false, true, true, true, false, true, true, false, true, true, true, true, true, false, false, true, true, false, true, true, false, false, true, true, true, true, true, false, false, true, false, true, false, true, true, true, false, true, true, false, true, true, true, true], [true, true, true, false, false, false, false, true, false, true, true, true, true, true, false, true, true, true, false, false, true, true, false, false, true, true, false, true, false, false, false, true, true, true, true, true, true, true, true, true, true, false, false, false, true, true, false, true, true, false, true, true, false, false, false, true, true, false, true, false, true, true, true, false, true, true, false, false, true, true, true, false, false, true, true, false, true, true, true, true, false, false, true, true, true, true, true, false, true, true, true, true, false, true, true, true, true, true, true, true]], "ticket_name": "zo_envs10_iter500_cand2_lambda2.0_seed666_ddim2_20251215_221847/seed_670", "eval_noise_idx": 0, "eval_seed": 1619}