{"n_seeds": 5, "n_evals_per_seed": 100, "reward_mean": -223.4659881591797, "reward_std": 7.730457305908203, "success_mean": 0.5880000000000001, "success_std": 0.05268775948927796, "episode_seeds": [1619, 1620, 1621, 1622, 1623], "seed_reward_means": [-212.3000030517578, -231.17999267578125, -219.1199951171875, -233.0800018310547, -221.64999389648438], "seed_success_means": [0.65, 0.52, 0.62, 0.53, 0.62], "reward_matrix": [[-300.0, -131.0, -275.0, -120.0, -180.0, -300.0, -214.0, -180.0, -147.0, -218.0, -282.0, -150.0, -194.0, -142.0, -225.0, -145.0, -300.0, -133.0, -193.0, -157.0, -120.0, -300.0, -136.0, -300.0, -300.0, -177.0, -300.0, -147.0, -300.0, -116.0, -145.0, -176.0, -160.0, -174.0, -300.0, -133.0, -300.0, -300.0, -300.0, -300.0, -300.0, -136.0, -187.0, -300.0, -300.0, -193.0, -160.0, -147.0, -148.0, -125.0, -133.0, -128.0, -129.0, -186.0, -145.0, -300.0, -234.0, -144.0, -300.0, -155.0, -212.0, -300.0, -300.0, -300.0, -204.0, -162.0, -145.0, -148.0, -133.0, -300.0, -300.0, -132.0, -155.0, -300.0, -161.0, -217.0, -300.0, -300.0, -300.0, -300.0, -300.0, -190.0, -160.0, -300.0, -112.0, -300.0, -158.0, -213.0, -300.0, -147.0, -300.0, -141.0, -300.0, -171.0, -209.0, -243.0, -123.0, -150.0, -300.0, -124.0], [-163.0, -300.0, -221.0, -203.0, -153.0, -168.0, -140.0, -300.0, -300.0, -158.0, -122.0, -300.0, -300.0, -191.0, -300.0, -157.0, -185.0, -210.0, -130.0, -210.0, -300.0, -300.0, -173.0, -300.0, -129.0, -300.0, -218.0, -213.0, -134.0, -300.0, -177.0, -157.0, -300.0, -164.0, -300.0, -168.0, -300.0, -185.0, -180.0, -160.0, -300.0, -156.0, -173.0, -205.0, -156.0, -300.0, -176.0, -300.0, -300.0, -300.0, -300.0, -172.0, -300.0, -175.0, -300.0, -300.0, -300.0, -144.0, -133.0, -124.0, -300.0, -300.0, -300.0, -201.0, -192.0, -141.0, -300.0, -188.0, -124.0, -300.0, -173.0, -161.0, -150.0, -140.0, -300.0, -300.0, -198.0, -300.0, -300.0, -300.0, -300.0, -300.0, -300.0, -300.0, -191.0, -300.0, -299.0, -300.0, -300.0, -300.0, -300.0, -300.0, -166.0, -124.0, -183.0, -177.0, -300.0, -300.0, -127.0, -300.0], [-168.0, -154.0, -300.0, -300.0, -150.0, -136.0, -194.0, -300.0, -133.0, -300.0, -133.0, -300.0, -300.0, -116.0, -187.0, -137.0, -144.0, -300.0, -140.0, -300.0, -164.0, -300.0, -128.0, -187.0, -198.0, -157.0, -128.0, -300.0, -163.0, -300.0, -207.0, -300.0, -187.0, -139.0, -187.0, -300.0, -280.0, -129.0, -183.0, -178.0, -300.0, -300.0, -184.0, -157.0, -185.0, -298.0, -203.0, -236.0, -300.0, -116.0, -300.0, -196.0, -161.0, -147.0, -137.0, -300.0, -300.0, -134.0, -141.0, -156.0, -144.0, -300.0, -300.0, -300.0, -249.0, -230.0, -300.0, -161.0, -145.0, -300.0, -300.0, -132.0, -300.0, -262.0, -148.0, -169.0, -149.0, -300.0, -124.0, -145.0, -127.0, -242.0, -300.0, -157.0, -240.0, -244.0, -139.0, -300.0, -300.0, -300.0, -300.0, -300.0, -300.0, -300.0, -222.0, -166.0, -157.0, -300.0, -300.0, -202.0], [-300.0, -300.0, -297.0, -300.0, -300.0, -120.0, -145.0, -114.0, -300.0, -171.0, -199.0, -147.0, -269.0, -123.0, -300.0, -155.0, -300.0, -124.0, -188.0, -124.0, -194.0, -300.0, -300.0, -300.0, -177.0, -132.0, -125.0, -225.0, -184.0, -152.0, -300.0, -300.0, -258.0, -207.0, -115.0, -300.0, -300.0, -170.0, -300.0, -146.0, -187.0, -300.0, -300.0, -300.0, -300.0, -136.0, -300.0, -300.0, -300.0, -300.0, -300.0, -159.0, -166.0, -245.0, -300.0, -300.0, -185.0, -289.0, -121.0, -179.0, -300.0, -150.0, -147.0, -300.0, -300.0, -300.0, -248.0, -300.0, -264.0, -300.0, -166.0, -178.0, -300.0, -300.0, -134.0, -137.0, -300.0, -300.0, -136.0, -163.0, -300.0, -300.0, -300.0, -300.0, -300.0, -300.0, -252.0, -229.0, -112.0, -213.0, -136.0, -137.0, -300.0, -219.0, -154.0, -300.0, -300.0, -145.0, -300.0, -260.0], [-300.0, -138.0, -117.0, -300.0, -126.0, -300.0, -294.0, -125.0, -300.0, -129.0, -300.0, -300.0, -234.0, -122.0, -202.0, -176.0, -300.0, -138.0, -300.0, -196.0, -177.0, -143.0, -300.0, -196.0, -137.0, -153.0, -300.0, -300.0, -267.0, -300.0, -124.0, -265.0, -300.0, -176.0, -130.0, -300.0, -270.0, -300.0, -132.0, -155.0, -193.0, -300.0, -130.0, -300.0, -173.0, -300.0, -238.0, -300.0, -179.0, -300.0, -133.0, -152.0, -300.0, -300.0, -251.0, -135.0, -142.0, -300.0, -126.0, -300.0, -152.0, -169.0, -157.0, -267.0, -300.0, -133.0, -300.0, -163.0, -300.0, -132.0, -156.0, -300.0, -300.0, -175.0, -145.0, -300.0, -177.0, -160.0, -300.0, -300.0, -246.0, -260.0, -300.0, -194.0, -134.0, -158.0, -128.0, -300.0, -250.0, -300.0, -300.0, -169.0, -239.0, -180.0, -207.0, -300.0, -300.0, -114.0, -185.0, -141.0]], "success_matrix": [[false, true, true, true, true, false, true, true, true, true, true, true, true, true, true, true, false, true, true, true, true, false, true, false, false, true, false, true, false, true, true, true, true, true, false, true, false, false, false, false, false, true, true, false, false, true, true, true, true, true, true, true, true, true, true, false, true, true, false, true, true, false, false, false, true, true, true, true, true, false, false, true, true, false, true, true, false, false, false, false, false, true, true, false, true, false, true, true, false, true, false, true, false, true, true, true, true, true, false, true], [true, false, true, true, true, true, true, false, false, true, true, false, false, true, false, true, true, true, true, true, false, false, true, false, true, false, true, true, true, false, true, true, false, true, false, true, false, true, true, true, false, true, true, true, true, false, true, false, false, false, false, true, false, true, false, false, false, true, true, true, false, false, false, true, true, true, false, true, true, false, true, true, true, true, false, false, true, false, false, false, false, false, false, false, true, false, false, false, false, false, false, false, true, true, true, true, false, false, true, false], [true, true, false, false, true, true, true, false, true, false, true, false, false, true, true, true, true, false, true, false, true, false, true, true, true, true, true, false, true, false, true, false, true, true, true, false, true, true, true, true, false, false, true, true, true, false, true, true, false, true, false, true, true, true, true, false, false, true, true, true, true, false, false, false, true, true, false, true, true, false, false, true, false, true, true, true, true, false, true, true, true, true, false, true, true, true, true, false, false, false, false, false, false, false, true, true, true, false, false, true], [false, false, false, false, false, true, true, true, false, true, true, true, true, true, false, true, false, true, true, true, true, false, false, false, true, true, true, true, true, true, false, false, true, true, true, false, false, true, false, true, true, false, false, false, false, true, false, false, false, false, false, true, true, true, false, false, true, true, true, true, false, true, true, false, false, false, true, false, true, false, true, true, false, false, true, true, false, false, true, true, false, false, false, false, false, false, true, true, true, true, true, true, false, true, true, false, false, true, false, true], [false, true, true, false, true, false, true, true, false, true, false, false, true, true, true, true, false, true, false, true, true, true, false, true, true, true, false, false, true, false, true, true, false, true, true, false, true, false, true, true, true, false, true, false, true, false, true, false, true, false, true, true, false, false, true, true, true, false, true, false, true, true, true, true, false, true, false, true, false, true, true, false, false, true, true, false, true, true, false, false, true, true, false, true, true, true, true, false, true, false, false, true, true, true, true, false, false, true, true, true]], "ticket_name": "envs100_samples1000_seeds999_1000_1001_1002_1003_1004_1005_1006_1007_1008_ddim8_20251208_041639/seed_1001", "eval_noise_idx": 0, "eval_seed": 1619}