{"n_seeds": 5, "n_evals_per_seed": 100, "reward_mean": -63.0099983215332, "reward_std": 4.201219081878662, "success_mean": 0.952, "success_std": 0.020493901531919156, "episode_seeds": [1619, 1620, 1621, 1622, 1623], "seed_reward_means": [-67.58000183105469, -59.810001373291016, -63.439998626708984, -57.77000045776367, -66.44999694824219], "seed_success_means": [0.93, 0.97, 0.96, 0.97, 0.93], "reward_matrix": [[-51.0, -67.0, -44.0, -45.0, -46.0, -46.0, -57.0, -48.0, -58.0, -58.0, -46.0, -49.0, -44.0, -55.0, -42.0, -44.0, -44.0, -48.0, -48.0, -47.0, -300.0, -43.0, -55.0, -47.0, -44.0, -46.0, -43.0, -47.0, -43.0, -47.0, -44.0, -51.0, -51.0, -180.0, -55.0, -43.0, -53.0, -48.0, -48.0, -43.0, -43.0, -44.0, -47.0, -48.0, -88.0, -49.0, -51.0, -51.0, -47.0, -300.0, -44.0, -50.0, -44.0, -300.0, -47.0, -44.0, -41.0, -48.0, -51.0, -45.0, -48.0, -51.0, -48.0, -300.0, -45.0, -48.0, -52.0, -56.0, -54.0, -45.0, -45.0, -50.0, -53.0, -44.0, -47.0, -45.0, -43.0, -44.0, -55.0, -51.0, -300.0, -49.0, -44.0, -47.0, -82.0, -45.0, -44.0, -50.0, -48.0, -51.0, -47.0, -40.0, -300.0, -44.0, -41.0, -60.0, -52.0, -300.0, -42.0, -48.0], [-52.0, -41.0, -40.0, -42.0, -71.0, -52.0, -44.0, -239.0, -40.0, -41.0, -43.0, -59.0, -44.0, -300.0, -45.0, -56.0, -47.0, -36.0, -46.0, -45.0, -55.0, -52.0, -56.0, -55.0, -46.0, -45.0, -48.0, -47.0, -43.0, -51.0, -45.0, -44.0, -46.0, -67.0, -48.0, -48.0, -45.0, -75.0, -51.0, -45.0, -56.0, -51.0, -149.0, -44.0, -52.0, -54.0, -45.0, -44.0, -44.0, -48.0, -51.0, -47.0, -47.0, -46.0, -49.0, -50.0, -59.0, -47.0, -47.0, -44.0, -51.0, -51.0, -51.0, -43.0, -44.0, -300.0, -44.0, -52.0, -44.0, -51.0, -40.0, -46.0, -62.0, -72.0, -54.0, -300.0, -45.0, -46.0, -51.0, -44.0, -104.0, -47.0, -47.0, -44.0, -46.0, -45.0, -51.0, -72.0, -44.0, -59.0, -47.0, -52.0, -41.0, -46.0, -54.0, -47.0, -50.0, -41.0, -45.0, -39.0], [-57.0, -52.0, -52.0, -46.0, -53.0, -54.0, -52.0, -47.0, -43.0, -75.0, -46.0, -157.0, -45.0, -51.0, -51.0, -59.0, -48.0, -41.0, -57.0, -48.0, -45.0, -66.0, -47.0, -52.0, -144.0, -49.0, -48.0, -56.0, -47.0, -48.0, -51.0, -44.0, -49.0, -45.0, -43.0, -63.0, -47.0, -300.0, -60.0, -44.0, -47.0, -43.0, -43.0, -48.0, -82.0, -52.0, -52.0, -51.0, -51.0, -42.0, -46.0, -51.0, -43.0, -300.0, -44.0, -56.0, -43.0, -54.0, -45.0, -47.0, -48.0, -48.0, -46.0, -44.0, -43.0, -53.0, -43.0, -50.0, -55.0, -42.0, -75.0, -43.0, -47.0, -300.0, -49.0, -56.0, -43.0, -51.0, -63.0, -43.0, -300.0, -56.0, -52.0, -46.0, -43.0, -196.0, -47.0, -44.0, -44.0, -56.0, -51.0, -55.0, -44.0, -55.0, -45.0, -44.0, -64.0, -51.0, -44.0, -43.0], [-51.0, -47.0, -59.0, -48.0, -43.0, -65.0, -49.0, -48.0, -44.0, -48.0, -51.0, -45.0, -45.0, -51.0, -83.0, -45.0, -57.0, -298.0, -70.0, -46.0, -50.0, -45.0, -58.0, -47.0, -47.0, -43.0, -300.0, -49.0, -48.0, -52.0, -44.0, -49.0, -45.0, -44.0, -55.0, -44.0, -51.0, -44.0, -51.0, -47.0, -49.0, -56.0, -52.0, -51.0, -45.0, -45.0, -42.0, -54.0, -40.0, -43.0, -43.0, -58.0, -51.0, -44.0, -55.0, -71.0, -56.0, -50.0, -43.0, -300.0, -93.0, -46.0, -76.0, -51.0, -46.0, -47.0, -56.0, -49.0, -43.0, -61.0, -48.0, -48.0, -46.0, -51.0, -44.0, -43.0, -51.0, -50.0, -47.0, -44.0, -43.0, -47.0, -44.0, -47.0, -52.0, -47.0, -43.0, -50.0, -49.0, -46.0, -47.0, -47.0, -47.0, -40.0, -84.0, -54.0, -43.0, -46.0, -43.0, -64.0], [-48.0, -41.0, -44.0, -49.0, -44.0, -48.0, -91.0, -46.0, -40.0, -44.0, -51.0, -43.0, -84.0, -49.0, -43.0, -48.0, -47.0, -55.0, -48.0, -46.0, -300.0, -52.0, -44.0, -43.0, -52.0, -43.0, -45.0, -300.0, -46.0, -43.0, -44.0, -46.0, -300.0, -48.0, -47.0, -50.0, -46.0, -47.0, -48.0, -44.0, -47.0, -44.0, -44.0, -48.0, -44.0, -43.0, -44.0, -45.0, -46.0, -43.0, -55.0, -46.0, -44.0, -40.0, -45.0, -48.0, -44.0, -46.0, -45.0, -60.0, -51.0, -45.0, -43.0, -48.0, -45.0, -41.0, -64.0, -46.0, -300.0, -44.0, -59.0, -47.0, -49.0, -48.0, -50.0, -42.0, -47.0, -47.0, -51.0, -48.0, -42.0, -296.0, -50.0, -151.0, -44.0, -51.0, -55.0, -49.0, -300.0, -47.0, -48.0, -45.0, -55.0, -41.0, -44.0, -45.0, -300.0, -44.0, -54.0, -51.0]], "success_matrix": [[true, true, true, true, true, true, true, true, true, true, true, true, true, true, true, true, true, true, true, true, false, true, true, true, true, true, true, true, true, true, true, true, true, true, true, true, true, true, true, true, true, true, true, true, true, true, true, true, true, false, true, true, true, false, true, true, true, true, true, true, true, true, true, false, true, true, true, true, true, true, true, true, true, true, true, true, true, true, true, true, false, true, true, true, true, true, true, true, true, true, true, true, false, true, true, true, true, false, true, true], [true, true, true, true, true, true, true, true, true, true, true, true, true, false, true, true, true, true, true, true, true, true, true, true, true, true, true, true, true, true, true, true, true, true, true, true, true, true, true, true, true, true, true, true, true, true, true, true, true, true, true, true, true, true, true, true, true, true, true, true, true, true, true, true, true, false, true, true, true, true, true, true, true, true, true, false, true, true, true, true, true, true, true, true, true, true, true, true, true, true, true, true, true, true, true, true, true, true, true, true], [true, true, true, true, true, true, true, true, true, true, true, true, true, true, true, true, true, true, true, true, true, true, true, true, true, true, true, true, true, true, true, true, true, true, true, true, true, false, true, true, true, true, true, true, true, true, true, true, true, true, true, true, true, false, true, true, true, true, true, true, true, true, true, true, true, true, true, true, true, true, true, true, true, false, true, true, true, true, true, true, false, true, true, true, true, true, true, true, true, true, true, true, true, true, true, true, true, true, true, true], [true, true, true, true, true, true, true, true, true, true, true, true, true, true, true, true, true, false, true, true, true, true, true, true, true, true, false, true, true, true, true, true, true, true, true, true, true, true, true, true, true, true, true, true, true, true, true, true, true, true, true, true, true, true, true, true, true, true, true, false, true, true, true, true, true, true, true, true, true, true, true, true, true, true, true, true, true, true, true, true, true, true, true, true, true, true, true, true, true, true, true, true, true, true, true, true, true, true, true, true], [true, true, true, true, true, true, true, true, true, true, true, true, true, true, true, true, true, true, true, true, false, true, true, true, true, true, true, false, true, true, true, true, false, true, true, true, true, true, true, true, true, true, true, true, true, true, true, true, true, true, true, true, true, true, true, true, true, true, true, true, true, true, true, true, true, true, true, true, false, true, true, true, true, true, true, true, true, true, true, true, true, false, true, true, true, true, true, true, false, true, true, true, true, true, true, true, false, true, true, true]], "ticket_name": "zo_envs10_iter500_cand2_lambda0.5_seed666_ddim8_20251212_061325/seed_667", "eval_noise_idx": 0, "eval_seed": 1619}