{"num_noise_samples": 501, "num_envs": 10, "success_rate_mean": 0.13772454857826233, "success_rate_std": 0.1926499754190445, "best_success_rate": 0.9, "best_original_index": 458, "success_rates_sorted": [0.9, 0.9, 0.8, 0.8, 0.8, 0.8, 0.8, 0.7, 0.7, 0.7, 0.7, 0.7, 0.6, 0.6, 0.6, 0.6, 0.6, 0.6, 0.6, 0.5, 0.5, 0.5, 0.5, 0.5, 0.5, 0.5, 0.5, 0.5, 0.5, 0.5, 0.5, 0.5, 0.5, 0.5, 0.5, 0.5, 0.5, 0.5, 0.5, 0.5, 0.5, 0.5, 0.5, 0.4, 0.4, 0.4, 0.4, 0.4, 0.4, 0.4, 0.4, 0.4, 0.4, 0.4, 0.4, 0.4, 0.4, 0.4, 0.4, 0.4, 0.4, 0.4, 0.4, 0.4, 0.4, 0.4, 0.4, 0.4, 0.4, 0.4, 0.4, 0.4, 0.4, 0.4, 0.4, 0.4, 0.4, 0.4, 0.4, 0.4, 0.4, 0.4, 0.4, 0.4, 0.4, 0.3, 0.3, 0.3, 0.3, 0.3, 0.3, 0.3, 0.3, 0.3, 0.3, 0.3, 0.3, 0.3, 0.3, 0.3, 0.3, 0.3, 0.3, 0.3, 0.3, 0.3, 0.3, 0.3, 0.3, 0.3, 0.3, 0.3, 0.3, 0.3, 0.3, 0.3, 0.3, 0.3, 0.3, 0.2, 0.2, 0.2, 0.2, 0.2, 0.2, 0.2, 0.2, 0.2, 0.2, 0.2, 0.2, 0.2, 0.2, 0.2, 0.2, 0.2, 0.2, 0.2, 0.2, 0.2, 0.2, 0.2, 0.2, 0.2, 0.2, 0.2, 0.2, 0.2, 0.2, 0.2, 0.2, 0.2, 0.2, 0.2, 0.2, 0.2, 0.2, 0.2, 0.2, 0.2, 0.2, 0.1, 0.1, 0.1, 0.1, 0.1, 0.1, 0.1, 0.1, 0.1, 0.1, 0.1, 0.1, 0.1, 0.1, 0.1, 0.1, 0.1, 0.1, 0.1, 0.1, 0.1, 0.1, 0.1, 0.1, 0.1, 0.1, 0.1, 0.1, 0.1, 0.1, 0.1, 0.1, 0.1, 0.1, 0.1, 0.1, 0.1, 0.1, 0.1, 0.1, 0.1, 0.1, 0.1, 0.1, 0.1, 0.1, 0.1, 0.1, 0.1, 0.1, 0.1, 0.1, 0.1, 0.1, 0.1, 0.1, 0.1, 0.1, 0.1, 0.1, 0.1, 0.1, 0.1, 0.1, 0.1, 0.1, 0.1, 0.1, 0.1, 0.1, 0.1, 0.1, 0.1, 0.1, 0.1, 0.1, 0.1, 0.1, 0.1, 0.1, 0.1, 0.0, 0.0, 0.0, 0.0, 0.0, 0.0, 0.0, 0.0, 0.0, 0.0, 0.0, 0.0, 0.0, 0.0, 0.0, 0.0, 0.0, 0.0, 0.0, 0.0, 0.0, 0.0, 0.0, 0.0, 0.0, 0.0, 0.0, 0.0, 0.0, 0.0, 0.0, 0.0, 0.0, 0.0, 0.0, 0.0, 0.0, 0.0, 0.0, 0.0, 0.0, 0.0, 0.0, 0.0, 0.0, 0.0, 0.0, 0.0, 0.0, 0.0, 0.0, 0.0, 0.0, 0.0, 0.0, 0.0, 0.0, 0.0, 0.0, 0.0, 0.0, 0.0, 0.0, 0.0, 0.0, 0.0, 0.0, 0.0, 0.0, 0.0, 0.0, 0.0, 0.0, 0.0, 0.0, 0.0, 0.0, 0.0, 0.0, 0.0, 0.0, 0.0, 0.0, 0.0, 0.0, 0.0, 0.0, 0.0, 0.0, 0.0, 0.0, 0.0, 0.0, 0.0, 0.0, 0.0, 0.0, 0.0, 0.0, 0.0, 0.0, 0.0, 0.0, 0.0, 0.0, 0.0, 0.0, 0.0, 0.0, 0.0, 0.0, 0.0, 0.0, 0.0, 0.0, 0.0, 0.0, 0.0, 0.0, 0.0, 0.0, 0.0, 0.0, 0.0, 0.0, 0.0, 0.0, 0.0, 0.0, 0.0, 0.0, 0.0, 0.0, 0.0, 0.0, 0.0, 0.0, 0.0, 0.0, 0.0, 0.0, 0.0, 0.0, 0.0, 0.0, 0.0, 0.0, 0.0, 0.0, 0.0, 0.0, 0.0, 0.0, 0.0, 0.0, 0.0, 0.0, 0.0, 0.0, 0.0, 0.0, 0.0, 0.0, 0.0, 0.0, 0.0, 0.0, 0.0, 0.0, 0.0, 0.0, 0.0, 0.0, 0.0, 0.0, 0.0, 0.0, 0.0, 0.0, 0.0, 0.0, 0.0, 0.0, 0.0, 0.0, 0.0, 0.0, 0.0, 0.0, 0.0, 0.0, 0.0, 0.0, 0.0, 0.0, 0.0, 0.0, 0.0, 0.0, 0.0, 0.0, 0.0, 0.0, 0.0, 0.0, 0.0, 0.0, 0.0, 0.0, 0.0, 0.0, 0.0, 0.0, 0.0, 0.0, 0.0, 0.0, 0.0, 0.0, 0.0, 0.0, 0.0, 0.0, 0.0, 0.0, 0.0, 0.0, 0.0, 0.0, 0.0, 0.0, 0.0, 0.0, 0.0, 0.0, 0.0, 0.0, 0.0, 0.0, 0.0, 0.0, 0.0, 0.0, 0.0, 0.0, 0.0, 0.0, 0.0, 0.0, 0.0, 0.0, 0.0, 0.0, 0.0, 0.0, 0.0, 0.0, 0.0, 0.0], "original_success_rates": [0.0, 0.0, 0.0, 0.0, 0.0, 0.0, 0.0, 0.0, 0.0, 0.0, 0.0, 0.0, 0.0, 0.0, 0.0, 0.0, 0.0, 0.0, 0.1, 0.0, 0.0, 0.1, 0.0, 0.0, 0.0, 0.0, 0.0, 0.0, 0.0, 0.0, 0.0, 0.1, 0.0, 0.0, 0.0, 0.0, 0.0, 0.1, 0.1, 0.0, 0.0, 0.0, 0.0, 0.0, 0.0, 0.0, 0.1, 0.0, 0.0, 0.0, 0.0, 0.0, 0.0, 0.0, 0.0, 0.0, 0.0, 0.1, 0.0, 0.0, 0.2, 0.0, 0.1, 0.0, 0.0, 0.1, 0.0, 0.2, 0.2, 0.1, 0.0, 0.0, 0.0, 0.0, 0.0, 0.0, 0.0, 0.3, 0.1, 0.0, 0.1, 0.0, 0.3, 0.0, 0.1, 0.0, 0.0, 0.1, 0.0, 0.0, 0.0, 0.0, 0.0, 0.2, 0.0, 0.0, 0.0, 0.0, 0.1, 0.0, 0.2, 0.0, 0.0, 0.1, 0.0, 0.3, 0.0, 0.0, 0.0, 0.0, 0.0, 0.3, 0.0, 0.0, 0.0, 0.0, 0.0, 0.0, 0.0, 0.0, 0.4, 0.0, 0.2, 0.4, 0.0, 0.0, 0.0, 0.0, 0.0, 0.0, 0.0, 0.0, 0.0, 0.0, 0.0, 0.1, 0.0, 0.2, 0.0, 0.5, 0.4, 0.0, 0.2, 0.3, 0.3, 0.0, 0.0, 0.4, 0.0, 0.4, 0.4, 0.0, 0.1, 0.0, 0.2, 0.0, 0.1, 0.0, 0.1, 0.4, 0.1, 0.0, 0.3, 0.4, 0.2, 0.0, 0.0, 0.0, 0.3, 0.0, 0.4, 0.0, 0.3, 0.0, 0.0, 0.1, 0.1, 0.0, 0.4, 0.1, 0.2, 0.0, 0.2, 0.0, 0.2, 0.5, 0.1, 0.0, 0.1, 0.3, 0.1, 0.0, 0.0, 0.2, 0.0, 0.0, 0.0, 0.0, 0.0, 0.2, 0.3, 0.0, 0.3, 0.0, 0.3, 0.5, 0.1, 0.1, 0.4, 0.2, 0.1, 0.5, 0.0, 0.4, 0.3, 0.4, 0.3, 0.0, 0.5, 0.0, 0.5, 0.0, 0.4, 0.0, 0.0, 0.0, 0.4, 0.0, 0.3, 0.0, 0.0, 0.3, 0.1, 0.2, 0.0, 0.0, 0.0, 0.0, 0.4, 0.0, 0.0, 0.1, 0.0, 0.0, 0.1, 0.0, 0.3, 0.4, 0.0, 0.0, 0.5, 0.0, 0.2, 0.0, 0.0, 0.0, 0.0, 0.2, 0.1, 0.2, 0.1, 0.1, 0.4, 0.0, 0.3, 0.0, 0.1, 0.0, 0.0, 0.0, 0.1, 0.0, 0.0, 0.0, 0.1, 0.0, 0.2, 0.0, 0.1, 0.0, 0.0, 0.2, 0.0, 0.1, 0.0, 0.0, 0.4, 0.1, 0.0, 0.4, 0.2, 0.0, 0.0, 0.5, 0.0, 0.1, 0.3, 0.4, 0.2, 0.5, 0.2, 0.0, 0.6, 0.0, 0.2, 0.3, 0.4, 0.4, 0.1, 0.1, 0.5, 0.4, 0.0, 0.3, 0.3, 0.0, 0.4, 0.0, 0.5, 0.0, 0.3, 0.2, 0.3, 0.0, 0.0, 0.5, 0.2, 0.0, 0.4, 0.3, 0.4, 0.5, 0.3, 0.0, 0.5, 0.0, 0.0, 0.8, 0.0, 0.0, 0.5, 0.0, 0.4, 0.2, 0.0, 0.0, 0.4, 0.3, 0.0, 0.0, 0.0, 0.0, 0.0, 0.7, 0.4, 0.6, 0.0, 0.1, 0.1, 0.5, 0.0, 0.0, 0.0, 0.5, 0.6, 0.3, 0.7, 0.1, 0.0, 0.4, 0.0, 0.0, 0.0, 0.8, 0.1, 0.0, 0.0, 0.0, 0.0, 0.0, 0.1, 0.0, 0.4, 0.8, 0.3, 0.0, 0.4, 0.4, 0.5, 0.3, 0.2, 0.1, 0.2, 0.1, 0.0, 0.2, 0.2, 0.0, 0.4, 0.7, 0.4, 0.0, 0.1, 0.1, 0.2, 0.0, 0.0, 0.6, 0.0, 0.1, 0.2, 0.0, 0.1, 0.0, 0.2, 0.1, 0.1, 0.0, 0.0, 0.5, 0.3, 0.1, 0.0, 0.0, 0.1, 0.0, 0.0, 0.1, 0.0, 0.0, 0.1, 0.0, 0.1, 0.1, 0.0, 0.2, 0.1, 0.1, 0.0, 0.2, 0.0, 0.0, 0.0, 0.1, 0.2, 0.1, 0.3, 0.1, 0.0, 0.1, 0.0, 0.6, 0.4, 0.0, 0.4, 0.5, 0.0, 0.0, 0.9, 0.3, 0.0, 0.1, 0.0, 0.5, 0.8, 0.1, 0.5, 0.0, 0.1, 0.2, 0.1, 0.5, 0.0, 0.5, 0.1, 0.0, 0.0, 0.2, 0.1, 0.2, 0.4, 0.0, 0.1, 0.7, 0.4, 0.1, 0.0, 0.1, 0.6, 0.0, 0.1, 0.6, 0.7, 0.9, 0.1, 0.8, 0.0, 0.0, 0.4, 0.0, 0.4], "seed": 666, "env_seeds": [2587908681, 1432262724, 1108996773, 587583177, 1355671264, 4100205967, 2166161608, 340869555, 3300857917, 3599113608]}