{"n_seeds": 5, "n_evals_per_seed": 100, "reward_mean": -187.5780029296875, "reward_std": 7.87444543838501, "success_mean": 0.8160000000000001, "success_std": 0.06348228099241551, "episode_seeds": [1619, 1620, 1621, 1622, 1623], "seed_reward_means": [-182.8300018310547, -197.22000122070312, -177.32000732421875, -192.8000030517578, -187.72000122070312], "seed_success_means": [0.83, 0.76, 0.92, 0.79, 0.78], "reward_matrix": [[-300.0, -138.0, -188.0, -128.0, -191.0, -151.0, -172.0, -257.0, -153.0, -176.0, -210.0, -153.0, -179.0, -143.0, -171.0, -199.0, -147.0, -138.0, -185.0, -151.0, -300.0, -300.0, -132.0, -191.0, -300.0, -167.0, -156.0, -141.0, -200.0, -131.0, -150.0, -168.0, -171.0, -115.0, -144.0, -124.0, -300.0, -153.0, -168.0, -300.0, -188.0, -300.0, -178.0, -300.0, -179.0, -148.0, -136.0, -140.0, -155.0, -127.0, -128.0, -124.0, -123.0, -158.0, -139.0, -176.0, -150.0, -148.0, -300.0, -144.0, -163.0, -300.0, -136.0, -143.0, -144.0, -147.0, -139.0, -156.0, -148.0, -239.0, -133.0, -300.0, -167.0, -167.0, -143.0, -171.0, -156.0, -300.0, -178.0, -300.0, -300.0, -168.0, -160.0, -238.0, -132.0, -300.0, -146.0, -176.0, -151.0, -164.0, -183.0, -145.0, -140.0, -165.0, -139.0, -172.0, -300.0, -300.0, -165.0, -127.0], [-159.0, -300.0, -300.0, -139.0, -139.0, -167.0, -143.0, -300.0, -162.0, -163.0, -120.0, -170.0, -300.0, -273.0, -300.0, -172.0, -149.0, -176.0, -300.0, -147.0, -300.0, -163.0, -139.0, -144.0, -141.0, -207.0, -142.0, -199.0, -300.0, -300.0, -179.0, -143.0, -300.0, -163.0, -170.0, -148.0, -300.0, -147.0, -300.0, -162.0, -199.0, -156.0, -163.0, -179.0, -155.0, -300.0, -144.0, -300.0, -163.0, -204.0, -178.0, -300.0, -300.0, -171.0, -196.0, -148.0, -131.0, -151.0, -148.0, -127.0, -148.0, -259.0, -300.0, -147.0, -235.0, -132.0, -184.0, -204.0, -131.0, -178.0, -164.0, -174.0, -147.0, -151.0, -142.0, -187.0, -161.0, -131.0, -146.0, -300.0, -172.0, -300.0, -184.0, -300.0, -157.0, -300.0, -196.0, -142.0, -300.0, -175.0, -167.0, -189.0, -155.0, -300.0, -168.0, -155.0, -164.0, -131.0, -300.0, -207.0], [-160.0, -300.0, -225.0, -168.0, -140.0, -163.0, -193.0, -292.0, -155.0, -158.0, -132.0, -129.0, -251.0, -144.0, -167.0, -135.0, -154.0, -171.0, -143.0, -227.0, -167.0, -249.0, -128.0, -180.0, -188.0, -184.0, -132.0, -187.0, -229.0, -195.0, -142.0, -300.0, -178.0, -156.0, -135.0, -145.0, -160.0, -128.0, -175.0, -149.0, -154.0, -166.0, -162.0, -128.0, -119.0, -129.0, -195.0, -147.0, -300.0, -115.0, -168.0, -197.0, -157.0, -164.0, -147.0, -148.0, -163.0, -140.0, -143.0, -148.0, -139.0, -279.0, -183.0, -186.0, -208.0, -188.0, -128.0, -300.0, -159.0, -175.0, -152.0, -128.0, -162.0, -219.0, -152.0, -174.0, -155.0, -203.0, -143.0, -147.0, -300.0, -200.0, -144.0, -135.0, -147.0, -187.0, -152.0, -156.0, -157.0, -157.0, -152.0, -164.0, -300.0, -300.0, -169.0, -144.0, -300.0, -158.0, -240.0, -186.0], [-191.0, -182.0, -300.0, -244.0, -300.0, -131.0, -166.0, -120.0, -300.0, -171.0, -143.0, -146.0, -148.0, -128.0, -151.0, -156.0, -275.0, -135.0, -180.0, -132.0, -157.0, -171.0, -300.0, -200.0, -156.0, -246.0, -119.0, -146.0, -159.0, -141.0, -300.0, -163.0, -172.0, -185.0, -124.0, -131.0, -300.0, -255.0, -159.0, -300.0, -164.0, -180.0, -156.0, -176.0, -300.0, -153.0, -300.0, -300.0, -155.0, -124.0, -195.0, -155.0, -143.0, -138.0, -268.0, -221.0, -179.0, -160.0, -300.0, -155.0, -300.0, -125.0, -300.0, -300.0, -184.0, -300.0, -136.0, -140.0, -167.0, -171.0, -180.0, -184.0, -300.0, -205.0, -136.0, -136.0, -300.0, -300.0, -139.0, -164.0, -152.0, -144.0, -148.0, -171.0, -300.0, -156.0, -162.0, -180.0, -128.0, -165.0, -140.0, -141.0, -300.0, -147.0, -159.0, -247.0, -300.0, -150.0, -170.0, -148.0], [-127.0, -156.0, -128.0, -143.0, -300.0, -166.0, -300.0, -123.0, -300.0, -140.0, -176.0, -131.0, -152.0, -151.0, -168.0, -138.0, -148.0, -159.0, -151.0, -163.0, -138.0, -136.0, -300.0, -218.0, -133.0, -159.0, -300.0, -140.0, -200.0, -163.0, -119.0, -152.0, -300.0, -138.0, -138.0, -147.0, -164.0, -138.0, -131.0, -144.0, -123.0, -171.0, -300.0, -300.0, -162.0, -300.0, -160.0, -140.0, -180.0, -300.0, -138.0, -164.0, -256.0, -300.0, -180.0, -300.0, -136.0, -300.0, -300.0, -173.0, -159.0, -168.0, -149.0, -164.0, -227.0, -127.0, -156.0, -156.0, -201.0, -158.0, -143.0, -153.0, -300.0, -130.0, -132.0, -300.0, -152.0, -155.0, -170.0, -133.0, -300.0, -300.0, -156.0, -300.0, -140.0, -203.0, -119.0, -299.0, -148.0, -255.0, -300.0, -172.0, -203.0, -163.0, -136.0, -163.0, -300.0, -110.0, -164.0, -147.0]], "success_matrix": [[false, true, true, true, true, true, true, true, true, true, true, true, true, true, true, true, true, true, true, true, false, false, true, true, false, true, true, true, true, true, true, true, true, true, true, true, false, true, true, false, true, false, true, false, true, true, true, true, true, true, true, true, true, true, true, true, true, true, false, true, true, false, true, true, true, true, true, true, true, true, true, false, true, true, true, true, true, false, true, false, false, true, true, true, true, false, true, true, true, true, true, true, true, true, true, true, false, false, true, true], [true, false, false, true, true, true, true, false, true, true, true, true, false, true, false, true, true, true, false, true, false, true, true, true, true, true, true, true, false, false, true, true, false, true, true, true, false, true, false, true, true, true, true, true, true, false, true, false, true, true, true, false, false, true, true, true, true, true, true, true, true, true, false, true, true, true, true, true, true, true, true, true, true, true, true, true, true, true, true, false, true, false, true, false, true, false, true, true, false, true, true, true, true, false, true, true, true, true, false, true], [true, false, true, true, true, true, true, true, true, true, true, true, true, true, true, true, true, true, true, true, true, true, true, true, true, true, true, true, true, true, true, false, true, true, true, true, true, true, true, true, true, true, true, true, true, true, true, true, false, true, true, true, true, true, true, true, true, true, true, true, true, true, true, true, true, true, true, false, true, true, true, true, true, true, true, true, true, true, true, true, false, true, true, true, true, true, true, true, true, true, true, true, false, false, true, true, false, true, true, true], [true, true, false, true, false, true, true, true, false, true, true, true, true, true, true, true, true, true, true, true, true, true, false, true, true, true, true, true, true, true, false, true, true, true, true, true, false, true, true, false, true, true, true, true, false, true, false, false, true, true, true, true, true, true, true, true, true, true, false, true, false, true, false, false, true, false, true, true, true, true, true, true, false, true, true, true, false, false, true, true, true, true, true, true, false, true, true, true, true, true, true, true, false, true, true, true, false, true, true, true], [true, true, true, true, false, true, false, true, false, true, true, true, true, true, true, true, true, true, true, true, true, true, false, true, true, true, false, true, true, true, true, true, false, true, true, true, true, true, true, true, true, true, false, false, true, false, true, true, true, false, true, true, true, false, true, false, true, false, false, true, true, true, true, true, true, true, true, true, true, true, true, true, false, true, true, false, true, true, true, true, false, false, true, false, true, true, true, false, true, true, false, true, true, true, true, true, false, true, true, true]], "ticket_name": "envs100_samples5000_seed999_20251122_233346_ddim8", "eval_noise_idx": 0, "eval_seed": 1619}