{"n_seeds": 5, "n_evals_per_seed": 100, "reward_mean": -99.19400787353516, "reward_std": 3.2763359546661377, "success_mean": 0.954, "success_std": 0.00489897948556636, "episode_seeds": [1619, 1620, 1621, 1622, 1623], "seed_reward_means": [-101.16000366210938, -100.97000122070312, -102.5999984741211, -97.80000305175781, -93.44000244140625], "seed_success_means": [0.95, 0.95, 0.95, 0.96, 0.96], "reward_matrix": [[-115.0, -180.0, -92.0, -77.0, -85.0, -82.0, -106.0, -80.0, -111.0, -300.0, -91.0, -82.0, -76.0, -95.0, -74.0, -83.0, -77.0, -93.0, -100.0, -82.0, -77.0, -83.0, -95.0, -78.0, -95.0, -77.0, -81.0, -89.0, -76.0, -81.0, -81.0, -144.0, -105.0, -86.0, -106.0, -84.0, -87.0, -76.0, -94.0, -70.0, -82.0, -79.0, -79.0, -84.0, -300.0, -94.0, -125.0, -83.0, -78.0, -300.0, -81.0, -105.0, -85.0, -81.0, -96.0, -74.0, -77.0, -300.0, -101.0, -105.0, -131.0, -99.0, -91.0, -105.0, -77.0, -87.0, -85.0, -300.0, -87.0, -81.0, -89.0, -93.0, -83.0, -71.0, -79.0, -76.0, -81.0, -85.0, -108.0, -86.0, -92.0, -98.0, -81.0, -88.0, -104.0, -74.0, -69.0, -95.0, -114.0, -98.0, -92.0, -82.0, -94.0, -83.0, -158.0, -82.0, -130.0, -77.0, -77.0, -79.0], [-76.0, -71.0, -69.0, -85.0, -89.0, -98.0, -75.0, -90.0, -76.0, -73.0, -72.0, -300.0, -82.0, -135.0, -92.0, -115.0, -94.0, -69.0, -81.0, -82.0, -111.0, -69.0, -114.0, -80.0, -84.0, -104.0, -166.0, -82.0, -88.0, -104.0, -80.0, -72.0, -80.0, -94.0, -78.0, -90.0, -90.0, -153.0, -81.0, -84.0, -112.0, -300.0, -100.0, -80.0, -104.0, -117.0, -90.0, -85.0, -80.0, -96.0, -81.0, -84.0, -80.0, -93.0, -150.0, -80.0, -83.0, -77.0, -88.0, -76.0, -91.0, -77.0, -75.0, -82.0, -300.0, -300.0, -89.0, -105.0, -100.0, -78.0, -68.0, -79.0, -112.0, -77.0, -133.0, -79.0, -76.0, -85.0, -89.0, -74.0, -86.0, -105.0, -75.0, -103.0, -83.0, -75.0, -104.0, -300.0, -84.0, -116.0, -78.0, -157.0, -76.0, -83.0, -132.0, -87.0, -84.0, -71.0, -77.0, -68.0], [-105.0, -89.0, -103.0, -85.0, -300.0, -120.0, -200.0, -88.0, -77.0, -102.0, -77.0, -84.0, -78.0, -81.0, -84.0, -83.0, -95.0, -68.0, -112.0, -82.0, -78.0, -133.0, -102.0, -86.0, -93.0, -103.0, -87.0, -80.0, -89.0, -300.0, -83.0, -82.0, -78.0, -82.0, -73.0, -143.0, -82.0, -93.0, -128.0, -81.0, -90.0, -72.0, -83.0, -73.0, -72.0, -92.0, -116.0, -111.0, -72.0, -81.0, -86.0, -95.0, -77.0, -80.0, -73.0, -140.0, -65.0, -84.0, -95.0, -76.0, -84.0, -76.0, -78.0, -104.0, -69.0, -84.0, -92.0, -85.0, -79.0, -67.0, -300.0, -66.0, -88.0, -106.0, -96.0, -95.0, -65.0, -122.0, -142.0, -87.0, -131.0, -300.0, -85.0, -88.0, -99.0, -300.0, -95.0, -76.0, -84.0, -201.0, -129.0, -86.0, -84.0, -103.0, -90.0, -77.0, -89.0, -87.0, -73.0, -76.0], [-88.0, -88.0, -72.0, -129.0, -71.0, -300.0, -97.0, -300.0, -75.0, -88.0, -91.0, -99.0, -79.0, -101.0, -105.0, -81.0, -300.0, -98.0, -99.0, -82.0, -88.0, -79.0, -113.0, -85.0, -89.0, -67.0, -101.0, -76.0, -86.0, -98.0, -76.0, -87.0, -68.0, -68.0, -138.0, -72.0, -97.0, -82.0, -74.0, -77.0, -108.0, -97.0, -79.0, -93.0, -74.0, -85.0, -81.0, -93.0, -69.0, -74.0, -80.0, -131.0, -89.0, -78.0, -143.0, -93.0, -78.0, -107.0, -76.0, -130.0, -85.0, -72.0, -92.0, -108.0, -68.0, -81.0, -113.0, -101.0, -73.0, -80.0, -93.0, -83.0, -78.0, -106.0, -73.0, -69.0, -103.0, -90.0, -109.0, -72.0, -94.0, -92.0, -93.0, -70.0, -85.0, -76.0, -81.0, -98.0, -97.0, -86.0, -80.0, -103.0, -88.0, -69.0, -108.0, -131.0, -89.0, -89.0, -80.0, -300.0], [-81.0, -74.0, -81.0, -92.0, -79.0, -75.0, -72.0, -75.0, -71.0, -73.0, -87.0, -73.0, -95.0, -300.0, -300.0, -99.0, -81.0, -87.0, -87.0, -94.0, -81.0, -100.0, -74.0, -71.0, -92.0, -88.0, -88.0, -300.0, -85.0, -79.0, -88.0, -90.0, -99.0, -89.0, -91.0, -84.0, -81.0, -78.0, -90.0, -91.0, -73.0, -84.0, -78.0, -82.0, -84.0, -68.0, -71.0, -84.0, -81.0, -90.0, -117.0, -83.0, -73.0, -72.0, -94.0, -85.0, -84.0, -87.0, -83.0, -110.0, -91.0, -74.0, -76.0, -83.0, -98.0, -68.0, -131.0, -90.0, -78.0, -83.0, -98.0, -80.0, -82.0, -75.0, -82.0, -78.0, -90.0, -94.0, -82.0, -81.0, -74.0, -300.0, -110.0, -88.0, -82.0, -91.0, -69.0, -79.0, -80.0, -101.0, -91.0, -81.0, -81.0, -70.0, -75.0, -95.0, -111.0, -80.0, -88.0, -86.0]], "success_matrix": [[true, true, true, true, true, true, true, true, true, false, true, true, true, true, true, true, true, true, true, true, true, true, true, true, true, true, true, true, true, true, true, true, true, true, true, true, true, true, true, true, true, true, true, true, false, true, true, true, true, false, true, true, true, true, true, true, true, false, true, true, true, true, true, true, true, true, true, false, true, true, true, true, true, true, true, true, true, true, true, true, true, true, true, true, true, true, true, true, true, true, true, true, true, true, true, true, true, true, true, true], [true, true, true, true, true, true, true, true, true, true, true, false, true, true, true, true, true, true, true, true, true, true, true, true, true, true, true, true, true, true, true, true, true, true, true, true, true, true, true, true, true, false, true, true, true, true, true, true, true, true, true, true, true, true, true, true, true, true, true, true, true, true, true, true, false, false, true, true, true, true, true, true, true, true, true, true, true, true, true, true, true, true, true, true, true, true, true, false, true, true, true, true, true, true, true, true, true, true, true, true], [true, true, true, true, false, true, true, true, true, true, true, true, true, true, true, true, true, true, true, true, true, true, true, true, true, true, true, true, true, false, true, true, true, true, true, true, true, true, true, true, true, true, true, true, true, true, true, true, true, true, true, true, true, true, true, true, true, true, true, true, true, true, true, true, true, true, true, true, true, true, false, true, true, true, true, true, true, true, true, true, true, false, true, true, true, false, true, true, true, true, true, true, true, true, true, true, true, true, true, true], [true, true, true, true, true, false, true, false, true, true, true, true, true, true, true, true, false, true, true, true, true, true, true, true, true, true, true, true, true, true, true, true, true, true, true, true, true, true, true, true, true, true, true, true, true, true, true, true, true, true, true, true, true, true, true, true, true, true, true, true, true, true, true, true, true, true, true, true, true, true, true, true, true, true, true, true, true, true, true, true, true, true, true, true, true, true, true, true, true, true, true, true, true, true, true, true, true, true, true, false], [true, true, true, true, true, true, true, true, true, true, true, true, true, false, false, true, true, true, true, true, true, true, true, true, true, true, true, false, true, true, true, true, true, true, true, true, true, true, true, true, true, true, true, true, true, true, true, true, true, true, true, true, true, true, true, true, true, true, true, true, true, true, true, true, true, true, true, true, true, true, true, true, true, true, true, true, true, true, true, true, true, false, true, true, true, true, true, true, true, true, true, true, true, true, true, true, true, true, true, true]], "ticket_name": "envs100_samples1000_seeds999_1000_1001_1002_1003_1004_1005_1006_1007_1008_ddim2_20251208_052117/seed_1007", "eval_noise_idx": 0, "eval_seed": 1619}