{"n_seeds": 5, "n_evals_per_seed": 100, "reward_mean": -216.70401000976562, "reward_std": 8.027952194213867, "success_mean": 0.558, "success_std": 0.04604345773288534, "episode_seeds": [1619, 1620, 1621, 1622, 1623], "seed_reward_means": [-216.2100067138672, -228.25, -209.44000244140625, -220.47999572753906, -209.13999938964844], "seed_success_means": [0.54, 0.5, 0.61, 0.54, 0.6], "reward_matrix": [[-300.0, -170.0, -148.0, -300.0, -300.0, -300.0, -130.0, -157.0, -300.0, -153.0, -300.0, -118.0, -137.0, -300.0, -137.0, -300.0, -300.0, -300.0, -300.0, -145.0, -300.0, -128.0, -133.0, -176.0, -300.0, -300.0, -300.0, -137.0, -300.0, -300.0, -138.0, -300.0, -300.0, -126.0, -300.0, -300.0, -300.0, -300.0, -144.0, -300.0, -300.0, -300.0, -300.0, -300.0, -121.0, -300.0, -138.0, -300.0, -137.0, -137.0, -133.0, -300.0, -141.0, -134.0, -129.0, -137.0, -300.0, -145.0, -300.0, -158.0, -177.0, -300.0, -114.0, -300.0, -203.0, -138.0, -173.0, -145.0, -126.0, -161.0, -136.0, -300.0, -134.0, -300.0, -300.0, -300.0, -142.0, -144.0, -255.0, -149.0, -300.0, -157.0, -126.0, -300.0, -300.0, -300.0, -158.0, -181.0, -118.0, -142.0, -300.0, -130.0, -125.0, -300.0, -138.0, -165.0, -118.0, -300.0, -146.0, -133.0], [-137.0, -148.0, -300.0, -151.0, -300.0, -155.0, -300.0, -192.0, -300.0, -300.0, -159.0, -147.0, -300.0, -300.0, -300.0, -300.0, -148.0, -138.0, -300.0, -133.0, -300.0, -141.0, -300.0, -133.0, -133.0, -189.0, -138.0, -300.0, -133.0, -300.0, -300.0, -165.0, -300.0, -300.0, -300.0, -134.0, -300.0, -300.0, -141.0, -300.0, -154.0, -300.0, -142.0, -156.0, -300.0, -300.0, -300.0, -160.0, -189.0, -286.0, -125.0, -300.0, -300.0, -300.0, -300.0, -133.0, -118.0, -137.0, -141.0, -300.0, -138.0, -300.0, -220.0, -150.0, -300.0, -133.0, -221.0, -162.0, -129.0, -193.0, -166.0, -154.0, -300.0, -300.0, -113.0, -154.0, -182.0, -300.0, -300.0, -300.0, -210.0, -300.0, -213.0, -300.0, -157.0, -300.0, -300.0, -300.0, -300.0, -300.0, -169.0, -300.0, -300.0, -300.0, -300.0, -300.0, -150.0, -118.0, -137.0, -300.0], [-141.0, -300.0, -117.0, -216.0, -177.0, -300.0, -167.0, -300.0, -133.0, -130.0, -129.0, -136.0, -300.0, -300.0, -133.0, -203.0, -187.0, -141.0, -129.0, -300.0, -300.0, -300.0, -300.0, -300.0, -167.0, -154.0, -300.0, -121.0, -240.0, -300.0, -167.0, -300.0, -300.0, -135.0, -157.0, -300.0, -137.0, -300.0, -300.0, -180.0, -177.0, -300.0, -207.0, -157.0, -153.0, -125.0, -300.0, -133.0, -300.0, -300.0, -133.0, -154.0, -300.0, -138.0, -140.0, -300.0, -300.0, -134.0, -300.0, -146.0, -137.0, -300.0, -261.0, -300.0, -300.0, -161.0, -138.0, -139.0, -138.0, -300.0, -145.0, -133.0, -166.0, -300.0, -138.0, -149.0, -138.0, -151.0, -300.0, -300.0, -300.0, -300.0, -122.0, -300.0, -130.0, -149.0, -150.0, -140.0, -134.0, -300.0, -146.0, -300.0, -151.0, -134.0, -210.0, -136.0, -300.0, -132.0, -300.0, -122.0], [-142.0, -276.0, -121.0, -300.0, -146.0, -117.0, -159.0, -300.0, -148.0, -300.0, -196.0, -145.0, -141.0, -300.0, -136.0, -300.0, -143.0, -129.0, -300.0, -300.0, -300.0, -300.0, -300.0, -182.0, -138.0, -225.0, -125.0, -157.0, -166.0, -142.0, -141.0, -142.0, -161.0, -300.0, -300.0, -300.0, -300.0, -174.0, -300.0, -300.0, -300.0, -300.0, -126.0, -129.0, -300.0, -300.0, -300.0, -152.0, -300.0, -300.0, -300.0, -142.0, -138.0, -138.0, -300.0, -300.0, -136.0, -130.0, -300.0, -165.0, -300.0, -300.0, -179.0, -239.0, -300.0, -136.0, -139.0, -144.0, -300.0, -300.0, -139.0, -147.0, -140.0, -139.0, -140.0, -300.0, -300.0, -300.0, -300.0, -300.0, -190.0, -300.0, -144.0, -300.0, -144.0, -170.0, -300.0, -300.0, -300.0, -300.0, -300.0, -160.0, -202.0, -137.0, -154.0, -300.0, -300.0, -125.0, -134.0, -138.0], [-300.0, -142.0, -300.0, -300.0, -300.0, -300.0, -300.0, -124.0, -300.0, -118.0, -140.0, -129.0, -300.0, -300.0, -149.0, -300.0, -142.0, -121.0, -133.0, -300.0, -173.0, -138.0, -300.0, -300.0, -141.0, -142.0, -300.0, -134.0, -216.0, -157.0, -300.0, -182.0, -146.0, -300.0, -300.0, -125.0, -165.0, -133.0, -133.0, -141.0, -162.0, -132.0, -117.0, -300.0, -140.0, -149.0, -140.0, -300.0, -158.0, -300.0, -125.0, -137.0, -300.0, -148.0, -225.0, -132.0, -135.0, -300.0, -115.0, -300.0, -142.0, -162.0, -134.0, -213.0, -300.0, -153.0, -300.0, -300.0, -300.0, -124.0, -161.0, -198.0, -215.0, -133.0, -145.0, -138.0, -300.0, -300.0, -140.0, -300.0, -300.0, -300.0, -158.0, -152.0, -300.0, -142.0, -126.0, -239.0, -137.0, -134.0, -300.0, -150.0, -300.0, -300.0, -300.0, -300.0, -300.0, -300.0, -146.0, -133.0]], "success_matrix": [[false, true, true, false, false, false, true, true, false, true, false, true, true, false, true, false, false, false, false, true, false, true, true, true, false, false, false, true, false, false, true, false, false, true, false, false, false, false, true, false, false, false, false, false, true, false, true, false, true, true, true, false, true, true, true, true, false, true, false, true, true, false, true, false, true, true, true, true, true, true, true, false, true, false, false, false, true, true, true, true, false, true, true, false, false, false, true, true, true, true, false, true, true, false, true, true, true, false, true, true], [true, true, false, true, false, true, false, true, false, false, true, true, false, false, false, false, true, true, false, true, false, true, false, true, true, true, true, false, true, false, false, true, false, false, false, true, false, false, true, false, true, false, true, true, false, false, false, true, true, true, true, false, false, false, false, true, true, true, true, false, true, false, true, true, false, true, true, true, true, true, true, true, false, false, true, true, true, false, false, false, true, false, true, false, true, false, false, false, false, false, true, false, false, false, false, false, true, true, true, false], [true, false, true, true, true, false, true, false, true, true, true, true, false, false, true, true, true, true, true, false, false, false, false, false, true, true, false, true, true, false, true, false, false, true, true, false, true, false, false, true, true, false, true, true, true, true, false, true, false, false, true, true, false, true, true, false, false, true, false, true, true, false, true, false, false, true, true, true, true, false, true, true, true, false, true, true, true, true, false, false, false, false, true, false, true, true, true, true, true, false, true, false, true, true, true, true, false, true, false, true], [true, true, true, false, true, true, true, false, true, false, true, true, true, false, true, false, true, true, false, false, false, false, false, true, true, true, true, true, true, true, true, true, true, false, false, false, false, true, false, false, false, false, true, true, false, false, false, true, false, false, false, true, true, true, false, false, true, true, false, true, false, false, true, true, false, true, true, true, false, false, true, true, true, true, true, false, false, false, false, false, true, false, true, false, true, true, false, false, false, false, false, true, true, true, true, false, false, true, true, true], [false, true, false, false, false, false, false, true, false, true, true, true, false, false, true, false, true, true, true, false, true, true, false, false, true, true, false, true, true, true, false, true, true, false, false, true, true, true, true, true, true, true, true, false, true, true, true, false, true, false, true, true, false, true, true, true, true, false, true, false, true, true, true, true, false, true, false, false, false, true, true, true, true, true, true, true, false, false, true, false, false, false, true, true, false, true, true, true, true, true, false, true, false, false, false, false, false, false, true, true]], "ticket_name": "zo_envs10_iter500_cand2_lambda2.0_seed666_ddim2_20251215_221847/seed_666", "eval_noise_idx": 0, "eval_seed": 1619}