{"n_seeds": 5, "n_evals_per_seed": 100, "reward_mean": -198.0860137939453, "reward_std": 5.859158039093018, "success_mean": 0.734, "success_std": 0.011401754250991391, "episode_seeds": [1619, 1620, 1621, 1622, 1623], "seed_reward_means": [-202.32000732421875, -191.35000610351562, -192.3000030517578, -203.99000549316406, -200.47000122070312], "seed_success_means": [0.72, 0.74, 0.73, 0.75, 0.73], "reward_matrix": [[-216.0, -183.0, -220.0, -300.0, -257.0, -126.0, -300.0, -300.0, -246.0, -211.0, -141.0, -100.0, -300.0, -270.0, -105.0, -300.0, -300.0, -293.0, -300.0, -64.0, -300.0, -300.0, -164.0, -125.0, -201.0, -165.0, -118.0, -229.0, -82.0, -169.0, -195.0, -197.0, -71.0, -58.0, -207.0, -158.0, -84.0, -230.0, -184.0, -111.0, -127.0, -203.0, -132.0, -157.0, -300.0, -300.0, -300.0, -88.0, -160.0, -184.0, -116.0, -185.0, -300.0, -300.0, -69.0, -300.0, -129.0, -192.0, -300.0, -300.0, -187.0, -300.0, -171.0, -195.0, -300.0, -229.0, -125.0, -300.0, -83.0, -163.0, -123.0, -300.0, -166.0, -300.0, -300.0, -263.0, -99.0, -300.0, -300.0, -187.0, -133.0, -151.0, -300.0, -206.0, -211.0, -101.0, -300.0, -237.0, -154.0, -300.0, -172.0, -139.0, -236.0, -104.0, -175.0, -187.0, -203.0, -168.0, -160.0, -182.0], [-121.0, -185.0, -170.0, -204.0, -129.0, -300.0, -87.0, -163.0, -167.0, -223.0, -129.0, -235.0, -300.0, -300.0, -202.0, -219.0, -147.0, -300.0, -151.0, -118.0, -300.0, -83.0, -300.0, -158.0, -252.0, -143.0, -284.0, -194.0, -96.0, -146.0, -95.0, -240.0, -300.0, -197.0, -99.0, -207.0, -146.0, -195.0, -300.0, -132.0, -208.0, -128.0, -199.0, -119.0, -300.0, -300.0, -95.0, -92.0, -148.0, -300.0, -124.0, -100.0, -108.0, -300.0, -300.0, -190.0, -170.0, -111.0, -300.0, -100.0, -90.0, -109.0, -300.0, -251.0, -79.0, -300.0, -83.0, -191.0, -121.0, -300.0, -181.0, -160.0, -168.0, -239.0, -123.0, -300.0, -151.0, -181.0, -300.0, -190.0, -216.0, -116.0, -109.0, -131.0, -300.0, -108.0, -300.0, -300.0, -300.0, -231.0, -91.0, -300.0, -95.0, -112.0, -300.0, -193.0, -175.0, -108.0, -124.0, -300.0], [-191.0, -198.0, -300.0, -300.0, -240.0, -208.0, -300.0, -300.0, -117.0, -113.0, -178.0, -184.0, -300.0, -107.0, -108.0, -111.0, -108.0, -300.0, -202.0, -125.0, -130.0, -300.0, -139.0, -300.0, -300.0, -132.0, -300.0, -94.0, -300.0, -253.0, -110.0, -179.0, -108.0, -95.0, -155.0, -300.0, -118.0, -177.0, -300.0, -145.0, -174.0, -91.0, -300.0, -138.0, -175.0, -171.0, -300.0, -140.0, -178.0, -128.0, -129.0, -175.0, -299.0, -93.0, -300.0, -300.0, -124.0, -164.0, -173.0, -183.0, -178.0, -103.0, -97.0, -232.0, -300.0, -115.0, -131.0, -147.0, -77.0, -207.0, -300.0, -69.0, -163.0, -187.0, -166.0, -255.0, -130.0, -300.0, -300.0, -300.0, -282.0, -230.0, -103.0, -152.0, -236.0, -95.0, -222.0, -88.0, -300.0, -190.0, -300.0, -130.0, -101.0, -220.0, -300.0, -177.0, -181.0, -112.0, -94.0, -300.0], [-247.0, -208.0, -155.0, -231.0, -78.0, -300.0, -300.0, -145.0, -178.0, -226.0, -138.0, -242.0, -98.0, -152.0, -211.0, -300.0, -300.0, -300.0, -224.0, -221.0, -238.0, -300.0, -300.0, -240.0, -178.0, -300.0, -165.0, -116.0, -181.0, -279.0, -91.0, -274.0, -300.0, -113.0, -152.0, -122.0, -243.0, -182.0, -300.0, -95.0, -300.0, -121.0, -300.0, -151.0, -101.0, -300.0, -300.0, -198.0, -300.0, -165.0, -252.0, -191.0, -195.0, -300.0, -228.0, -159.0, -160.0, -166.0, -201.0, -216.0, -143.0, -142.0, -145.0, -175.0, -133.0, -96.0, -300.0, -300.0, -300.0, -104.0, -108.0, -300.0, -238.0, -211.0, -103.0, -113.0, -295.0, -188.0, -300.0, -125.0, -224.0, -237.0, -146.0, -300.0, -133.0, -157.0, -118.0, -210.0, -297.0, -82.0, -300.0, -142.0, -199.0, -300.0, -120.0, -215.0, -240.0, -80.0, -133.0, -220.0], [-131.0, -79.0, -300.0, -243.0, -227.0, -158.0, -132.0, -130.0, -104.0, -70.0, -300.0, -103.0, -205.0, -142.0, -235.0, -137.0, -300.0, -132.0, -167.0, -197.0, -259.0, -242.0, -196.0, -82.0, -300.0, -300.0, -209.0, -194.0, -159.0, -300.0, -103.0, -300.0, -178.0, -277.0, -195.0, -155.0, -99.0, -240.0, -98.0, -171.0, -167.0, -95.0, -300.0, -168.0, -175.0, -300.0, -131.0, -105.0, -300.0, -207.0, -300.0, -300.0, -126.0, -212.0, -300.0, -194.0, -198.0, -173.0, -216.0, -215.0, -158.0, -300.0, -103.0, -300.0, -300.0, -123.0, -300.0, -300.0, -103.0, -300.0, -247.0, -88.0, -198.0, -122.0, -300.0, -104.0, -277.0, -259.0, -160.0, -115.0, -300.0, -300.0, -300.0, -300.0, -181.0, -268.0, -300.0, -110.0, -300.0, -80.0, -110.0, -183.0, -140.0, -113.0, -217.0, -184.0, -300.0, -143.0, -96.0, -234.0]], "success_matrix": [[true, true, true, false, true, true, false, false, true, true, true, true, false, true, true, false, false, true, false, true, false, false, true, true, true, true, true, true, true, true, true, true, true, true, true, true, true, true, true, true, true, true, true, true, false, false, false, true, true, true, true, true, false, false, true, false, true, true, false, false, true, false, true, true, false, true, true, false, true, true, true, false, true, false, false, true, true, false, false, true, true, true, false, true, true, true, false, true, true, false, true, true, true, true, true, true, true, true, true, true], [true, true, true, true, true, false, true, true, true, true, true, true, false, false, true, true, true, false, true, true, false, true, false, true, true, true, true, true, true, true, true, true, false, true, true, true, true, true, false, true, true, true, true, true, false, false, true, true, true, false, true, true, true, false, false, true, true, true, false, true, true, true, false, true, true, false, true, true, true, false, true, true, true, true, true, false, true, true, false, true, true, true, true, true, false, true, false, false, false, true, true, false, true, true, false, true, true, true, true, false], [true, true, false, false, true, true, false, false, true, true, true, true, false, true, true, true, true, false, true, true, true, false, true, false, false, true, false, true, false, true, true, true, true, true, true, false, true, true, false, true, true, true, false, true, true, true, false, true, true, true, true, true, false, true, false, false, true, true, true, true, true, true, true, true, false, true, true, true, true, true, false, true, true, true, true, true, true, false, false, false, true, true, true, true, true, true, true, true, false, true, false, true, true, true, false, true, true, true, true, false], [true, true, true, true, true, false, false, true, true, true, true, true, true, true, true, false, false, false, true, true, true, false, false, true, true, false, true, true, true, true, true, true, false, true, true, true, true, true, false, true, false, true, false, true, true, false, false, true, false, true, true, true, true, false, true, true, true, true, true, true, true, true, true, true, true, true, false, false, false, true, true, false, true, true, true, true, true, true, false, true, true, true, true, false, true, true, true, true, false, true, false, true, true, false, true, true, true, true, true, true], [true, true, false, true, true, true, true, true, true, true, false, true, true, true, true, true, false, true, true, true, true, true, true, true, false, false, true, true, true, false, true, false, true, true, true, true, true, true, true, true, true, true, false, true, true, false, true, true, false, true, false, false, true, true, false, true, true, true, true, true, true, false, true, false, false, true, false, false, true, false, true, true, true, true, false, true, true, true, true, true, false, false, false, false, true, true, false, true, false, true, true, true, true, true, true, true, false, true, true, true]], "ticket_name": "zo_envs10_iter500_cand2_lambda2.0_seed666_ddim8_20251213_183635/seed_668", "eval_noise_idx": 0, "eval_seed": 1619}