{"n_seeds": 5, "n_evals_per_seed": 100, "reward_mean": -230.37399291992188, "reward_std": 22.70888328552246, "success_mean": 0.396, "success_std": 0.11970797801316332, "episode_seeds": [1619, 1620, 1621, 1622, 1623], "seed_reward_means": [-253.27000427246094, -222.72000122070312, -229.00999450683594, -249.72000122070312, -197.14999389648438], "seed_success_means": [0.31, 0.44, 0.37, 0.28, 0.58], "reward_matrix": [[-234.0, -109.0, -300.0, -141.0, -300.0, -120.0, -300.0, -84.0, -300.0, -124.0, -300.0, -300.0, -300.0, -300.0, -130.0, -300.0, -300.0, -300.0, -235.0, -78.0, -300.0, -300.0, -300.0, -127.0, -241.0, -76.0, -300.0, -280.0, -300.0, -99.0, -300.0, -300.0, -300.0, -69.0, -300.0, -300.0, -77.0, -300.0, -300.0, -300.0, -300.0, -300.0, -300.0, -160.0, -300.0, -105.0, -300.0, -300.0, -300.0, -300.0, -102.0, -300.0, -300.0, -300.0, -219.0, -300.0, -300.0, -87.0, -300.0, -300.0, -300.0, -288.0, -300.0, -300.0, -300.0, -300.0, -300.0, -300.0, -300.0, -300.0, -300.0, -108.0, -84.0, -300.0, -300.0, -300.0, -300.0, -300.0, -122.0, -300.0, -108.0, -300.0, -300.0, -232.0, -300.0, -300.0, -300.0, -300.0, -300.0, -162.0, -235.0, -300.0, -300.0, -300.0, -300.0, -300.0, -279.0, -300.0, -300.0, -112.0], [-79.0, -153.0, -79.0, -300.0, -300.0, -127.0, -144.0, -110.0, -101.0, -300.0, -300.0, -155.0, -300.0, -300.0, -300.0, -300.0, -300.0, -73.0, -300.0, -300.0, -300.0, -63.0, -204.0, -292.0, -204.0, -118.0, -300.0, -300.0, -300.0, -300.0, -76.0, -135.0, -300.0, -300.0, -132.0, -224.0, -300.0, -300.0, -83.0, -300.0, -300.0, -300.0, -300.0, -300.0, -300.0, -208.0, -300.0, -84.0, -65.0, -108.0, -300.0, -119.0, -300.0, -300.0, -264.0, -109.0, -151.0, -300.0, -105.0, -300.0, -300.0, -96.0, -76.0, -300.0, -300.0, -67.0, -92.0, -120.0, -300.0, -300.0, -300.0, -298.0, -300.0, -300.0, -297.0, -300.0, -86.0, -101.0, -300.0, -141.0, -300.0, -300.0, -95.0, -300.0, -78.0, -300.0, -300.0, -208.0, -93.0, -300.0, -300.0, -139.0, -300.0, -137.0, -300.0, -300.0, -300.0, -62.0, -121.0, -300.0], [-300.0, -300.0, -300.0, -71.0, -127.0, -300.0, -300.0, -300.0, -300.0, -300.0, -300.0, -300.0, -300.0, -89.0, -300.0, -88.0, -300.0, -300.0, -300.0, -300.0, -300.0, -133.0, -300.0, -300.0, -300.0, -300.0, -300.0, -120.0, -300.0, -300.0, -300.0, -300.0, -300.0, -300.0, -72.0, -300.0, -300.0, -300.0, -300.0, -300.0, -97.0, -300.0, -300.0, -300.0, -99.0, -96.0, -103.0, -115.0, -87.0, -300.0, -300.0, -98.0, -300.0, -300.0, -300.0, -294.0, -300.0, -84.0, -205.0, -83.0, -126.0, -81.0, -114.0, -300.0, -78.0, -91.0, -300.0, -300.0, -300.0, -92.0, -120.0, -62.0, -123.0, -300.0, -117.0, -300.0, -67.0, -300.0, -200.0, -300.0, -197.0, -121.0, -300.0, -300.0, -300.0, -87.0, -300.0, -108.0, -300.0, -110.0, -300.0, -300.0, -300.0, -300.0, -300.0, -140.0, -300.0, -122.0, -300.0, -84.0], [-300.0, -92.0, -62.0, -201.0, -300.0, -254.0, -300.0, -92.0, -300.0, -300.0, -300.0, -300.0, -300.0, -300.0, -133.0, -300.0, -300.0, -300.0, -300.0, -164.0, -300.0, -300.0, -300.0, -300.0, -300.0, -300.0, -75.0, -300.0, -90.0, -300.0, -68.0, -300.0, -300.0, -73.0, -300.0, -79.0, -300.0, -300.0, -132.0, -300.0, -300.0, -300.0, -300.0, -300.0, -300.0, -300.0, -79.0, -300.0, -300.0, -300.0, -300.0, -173.0, -108.0, -300.0, -300.0, -300.0, -89.0, -300.0, -300.0, -250.0, -300.0, -87.0, -300.0, -300.0, -83.0, -300.0, -136.0, -300.0, -300.0, -110.0, -300.0, -300.0, -300.0, -300.0, -119.0, -102.0, -300.0, -103.0, -300.0, -300.0, -300.0, -300.0, -300.0, -300.0, -300.0, -158.0, -300.0, -184.0, -300.0, -300.0, -300.0, -300.0, -300.0, -76.0, -300.0, -300.0, -300.0, -300.0, -300.0, -300.0], [-296.0, -300.0, -300.0, -300.0, -93.0, -83.0, -127.0, -102.0, -214.0, -300.0, -96.0, -108.0, -300.0, -114.0, -175.0, -300.0, -83.0, -281.0, -94.0, -300.0, -300.0, -300.0, -300.0, -120.0, -114.0, -70.0, -253.0, -300.0, -108.0, -300.0, -300.0, -300.0, -133.0, -300.0, -300.0, -88.0, -300.0, -300.0, -281.0, -300.0, -104.0, -300.0, -300.0, -82.0, -122.0, -300.0, -89.0, -300.0, -92.0, -184.0, -300.0, -69.0, -300.0, -80.0, -104.0, -256.0, -149.0, -107.0, -162.0, -300.0, -117.0, -300.0, -67.0, -90.0, -156.0, -107.0, -300.0, -300.0, -154.0, -123.0, -300.0, -88.0, -101.0, -77.0, -70.0, -300.0, -300.0, -300.0, -127.0, -300.0, -300.0, -300.0, -300.0, -98.0, -85.0, -144.0, -92.0, -82.0, -300.0, -300.0, -271.0, -96.0, -72.0, -172.0, -99.0, -300.0, -120.0, -64.0, -300.0, -110.0]], "success_matrix": [[true, true, false, true, false, true, false, true, false, true, false, false, false, false, true, false, false, false, true, true, false, false, false, true, true, true, false, true, false, true, false, false, false, true, false, false, true, false, false, false, false, false, false, true, false, true, false, false, false, false, true, false, false, false, true, false, false, true, false, false, false, true, false, false, false, false, false, false, false, false, false, true, true, false, false, false, false, false, true, false, true, false, false, true, false, false, false, false, false, true, true, false, false, false, false, false, true, false, false, true], [true, true, true, false, false, true, true, true, true, false, false, true, false, false, false, false, false, true, false, false, false, true, true, true, true, true, false, false, false, false, true, true, false, false, true, true, false, false, true, false, false, false, false, false, false, true, false, true, true, true, false, true, false, false, true, true, true, false, true, false, false, true, true, false, false, true, true, true, false, false, false, false, false, false, false, false, true, true, false, true, false, false, true, false, true, false, false, true, true, false, false, true, false, true, false, false, false, true, true, false], [false, false, false, true, true, false, false, false, false, false, false, false, false, true, false, true, false, false, false, false, false, true, false, false, false, false, false, true, false, false, false, false, false, false, true, false, false, false, false, false, true, false, false, false, true, true, true, true, true, false, false, true, false, false, false, false, false, true, true, true, true, true, true, false, true, true, false, false, false, true, true, true, true, false, true, false, true, false, true, false, true, true, false, false, false, true, false, true, false, true, false, false, false, false, false, true, false, true, false, true], [false, true, true, true, false, true, false, true, false, false, false, false, false, false, true, false, false, false, false, true, false, false, false, false, false, false, true, false, true, false, true, false, false, true, false, true, false, false, true, false, false, false, false, false, false, false, true, false, false, false, false, true, true, false, false, false, true, false, false, true, false, true, false, false, true, false, true, false, false, true, false, false, false, false, true, true, false, true, false, false, false, false, false, false, false, true, false, true, false, false, false, false, false, true, false, false, false, false, false, false], [false, false, false, false, true, true, true, true, true, false, true, true, false, true, true, false, true, true, true, false, false, false, false, true, true, true, true, false, true, false, false, false, true, false, false, true, false, false, true, false, true, false, false, true, true, false, true, false, true, true, false, true, false, true, true, true, true, true, true, false, true, false, true, true, true, true, false, false, true, true, false, true, true, true, true, false, false, false, true, false, false, false, false, true, true, true, true, true, false, false, true, true, true, true, true, false, true, true, false, true]], "ticket_name": "zo_envs10_iter100_cand10_lambda1.0_seed666_ddim8_20251210_084952/seed_671", "eval_noise_idx": 0, "eval_seed": 1619}