{"n_seeds": 5, "n_evals_per_seed": 100, "reward_mean": -233.97799682617188, "reward_std": 7.239885330200195, "success_mean": 0.484, "success_std": 0.0391152144312159, "episode_seeds": [1619, 1620, 1621, 1622, 1623], "seed_reward_means": [-224.8800048828125, -238.36000061035156, -242.4600067138672, -228.30999755859375, -235.8800048828125], "seed_success_means": [0.53, 0.46, 0.44, 0.52, 0.47], "reward_matrix": [[-300.0, -300.0, -174.0, -300.0, -300.0, -300.0, -141.0, -170.0, -162.0, -193.0, -177.0, -143.0, -165.0, -145.0, -143.0, -300.0, -300.0, -182.0, -181.0, -173.0, -300.0, -130.0, -178.0, -300.0, -300.0, -170.0, -164.0, -145.0, -182.0, -300.0, -145.0, -300.0, -300.0, -138.0, -300.0, -300.0, -300.0, -150.0, -300.0, -300.0, -178.0, -300.0, -300.0, -150.0, -300.0, -169.0, -154.0, -182.0, -300.0, -142.0, -142.0, -300.0, -129.0, -300.0, -300.0, -150.0, -300.0, -300.0, -300.0, -300.0, -162.0, -300.0, -126.0, -300.0, -142.0, -164.0, -145.0, -143.0, -300.0, -300.0, -148.0, -129.0, -300.0, -300.0, -300.0, -195.0, -169.0, -150.0, -300.0, -153.0, -300.0, -151.0, -132.0, -202.0, -300.0, -300.0, -153.0, -188.0, -127.0, -165.0, -300.0, -300.0, -131.0, -300.0, -149.0, -217.0, -300.0, -300.0, -300.0, -300.0], [-144.0, -146.0, -175.0, -300.0, -300.0, -300.0, -300.0, -300.0, -300.0, -300.0, -300.0, -171.0, -300.0, -300.0, -300.0, -300.0, -300.0, -146.0, -300.0, -300.0, -300.0, -143.0, -300.0, -156.0, -158.0, -300.0, -133.0, -156.0, -146.0, -300.0, -300.0, -154.0, -300.0, -300.0, -300.0, -144.0, -300.0, -160.0, -155.0, -300.0, -260.0, -300.0, -138.0, -180.0, -300.0, -300.0, -300.0, -143.0, -184.0, -216.0, -300.0, -300.0, -300.0, -300.0, -214.0, -144.0, -129.0, -300.0, -134.0, -300.0, -156.0, -300.0, -199.0, -169.0, -300.0, -142.0, -211.0, -183.0, -134.0, -171.0, -210.0, -161.0, -300.0, -300.0, -300.0, -300.0, -300.0, -300.0, -152.0, -300.0, -174.0, -300.0, -188.0, -151.0, -175.0, -300.0, -168.0, -300.0, -174.0, -300.0, -205.0, -300.0, -166.0, -300.0, -192.0, -300.0, -300.0, -126.0, -300.0, -300.0], [-158.0, -300.0, -300.0, -183.0, -300.0, -300.0, -300.0, -162.0, -135.0, -300.0, -138.0, -300.0, -300.0, -300.0, -141.0, -300.0, -300.0, -300.0, -300.0, -300.0, -300.0, -300.0, -300.0, -246.0, -300.0, -300.0, -300.0, -300.0, -158.0, -205.0, -166.0, -300.0, -300.0, -158.0, -300.0, -300.0, -220.0, -300.0, -171.0, -300.0, -168.0, -201.0, -176.0, -285.0, -300.0, -135.0, -300.0, -300.0, -300.0, -300.0, -148.0, -172.0, -168.0, -300.0, -154.0, -300.0, -300.0, -300.0, -141.0, -300.0, -146.0, -158.0, -175.0, -300.0, -169.0, -163.0, -300.0, -198.0, -140.0, -300.0, -300.0, -300.0, -177.0, -300.0, -161.0, -199.0, -159.0, -187.0, -300.0, -161.0, -300.0, -300.0, -300.0, -300.0, -133.0, -300.0, -300.0, -152.0, -158.0, -171.0, -151.0, -300.0, -164.0, -153.0, -182.0, -300.0, -300.0, -300.0, -300.0, -300.0], [-150.0, -179.0, -146.0, -300.0, -166.0, -300.0, -300.0, -300.0, -153.0, -208.0, -158.0, -300.0, -300.0, -300.0, -165.0, -163.0, -151.0, -127.0, -300.0, -300.0, -300.0, -162.0, -180.0, -300.0, -164.0, -153.0, -300.0, -172.0, -171.0, -300.0, -157.0, -153.0, -178.0, -300.0, -300.0, -300.0, -300.0, -300.0, -300.0, -300.0, -159.0, -300.0, -144.0, -300.0, -187.0, -300.0, -158.0, -155.0, -300.0, -300.0, -300.0, -185.0, -149.0, -141.0, -300.0, -300.0, -300.0, -300.0, -300.0, -147.0, -164.0, -154.0, -300.0, -154.0, -300.0, -300.0, -300.0, -157.0, -157.0, -300.0, -300.0, -160.0, -133.0, -159.0, -300.0, -300.0, -300.0, -300.0, -300.0, -300.0, -218.0, -300.0, -218.0, -190.0, -300.0, -147.0, -137.0, -162.0, -300.0, -144.0, -300.0, -146.0, -170.0, -125.0, -143.0, -238.0, -151.0, -300.0, -165.0, -158.0], [-300.0, -300.0, -300.0, -300.0, -300.0, -300.0, -171.0, -300.0, -300.0, -300.0, -300.0, -142.0, -163.0, -300.0, -185.0, -300.0, -177.0, -300.0, -300.0, -224.0, -154.0, -300.0, -300.0, -188.0, -137.0, -162.0, -300.0, -168.0, -174.0, -300.0, -300.0, -172.0, -300.0, -146.0, -300.0, -137.0, -154.0, -157.0, -300.0, -143.0, -145.0, -187.0, -300.0, -300.0, -163.0, -143.0, -183.0, -154.0, -300.0, -300.0, -300.0, -150.0, -300.0, -300.0, -212.0, -300.0, -300.0, -300.0, -300.0, -300.0, -166.0, -159.0, -155.0, -175.0, -300.0, -133.0, -300.0, -200.0, -300.0, -300.0, -146.0, -166.0, -300.0, -300.0, -151.0, -181.0, -300.0, -300.0, -167.0, -300.0, -300.0, -300.0, -300.0, -158.0, -166.0, -300.0, -300.0, -300.0, -145.0, -160.0, -300.0, -188.0, -157.0, -151.0, -300.0, -300.0, -163.0, -300.0, -168.0, -142.0]], "success_matrix": [[false, false, true, false, false, false, true, true, true, true, true, true, true, true, true, false, false, true, true, true, false, true, true, false, false, true, true, true, true, false, true, false, false, true, false, false, false, true, false, false, true, false, false, true, false, true, true, true, false, true, true, false, true, false, false, true, false, false, false, false, true, false, true, false, true, true, true, true, false, false, true, true, false, false, false, true, true, true, false, true, false, true, true, true, false, false, true, true, true, true, false, false, true, false, true, true, false, false, false, false], [true, true, true, false, false, false, false, false, false, false, false, true, false, false, false, false, false, true, false, false, false, true, false, true, true, false, true, true, true, false, false, true, false, false, false, true, false, true, true, false, true, false, true, true, false, false, false, true, true, true, false, false, false, false, true, true, true, false, true, false, true, false, true, true, false, true, true, true, true, true, true, true, false, false, false, false, false, false, true, false, true, false, true, true, true, false, true, false, true, false, true, false, true, false, true, false, false, true, false, false], [true, false, false, true, false, false, false, true, true, false, true, false, false, false, true, false, false, false, false, false, false, false, false, true, false, false, false, false, true, true, true, false, false, true, false, false, true, false, true, false, true, true, true, true, false, true, false, false, false, false, true, true, true, false, true, false, false, false, true, false, true, true, true, false, true, true, false, true, true, false, false, false, true, false, true, true, true, true, false, true, false, false, false, false, true, false, false, true, true, true, true, false, true, true, true, false, false, false, false, false], [true, true, true, false, true, false, false, false, true, true, true, false, false, false, true, true, true, true, false, false, false, true, true, false, true, true, false, true, true, false, true, true, true, false, false, false, false, false, false, false, true, false, true, false, true, false, true, true, false, false, false, true, true, true, false, false, false, false, false, true, true, true, false, true, false, false, false, true, true, false, false, true, true, true, false, false, false, false, false, false, true, false, true, true, false, true, true, true, false, true, false, true, true, true, true, true, true, false, true, true], [false, false, false, false, false, false, true, false, false, false, false, true, true, false, true, false, true, false, false, true, true, false, false, true, true, true, false, true, true, false, false, true, false, true, false, true, true, true, false, true, true, true, false, false, true, true, true, true, false, false, false, true, false, false, true, false, false, false, false, false, true, true, true, true, false, true, false, true, false, false, true, true, false, false, true, true, false, false, true, false, false, false, false, true, true, false, false, false, true, true, false, true, true, true, false, false, true, false, true, true]], "ticket_name": "zo_envs10_iter500_cand2_lambda2.0_seed666_ddim2_20251215_221847/seed_666", "eval_noise_idx": 0, "eval_seed": 1619}