{"n_seeds": 5, "n_evals_per_seed": 100, "reward_mean": -240.718017578125, "reward_std": 2.6429030895233154, "success_mean": 0.30800000000000005, "success_std": 0.019235384061671343, "episode_seeds": [1619, 1620, 1621, 1622, 1623], "seed_reward_means": [-243.52999877929688, -238.97999572753906, -240.1999969482422, -243.32000732421875, -237.55999755859375], "seed_success_means": [0.28, 0.32, 0.3, 0.31, 0.33], "reward_matrix": [[-300.0, -227.0, -300.0, -300.0, -127.0, -300.0, -300.0, -83.0, -300.0, -67.0, -91.0, -76.0, -80.0, -300.0, -300.0, -300.0, -300.0, -300.0, -300.0, -72.0, -300.0, -300.0, -300.0, -300.0, -300.0, -300.0, -67.0, -300.0, -139.0, -300.0, -67.0, -300.0, -300.0, -55.0, -300.0, -300.0, -93.0, -300.0, -300.0, -300.0, -249.0, -300.0, -300.0, -58.0, -300.0, -300.0, -103.0, -84.0, -300.0, -300.0, -300.0, -300.0, -96.0, -55.0, -300.0, -300.0, -300.0, -300.0, -300.0, -300.0, -300.0, -300.0, -300.0, -300.0, -300.0, -154.0, -132.0, -300.0, -59.0, -300.0, -300.0, -300.0, -87.0, -107.0, -300.0, -300.0, -300.0, -300.0, -300.0, -136.0, -300.0, -300.0, -300.0, -300.0, -300.0, -300.0, -300.0, -300.0, -300.0, -300.0, -300.0, -300.0, -63.0, -55.0, -300.0, -71.0, -300.0, -300.0, -300.0, -300.0], [-300.0, -300.0, -60.0, -300.0, -300.0, -300.0, -47.0, -79.0, -300.0, -300.0, -300.0, -300.0, -151.0, -300.0, -300.0, -300.0, -103.0, -300.0, -186.0, -300.0, -300.0, -147.0, -300.0, -59.0, -300.0, -300.0, -300.0, -107.0, -300.0, -300.0, -300.0, -63.0, -300.0, -224.0, -48.0, -87.0, -207.0, -300.0, -144.0, -91.0, -300.0, -300.0, -87.0, -60.0, -300.0, -87.0, -300.0, -300.0, -300.0, -175.0, -300.0, -144.0, -300.0, -300.0, -300.0, -300.0, -144.0, -300.0, -300.0, -300.0, -300.0, -86.0, -300.0, -191.0, -300.0, -300.0, -55.0, -88.0, -300.0, -184.0, -54.0, -300.0, -300.0, -300.0, -300.0, -300.0, -300.0, -300.0, -300.0, -300.0, -300.0, -300.0, -52.0, -300.0, -300.0, -300.0, -300.0, -72.0, -300.0, -300.0, -140.0, -300.0, -300.0, -76.0, -300.0, -300.0, -300.0, -300.0, -300.0, -300.0], [-300.0, -300.0, -126.0, -300.0, -300.0, -300.0, -300.0, -300.0, -300.0, -59.0, -300.0, -180.0, -300.0, -59.0, -251.0, -54.0, -92.0, -300.0, -300.0, -300.0, -300.0, -96.0, -206.0, -300.0, -300.0, -300.0, -300.0, -56.0, -300.0, -72.0, -49.0, -55.0, -300.0, -55.0, -300.0, -300.0, -112.0, -300.0, -300.0, -300.0, -300.0, -300.0, -300.0, -300.0, -72.0, -300.0, -300.0, -300.0, -298.0, -55.0, -300.0, -300.0, -67.0, -300.0, -51.0, -300.0, -300.0, -116.0, -300.0, -300.0, -300.0, -300.0, -300.0, -300.0, -212.0, -65.0, -300.0, -263.0, -47.0, -300.0, -300.0, -128.0, -299.0, -300.0, -300.0, -88.0, -300.0, -300.0, -300.0, -144.0, -300.0, -300.0, -300.0, -300.0, -300.0, -300.0, -300.0, -300.0, -300.0, -64.0, -300.0, -300.0, -300.0, -300.0, -300.0, -300.0, -71.0, -58.0, -300.0, -300.0], [-300.0, -300.0, -300.0, -300.0, -112.0, -300.0, -61.0, -300.0, -300.0, -276.0, -79.0, -300.0, -300.0, -63.0, -137.0, -300.0, -300.0, -239.0, -199.0, -300.0, -300.0, -300.0, -300.0, -300.0, -300.0, -300.0, -300.0, -49.0, -300.0, -300.0, -67.0, -300.0, -51.0, -300.0, -300.0, -300.0, -300.0, -300.0, -300.0, -300.0, -300.0, -300.0, -63.0, -300.0, -300.0, -59.0, -300.0, -300.0, -300.0, -300.0, -67.0, -300.0, -300.0, -300.0, -300.0, -290.0, -254.0, -72.0, -300.0, -300.0, -274.0, -108.0, -107.0, -300.0, -60.0, -300.0, -300.0, -300.0, -300.0, -51.0, -300.0, -300.0, -300.0, -300.0, -56.0, -300.0, -300.0, -300.0, -300.0, -99.0, -300.0, -300.0, -71.0, -115.0, -300.0, -47.0, -300.0, -300.0, -300.0, -300.0, -300.0, -67.0, -300.0, -44.0, -108.0, -300.0, -287.0, -300.0, -300.0, -300.0], [-127.0, -300.0, -275.0, -151.0, -300.0, -300.0, -55.0, -59.0, -63.0, -300.0, -300.0, -75.0, -48.0, -300.0, -300.0, -297.0, -67.0, -170.0, -300.0, -300.0, -300.0, -300.0, -300.0, -47.0, -300.0, -300.0, -300.0, -58.0, -105.0, -58.0, -300.0, -300.0, -300.0, -211.0, -300.0, -300.0, -76.0, -300.0, -300.0, -102.0, -300.0, -300.0, -300.0, -300.0, -300.0, -300.0, -63.0, -300.0, -300.0, -300.0, -300.0, -300.0, -300.0, -300.0, -300.0, -300.0, -300.0, -106.0, -68.0, -235.0, -300.0, -300.0, -300.0, -300.0, -300.0, -300.0, -300.0, -300.0, -300.0, -122.0, -120.0, -300.0, -300.0, -174.0, -300.0, -300.0, -300.0, -300.0, -51.0, -58.0, -300.0, -300.0, -300.0, -300.0, -300.0, -300.0, -203.0, -96.0, -300.0, -300.0, -300.0, -74.0, -136.0, -91.0, -300.0, -243.0, -300.0, -300.0, -72.0, -300.0]], "success_matrix": [[false, true, false, false, true, false, false, true, false, true, true, true, true, false, false, false, false, false, false, true, false, false, false, false, false, false, true, false, true, false, true, false, false, true, false, false, true, false, false, false, true, false, false, true, false, false, true, true, false, false, false, false, true, true, false, false, false, false, false, false, false, false, false, false, false, true, true, false, true, false, false, false, true, true, false, false, false, false, false, true, false, false, false, false, false, false, false, false, false, false, false, false, true, true, false, true, false, false, false, false], [false, false, true, false, false, false, true, true, false, false, false, false, true, false, false, false, true, false, true, false, false, true, false, true, false, false, false, true, false, false, false, true, false, true, true, true, true, false, true, true, false, false, true, true, false, true, false, false, false, true, false, true, false, false, false, false, true, false, false, false, false, true, false, true, false, false, true, true, false, true, true, false, false, false, false, false, false, false, false, false, false, false, true, false, false, false, false, true, false, false, true, false, false, true, false, false, false, false, false, false], [false, false, true, false, false, false, false, false, false, true, false, true, false, true, true, true, true, false, false, false, false, true, true, false, false, false, false, true, false, true, true, true, false, true, false, false, true, false, false, false, false, false, false, false, true, false, false, false, false, true, false, false, true, false, true, false, false, true, false, false, false, false, false, false, true, true, false, true, true, false, false, true, false, false, false, true, false, false, false, true, false, false, false, false, false, false, false, false, false, true, false, false, false, false, false, false, true, true, false, false], [false, false, false, false, true, false, true, false, false, true, true, false, false, true, true, false, false, true, true, false, false, false, false, false, false, false, false, true, false, false, true, false, true, false, false, false, false, false, false, false, false, false, true, false, false, true, false, false, false, false, true, false, false, false, false, true, true, true, false, false, true, true, true, false, true, false, false, false, false, true, false, false, false, false, true, false, false, false, false, true, false, false, true, true, false, true, false, false, false, false, false, true, false, true, true, false, true, false, false, false], [true, false, true, true, false, false, true, true, true, false, false, true, true, false, false, false, true, true, false, false, false, false, false, true, false, false, false, true, true, true, false, false, false, true, false, false, true, false, false, true, false, false, false, false, false, false, true, false, false, false, false, false, false, false, false, false, false, true, true, true, false, false, false, false, false, false, false, false, false, true, true, false, false, true, false, false, false, false, true, true, false, false, false, false, false, false, true, true, false, false, false, true, true, true, false, true, false, false, true, false]], "ticket_name": "zo_envs10_iter500_cand2_lambda10.0_seed666_ddim8_20251213_183924/seed_671", "eval_noise_idx": 0, "eval_seed": 1619}