{"n_seeds": 5, "n_evals_per_seed": 100, "reward_mean": -117.0479965209961, "reward_std": 7.060260772705078, "success_mean": 0.852, "success_std": 0.03563705936241091, "episode_seeds": [1619, 1620, 1621, 1622, 1623], "seed_reward_means": [-122.33000183105469, -113.16000366210938, -126.56999969482422, -109.83999633789062, -113.33999633789062], "seed_success_means": [0.83, 0.88, 0.8, 0.88, 0.87], "reward_matrix": [[-73.0, -91.0, -124.0, -90.0, -82.0, -82.0, -99.0, -65.0, -112.0, -90.0, -76.0, -78.0, -300.0, -108.0, -73.0, -80.0, -65.0, -105.0, -88.0, -58.0, -68.0, -88.0, -98.0, -68.0, -90.0, -300.0, -75.0, -99.0, -69.0, -89.0, -300.0, -81.0, -138.0, -55.0, -98.0, -83.0, -60.0, -85.0, -106.0, -300.0, -300.0, -96.0, -300.0, -76.0, -300.0, -101.0, -93.0, -72.0, -300.0, -136.0, -300.0, -96.0, -89.0, -120.0, -71.0, -64.0, -73.0, -300.0, -69.0, -83.0, -300.0, -93.0, -78.0, -114.0, -76.0, -76.0, -80.0, -99.0, -92.0, -81.0, -81.0, -300.0, -300.0, -71.0, -300.0, -87.0, -64.0, -69.0, -84.0, -94.0, -93.0, -300.0, -67.0, -300.0, -100.0, -78.0, -65.0, -91.0, -68.0, -149.0, -300.0, -72.0, -100.0, -75.0, -75.0, -91.0, -98.0, -82.0, -78.0, -84.0], [-60.0, -76.0, -81.0, -87.0, -84.0, -100.0, -61.0, -75.0, -95.0, -92.0, -82.0, -157.0, -79.0, -246.0, -98.0, -97.0, -80.0, -54.0, -73.0, -300.0, -92.0, -56.0, -156.0, -74.0, -87.0, -300.0, -116.0, -79.0, -64.0, -77.0, -60.0, -91.0, -65.0, -88.0, -63.0, -300.0, -77.0, -81.0, -300.0, -87.0, -134.0, -181.0, -82.0, -73.0, -125.0, -129.0, -70.0, -66.0, -86.0, -140.0, -72.0, -69.0, -300.0, -99.0, -98.0, -85.0, -81.0, -300.0, -75.0, -69.0, -79.0, -66.0, -300.0, -81.0, -67.0, -187.0, -65.0, -69.0, -65.0, -61.0, -93.0, -69.0, -95.0, -105.0, -78.0, -69.0, -74.0, -99.0, -81.0, -76.0, -97.0, -80.0, -76.0, -300.0, -300.0, -81.0, -85.0, -76.0, -300.0, -102.0, -73.0, -300.0, -82.0, -69.0, -84.0, -90.0, -74.0, -300.0, -64.0, -80.0], [-124.0, -82.0, -62.0, -300.0, -94.0, -78.0, -90.0, -109.0, -82.0, -77.0, -72.0, -95.0, -84.0, -300.0, -68.0, -66.0, -87.0, -300.0, -83.0, -71.0, -73.0, -85.0, -300.0, -62.0, -104.0, -72.0, -89.0, -62.0, -98.0, -300.0, -72.0, -80.0, -79.0, -73.0, -78.0, -144.0, -300.0, -300.0, -128.0, -82.0, -93.0, -69.0, -84.0, -63.0, -90.0, -93.0, -300.0, -76.0, -72.0, -75.0, -300.0, -69.0, -65.0, -60.0, -71.0, -86.0, -82.0, -300.0, -76.0, -85.0, -76.0, -300.0, -300.0, -84.0, -300.0, -69.0, -62.0, -86.0, -64.0, -78.0, -115.0, -56.0, -72.0, -112.0, -100.0, -96.0, -300.0, -300.0, -162.0, -300.0, -124.0, -108.0, -76.0, -64.0, -300.0, -67.0, -300.0, -63.0, -69.0, -98.0, -98.0, -74.0, -67.0, -107.0, -300.0, -66.0, -91.0, -69.0, -70.0, -300.0], [-92.0, -300.0, -84.0, -126.0, -65.0, -300.0, -88.0, -87.0, -77.0, -79.0, -78.0, -105.0, -74.0, -91.0, -76.0, -72.0, -110.0, -168.0, -83.0, -85.0, -80.0, -89.0, -85.0, -77.0, -73.0, -68.0, -300.0, -300.0, -86.0, -82.0, -60.0, -80.0, -300.0, -300.0, -85.0, -63.0, -189.0, -81.0, -59.0, -68.0, -111.0, -71.0, -68.0, -71.0, -83.0, -72.0, -65.0, -108.0, -74.0, -72.0, -300.0, -112.0, -85.0, -69.0, -76.0, -91.0, -72.0, -73.0, -300.0, -112.0, -86.0, -81.0, -74.0, -82.0, -300.0, -70.0, -79.0, -98.0, -79.0, -72.0, -77.0, -90.0, -73.0, -138.0, -300.0, -300.0, -97.0, -83.0, -91.0, -297.0, -80.0, -80.0, -87.0, -87.0, -69.0, -68.0, -69.0, -100.0, -69.0, -74.0, -91.0, -82.0, -68.0, -64.0, -75.0, -85.0, -86.0, -71.0, -68.0, -94.0], [-63.0, -96.0, -78.0, -95.0, -113.0, -300.0, -76.0, -71.0, -60.0, -70.0, -88.0, -300.0, -96.0, -105.0, -93.0, -77.0, -64.0, -68.0, -73.0, -90.0, -86.0, -72.0, -79.0, -300.0, -71.0, -100.0, -83.0, -92.0, -91.0, -74.0, -84.0, -300.0, -117.0, -84.0, -96.0, -92.0, -67.0, -91.0, -71.0, -90.0, -72.0, -83.0, -74.0, -71.0, -103.0, -62.0, -72.0, -69.0, -300.0, -101.0, -98.0, -300.0, -70.0, -91.0, -116.0, -86.0, -109.0, -81.0, -74.0, -102.0, -81.0, -65.0, -300.0, -92.0, -94.0, -300.0, -112.0, -89.0, -300.0, -300.0, -96.0, -64.0, -300.0, -75.0, -106.0, -67.0, -74.0, -106.0, -79.0, -73.0, -73.0, -153.0, -88.0, -111.0, -73.0, -144.0, -63.0, -68.0, -92.0, -67.0, -74.0, -81.0, -297.0, -72.0, -78.0, -82.0, -300.0, -104.0, -84.0, -107.0]], "success_matrix": [[true, true, true, true, true, true, true, true, true, true, true, true, false, true, true, true, true, true, true, true, true, true, true, true, true, false, true, true, true, true, false, true, true, true, true, true, true, true, true, false, false, true, false, true, false, true, true, true, false, true, false, true, true, true, true, true, true, false, true, true, false, true, true, true, true, true, true, true, true, true, true, false, false, true, false, true, true, true, true, true, true, false, true, false, true, true, true, true, true, true, false, true, true, true, true, true, true, true, true, true], [true, true, true, true, true, true, true, true, true, true, true, true, true, true, true, true, true, true, true, false, true, true, true, true, true, false, true, true, true, true, true, true, true, true, true, false, true, true, false, true, true, true, true, true, true, true, true, true, true, true, true, true, false, true, true, true, true, false, true, true, true, true, false, true, true, true, true, true, true, true, true, true, true, true, true, true, true, true, true, true, true, true, true, false, false, true, true, true, false, true, true, false, true, true, true, true, true, false, true, true], [true, true, true, false, true, true, true, true, true, true, true, true, true, false, true, true, true, false, true, true, true, true, false, true, true, true, true, true, true, false, true, true, true, true, true, true, false, false, true, true, true, true, true, true, true, true, false, true, true, true, false, true, true, true, true, true, true, false, true, true, true, false, false, true, false, true, true, true, true, true, true, true, true, true, true, true, false, false, true, false, true, true, true, true, false, true, false, true, true, true, true, true, true, true, false, true, true, true, true, false], [true, false, true, true, true, false, true, true, true, true, true, true, true, true, true, true, true, true, true, true, true, true, true, true, true, true, false, false, true, true, true, true, false, false, true, true, true, true, true, true, true, true, true, true, true, true, true, true, true, true, false, true, true, true, true, true, true, true, false, true, true, true, true, true, false, true, true, true, true, true, true, true, true, true, false, false, true, true, true, false, true, true, true, true, true, true, true, true, true, true, true, true, true, true, true, true, true, true, true, true], [true, true, true, true, true, false, true, true, true, true, true, false, true, true, true, true, true, true, true, true, true, true, true, false, true, true, true, true, true, true, true, false, true, true, true, true, true, true, true, true, true, true, true, true, true, true, true, true, false, true, true, false, true, true, true, true, true, true, true, true, true, true, false, true, true, false, true, true, false, false, true, true, false, true, true, true, true, true, true, true, true, true, true, true, true, true, true, true, true, true, true, true, false, true, true, true, false, true, true, true]], "ticket_name": "zo_envs10_iter100_cand10_lambda2.0_seed666_ddim8_20251212_061609/seed_666", "eval_noise_idx": 0, "eval_seed": 1619}