{"n_seeds": 5, "n_evals_per_seed": 100, "reward_mean": -155.4399871826172, "reward_std": 2.6641547679901123, "success_mean": 0.8539999999999999, "success_std": 0.03199999999999999, "episode_seeds": [1619, 1620, 1621, 1622, 1623], "seed_reward_means": [-155.75999450683594, -153.55999755859375, -160.47000122070312, -153.19000244140625, -154.22000122070312], "seed_success_means": [0.86, 0.86, 0.8, 0.9, 0.85], "reward_matrix": [[-163.0, -150.0, -300.0, -154.0, -113.0, -162.0, -203.0, -110.0, -300.0, -167.0, -136.0, -139.0, -107.0, -151.0, -300.0, -300.0, -77.0, -300.0, -125.0, -80.0, -112.0, -131.0, -169.0, -124.0, -176.0, -142.0, -121.0, -107.0, -112.0, -145.0, -119.0, -145.0, -112.0, -73.0, -181.0, -114.0, -79.0, -135.0, -140.0, -112.0, -105.0, -107.0, -300.0, -162.0, -300.0, -183.0, -143.0, -99.0, -300.0, -300.0, -300.0, -185.0, -101.0, -237.0, -80.0, -105.0, -103.0, -300.0, -116.0, -127.0, -156.0, -129.0, -126.0, -171.0, -140.0, -154.0, -112.0, -186.0, -133.0, -111.0, -123.0, -150.0, -119.0, -102.0, -143.0, -117.0, -115.0, -134.0, -175.0, -117.0, -149.0, -136.0, -99.0, -140.0, -141.0, -123.0, -300.0, -130.0, -169.0, -300.0, -149.0, -112.0, -113.0, -106.0, -97.0, -300.0, -212.0, -93.0, -109.0, -146.0], [-300.0, -120.0, -136.0, -135.0, -136.0, -300.0, -76.0, -112.0, -148.0, -107.0, -120.0, -300.0, -124.0, -188.0, -132.0, -208.0, -126.0, -68.0, -114.0, -115.0, -169.0, -299.0, -300.0, -185.0, -188.0, -120.0, -211.0, -113.0, -120.0, -126.0, -73.0, -129.0, -99.0, -149.0, -93.0, -137.0, -123.0, -104.0, -300.0, -108.0, -300.0, -132.0, -148.0, -105.0, -143.0, -300.0, -92.0, -92.0, -300.0, -300.0, -111.0, -100.0, -99.0, -124.0, -168.0, -171.0, -300.0, -119.0, -127.0, -84.0, -126.0, -112.0, -116.0, -120.0, -90.0, -202.0, -96.0, -145.0, -126.0, -94.0, -143.0, -131.0, -180.0, -125.0, -184.0, -115.0, -131.0, -151.0, -169.0, -145.0, -184.0, -130.0, -300.0, -116.0, -72.0, -135.0, -193.0, -95.0, -116.0, -192.0, -103.0, -300.0, -164.0, -98.0, -167.0, -161.0, -115.0, -300.0, -100.0, -88.0], [-300.0, -133.0, -81.0, -300.0, -300.0, -173.0, -171.0, -300.0, -116.0, -136.0, -108.0, -140.0, -113.0, -300.0, -110.0, -109.0, -115.0, -80.0, -157.0, -126.0, -113.0, -300.0, -132.0, -110.0, -300.0, -164.0, -180.0, -85.0, -135.0, -300.0, -122.0, -106.0, -165.0, -120.0, -128.0, -300.0, -102.0, -300.0, -300.0, -123.0, -300.0, -122.0, -127.0, -149.0, -139.0, -124.0, -300.0, -109.0, -111.0, -109.0, -119.0, -111.0, -92.0, -81.0, -85.0, -300.0, -75.0, -131.0, -120.0, -151.0, -300.0, -84.0, -98.0, -135.0, -69.0, -109.0, -129.0, -114.0, -103.0, -155.0, -300.0, -72.0, -125.0, -300.0, -155.0, -212.0, -109.0, -167.0, -296.0, -120.0, -300.0, -300.0, -115.0, -77.0, -159.0, -300.0, -133.0, -88.0, -176.0, -160.0, -239.0, -104.0, -83.0, -146.0, -158.0, -118.0, -138.0, -103.0, -109.0, -81.0], [-137.0, -119.0, -105.0, -189.0, -97.0, -300.0, -117.0, -300.0, -99.0, -110.0, -111.0, -199.0, -155.0, -300.0, -173.0, -126.0, -196.0, -194.0, -153.0, -168.0, -131.0, -124.0, -300.0, -121.0, -174.0, -85.0, -300.0, -110.0, -167.0, -192.0, -196.0, -164.0, -76.0, -134.0, -154.0, -93.0, -148.0, -151.0, -68.0, -110.0, -146.0, -183.0, -82.0, -156.0, -127.0, -300.0, -97.0, -174.0, -85.0, -300.0, -178.0, -300.0, -168.0, -122.0, -117.0, -139.0, -126.0, -107.0, -160.0, -170.0, -103.0, -103.0, -119.0, -163.0, -300.0, -130.0, -182.0, -171.0, -106.0, -107.0, -115.0, -142.0, -118.0, -164.0, -97.0, -95.0, -171.0, -156.0, -193.0, -138.0, -133.0, -128.0, -141.0, -96.0, -119.0, -159.0, -119.0, -149.0, -146.0, -113.0, -143.0, -182.0, -132.0, -300.0, -172.0, -134.0, -132.0, -85.0, -105.0, -175.0], [-109.0, -86.0, -100.0, -127.0, -168.0, -117.0, -99.0, -113.0, -139.0, -105.0, -153.0, -79.0, -300.0, -300.0, -129.0, -138.0, -95.0, -130.0, -99.0, -150.0, -101.0, -186.0, -108.0, -71.0, -149.0, -142.0, -148.0, -126.0, -144.0, -126.0, -131.0, -204.0, -300.0, -133.0, -300.0, -300.0, -104.0, -135.0, -105.0, -137.0, -116.0, -128.0, -119.0, -121.0, -156.0, -300.0, -300.0, -106.0, -300.0, -164.0, -205.0, -137.0, -109.0, -127.0, -300.0, -121.0, -183.0, -142.0, -147.0, -166.0, -136.0, -92.0, -85.0, -132.0, -150.0, -93.0, -300.0, -197.0, -81.0, -153.0, -135.0, -97.0, -109.0, -104.0, -300.0, -108.0, -176.0, -140.0, -128.0, -104.0, -109.0, -222.0, -207.0, -300.0, -141.0, -300.0, -92.0, -89.0, -103.0, -122.0, -120.0, -128.0, -107.0, -113.0, -133.0, -144.0, -111.0, -300.0, -128.0, -300.0]], "success_matrix": [[true, true, false, true, true, true, true, true, false, true, true, true, true, true, false, false, true, false, true, true, true, true, true, true, true, true, true, true, true, true, true, true, true, true, true, true, true, true, true, true, true, true, false, true, false, true, true, true, false, false, false, true, true, true, true, true, true, false, true, true, true, true, true, true, true, true, true, true, true, true, true, true, true, true, true, true, true, true, true, true, true, true, true, true, true, true, false, true, true, false, true, true, true, true, true, false, true, true, true, true], [false, true, true, true, true, false, true, true, true, true, true, false, true, true, true, true, true, true, true, true, true, false, false, true, true, true, true, true, true, true, true, true, true, true, true, true, true, true, false, true, false, true, true, true, true, false, true, true, false, false, true, true, true, true, true, true, false, true, true, true, true, true, true, true, true, true, true, true, true, true, true, true, true, true, true, true, true, true, true, true, true, true, false, true, true, true, true, true, true, true, true, false, true, true, true, true, true, false, true, true], [false, true, true, false, false, true, true, false, true, true, true, true, true, false, true, true, true, true, true, true, true, false, true, true, false, true, true, true, true, false, true, true, true, true, true, false, true, false, false, true, false, true, true, true, true, true, false, true, true, true, true, true, true, true, true, false, true, true, true, true, false, true, true, true, true, true, true, true, true, true, false, true, true, false, true, true, true, true, true, true, false, false, true, true, true, false, true, true, true, true, true, true, true, true, true, true, true, true, true, true], [true, true, true, true, true, false, true, false, true, true, true, true, true, false, true, true, true, true, true, true, true, true, false, true, true, true, false, true, true, true, true, true, true, true, true, true, true, true, true, true, true, true, true, true, true, false, true, true, true, false, true, false, true, true, true, true, true, true, true, true, true, true, true, true, false, true, true, true, true, true, true, true, true, true, true, true, true, true, true, true, true, true, true, true, true, true, true, true, true, true, true, true, true, false, true, true, true, true, true, true], [true, true, true, true, true, true, true, true, true, true, true, true, false, false, true, true, true, true, true, true, true, true, true, true, true, true, true, true, true, true, true, true, false, true, false, false, true, true, true, true, true, true, true, true, true, false, false, true, false, true, true, true, true, true, false, true, true, true, true, true, true, true, true, true, true, true, false, true, true, true, true, true, true, true, false, true, true, true, true, true, true, true, true, false, true, false, true, true, true, true, true, true, true, true, true, true, true, false, true, false]], "ticket_name": "envs100_samples1000_seeds999_1000_1001_1002_1003_1004_1005_1006_1007_1008_ddim8_20251208_041639/seed_1000", "eval_noise_idx": 0, "eval_seed": 1619}