{"n_seeds": 5, "n_evals_per_seed": 100, "reward_mean": -193.41799926757812, "reward_std": 7.497744083404541, "success_mean": 0.49399999999999994, "success_std": 0.042190046219457995, "episode_seeds": [1619, 1620, 1621, 1622, 1623], "seed_reward_means": [-187.44000244140625, -192.75, -202.69000244140625, -199.14999389648438, -185.05999755859375], "seed_success_means": [0.52, 0.5, 0.43, 0.48, 0.54], "reward_matrix": [[-300.0, -299.0, -296.0, -300.0, -83.0, -300.0, -300.0, -67.0, -297.0, -76.0, -91.0, -68.0, -64.0, -300.0, -64.0, -89.0, -300.0, -76.0, -68.0, -300.0, -300.0, -298.0, -109.0, -300.0, -300.0, -67.0, -97.0, -91.0, -123.0, -300.0, -298.0, -300.0, -300.0, -77.0, -300.0, -300.0, -88.0, -65.0, -191.0, -300.0, -89.0, -56.0, -77.0, -102.0, -300.0, -92.0, -67.0, -104.0, -300.0, -300.0, -64.0, -300.0, -67.0, -300.0, -300.0, -99.0, -66.0, -300.0, -88.0, -300.0, -300.0, -97.0, -300.0, -77.0, -300.0, -300.0, -300.0, -300.0, -124.0, -69.0, -70.0, -76.0, -72.0, -81.0, -72.0, -300.0, -68.0, -300.0, -298.0, -300.0, -104.0, -76.0, -63.0, -71.0, -300.0, -81.0, -300.0, -91.0, -300.0, -300.0, -300.0, -300.0, -300.0, -89.0, -141.0, -73.0, -300.0, -56.0, -84.0, -298.0], [-56.0, -67.0, -63.0, -98.0, -300.0, -300.0, -79.0, -75.0, -298.0, -76.0, -117.0, -300.0, -65.0, -300.0, -300.0, -289.0, -300.0, -72.0, -300.0, -300.0, -300.0, -59.0, -300.0, -84.0, -61.0, -300.0, -300.0, -300.0, -300.0, -293.0, -300.0, -83.0, -67.0, -300.0, -71.0, -300.0, -76.0, -300.0, -72.0, -85.0, -300.0, -300.0, -299.0, -300.0, -300.0, -300.0, -300.0, -72.0, -300.0, -76.0, -81.0, -300.0, -300.0, -63.0, -66.0, -300.0, -72.0, -64.0, -79.0, -300.0, -300.0, -69.0, -64.0, -59.0, -128.0, -300.0, -300.0, -300.0, -96.0, -300.0, -55.0, -300.0, -105.0, -300.0, -300.0, -300.0, -65.0, -68.0, -71.0, -60.0, -300.0, -88.0, -68.0, -104.0, -300.0, -105.0, -300.0, -62.0, -300.0, -300.0, -148.0, -300.0, -300.0, -85.0, -77.0, -64.0, -300.0, -300.0, -300.0, -56.0], [-300.0, -71.0, -300.0, -82.0, -300.0, -91.0, -83.0, -77.0, -88.0, -300.0, -299.0, -300.0, -68.0, -64.0, -75.0, -298.0, -300.0, -80.0, -300.0, -92.0, -68.0, -72.0, -300.0, -66.0, -64.0, -300.0, -300.0, -300.0, -300.0, -300.0, -71.0, -299.0, -76.0, -56.0, -57.0, -300.0, -73.0, -300.0, -300.0, -74.0, -72.0, -95.0, -66.0, -300.0, -300.0, -300.0, -300.0, -300.0, -64.0, -98.0, -300.0, -300.0, -52.0, -300.0, -102.0, -300.0, -107.0, -73.0, -300.0, -300.0, -66.0, -68.0, -68.0, -300.0, -300.0, -71.0, -300.0, -63.0, -68.0, -300.0, -300.0, -300.0, -300.0, -300.0, -300.0, -300.0, -77.0, -300.0, -300.0, -297.0, -297.0, -300.0, -300.0, -300.0, -300.0, -64.0, -300.0, -60.0, -63.0, -300.0, -300.0, -300.0, -300.0, -300.0, -300.0, -300.0, -300.0, -88.0, -90.0, -56.0], [-93.0, -300.0, -270.0, -300.0, -60.0, -300.0, -76.0, -300.0, -300.0, -300.0, -300.0, -124.0, -300.0, -101.0, -271.0, -60.0, -300.0, -300.0, -300.0, -300.0, -67.0, -61.0, -300.0, -300.0, -300.0, -300.0, -300.0, -300.0, -300.0, -300.0, -76.0, -300.0, -300.0, -69.0, -300.0, -63.0, -300.0, -66.0, -294.0, -85.0, -93.0, -60.0, -91.0, -300.0, -92.0, -103.0, -61.0, -300.0, -68.0, -300.0, -65.0, -300.0, -300.0, -63.0, -300.0, -81.0, -80.0, -300.0, -105.0, -300.0, -71.0, -65.0, -297.0, -300.0, -68.0, -65.0, -71.0, -300.0, -73.0, -112.0, -300.0, -300.0, -72.0, -300.0, -64.0, -64.0, -300.0, -300.0, -63.0, -300.0, -300.0, -84.0, -92.0, -108.0, -57.0, -69.0, -300.0, -75.0, -300.0, -300.0, -101.0, -297.0, -73.0, -300.0, -300.0, -300.0, -76.0, -300.0, -300.0, -300.0], [-298.0, -124.0, -65.0, -78.0, -300.0, -75.0, -300.0, -300.0, -70.0, -300.0, -62.0, -96.0, -300.0, -300.0, -68.0, -84.0, -60.0, -100.0, -300.0, -73.0, -71.0, -300.0, -300.0, -300.0, -80.0, -59.0, -81.0, -298.0, -300.0, -64.0, -75.0, -69.0, -75.0, -300.0, -300.0, -300.0, -63.0, -75.0, -300.0, -104.0, -67.0, -300.0, -72.0, -300.0, -71.0, -64.0, -227.0, -136.0, -69.0, -68.0, -300.0, -72.0, -73.0, -58.0, -298.0, -300.0, -63.0, -109.0, -300.0, -300.0, -66.0, -300.0, -300.0, -89.0, -92.0, -300.0, -144.0, -300.0, -60.0, -297.0, -300.0, -76.0, -300.0, -297.0, -300.0, -271.0, -71.0, -65.0, -300.0, -300.0, -75.0, -300.0, -300.0, -280.0, -299.0, -300.0, -68.0, -61.0, -60.0, -300.0, -300.0, -300.0, -298.0, -60.0, -72.0, -300.0, -300.0, -80.0, -111.0, -300.0]], "success_matrix": [[false, false, false, false, true, false, false, true, false, true, true, true, true, false, true, true, false, true, true, false, false, false, true, false, false, true, true, true, true, false, false, false, false, true, false, false, true, true, true, false, true, true, true, true, false, true, true, true, false, false, true, false, true, false, false, true, true, false, true, false, false, true, false, true, false, false, false, false, true, true, true, true, true, true, true, false, true, false, false, false, true, true, true, true, false, true, false, true, false, false, false, false, false, true, true, true, false, true, true, false], [true, true, true, true, false, false, true, true, false, true, true, false, true, false, false, true, false, true, false, false, false, true, false, true, true, false, false, false, false, true, false, true, true, false, true, false, true, false, true, true, false, false, false, false, false, false, false, true, false, true, true, false, false, true, true, false, true, true, true, false, false, true, true, true, true, false, false, false, true, false, true, false, true, false, false, false, true, true, true, true, false, true, true, true, false, true, false, true, false, false, true, false, false, true, true, true, false, false, false, true], [false, true, false, true, false, true, true, true, true, false, false, false, true, true, true, false, false, true, false, true, true, true, false, true, true, false, false, false, false, false, true, false, true, true, true, false, true, false, false, true, true, true, true, false, false, false, false, false, true, true, false, false, true, false, true, false, true, true, false, false, true, true, true, false, false, true, false, true, true, false, false, false, false, false, false, false, true, false, false, false, false, false, false, false, false, true, false, true, true, false, false, false, false, false, false, false, false, true, true, true], [true, false, true, false, true, false, true, false, false, false, false, true, false, true, true, true, false, false, false, false, true, true, false, false, false, false, false, false, false, false, true, false, false, true, false, true, false, true, true, true, true, true, true, false, true, true, true, false, true, false, true, false, false, true, false, true, true, false, true, false, true, true, false, false, true, true, true, false, true, true, false, false, true, false, true, true, false, false, true, false, false, true, true, true, true, true, false, true, false, false, true, false, true, false, false, false, true, false, false, false], [false, true, true, true, false, true, false, false, true, false, true, true, false, false, true, true, true, true, false, true, true, false, false, false, true, true, true, false, false, true, true, true, true, false, false, false, true, true, false, true, true, false, true, false, true, true, true, true, true, true, false, true, true, true, false, false, true, true, false, false, true, false, false, true, true, false, true, false, true, false, false, true, false, false, false, true, true, true, false, false, true, false, false, true, false, false, true, true, true, false, false, false, false, true, true, false, false, true, true, false]], "ticket_name": "zo_envs10_iter100_cand10_lambda2.0_seed666_ddim2_20251215_221703/seed_675", "eval_noise_idx": 0, "eval_seed": 1619}