{"n_seeds": 5, "n_evals_per_seed": 100, "reward_mean": -104.68000793457031, "reward_std": 5.1837158203125, "success_mean": 0.9640000000000001, "success_std": 0.01140175425099139, "episode_seeds": [1619, 1620, 1621, 1622, 1623], "seed_reward_means": [-107.38999938964844, -107.0, -107.38999938964844, -106.16999816894531, -95.44999694824219], "seed_success_means": [0.96, 0.96, 0.95, 0.98, 0.97], "reward_matrix": [[-80.0, -66.0, -83.0, -68.0, -96.0, -65.0, -96.0, -60.0, -210.0, -69.0, -72.0, -300.0, -65.0, -98.0, -57.0, -188.0, -55.0, -87.0, -175.0, -52.0, -60.0, -67.0, -282.0, -56.0, -73.0, -62.0, -225.0, -167.0, -85.0, -67.0, -73.0, -120.0, -52.0, -48.0, -168.0, -111.0, -61.0, -71.0, -136.0, -64.0, -71.0, -197.0, -77.0, -68.0, -98.0, -77.0, -300.0, -69.0, -64.0, -300.0, -64.0, -160.0, -244.0, -75.0, -63.0, -61.0, -74.0, -74.0, -81.0, -80.0, -82.0, -124.0, -71.0, -108.0, -103.0, -65.0, -102.0, -108.0, -300.0, -168.0, -175.0, -63.0, -59.0, -71.0, -63.0, -74.0, -73.0, -66.0, -72.0, -228.0, -200.0, -86.0, -83.0, -56.0, -104.0, -148.0, -91.0, -236.0, -81.0, -92.0, -65.0, -96.0, -76.0, -228.0, -93.0, -89.0, -131.0, -72.0, -89.0, -61.0], [-51.0, -60.0, -57.0, -119.0, -203.0, -76.0, -81.0, -85.0, -62.0, -112.0, -100.0, -81.0, -160.0, -162.0, -157.0, -177.0, -98.0, -60.0, -66.0, -67.0, -144.0, -48.0, -68.0, -71.0, -68.0, -177.0, -169.0, -95.0, -65.0, -79.0, -77.0, -63.0, -91.0, -79.0, -80.0, -69.0, -99.0, -300.0, -65.0, -184.0, -84.0, -300.0, -212.0, -68.0, -289.0, -85.0, -99.0, -117.0, -60.0, -80.0, -85.0, -58.0, -81.0, -159.0, -186.0, -68.0, -62.0, -58.0, -64.0, -71.0, -76.0, -84.0, -52.0, -72.0, -103.0, -176.0, -61.0, -71.0, -157.0, -61.0, -300.0, -59.0, -213.0, -73.0, -93.0, -184.0, -63.0, -69.0, -106.0, -62.0, -89.0, -226.0, -97.0, -99.0, -57.0, -116.0, -96.0, -265.0, -57.0, -300.0, -72.0, -89.0, -109.0, -66.0, -103.0, -66.0, -75.0, -50.0, -59.0, -63.0], [-79.0, -77.0, -52.0, -66.0, -65.0, -113.0, -176.0, -225.0, -135.0, -300.0, -63.0, -72.0, -259.0, -65.0, -273.0, -76.0, -300.0, -60.0, -248.0, -92.0, -69.0, -74.0, -69.0, -55.0, -80.0, -99.0, -300.0, -56.0, -83.0, -83.0, -236.0, -74.0, -188.0, -67.0, -59.0, -85.0, -73.0, -105.0, -94.0, -153.0, -69.0, -65.0, -65.0, -64.0, -64.0, -69.0, -75.0, -71.0, -54.0, -260.0, -73.0, -58.0, -60.0, -52.0, -300.0, -80.0, -60.0, -66.0, -73.0, -68.0, -66.0, -54.0, -59.0, -76.0, -52.0, -61.0, -78.0, -206.0, -154.0, -56.0, -79.0, -50.0, -63.0, -300.0, -72.0, -65.0, -53.0, -86.0, -90.0, -67.0, -228.0, -85.0, -91.0, -80.0, -88.0, -55.0, -69.0, -72.0, -64.0, -202.0, -150.0, -56.0, -214.0, -138.0, -72.0, -51.0, -277.0, -177.0, -81.0, -58.0], [-160.0, -64.0, -58.0, -141.0, -54.0, -118.0, -207.0, -63.0, -140.0, -84.0, -101.0, -152.0, -60.0, -249.0, -72.0, -235.0, -148.0, -88.0, -300.0, -64.0, -71.0, -111.0, -209.0, -69.0, -101.0, -233.0, -68.0, -80.0, -64.0, -81.0, -54.0, -70.0, -61.0, -53.0, -67.0, -57.0, -66.0, -56.0, -56.0, -134.0, -119.0, -64.0, -71.0, -97.0, -89.0, -128.0, -52.0, -88.0, -77.0, -57.0, -67.0, -85.0, -75.0, -61.0, -119.0, -257.0, -60.0, -58.0, -55.0, -95.0, -242.0, -65.0, -73.0, -100.0, -58.0, -95.0, -75.0, -91.0, -88.0, -141.0, -160.0, -104.0, -79.0, -135.0, -60.0, -59.0, -69.0, -68.0, -72.0, -57.0, -80.0, -72.0, -244.0, -189.0, -300.0, -61.0, -95.0, -76.0, -72.0, -88.0, -65.0, -195.0, -72.0, -84.0, -126.0, -211.0, -199.0, -120.0, -179.0, -105.0], [-57.0, -102.0, -86.0, -175.0, -68.0, -60.0, -73.0, -57.0, -57.0, -110.0, -64.0, -69.0, -174.0, -71.0, -85.0, -143.0, -62.0, -60.0, -61.0, -87.0, -99.0, -69.0, -124.0, -64.0, -65.0, -73.0, -108.0, -95.0, -68.0, -63.0, -86.0, -232.0, -83.0, -89.0, -66.0, -68.0, -56.0, -200.0, -72.0, -224.0, -56.0, -194.0, -69.0, -58.0, -71.0, -61.0, -62.0, -213.0, -61.0, -77.0, -300.0, -300.0, -64.0, -61.0, -76.0, -118.0, -73.0, -70.0, -60.0, -111.0, -73.0, -82.0, -51.0, -71.0, -73.0, -56.0, -140.0, -103.0, -52.0, -67.0, -286.0, -73.0, -60.0, -60.0, -296.0, -62.0, -65.0, -191.0, -70.0, -84.0, -76.0, -77.0, -92.0, -71.0, -68.0, -71.0, -51.0, -60.0, -148.0, -88.0, -146.0, -63.0, -58.0, -60.0, -63.0, -79.0, -63.0, -61.0, -184.0, -71.0]], "success_matrix": [[true, true, true, true, true, true, true, true, true, true, true, false, true, true, true, true, true, true, true, true, true, true, true, true, true, true, true, true, true, true, true, true, true, true, true, true, true, true, true, true, true, true, true, true, true, true, false, true, true, false, true, true, true, true, true, true, true, true, true, true, true, true, true, true, true, true, true, true, false, true, true, true, true, true, true, true, true, true, true, true, true, true, true, true, true, true, true, true, true, true, true, true, true, true, true, true, true, true, true, true], [true, true, true, true, true, true, true, true, true, true, true, true, true, true, true, true, true, true, true, true, true, true, true, true, true, true, true, true, true, true, true, true, true, true, true, true, true, false, true, true, true, false, true, true, true, true, true, true, true, true, true, true, true, true, true, true, true, true, true, true, true, true, true, true, true, true, true, true, true, true, false, true, true, true, true, true, true, true, true, true, true, true, true, true, true, true, true, true, true, false, true, true, true, true, true, true, true, true, true, true], [true, true, true, true, true, true, true, true, true, false, true, true, true, true, true, true, false, true, true, true, true, true, true, true, true, true, false, true, true, true, true, true, true, true, true, true, true, true, true, true, true, true, true, true, true, true, true, true, true, true, true, true, true, true, false, true, true, true, true, true, true, true, true, true, true, true, true, true, true, true, true, true, true, false, true, true, true, true, true, true, true, true, true, true, true, true, true, true, true, true, true, true, true, true, true, true, true, true, true, true], [true, true, true, true, true, true, true, true, true, true, true, true, true, true, true, true, true, true, false, true, true, true, true, true, true, true, true, true, true, true, true, true, true, true, true, true, true, true, true, true, true, true, true, true, true, true, true, true, true, true, true, true, true, true, true, true, true, true, true, true, true, true, true, true, true, true, true, true, true, true, true, true, true, true, true, true, true, true, true, true, true, true, true, true, false, true, true, true, true, true, true, true, true, true, true, true, true, true, true, true], [true, true, true, true, true, true, true, true, true, true, true, true, true, true, true, true, true, true, true, true, true, true, true, true, true, true, true, true, true, true, true, true, true, true, true, true, true, true, true, true, true, true, true, true, true, true, true, true, true, true, false, false, true, true, true, true, true, true, true, true, true, true, true, true, true, true, true, true, true, true, true, true, true, true, false, true, true, true, true, true, true, true, true, true, true, true, true, true, true, true, true, true, true, true, true, true, true, true, true, true]], "ticket_name": "zo_envs10_iter100_cand10_lambda2.0_seed666_ddim2_20251215_221703/seed_671", "eval_noise_idx": 0, "eval_seed": 1619}