{"n_seeds": 5, "n_evals_per_seed": 100, "reward_mean": -210.26400756835938, "reward_std": 7.612438678741455, "success_mean": 0.6239999999999999, "success_std": 0.05727128425310542, "episode_seeds": [1619, 1620, 1621, 1622, 1623], "seed_reward_means": [-201.64999389648438, -215.24000549316406, -206.1300048828125, -220.69000244140625, -207.61000061035156], "seed_success_means": [0.67, 0.61, 0.66, 0.53, 0.65], "reward_matrix": [[-184.0, -135.0, -159.0, -300.0, -300.0, -300.0, -133.0, -199.0, -146.0, -300.0, -151.0, -168.0, -174.0, -300.0, -149.0, -159.0, -300.0, -133.0, -161.0, -170.0, -300.0, -300.0, -300.0, -300.0, -163.0, -192.0, -162.0, -134.0, -167.0, -300.0, -135.0, -177.0, -178.0, -133.0, -300.0, -121.0, -300.0, -300.0, -142.0, -300.0, -170.0, -300.0, -164.0, -300.0, -135.0, -155.0, -150.0, -135.0, -300.0, -130.0, -134.0, -130.0, -125.0, -166.0, -300.0, -300.0, -300.0, -158.0, -300.0, -169.0, -163.0, -300.0, -134.0, -300.0, -127.0, -150.0, -131.0, -142.0, -141.0, -182.0, -300.0, -142.0, -300.0, -300.0, -131.0, -181.0, -166.0, -300.0, -167.0, -300.0, -174.0, -135.0, -147.0, -192.0, -300.0, -300.0, -134.0, -173.0, -143.0, -155.0, -139.0, -149.0, -151.0, -167.0, -134.0, -157.0, -300.0, -300.0, -183.0, -129.0], [-137.0, -123.0, -175.0, -134.0, -300.0, -171.0, -300.0, -300.0, -300.0, -300.0, -300.0, -214.0, -300.0, -194.0, -149.0, -300.0, -146.0, -148.0, -300.0, -138.0, -300.0, -150.0, -300.0, -158.0, -147.0, -176.0, -130.0, -158.0, -122.0, -300.0, -300.0, -139.0, -300.0, -163.0, -178.0, -300.0, -300.0, -300.0, -142.0, -154.0, -300.0, -150.0, -300.0, -172.0, -300.0, -149.0, -300.0, -138.0, -154.0, -188.0, -300.0, -160.0, -300.0, -300.0, -174.0, -184.0, -131.0, -142.0, -127.0, -129.0, -146.0, -271.0, -193.0, -300.0, -228.0, -139.0, -270.0, -159.0, -300.0, -144.0, -174.0, -194.0, -300.0, -138.0, -137.0, -190.0, -170.0, -300.0, -150.0, -300.0, -300.0, -300.0, -167.0, -300.0, -164.0, -157.0, -179.0, -149.0, -300.0, -300.0, -171.0, -300.0, -150.0, -300.0, -162.0, -300.0, -144.0, -134.0, -300.0, -300.0], [-138.0, -300.0, -145.0, -166.0, -300.0, -300.0, -300.0, -300.0, -131.0, -130.0, -152.0, -300.0, -182.0, -300.0, -130.0, -134.0, -147.0, -200.0, -133.0, -160.0, -166.0, -300.0, -300.0, -166.0, -271.0, -210.0, -130.0, -143.0, -188.0, -179.0, -138.0, -246.0, -163.0, -170.0, -168.0, -300.0, -136.0, -300.0, -155.0, -158.0, -300.0, -170.0, -146.0, -137.0, -166.0, -138.0, -176.0, -144.0, -178.0, -300.0, -147.0, -149.0, -143.0, -149.0, -140.0, -150.0, -180.0, -125.0, -130.0, -300.0, -130.0, -300.0, -158.0, -226.0, -140.0, -164.0, -300.0, -300.0, -134.0, -300.0, -159.0, -300.0, -300.0, -300.0, -139.0, -300.0, -150.0, -300.0, -300.0, -128.0, -300.0, -176.0, -151.0, -300.0, -143.0, -166.0, -300.0, -135.0, -141.0, -300.0, -300.0, -178.0, -300.0, -300.0, -154.0, -300.0, -300.0, -300.0, -183.0, -155.0], [-151.0, -156.0, -300.0, -300.0, -300.0, -300.0, -159.0, -300.0, -300.0, -176.0, -134.0, -153.0, -300.0, -300.0, -300.0, -147.0, -300.0, -123.0, -300.0, -300.0, -300.0, -156.0, -168.0, -300.0, -143.0, -147.0, -129.0, -154.0, -162.0, -168.0, -300.0, -300.0, -166.0, -173.0, -300.0, -300.0, -300.0, -194.0, -300.0, -300.0, -149.0, -300.0, -152.0, -136.0, -300.0, -126.0, -300.0, -129.0, -300.0, -150.0, -300.0, -300.0, -142.0, -134.0, -300.0, -300.0, -300.0, -187.0, -300.0, -135.0, -158.0, -130.0, -120.0, -136.0, -300.0, -138.0, -153.0, -300.0, -300.0, -300.0, -300.0, -167.0, -300.0, -300.0, -134.0, -300.0, -300.0, -171.0, -300.0, -167.0, -132.0, -150.0, -137.0, -164.0, -300.0, -152.0, -300.0, -147.0, -300.0, -182.0, -300.0, -122.0, -127.0, -125.0, -123.0, -237.0, -300.0, -300.0, -155.0, -143.0], [-300.0, -223.0, -143.0, -126.0, -300.0, -300.0, -158.0, -300.0, -180.0, -133.0, -300.0, -137.0, -147.0, -300.0, -300.0, -131.0, -300.0, -300.0, -300.0, -174.0, -140.0, -300.0, -168.0, -166.0, -133.0, -151.0, -174.0, -168.0, -156.0, -300.0, -300.0, -134.0, -300.0, -128.0, -300.0, -143.0, -158.0, -150.0, -126.0, -135.0, -134.0, -182.0, -300.0, -143.0, -143.0, -129.0, -164.0, -156.0, -194.0, -136.0, -300.0, -168.0, -165.0, -300.0, -186.0, -300.0, -300.0, -300.0, -300.0, -189.0, -183.0, -145.0, -175.0, -162.0, -300.0, -126.0, -300.0, -206.0, -231.0, -153.0, -135.0, -159.0, -300.0, -141.0, -142.0, -300.0, -153.0, -137.0, -155.0, -300.0, -300.0, -300.0, -189.0, -184.0, -300.0, -239.0, -300.0, -138.0, -145.0, -183.0, -300.0, -185.0, -163.0, -135.0, -300.0, -138.0, -300.0, -300.0, -151.0, -137.0]], "success_matrix": [[true, true, true, false, false, false, true, true, true, false, true, true, true, false, true, true, false, true, true, true, false, false, false, false, true, true, true, true, true, false, true, true, true, true, false, true, false, false, true, false, true, false, true, false, true, true, true, true, false, true, true, true, true, true, false, false, false, true, false, true, true, false, true, false, true, true, true, true, true, true, false, true, false, false, true, true, true, false, true, false, true, true, true, true, false, false, true, true, true, true, true, true, true, true, true, true, false, false, true, true], [true, true, true, true, false, true, false, false, false, false, false, true, false, true, true, false, true, true, false, true, false, true, false, true, true, true, true, true, true, false, false, true, false, true, true, false, false, false, true, true, false, true, false, true, false, true, false, true, true, true, false, true, false, false, true, true, true, true, true, true, true, true, true, false, true, true, true, true, false, true, true, true, false, true, true, true, true, false, true, false, false, false, true, false, true, true, true, true, false, false, true, false, true, false, true, false, true, true, false, false], [true, false, true, true, false, false, false, false, true, true, true, false, true, false, true, true, true, true, true, true, true, false, false, true, true, true, true, true, true, true, true, true, true, true, true, false, true, false, true, true, false, true, true, true, true, true, true, true, true, false, true, true, true, true, true, true, true, true, true, false, true, false, true, true, true, true, false, false, true, false, true, false, false, false, true, false, true, false, false, true, false, true, true, false, true, true, false, true, true, false, false, true, false, false, true, false, false, false, true, true], [true, true, false, false, false, false, true, false, false, true, true, true, false, false, false, true, false, true, false, false, false, true, true, false, true, true, true, true, true, true, false, false, true, true, false, false, false, true, false, false, true, false, true, true, false, true, false, true, false, true, false, false, true, true, false, false, false, true, false, true, true, true, true, true, false, true, true, false, false, false, false, true, false, false, true, false, false, true, false, true, true, true, true, true, false, true, false, true, false, true, false, true, true, true, true, true, false, false, true, true], [false, true, true, true, false, false, true, false, true, true, false, true, true, false, false, true, false, false, false, true, true, false, true, true, true, true, true, true, true, false, false, true, false, true, false, true, true, true, true, true, true, true, false, true, true, true, true, true, true, true, false, true, true, false, true, false, false, false, false, true, true, true, true, true, false, true, false, true, true, true, true, true, false, true, true, false, true, true, true, false, false, false, true, true, false, true, false, true, true, true, false, true, true, true, false, true, false, false, true, true]], "ticket_name": "zo_envs10_iter500_cand2_lambda2.0_seed666_ddim8_20251213_183610/seed_675", "eval_noise_idx": 0, "eval_seed": 1619}