{"n_seeds": 5, "n_evals_per_seed": 100, "reward_mean": -140.93199157714844, "reward_std": 6.032111644744873, "success_mean": 0.962, "success_std": 0.014696938456699081, "episode_seeds": [1619, 1620, 1621, 1622, 1623], "seed_reward_means": [-140.64999389648438, -137.35000610351562, -148.3699951171875, -146.47000122070312, -131.82000732421875], "seed_success_means": [0.97, 0.98, 0.94, 0.95, 0.97], "reward_matrix": [[-124.0, -101.0, -118.0, -114.0, -112.0, -97.0, -143.0, -115.0, -154.0, -132.0, -219.0, -115.0, -86.0, -144.0, -71.0, -134.0, -91.0, -116.0, -113.0, -155.0, -88.0, -224.0, -167.0, -91.0, -110.0, -96.0, -171.0, -135.0, -151.0, -99.0, -204.0, -267.0, -104.0, -239.0, -156.0, -117.0, -192.0, -87.0, -213.0, -87.0, -95.0, -107.0, -123.0, -129.0, -300.0, -161.0, -145.0, -102.0, -96.0, -300.0, -219.0, -186.0, -141.0, -85.0, -200.0, -87.0, -106.0, -106.0, -238.0, -119.0, -300.0, -169.0, -223.0, -105.0, -106.0, -119.0, -122.0, -205.0, -122.0, -99.0, -122.0, -224.0, -188.0, -108.0, -133.0, -113.0, -134.0, -101.0, -151.0, -133.0, -232.0, -143.0, -112.0, -216.0, -104.0, -120.0, -89.0, -117.0, -99.0, -121.0, -94.0, -100.0, -100.0, -118.0, -94.0, -118.0, -216.0, -87.0, -119.0, -192.0], [-153.0, -90.0, -100.0, -163.0, -100.0, -121.0, -104.0, -128.0, -95.0, -105.0, -121.0, -163.0, -110.0, -184.0, -114.0, -220.0, -119.0, -83.0, -120.0, -123.0, -177.0, -218.0, -152.0, -204.0, -115.0, -235.0, -185.0, -115.0, -109.0, -123.0, -117.0, -90.0, -119.0, -113.0, -300.0, -152.0, -140.0, -114.0, -229.0, -99.0, -119.0, -106.0, -121.0, -107.0, -131.0, -205.0, -99.0, -223.0, -71.0, -116.0, -119.0, -129.0, -120.0, -105.0, -133.0, -123.0, -86.0, -90.0, -232.0, -107.0, -118.0, -183.0, -183.0, -108.0, -117.0, -117.0, -300.0, -248.0, -123.0, -111.0, -73.0, -94.0, -184.0, -80.0, -119.0, -92.0, -265.0, -104.0, -138.0, -105.0, -105.0, -135.0, -79.0, -136.0, -196.0, -157.0, -131.0, -91.0, -175.0, -171.0, -96.0, -280.0, -96.0, -113.0, -249.0, -97.0, -106.0, -109.0, -112.0, -75.0], [-300.0, -131.0, -112.0, -95.0, -114.0, -182.0, -289.0, -141.0, -133.0, -119.0, -97.0, -88.0, -119.0, -279.0, -161.0, -133.0, -125.0, -78.0, -131.0, -125.0, -114.0, -172.0, -151.0, -220.0, -100.0, -176.0, -152.0, -129.0, -121.0, -100.0, -124.0, -130.0, -136.0, -102.0, -109.0, -300.0, -105.0, -104.0, -181.0, -138.0, -97.0, -96.0, -101.0, -95.0, -81.0, -97.0, -134.0, -144.0, -128.0, -134.0, -119.0, -300.0, -97.0, -133.0, -112.0, -300.0, -84.0, -97.0, -300.0, -105.0, -107.0, -226.0, -156.0, -147.0, -181.0, -123.0, -192.0, -112.0, -100.0, -211.0, -124.0, -96.0, -123.0, -188.0, -105.0, -120.0, -95.0, -296.0, -177.0, -227.0, -147.0, -296.0, -108.0, -98.0, -231.0, -105.0, -108.0, -81.0, -112.0, -109.0, -201.0, -100.0, -112.0, -169.0, -228.0, -264.0, -116.0, -249.0, -104.0, -223.0], [-108.0, -203.0, -77.0, -148.0, -93.0, -300.0, -123.0, -83.0, -132.0, -104.0, -115.0, -177.0, -106.0, -140.0, -149.0, -115.0, -172.0, -103.0, -141.0, -83.0, -125.0, -127.0, -156.0, -115.0, -194.0, -103.0, -95.0, -300.0, -80.0, -140.0, -248.0, -121.0, -300.0, -187.0, -153.0, -98.0, -113.0, -83.0, -184.0, -113.0, -145.0, -159.0, -91.0, -128.0, -107.0, -116.0, -120.0, -122.0, -82.0, -249.0, -163.0, -117.0, -105.0, -97.0, -123.0, -136.0, -231.0, -113.0, -220.0, -130.0, -120.0, -80.0, -148.0, -140.0, -203.0, -125.0, -260.0, -196.0, -99.0, -118.0, -102.0, -120.0, -95.0, -152.0, -217.0, -192.0, -106.0, -105.0, -159.0, -140.0, -123.0, -118.0, -163.0, -98.0, -117.0, -273.0, -101.0, -112.0, -123.0, -99.0, -208.0, -176.0, -300.0, -300.0, -269.0, -115.0, -128.0, -240.0, -95.0, -151.0], [-244.0, -94.0, -95.0, -117.0, -300.0, -112.0, -82.0, -89.0, -117.0, -106.0, -156.0, -142.0, -109.0, -97.0, -109.0, -247.0, -109.0, -114.0, -93.0, -107.0, -84.0, -110.0, -113.0, -116.0, -300.0, -91.0, -127.0, -99.0, -120.0, -117.0, -128.0, -100.0, -104.0, -140.0, -87.0, -99.0, -99.0, -142.0, -107.0, -128.0, -92.0, -157.0, -104.0, -114.0, -99.0, -79.0, -76.0, -107.0, -89.0, -107.0, -260.0, -225.0, -121.0, -72.0, -118.0, -119.0, -106.0, -112.0, -103.0, -145.0, -300.0, -94.0, -99.0, -115.0, -145.0, -76.0, -222.0, -148.0, -75.0, -252.0, -123.0, -251.0, -87.0, -220.0, -116.0, -99.0, -147.0, -112.0, -204.0, -112.0, -123.0, -121.0, -168.0, -103.0, -237.0, -213.0, -169.0, -115.0, -96.0, -107.0, -123.0, -92.0, -212.0, -83.0, -116.0, -132.0, -216.0, -84.0, -116.0, -104.0]], "success_matrix": [[true, true, true, true, true, true, true, true, true, true, true, true, true, true, true, true, true, true, true, true, true, true, true, true, true, true, true, true, true, true, true, true, true, true, true, true, true, true, true, true, true, true, true, true, false, true, true, true, true, false, true, true, true, true, true, true, true, true, true, true, false, true, true, true, true, true, true, true, true, true, true, true, true, true, true, true, true, true, true, true, true, true, true, true, true, true, true, true, true, true, true, true, true, true, true, true, true, true, true, true], [true, true, true, true, true, true, true, true, true, true, true, true, true, true, true, true, true, true, true, true, true, true, true, true, true, true, true, true, true, true, true, true, true, true, false, true, true, true, true, true, true, true, true, true, true, true, true, true, true, true, true, true, true, true, true, true, true, true, true, true, true, true, true, true, true, true, false, true, true, true, true, true, true, true, true, true, true, true, true, true, true, true, true, true, true, true, true, true, true, true, true, true, true, true, true, true, true, true, true, true], [false, true, true, true, true, true, true, true, true, true, true, true, true, true, true, true, true, true, true, true, true, true, true, true, true, true, true, true, true, true, true, true, true, true, true, false, true, true, true, true, true, true, true, true, true, true, true, true, true, true, true, false, true, true, true, false, true, true, false, true, true, true, true, true, true, true, true, true, true, true, true, true, true, true, true, true, true, true, true, true, true, false, true, true, true, true, true, true, true, true, true, true, true, true, true, true, true, true, true, true], [true, true, true, true, true, false, true, true, true, true, true, true, true, true, true, true, true, true, true, true, true, true, true, true, true, true, true, false, true, true, true, true, false, true, true, true, true, true, true, true, true, true, true, true, true, true, true, true, true, true, true, true, true, true, true, true, true, true, true, true, true, true, true, true, true, true, true, true, true, true, true, true, true, true, true, true, true, true, true, true, true, true, true, true, true, true, true, true, true, true, true, true, false, false, true, true, true, true, true, true], [true, true, true, true, false, true, true, true, true, true, true, true, true, true, true, true, true, true, true, true, true, true, true, true, false, true, true, true, true, true, true, true, true, true, true, true, true, true, true, true, true, true, true, true, true, true, true, true, true, true, true, true, true, true, true, true, true, true, true, true, false, true, true, true, true, true, true, true, true, true, true, true, true, true, true, true, true, true, true, true, true, true, true, true, true, true, true, true, true, true, true, true, true, true, true, true, true, true, true, true]], "ticket_name": "envs50_samples5000_seed999_ddim8_20251130_223133_nenvs_50", "eval_noise_idx": 1, "eval_seed": 1619}