{"n_seeds": 5, "n_evals_per_seed": 100, "reward_mean": -124.43000793457031, "reward_std": 9.999861717224121, "success_mean": 0.724, "success_std": 0.04037325847637269, "episode_seeds": [1619, 1620, 1621, 1622, 1623], "seed_reward_means": [-117.55000305175781, -121.08000183105469, -127.0199966430664, -140.61000061035156, -115.88999938964844], "seed_success_means": [0.75, 0.74, 0.71, 0.66, 0.76], "reward_matrix": [[-300.0, -300.0, -61.0, -53.0, -55.0, -53.0, -300.0, -300.0, -300.0, -62.0, -66.0, -52.0, -51.0, -64.0, -46.0, -61.0, -300.0, -58.0, -59.0, -300.0, -60.0, -53.0, -60.0, -55.0, -300.0, -49.0, -53.0, -59.0, -53.0, -51.0, -59.0, -56.0, -300.0, -300.0, -62.0, -52.0, -300.0, -51.0, -62.0, -58.0, -51.0, -56.0, -57.0, -300.0, -82.0, -58.0, -64.0, -53.0, -52.0, -300.0, -52.0, -60.0, -66.0, -300.0, -41.0, -52.0, -54.0, -300.0, -59.0, -53.0, -62.0, -57.0, -57.0, -300.0, -295.0, -63.0, -300.0, -68.0, -300.0, -54.0, -300.0, -52.0, -63.0, -55.0, -57.0, -53.0, -54.0, -53.0, -74.0, -55.0, -55.0, -65.0, -52.0, -300.0, -59.0, -51.0, -59.0, -63.0, -300.0, -300.0, -300.0, -299.0, -60.0, -55.0, -49.0, -55.0, -60.0, -54.0, -53.0, -50.0], [-300.0, -53.0, -47.0, -55.0, -55.0, -59.0, -70.0, -59.0, -296.0, -57.0, -50.0, -300.0, -52.0, -79.0, -300.0, -61.0, -55.0, -59.0, -60.0, -300.0, -60.0, -300.0, -62.0, -57.0, -56.0, -109.0, -73.0, -56.0, -48.0, -53.0, -48.0, -51.0, -57.0, -300.0, -49.0, -58.0, -58.0, -300.0, -52.0, -54.0, -300.0, -300.0, -59.0, -62.0, -60.0, -67.0, -300.0, -66.0, -300.0, -58.0, -50.0, -53.0, -300.0, -59.0, -60.0, -54.0, -54.0, -300.0, -60.0, -67.0, -300.0, -57.0, -300.0, -62.0, -68.0, -61.0, -52.0, -57.0, -54.0, -300.0, -300.0, -54.0, -64.0, -54.0, -300.0, -65.0, -51.0, -54.0, -53.0, -55.0, -59.0, -56.0, -53.0, -55.0, -300.0, -57.0, -300.0, -57.0, -300.0, -300.0, -300.0, -80.0, -58.0, -53.0, -65.0, -53.0, -300.0, -300.0, -55.0, -49.0], [-300.0, -58.0, -300.0, -52.0, -56.0, -56.0, -59.0, -61.0, -49.0, -59.0, -54.0, -54.0, -52.0, -53.0, -300.0, -56.0, -57.0, -300.0, -300.0, -300.0, -58.0, -300.0, -59.0, -47.0, -300.0, -56.0, -54.0, -51.0, -60.0, -58.0, -47.0, -59.0, -300.0, -60.0, -45.0, -57.0, -57.0, -57.0, -299.0, -60.0, -52.0, -300.0, -53.0, -60.0, -51.0, -54.0, -64.0, -300.0, -300.0, -59.0, -300.0, -300.0, -52.0, -300.0, -67.0, -55.0, -48.0, -51.0, -300.0, -52.0, -60.0, -300.0, -48.0, -75.0, -47.0, -53.0, -56.0, -55.0, -300.0, -46.0, -61.0, -48.0, -54.0, -60.0, -56.0, -58.0, -47.0, -300.0, -300.0, -60.0, -69.0, -60.0, -63.0, -49.0, -58.0, -300.0, -300.0, -51.0, -300.0, -58.0, -300.0, -300.0, -94.0, -300.0, -60.0, -51.0, -61.0, -66.0, -300.0, -300.0], [-56.0, -57.0, -48.0, -300.0, -48.0, -77.0, -64.0, -300.0, -300.0, -51.0, -300.0, -61.0, -55.0, -68.0, -66.0, -300.0, -73.0, -62.0, -300.0, -54.0, -300.0, -60.0, -300.0, -300.0, -54.0, -89.0, -300.0, -72.0, -300.0, -65.0, -65.0, -300.0, -64.0, -45.0, -300.0, -53.0, -300.0, -300.0, -53.0, -54.0, -62.0, -53.0, -52.0, -299.0, -54.0, -68.0, -300.0, -56.0, -47.0, -50.0, -61.0, -64.0, -53.0, -50.0, -300.0, -60.0, -49.0, -300.0, -298.0, -300.0, -55.0, -53.0, -300.0, -300.0, -49.0, -58.0, -300.0, -62.0, -49.0, -57.0, -58.0, -300.0, -52.0, -67.0, -57.0, -51.0, -300.0, -56.0, -298.0, -68.0, -300.0, -53.0, -59.0, -48.0, -300.0, -88.0, -54.0, -300.0, -300.0, -300.0, -53.0, -60.0, -64.0, -68.0, -56.0, -300.0, -54.0, -67.0, -57.0, -300.0], [-47.0, -52.0, -53.0, -58.0, -300.0, -48.0, -52.0, -48.0, -68.0, -49.0, -49.0, -57.0, -56.0, -56.0, -300.0, -72.0, -56.0, -58.0, -52.0, -57.0, -54.0, -300.0, -50.0, -132.0, -115.0, -300.0, -56.0, -56.0, -56.0, -66.0, -63.0, -300.0, -300.0, -63.0, -300.0, -52.0, -59.0, -55.0, -300.0, -55.0, -300.0, -72.0, -56.0, -60.0, -52.0, -49.0, -51.0, -56.0, -48.0, -300.0, -59.0, -300.0, -300.0, -49.0, -56.0, -55.0, -300.0, -56.0, -56.0, -61.0, -300.0, -51.0, -300.0, -55.0, -56.0, -47.0, -63.0, -57.0, -300.0, -54.0, -59.0, -50.0, -300.0, -51.0, -300.0, -58.0, -57.0, -300.0, -59.0, -60.0, -72.0, -65.0, -64.0, -56.0, -63.0, -57.0, -300.0, -52.0, -52.0, -300.0, -300.0, -50.0, -300.0, -50.0, -54.0, -53.0, -53.0, -300.0, -58.0, -57.0]], "success_matrix": [[false, false, true, true, true, true, false, false, false, true, true, true, true, true, true, true, false, true, true, false, true, true, true, true, false, true, true, true, true, true, true, true, false, false, true, true, false, true, true, true, true, true, true, false, true, true, true, true, true, false, true, true, true, false, true, true, true, false, true, true, true, true, true, false, false, true, false, true, false, true, false, true, true, true, true, true, true, true, true, true, true, true, true, false, true, true, true, true, false, false, false, false, true, true, true, true, true, true, true, true], [false, true, true, true, true, true, true, true, false, true, true, false, true, true, false, true, true, true, true, false, true, false, true, true, true, true, true, true, true, true, true, true, true, false, true, true, true, false, true, true, false, false, true, true, true, true, false, true, false, true, true, true, false, true, true, true, true, false, true, true, false, true, false, true, true, true, true, true, true, false, false, true, true, true, false, true, true, true, true, true, true, true, true, true, false, true, false, true, false, false, false, true, true, true, true, true, false, false, true, true], [false, true, false, true, true, true, true, true, true, true, true, true, true, true, false, true, true, false, false, false, true, false, true, true, false, true, true, true, true, true, true, true, false, true, true, true, true, true, false, true, true, false, true, true, true, true, true, false, false, true, false, false, true, false, true, true, true, true, false, true, true, false, true, true, true, true, true, true, false, true, true, true, true, true, true, true, true, false, false, true, true, true, true, true, true, false, false, true, false, true, false, false, true, false, true, true, true, true, false, false], [true, true, true, false, true, true, true, false, false, true, false, true, true, true, true, false, true, true, false, true, false, true, false, false, true, true, false, true, false, true, true, false, true, true, false, true, false, false, true, true, true, true, true, false, true, true, false, true, true, true, true, true, true, true, false, true, true, false, false, false, true, true, false, false, true, true, false, true, true, true, true, false, true, true, true, true, false, true, false, true, false, true, true, true, false, true, true, false, false, false, true, true, true, true, true, false, true, true, true, false], [true, true, true, true, false, true, true, true, true, true, true, true, true, true, false, true, true, true, true, true, true, false, true, true, true, false, true, true, true, true, true, false, false, true, false, true, true, true, false, true, false, true, true, true, true, true, true, true, true, false, true, false, false, true, true, true, false, true, true, true, false, true, false, true, true, true, true, true, false, true, true, true, false, true, false, true, true, false, true, true, true, true, true, true, true, true, false, true, true, false, false, true, false, true, true, true, true, false, true, true]], "ticket_name": "envs100_samples5000_seed999_20251127_042954_ddim8", "eval_noise_idx": 5, "eval_seed": 1619}