{"n_seeds": 5, "n_evals_per_seed": 100, "reward_mean": -202.43600463867188, "reward_std": 9.128517150878906, "success_mean": 0.658, "success_std": 0.06079473661428263, "episode_seeds": [1619, 1620, 1621, 1622, 1623], "seed_reward_means": [-191.60000610351562, -217.3699951171875, -197.97999572753906, -207.9199981689453, -197.30999755859375], "seed_success_means": [0.74, 0.56, 0.7, 0.64, 0.65], "reward_matrix": [[-300.0, -126.0, -186.0, -142.0, -255.0, -300.0, -300.0, -138.0, -145.0, -219.0, -300.0, -141.0, -135.0, -139.0, -143.0, -126.0, -300.0, -300.0, -150.0, -143.0, -115.0, -175.0, -224.0, -158.0, -300.0, -279.0, -140.0, -126.0, -300.0, -192.0, -130.0, -300.0, -150.0, -119.0, -300.0, -118.0, -182.0, -149.0, -300.0, -127.0, -218.0, -300.0, -160.0, -174.0, -119.0, -211.0, -195.0, -300.0, -139.0, -121.0, -119.0, -112.0, -114.0, -190.0, -136.0, -182.0, -300.0, -191.0, -300.0, -146.0, -300.0, -300.0, -118.0, -123.0, -300.0, -138.0, -126.0, -133.0, -127.0, -300.0, -300.0, -122.0, -152.0, -170.0, -139.0, -197.0, -161.0, -163.0, -300.0, -130.0, -300.0, -154.0, -134.0, -300.0, -300.0, -300.0, -129.0, -203.0, -131.0, -143.0, -134.0, -127.0, -130.0, -300.0, -275.0, -142.0, -122.0, -115.0, -207.0, -116.0], [-134.0, -127.0, -299.0, -300.0, -139.0, -300.0, -146.0, -300.0, -158.0, -300.0, -300.0, -142.0, -300.0, -172.0, -300.0, -161.0, -136.0, -300.0, -131.0, -138.0, -119.0, -251.0, -300.0, -135.0, -300.0, -150.0, -122.0, -300.0, -120.0, -300.0, -300.0, -135.0, -300.0, -300.0, -300.0, -150.0, -300.0, -195.0, -137.0, -300.0, -300.0, -300.0, -151.0, -184.0, -300.0, -123.0, -300.0, -300.0, -300.0, -300.0, -145.0, -155.0, -131.0, -300.0, -258.0, -147.0, -119.0, -130.0, -123.0, -195.0, -129.0, -300.0, -300.0, -179.0, -278.0, -124.0, -300.0, -148.0, -115.0, -300.0, -300.0, -154.0, -300.0, -132.0, -116.0, -166.0, -300.0, -191.0, -133.0, -300.0, -199.0, -300.0, -300.0, -300.0, -146.0, -152.0, -182.0, -150.0, -300.0, -179.0, -300.0, -300.0, -162.0, -147.0, -163.0, -300.0, -300.0, -116.0, -118.0, -300.0], [-300.0, -300.0, -127.0, -300.0, -109.0, -300.0, -226.0, -166.0, -122.0, -224.0, -123.0, -260.0, -198.0, -146.0, -122.0, -123.0, -134.0, -162.0, -123.0, -300.0, -300.0, -203.0, -126.0, -182.0, -300.0, -300.0, -114.0, -127.0, -300.0, -242.0, -146.0, -164.0, -300.0, -139.0, -175.0, -126.0, -151.0, -119.0, -146.0, -127.0, -300.0, -181.0, -147.0, -127.0, -126.0, -122.0, -175.0, -140.0, -300.0, -174.0, -141.0, -133.0, -300.0, -192.0, -135.0, -300.0, -147.0, -131.0, -130.0, -300.0, -151.0, -159.0, -300.0, -155.0, -300.0, -300.0, -251.0, -300.0, -131.0, -300.0, -300.0, -127.0, -300.0, -194.0, -135.0, -300.0, -139.0, -300.0, -119.0, -115.0, -300.0, -195.0, -131.0, -123.0, -126.0, -139.0, -300.0, -148.0, -155.0, -163.0, -300.0, -300.0, -155.0, -292.0, -178.0, -232.0, -300.0, -109.0, -300.0, -123.0], [-300.0, -300.0, -166.0, -300.0, -234.0, -112.0, -146.0, -300.0, -129.0, -300.0, -135.0, -139.0, -300.0, -189.0, -232.0, -300.0, -300.0, -114.0, -169.0, -192.0, -168.0, -193.0, -152.0, -300.0, -138.0, -300.0, -119.0, -300.0, -300.0, -142.0, -300.0, -159.0, -300.0, -300.0, -123.0, -140.0, -300.0, -300.0, -222.0, -224.0, -144.0, -300.0, -130.0, -155.0, -270.0, -119.0, -293.0, -300.0, -300.0, -135.0, -129.0, -300.0, -130.0, -126.0, -300.0, -147.0, -199.0, -139.0, -115.0, -138.0, -123.0, -119.0, -118.0, -300.0, -232.0, -300.0, -143.0, -195.0, -143.0, -280.0, -300.0, -300.0, -143.0, -300.0, -128.0, -300.0, -300.0, -300.0, -139.0, -300.0, -137.0, -120.0, -135.0, -162.0, -300.0, -180.0, -154.0, -169.0, -119.0, -151.0, -300.0, -300.0, -300.0, -111.0, -128.0, -300.0, -155.0, -131.0, -136.0, -135.0], [-127.0, -300.0, -111.0, -143.0, -126.0, -300.0, -149.0, -118.0, -300.0, -115.0, -167.0, -300.0, -171.0, -134.0, -194.0, -135.0, -300.0, -155.0, -300.0, -300.0, -138.0, -134.0, -300.0, -170.0, -130.0, -143.0, -300.0, -300.0, -251.0, -140.0, -124.0, -151.0, -300.0, -107.0, -129.0, -123.0, -300.0, -141.0, -123.0, -300.0, -122.0, -300.0, -131.0, -154.0, -137.0, -143.0, -150.0, -300.0, -300.0, -300.0, -128.0, -130.0, -199.0, -300.0, -300.0, -110.0, -130.0, -300.0, -300.0, -300.0, -172.0, -146.0, -143.0, -300.0, -127.0, -119.0, -226.0, -300.0, -165.0, -123.0, -135.0, -300.0, -300.0, -126.0, -134.0, -300.0, -133.0, -143.0, -162.0, -300.0, -300.0, -300.0, -154.0, -300.0, -143.0, -300.0, -119.0, -137.0, -140.0, -134.0, -300.0, -146.0, -151.0, -300.0, -116.0, -139.0, -142.0, -300.0, -146.0, -127.0]], "success_matrix": [[false, true, true, true, true, false, false, true, true, true, false, true, true, true, true, true, false, false, true, true, true, true, true, true, false, true, true, true, false, true, true, false, true, true, false, true, true, true, false, true, true, false, true, true, true, true, true, false, true, true, true, true, true, true, true, true, false, true, false, true, false, false, true, true, false, true, true, true, true, false, false, true, true, true, true, true, true, true, false, true, false, true, true, false, false, false, true, true, true, true, true, true, true, false, true, true, true, true, true, true], [true, true, false, false, true, false, true, false, true, false, false, true, false, true, false, true, true, false, true, true, true, true, false, true, false, true, true, false, true, false, false, true, false, false, false, true, false, true, true, false, false, false, true, true, false, true, false, false, false, false, true, true, true, false, true, true, true, true, true, true, true, false, false, true, true, true, false, true, true, false, false, true, false, true, true, true, false, true, true, false, true, false, false, false, true, true, true, true, false, true, false, false, true, true, true, false, false, true, true, false], [false, false, true, false, true, false, true, true, true, true, true, true, true, true, true, true, true, true, true, false, false, true, true, true, false, false, true, true, false, true, true, true, false, true, true, true, true, true, true, true, false, true, true, true, true, true, true, true, false, true, true, true, false, true, true, false, true, true, true, false, true, true, false, true, false, false, true, false, true, false, false, true, false, true, true, false, true, false, true, true, false, true, true, true, true, true, false, true, true, true, false, false, true, true, true, true, false, true, false, true], [false, false, true, false, true, true, true, false, true, false, true, true, false, true, true, false, false, true, true, true, true, true, true, false, true, false, true, false, false, true, false, true, false, false, true, true, false, false, true, true, true, false, true, true, true, true, true, false, false, true, true, false, true, true, false, true, true, true, true, true, true, true, true, false, true, false, true, true, true, true, false, false, true, false, true, false, false, false, true, false, true, true, true, true, false, true, true, true, true, true, false, false, false, true, true, false, true, true, true, true], [true, false, true, true, true, false, true, true, false, true, true, false, true, true, true, true, false, true, false, false, true, true, false, true, true, true, false, false, true, true, true, true, false, true, true, true, false, true, true, false, true, false, true, true, true, true, true, false, false, false, true, true, true, false, false, true, true, false, false, false, true, true, true, false, true, true, true, false, true, true, true, false, false, true, true, false, true, true, true, false, false, false, true, false, true, false, true, true, true, true, false, true, true, false, true, true, true, false, true, true]], "ticket_name": "envs100_samples5000_seed999_ddim8_20251130_221846_ddim8", "eval_noise_idx": 13, "eval_seed": 1619}