{"n_seeds": 5, "n_evals_per_seed": 100, "reward_mean": -195.21200561523438, "reward_std": 7.569000720977783, "success_mean": 0.7539999999999999, "success_std": 0.025099800796022288, "episode_seeds": [1619, 1620, 1621, 1622, 1623], "seed_reward_means": [-183.64999389648438, -198.75999450683594, -204.25999450683594, -195.19000244140625, -194.1999969482422], "seed_success_means": [0.79, 0.74, 0.73, 0.77, 0.74], "reward_matrix": [[-300.0, -126.0, -300.0, -119.0, -158.0, -300.0, -166.0, -147.0, -141.0, -272.0, -300.0, -300.0, -139.0, -146.0, -136.0, -127.0, -152.0, -161.0, -222.0, -139.0, -122.0, -214.0, -131.0, -130.0, -300.0, -166.0, -300.0, -123.0, -300.0, -115.0, -127.0, -143.0, -159.0, -123.0, -300.0, -211.0, -111.0, -214.0, -262.0, -127.0, -300.0, -128.0, -166.0, -205.0, -160.0, -142.0, -131.0, -193.0, -131.0, -134.0, -123.0, -119.0, -122.0, -165.0, -133.0, -184.0, -300.0, -135.0, -300.0, -147.0, -300.0, -300.0, -119.0, -176.0, -157.0, -215.0, -138.0, -131.0, -127.0, -300.0, -195.0, -126.0, -158.0, -300.0, -154.0, -177.0, -150.0, -244.0, -226.0, -300.0, -300.0, -158.0, -133.0, -300.0, -111.0, -154.0, -150.0, -246.0, -121.0, -300.0, -119.0, -123.0, -145.0, -147.0, -123.0, -142.0, -115.0, -123.0, -300.0, -115.0], [-139.0, -300.0, -174.0, -141.0, -159.0, -148.0, -131.0, -300.0, -115.0, -135.0, -155.0, -174.0, -300.0, -253.0, -196.0, -300.0, -182.0, -150.0, -131.0, -190.0, -150.0, -161.0, -124.0, -127.0, -123.0, -170.0, -123.0, -166.0, -128.0, -123.0, -174.0, -154.0, -300.0, -136.0, -168.0, -300.0, -300.0, -157.0, -166.0, -132.0, -217.0, -131.0, -145.0, -260.0, -300.0, -111.0, -300.0, -253.0, -300.0, -300.0, -127.0, -300.0, -111.0, -300.0, -300.0, -126.0, -286.0, -119.0, -123.0, -185.0, -165.0, -219.0, -193.0, -300.0, -174.0, -123.0, -271.0, -300.0, -119.0, -205.0, -194.0, -150.0, -127.0, -135.0, -118.0, -300.0, -206.0, -300.0, -300.0, -300.0, -280.0, -300.0, -300.0, -129.0, -199.0, -300.0, -300.0, -204.0, -172.0, -127.0, -170.0, -297.0, -142.0, -119.0, -300.0, -162.0, -186.0, -127.0, -169.0, -245.0], [-154.0, -116.0, -119.0, -300.0, -163.0, -300.0, -179.0, -196.0, -119.0, -195.0, -119.0, -231.0, -207.0, -115.0, -127.0, -122.0, -134.0, -300.0, -151.0, -300.0, -132.0, -123.0, -131.0, -300.0, -300.0, -300.0, -112.0, -119.0, -149.0, -270.0, -289.0, -300.0, -167.0, -152.0, -181.0, -140.0, -283.0, -175.0, -154.0, -185.0, -236.0, -288.0, -197.0, -130.0, -186.0, -167.0, -182.0, -126.0, -300.0, -119.0, -144.0, -250.0, -173.0, -300.0, -142.0, -300.0, -123.0, -126.0, -126.0, -123.0, -123.0, -287.0, -300.0, -300.0, -237.0, -162.0, -279.0, -143.0, -131.0, -300.0, -154.0, -131.0, -300.0, -300.0, -123.0, -161.0, -172.0, -300.0, -208.0, -154.0, -300.0, -300.0, -124.0, -300.0, -206.0, -142.0, -300.0, -226.0, -177.0, -126.0, -300.0, -300.0, -138.0, -300.0, -300.0, -300.0, -300.0, -165.0, -295.0, -215.0], [-169.0, -300.0, -277.0, -300.0, -168.0, -115.0, -300.0, -300.0, -300.0, -300.0, -197.0, -131.0, -148.0, -119.0, -202.0, -127.0, -300.0, -115.0, -143.0, -115.0, -138.0, -233.0, -161.0, -159.0, -153.0, -138.0, -119.0, -129.0, -189.0, -300.0, -300.0, -194.0, -300.0, -191.0, -183.0, -119.0, -300.0, -300.0, -300.0, -300.0, -211.0, -181.0, -185.0, -190.0, -217.0, -122.0, -300.0, -225.0, -272.0, -128.0, -122.0, -135.0, -194.0, -130.0, -300.0, -162.0, -145.0, -139.0, -118.0, -150.0, -300.0, -154.0, -143.0, -273.0, -158.0, -139.0, -135.0, -159.0, -154.0, -300.0, -181.0, -162.0, -253.0, -299.0, -218.0, -129.0, -163.0, -300.0, -123.0, -135.0, -174.0, -115.0, -182.0, -300.0, -206.0, -169.0, -136.0, -300.0, -112.0, -150.0, -123.0, -226.0, -201.0, -130.0, -134.0, -247.0, -220.0, -123.0, -300.0, -135.0], [-114.0, -300.0, -155.0, -116.0, -123.0, -182.0, -173.0, -211.0, -300.0, -120.0, -137.0, -172.0, -197.0, -119.0, -176.0, -173.0, -133.0, -123.0, -300.0, -217.0, -170.0, -131.0, -139.0, -300.0, -123.0, -138.0, -243.0, -138.0, -300.0, -118.0, -119.0, -274.0, -226.0, -138.0, -115.0, -119.0, -205.0, -139.0, -119.0, -131.0, -130.0, -300.0, -124.0, -124.0, -189.0, -245.0, -300.0, -120.0, -159.0, -300.0, -131.0, -217.0, -300.0, -300.0, -300.0, -126.0, -300.0, -300.0, -123.0, -245.0, -143.0, -150.0, -132.0, -300.0, -111.0, -123.0, -185.0, -300.0, -202.0, -119.0, -142.0, -206.0, -243.0, -300.0, -127.0, -300.0, -139.0, -127.0, -226.0, -139.0, -300.0, -300.0, -300.0, -201.0, -136.0, -300.0, -123.0, -205.0, -126.0, -300.0, -300.0, -300.0, -300.0, -131.0, -165.0, -127.0, -300.0, -166.0, -244.0, -123.0]], "success_matrix": [[false, true, false, true, true, false, true, true, true, true, false, false, true, true, true, true, true, true, true, true, true, true, true, true, false, true, false, true, false, true, true, true, true, true, false, true, true, true, true, true, false, true, true, true, true, true, true, true, true, true, true, true, true, true, true, true, false, true, false, true, false, false, true, true, true, true, true, true, true, false, true, true, true, false, true, true, true, true, true, false, false, true, true, false, true, true, true, true, true, false, true, true, true, true, true, true, true, true, false, true], [true, false, true, true, true, true, true, false, true, true, true, true, false, true, true, false, true, true, true, true, true, true, true, true, true, true, true, true, true, true, true, true, false, true, true, false, false, true, true, true, true, true, true, true, false, true, false, true, false, false, true, false, true, false, false, true, true, true, true, true, true, true, true, false, true, true, true, false, true, true, true, true, true, true, true, false, true, false, false, false, true, false, false, true, true, false, false, true, true, true, true, false, true, true, false, true, true, true, true, true], [true, true, true, false, true, false, true, true, true, true, true, true, true, true, true, true, true, false, true, false, true, true, true, false, false, false, true, true, true, true, true, false, true, true, true, true, true, true, true, true, true, true, true, true, true, true, true, true, false, true, true, true, true, false, true, false, true, true, true, true, true, true, false, false, true, true, true, true, true, false, true, true, false, false, true, true, true, false, true, true, false, false, true, false, true, true, false, true, true, true, false, false, true, false, false, false, false, true, true, true], [true, false, true, false, true, true, false, false, false, false, true, true, true, true, true, true, false, true, true, true, true, true, true, true, true, true, true, true, true, false, false, true, false, true, true, true, false, false, false, false, true, true, true, true, true, true, false, true, true, true, true, true, true, true, false, true, true, true, true, true, false, true, true, true, true, true, true, true, true, false, true, true, true, false, true, true, true, false, true, true, true, true, true, false, true, true, true, false, true, true, true, true, true, true, true, true, true, true, false, true], [true, false, true, true, true, true, true, true, false, true, true, true, true, true, true, true, true, true, false, true, true, true, true, false, true, true, true, true, false, true, true, true, true, true, true, true, true, true, true, true, true, false, true, true, true, true, false, true, true, false, true, true, false, false, false, true, false, false, true, true, true, true, true, false, true, true, true, false, true, true, true, true, true, false, true, false, true, true, true, true, false, false, false, true, true, false, true, true, true, false, false, false, false, true, true, true, false, true, true, true]], "ticket_name": "zo_envs10_iter500_cand2_lambda2.0_seed666_ddim2_20251215_221847/seed_671", "eval_noise_idx": 0, "eval_seed": 1619}