{"n_seeds": 5, "n_evals_per_seed": 100, "reward_mean": -116.47200012207031, "reward_std": 10.134137153625488, "success_mean": 0.8939999999999999, "success_std": 0.05029910535983717, "episode_seeds": [1619, 1620, 1621, 1622, 1623], "seed_reward_means": [-121.41999816894531, -111.77999877929688, -121.94000244140625, -101.0, -126.22000122070312], "seed_success_means": [0.87, 0.92, 0.86, 0.97, 0.85], "reward_matrix": [[-97.0, -297.0, -101.0, -92.0, -80.0, -83.0, -103.0, -300.0, -104.0, -120.0, -88.0, -85.0, -73.0, -98.0, -74.0, -84.0, -70.0, -83.0, -90.0, -61.0, -300.0, -81.0, -123.0, -81.0, -91.0, -78.0, -96.0, -86.0, -130.0, -82.0, -85.0, -96.0, -104.0, -73.0, -113.0, -73.0, -83.0, -71.0, -93.0, -88.0, -77.0, -82.0, -80.0, -255.0, -300.0, -98.0, -300.0, -82.0, -300.0, -152.0, -78.0, -115.0, -113.0, -77.0, -81.0, -70.0, -78.0, -300.0, -86.0, -98.0, -100.0, -101.0, -79.0, -84.0, -81.0, -88.0, -81.0, -162.0, -87.0, -81.0, -300.0, -212.0, -86.0, -74.0, -94.0, -82.0, -93.0, -73.0, -116.0, -83.0, -111.0, -89.0, -76.0, -235.0, -84.0, -112.0, -75.0, -300.0, -77.0, -300.0, -300.0, -67.0, -300.0, -82.0, -70.0, -300.0, -151.0, -69.0, -82.0, -73.0], [-77.0, -82.0, -76.0, -81.0, -79.0, -101.0, -78.0, -86.0, -74.0, -79.0, -80.0, -300.0, -83.0, -118.0, -87.0, -255.0, -84.0, -199.0, -83.0, -85.0, -114.0, -156.0, -118.0, -77.0, -82.0, -84.0, -300.0, -79.0, -76.0, -97.0, -219.0, -79.0, -84.0, -85.0, -83.0, -93.0, -114.0, -98.0, -75.0, -80.0, -123.0, -83.0, -83.0, -75.0, -95.0, -282.0, -81.0, -110.0, -78.0, -300.0, -88.0, -80.0, -200.0, -85.0, -104.0, -93.0, -300.0, -74.0, -80.0, -75.0, -300.0, -76.0, -80.0, -89.0, -79.0, -300.0, -71.0, -97.0, -80.0, -74.0, -71.0, -81.0, -144.0, -78.0, -111.0, -68.0, -76.0, -82.0, -105.0, -88.0, -81.0, -93.0, -74.0, -88.0, -80.0, -122.0, -101.0, -300.0, -76.0, -104.0, -73.0, -300.0, -87.0, -85.0, -121.0, -87.0, -82.0, -62.0, -79.0, -64.0], [-300.0, -90.0, -80.0, -77.0, -117.0, -146.0, -300.0, -95.0, -84.0, -88.0, -77.0, -300.0, -95.0, -81.0, -80.0, -81.0, -92.0, -65.0, -102.0, -94.0, -81.0, -300.0, -96.0, -81.0, -79.0, -102.0, -110.0, -80.0, -90.0, -300.0, -85.0, -93.0, -103.0, -86.0, -72.0, -300.0, -75.0, -300.0, -163.0, -85.0, -81.0, -72.0, -78.0, -69.0, -73.0, -84.0, -97.0, -104.0, -74.0, -127.0, -85.0, -300.0, -78.0, -75.0, -91.0, -300.0, -64.0, -80.0, -300.0, -82.0, -84.0, -193.0, -77.0, -300.0, -65.0, -84.0, -87.0, -82.0, -73.0, -90.0, -191.0, -72.0, -84.0, -300.0, -91.0, -100.0, -66.0, -112.0, -152.0, -79.0, -114.0, -300.0, -82.0, -73.0, -300.0, -68.0, -83.0, -68.0, -85.0, -88.0, -117.0, -84.0, -78.0, -104.0, -95.0, -208.0, -76.0, -192.0, -79.0, -79.0], [-81.0, -82.0, -69.0, -114.0, -72.0, -222.0, -97.0, -78.0, -78.0, -83.0, -81.0, -103.0, -78.0, -97.0, -95.0, -89.0, -146.0, -300.0, -91.0, -86.0, -88.0, -90.0, -107.0, -86.0, -94.0, -81.0, -87.0, -300.0, -82.0, -100.0, -154.0, -87.0, -77.0, -67.0, -300.0, -71.0, -88.0, -83.0, -67.0, -81.0, -95.0, -104.0, -74.0, -96.0, -80.0, -90.0, -86.0, -81.0, -69.0, -180.0, -109.0, -106.0, -91.0, -74.0, -100.0, -87.0, -92.0, -85.0, -79.0, -110.0, -79.0, -78.0, -86.0, -96.0, -101.0, -97.0, -143.0, -282.0, -73.0, -87.0, -83.0, -85.0, -74.0, -98.0, -74.0, -69.0, -100.0, -89.0, -104.0, -75.0, -83.0, -84.0, -96.0, -76.0, -86.0, -80.0, -74.0, -92.0, -96.0, -76.0, -82.0, -99.0, -139.0, -191.0, -98.0, -93.0, -85.0, -77.0, -69.0, -131.0], [-179.0, -83.0, -80.0, -92.0, -300.0, -74.0, -300.0, -77.0, -80.0, -81.0, -87.0, -211.0, -300.0, -88.0, -89.0, -99.0, -83.0, -82.0, -80.0, -84.0, -76.0, -92.0, -78.0, -200.0, -280.0, -79.0, -89.0, -79.0, -88.0, -88.0, -94.0, -300.0, -300.0, -92.0, -300.0, -82.0, -86.0, -113.0, -85.0, -79.0, -72.0, -97.0, -77.0, -80.0, -84.0, -300.0, -75.0, -73.0, -72.0, -81.0, -300.0, -76.0, -83.0, -72.0, -300.0, -83.0, -91.0, -84.0, -83.0, -117.0, -300.0, -67.0, -70.0, -80.0, -90.0, -68.0, -135.0, -88.0, -78.0, -85.0, -89.0, -184.0, -81.0, -73.0, -85.0, -80.0, -136.0, -93.0, -80.0, -78.0, -300.0, -300.0, -130.0, -88.0, -212.0, -121.0, -67.0, -300.0, -74.0, -79.0, -88.0, -80.0, -164.0, -300.0, -98.0, -86.0, -79.0, -300.0, -89.0, -98.0]], "success_matrix": [[true, false, true, true, true, true, true, false, true, true, true, true, true, true, true, true, true, true, true, true, false, true, true, true, true, true, true, true, true, true, true, true, true, true, true, true, true, true, true, true, true, true, true, true, false, true, false, true, false, true, true, true, true, true, true, true, true, false, true, true, true, true, true, true, true, true, true, true, true, true, false, true, true, true, true, true, true, true, true, true, true, true, true, true, true, true, true, false, true, false, false, true, false, true, true, false, true, true, true, true], [true, true, true, true, true, true, true, true, true, true, true, false, true, true, true, true, true, true, true, true, true, true, true, true, true, true, false, true, true, true, true, true, true, true, true, true, true, true, true, true, true, true, true, true, true, true, true, true, true, false, true, true, true, true, true, true, false, true, true, true, false, true, true, true, true, false, true, true, true, true, true, true, true, true, true, true, true, true, true, true, true, true, true, true, true, true, true, false, true, true, true, false, true, true, true, true, true, true, true, true], [false, true, true, true, true, true, false, true, true, true, true, false, true, true, true, true, true, true, true, true, true, false, true, true, true, true, true, true, true, false, true, true, true, true, true, false, true, false, true, true, true, true, true, true, true, true, true, true, true, true, true, false, true, true, true, false, true, true, false, true, true, true, true, false, true, true, true, true, true, true, true, true, true, false, true, true, true, true, true, true, true, false, true, true, false, true, true, true, true, true, true, true, true, true, true, true, true, true, true, true], [true, true, true, true, true, true, true, true, true, true, true, true, true, true, true, true, true, false, true, true, true, true, true, true, true, true, true, false, true, true, true, true, true, true, false, true, true, true, true, true, true, true, true, true, true, true, true, true, true, true, true, true, true, true, true, true, true, true, true, true, true, true, true, true, true, true, true, true, true, true, true, true, true, true, true, true, true, true, true, true, true, true, true, true, true, true, true, true, true, true, true, true, true, true, true, true, true, true, true, true], [true, true, true, true, false, true, false, true, true, true, true, true, false, true, true, true, true, true, true, true, true, true, true, true, true, true, true, true, true, true, true, false, false, true, false, true, true, true, true, true, true, true, true, true, true, false, true, true, true, true, false, true, true, true, false, true, true, true, true, true, false, true, true, true, true, true, true, true, true, true, true, true, true, true, true, true, true, true, true, true, false, false, true, true, true, true, true, false, true, true, true, true, true, false, true, true, true, false, true, true]], "ticket_name": "envs100_samples5000_seed999_20251127_042954_ddim8", "eval_noise_idx": 8, "eval_seed": 1619}