{"n_seeds": 5, "n_evals_per_seed": 100, "reward_mean": -244.05599975585938, "reward_std": 6.402381420135498, "success_mean": 0.458, "success_std": 0.047916594202843776, "episode_seeds": [1619, 1620, 1621, 1622, 1623], "seed_reward_means": [-233.57000732421875, -240.47000122070312, -247.27999877929688, -252.02000427246094, -246.94000244140625], "seed_success_means": [0.52, 0.51, 0.44, 0.41, 0.41], "reward_matrix": [[-300.0, -300.0, -300.0, -300.0, -201.0, -181.0, -300.0, -299.0, -235.0, -300.0, -227.0, -135.0, -138.0, -167.0, -147.0, -300.0, -300.0, -300.0, -186.0, -160.0, -146.0, -270.0, -149.0, -176.0, -171.0, -300.0, -300.0, -167.0, -217.0, -300.0, -144.0, -191.0, -161.0, -141.0, -300.0, -300.0, -300.0, -300.0, -300.0, -300.0, -300.0, -300.0, -250.0, -227.0, -149.0, -182.0, -135.0, -300.0, -300.0, -149.0, -155.0, -300.0, -300.0, -131.0, -152.0, -300.0, -148.0, -146.0, -300.0, -162.0, -300.0, -300.0, -146.0, -145.0, -179.0, -161.0, -189.0, -300.0, -300.0, -300.0, -300.0, -153.0, -300.0, -300.0, -185.0, -300.0, -177.0, -296.0, -300.0, -300.0, -300.0, -300.0, -188.0, -300.0, -300.0, -300.0, -176.0, -300.0, -143.0, -147.0, -151.0, -154.0, -162.0, -300.0, -153.0, -203.0, -300.0, -300.0, -300.0, -154.0], [-300.0, -300.0, -300.0, -300.0, -300.0, -163.0, -300.0, -300.0, -154.0, -164.0, -298.0, -144.0, -151.0, -300.0, -300.0, -227.0, -300.0, -300.0, -300.0, -300.0, -300.0, -300.0, -188.0, -146.0, -147.0, -166.0, -158.0, -300.0, -300.0, -196.0, -156.0, -299.0, -300.0, -300.0, -300.0, -140.0, -158.0, -300.0, -300.0, -203.0, -300.0, -298.0, -177.0, -300.0, -152.0, -147.0, -181.0, -300.0, -300.0, -300.0, -300.0, -300.0, -256.0, -157.0, -300.0, -140.0, -148.0, -219.0, -162.0, -151.0, -144.0, -254.0, -183.0, -163.0, -300.0, -150.0, -300.0, -216.0, -300.0, -215.0, -171.0, -158.0, -296.0, -197.0, -300.0, -155.0, -182.0, -300.0, -142.0, -183.0, -216.0, -300.0, -300.0, -300.0, -291.0, -300.0, -235.0, -157.0, -300.0, -176.0, -300.0, -211.0, -273.0, -300.0, -300.0, -291.0, -300.0, -142.0, -300.0, -300.0], [-154.0, -300.0, -300.0, -300.0, -254.0, -300.0, -163.0, -300.0, -300.0, -300.0, -300.0, -300.0, -300.0, -300.0, -194.0, -300.0, -142.0, -148.0, -300.0, -166.0, -298.0, -174.0, -300.0, -300.0, -140.0, -300.0, -144.0, -300.0, -199.0, -300.0, -288.0, -300.0, -300.0, -140.0, -228.0, -300.0, -300.0, -300.0, -300.0, -260.0, -300.0, -300.0, -184.0, -300.0, -275.0, -171.0, -300.0, -300.0, -159.0, -300.0, -143.0, -300.0, -300.0, -300.0, -166.0, -163.0, -148.0, -149.0, -300.0, -164.0, -157.0, -274.0, -234.0, -294.0, -300.0, -300.0, -300.0, -300.0, -258.0, -300.0, -300.0, -162.0, -300.0, -300.0, -300.0, -300.0, -146.0, -211.0, -146.0, -175.0, -150.0, -300.0, -144.0, -300.0, -159.0, -131.0, -155.0, -300.0, -300.0, -158.0, -300.0, -162.0, -150.0, -300.0, -300.0, -300.0, -300.0, -300.0, -300.0, -148.0], [-300.0, -231.0, -194.0, -300.0, -300.0, -136.0, -155.0, -300.0, -300.0, -300.0, -300.0, -150.0, -158.0, -300.0, -300.0, -222.0, -300.0, -300.0, -300.0, -300.0, -300.0, -240.0, -300.0, -300.0, -152.0, -156.0, -146.0, -300.0, -300.0, -144.0, -300.0, -187.0, -300.0, -152.0, -300.0, -232.0, -300.0, -180.0, -260.0, -300.0, -179.0, -300.0, -164.0, -300.0, -300.0, -300.0, -300.0, -231.0, -160.0, -153.0, -300.0, -300.0, -140.0, -139.0, -300.0, -275.0, -300.0, -135.0, -300.0, -300.0, -300.0, -162.0, -300.0, -300.0, -300.0, -300.0, -189.0, -300.0, -300.0, -157.0, -300.0, -300.0, -300.0, -300.0, -300.0, -140.0, -300.0, -300.0, -300.0, -174.0, -300.0, -159.0, -299.0, -300.0, -300.0, -240.0, -160.0, -264.0, -155.0, -300.0, -295.0, -198.0, -300.0, -300.0, -300.0, -300.0, -206.0, -300.0, -194.0, -139.0], [-300.0, -144.0, -300.0, -168.0, -300.0, -300.0, -300.0, -147.0, -300.0, -143.0, -300.0, -148.0, -300.0, -300.0, -300.0, -300.0, -136.0, -138.0, -300.0, -300.0, -300.0, -157.0, -179.0, -300.0, -174.0, -144.0, -300.0, -146.0, -254.0, -300.0, -300.0, -300.0, -300.0, -153.0, -300.0, -141.0, -300.0, -183.0, -289.0, -255.0, -300.0, -300.0, -300.0, -228.0, -300.0, -300.0, -300.0, -144.0, -180.0, -199.0, -300.0, -143.0, -300.0, -300.0, -300.0, -300.0, -143.0, -300.0, -300.0, -300.0, -152.0, -195.0, -148.0, -300.0, -300.0, -300.0, -206.0, -300.0, -300.0, -155.0, -300.0, -300.0, -300.0, -300.0, -300.0, -300.0, -166.0, -300.0, -233.0, -140.0, -300.0, -156.0, -148.0, -225.0, -300.0, -144.0, -162.0, -300.0, -300.0, -180.0, -300.0, -300.0, -300.0, -300.0, -300.0, -135.0, -300.0, -300.0, -163.0, -150.0]], "success_matrix": [[false, false, false, false, true, true, false, false, true, false, true, true, true, true, true, false, false, false, true, true, true, true, true, true, true, false, false, true, true, false, true, true, true, true, false, false, false, false, false, false, false, false, true, true, true, true, true, false, false, true, true, false, false, true, true, false, true, true, false, true, false, false, true, true, true, true, true, false, false, false, false, true, false, false, true, false, true, true, false, false, false, false, true, false, false, false, true, false, true, true, true, true, true, false, true, true, false, false, false, true], [false, false, false, false, false, true, false, false, true, true, false, true, true, false, false, true, false, false, false, false, false, false, true, true, true, true, true, false, false, true, true, false, false, false, false, true, true, false, false, true, false, false, true, false, true, true, true, false, false, false, false, false, true, true, false, true, true, true, true, true, true, true, true, true, false, true, false, true, false, true, true, true, true, true, false, true, true, false, true, true, true, false, false, false, true, false, true, true, false, true, false, true, true, false, false, true, false, true, false, false], [true, false, false, false, true, false, true, false, false, false, false, false, false, false, true, false, true, true, false, true, false, true, false, false, true, false, true, false, true, false, true, false, false, true, true, false, false, false, false, true, false, false, true, false, true, true, false, false, true, false, true, false, false, false, true, true, true, true, false, true, true, true, true, true, false, false, false, false, true, false, false, true, false, false, false, false, true, true, true, true, true, false, true, false, true, true, true, false, false, true, false, true, true, false, false, false, false, false, false, true], [false, true, true, false, false, true, true, false, false, false, false, true, true, false, false, true, false, false, false, false, false, true, false, false, true, true, true, false, false, true, false, true, false, true, false, true, false, true, true, false, true, false, true, false, false, false, false, true, true, true, false, false, true, true, false, true, false, true, false, false, false, true, false, false, false, false, true, false, false, true, false, false, false, false, false, true, false, false, false, true, false, true, false, false, false, true, true, true, true, false, true, true, false, false, false, false, true, false, true, true], [false, true, false, true, false, false, false, true, false, true, false, true, false, false, false, false, true, true, false, false, false, true, true, false, true, true, false, true, true, false, false, false, false, true, false, true, false, true, true, true, false, false, false, true, false, false, false, true, true, true, false, true, false, false, false, false, true, false, false, false, true, true, true, false, false, false, true, false, false, true, false, false, false, false, false, false, true, false, true, true, false, true, true, true, false, true, true, false, false, true, false, false, false, false, false, true, false, false, true, true]], "ticket_name": "envs100_samples1000_seeds999_1000_1001_1002_1003_1004_1005_1006_1007_1008_ddim2_20251208_043402/seed_1004", "eval_noise_idx": 0, "eval_seed": 1619}