{"num_noise_samples": 101, "num_envs": 10, "success_rate_mean": 0.40594062209129333, "success_rate_std": 0.2959127426147461, "best_success_rate": 1.0, "best_original_index": 35, "success_rates_sorted": [1.0, 0.9, 0.9, 0.9, 0.9, 0.9, 0.9, 0.9, 0.9, 0.9, 0.8, 0.8, 0.8, 0.8, 0.8, 0.8, 0.7, 0.7, 0.7, 0.7, 0.7, 0.7, 0.7, 0.6, 0.6, 0.6, 0.6, 0.6, 0.6, 0.6, 0.6, 0.6, 0.6, 0.6, 0.5, 0.5, 0.5, 0.5, 0.5, 0.5, 0.5, 0.5, 0.5, 0.4, 0.4, 0.4, 0.4, 0.4, 0.4, 0.4, 0.4, 0.4, 0.4, 0.4, 0.4, 0.4, 0.4, 0.3, 0.3, 0.3, 0.3, 0.3, 0.3, 0.3, 0.3, 0.3, 0.3, 0.3, 0.3, 0.2, 0.2, 0.2, 0.2, 0.2, 0.2, 0.1, 0.1, 0.1, 0.1, 0.1, 0.1, 0.1, 0.0, 0.0, 0.0, 0.0, 0.0, 0.0, 0.0, 0.0, 0.0, 0.0, 0.0, 0.0, 0.0, 0.0, 0.0, 0.0, 0.0, 0.0, 0.0], "original_success_rates": [0.2, 0.0, 0.0, 0.0, 0.0, 0.0, 0.1, 0.0, 0.0, 0.4, 0.0, 0.1, 0.0, 0.1, 0.5, 0.4, 0.1, 0.4, 0.6, 0.0, 0.4, 0.0, 0.0, 0.6, 0.5, 0.5, 0.0, 0.4, 0.0, 0.2, 0.2, 0.1, 0.7, 0.9, 0.0, 1.0, 0.6, 0.7, 0.4, 0.3, 0.3, 0.6, 0.5, 0.3, 0.9, 0.6, 0.5, 0.0, 0.8, 0.6, 0.6, 0.3, 0.4, 0.3, 0.9, 0.8, 0.0, 0.9, 0.2, 0.4, 0.1, 0.7, 0.3, 0.9, 0.3, 0.3, 0.8, 0.7, 0.6, 0.5, 0.2, 0.5, 0.9, 0.0, 0.6, 0.9, 0.3, 0.8, 0.8, 0.8, 0.3, 0.7, 0.2, 0.4, 0.6, 0.4, 0.7, 0.4, 0.3, 0.4, 0.7, 0.0, 0.1, 0.9, 0.3, 0.4, 0.6, 0.5, 0.5, 0.9, 0.4], "seed": 671, "env_seeds": [3486481337, 2739043926, 3901804811, 1328174473, 831101528, 1667653760, 2141788608, 1947105403, 2192165193, 3689610497]}