{"n_seeds": 5, "n_evals_per_seed": 100, "reward_mean": -57.3380012512207, "reward_std": 1.1852086782455444, "success_mean": 0.9960000000000001, "success_std": 0.005477225575051666, "episode_seeds": [1619, 1620, 1621, 1622, 1623], "seed_reward_means": [-56.709999084472656, -59.22999954223633, -57.709999084472656, -56.810001373291016, -56.22999954223633], "seed_success_means": [1.0, 0.99, 0.99, 1.0, 1.0], "reward_matrix": [[-55.0, -52.0, -72.0, -55.0, -57.0, -52.0, -59.0, -52.0, -69.0, -59.0, -57.0, -54.0, -52.0, -60.0, -46.0, -54.0, -51.0, -99.0, -60.0, -51.0, -48.0, -54.0, -60.0, -49.0, -60.0, -49.0, -53.0, -59.0, -52.0, -52.0, -52.0, -57.0, -57.0, -71.0, -65.0, -53.0, -53.0, -52.0, -58.0, -45.0, -52.0, -58.0, -57.0, -59.0, -77.0, -61.0, -67.0, -56.0, -52.0, -64.0, -48.0, -63.0, -58.0, -64.0, -49.0, -48.0, -54.0, -71.0, -50.0, -57.0, -57.0, -63.0, -52.0, -73.0, -53.0, -53.0, -54.0, -70.0, -57.0, -57.0, -58.0, -53.0, -49.0, -51.0, -51.0, -55.0, -50.0, -50.0, -58.0, -58.0, -63.0, -53.0, -52.0, -50.0, -61.0, -55.0, -49.0, -59.0, -52.0, -75.0, -53.0, -47.0, -61.0, -54.0, -46.0, -58.0, -68.0, -56.0, -54.0, -53.0], [-46.0, -51.0, -87.0, -55.0, -56.0, -61.0, -48.0, -53.0, -55.0, -55.0, -54.0, -65.0, -57.0, -87.0, -57.0, -70.0, -56.0, -47.0, -55.0, -54.0, -65.0, -46.0, -57.0, -48.0, -57.0, -60.0, -72.0, -54.0, -49.0, -58.0, -50.0, -52.0, -50.0, -56.0, -51.0, -54.0, -56.0, -55.0, -51.0, -57.0, -65.0, -54.0, -56.0, -53.0, -73.0, -64.0, -53.0, -52.0, -300.0, -68.0, -53.0, -50.0, -52.0, -66.0, -65.0, -53.0, -49.0, -50.0, -50.0, -49.0, -57.0, -53.0, -48.0, -57.0, -51.0, -86.0, -49.0, -54.0, -51.0, -53.0, -83.0, -51.0, -64.0, -56.0, -57.0, -48.0, -49.0, -56.0, -57.0, -51.0, -59.0, -59.0, -51.0, -54.0, -50.0, -55.0, -58.0, -97.0, -49.0, -65.0, -52.0, -85.0, -51.0, -55.0, -65.0, -49.0, -53.0, -44.0, -47.0, -52.0], [-61.0, -58.0, -52.0, -300.0, -55.0, -59.0, -69.0, -64.0, -56.0, -58.0, -52.0, -56.0, -58.0, -48.0, -52.0, -53.0, -58.0, -47.0, -59.0, -55.0, -55.0, -60.0, -56.0, -49.0, -60.0, -59.0, -58.0, -52.0, -62.0, -60.0, -62.0, -54.0, -58.0, -53.0, -48.0, -68.0, -51.0, -56.0, -66.0, -55.0, -55.0, -50.0, -52.0, -45.0, -52.0, -52.0, -67.0, -54.0, -48.0, -54.0, -54.0, -49.0, -50.0, -51.0, -51.0, -59.0, -47.0, -52.0, -53.0, -52.0, -54.0, -48.0, -47.0, -59.0, -43.0, -56.0, -52.0, -57.0, -53.0, -49.0, -66.0, -45.0, -50.0, -69.0, -57.0, -57.0, -44.0, -58.0, -65.0, -52.0, -93.0, -59.0, -53.0, -51.0, -59.0, -44.0, -53.0, -48.0, -53.0, -59.0, -67.0, -52.0, -50.0, -67.0, -58.0, -48.0, -59.0, -58.0, -51.0, -49.0], [-61.0, -53.0, -52.0, -77.0, -45.0, -82.0, -65.0, -48.0, -51.0, -56.0, -54.0, -65.0, -50.0, -59.0, -59.0, -54.0, -77.0, -73.0, -59.0, -51.0, -58.0, -58.0, -61.0, -57.0, -57.0, -45.0, -110.0, -50.0, -50.0, -58.0, -46.0, -58.0, -49.0, -44.0, -57.0, -46.0, -56.0, -50.0, -45.0, -53.0, -68.0, -59.0, -52.0, -55.0, -52.0, -56.0, -49.0, -57.0, -48.0, -48.0, -53.0, -64.0, -56.0, -49.0, -55.0, -57.0, -48.0, -53.0, -88.0, -69.0, -58.0, -52.0, -55.0, -58.0, -45.0, -56.0, -104.0, -63.0, -53.0, -52.0, -56.0, -56.0, -53.0, -69.0, -45.0, -45.0, -54.0, -53.0, -61.0, -49.0, -53.0, -57.0, -59.0, -52.0, -55.0, -48.0, -51.0, -60.0, -55.0, -54.0, -53.0, -61.0, -56.0, -50.0, -67.0, -58.0, -59.0, -50.0, -48.0, -63.0], [-48.0, -54.0, -55.0, -62.0, -60.0, -49.0, -52.0, -48.0, -48.0, -50.0, -53.0, -50.0, -57.0, -59.0, -61.0, -58.0, -49.0, -54.0, -49.0, -60.0, -57.0, -53.0, -54.0, -47.0, -57.0, -60.0, -61.0, -56.0, -54.0, -54.0, -56.0, -67.0, -67.0, -58.0, -56.0, -56.0, -50.0, -62.0, -54.0, -58.0, -45.0, -57.0, -52.0, -49.0, -57.0, -48.0, -48.0, -49.0, -54.0, -60.0, -67.0, -54.0, -53.0, -52.0, -64.0, -57.0, -64.0, -54.0, -53.0, -62.0, -57.0, -49.0, -45.0, -56.0, -60.0, -48.0, -83.0, -97.0, -48.0, -92.0, -62.0, -50.0, -50.0, -49.0, -58.0, -49.0, -57.0, -69.0, -52.0, -54.0, -56.0, -73.0, -63.0, -60.0, -49.0, -60.0, -45.0, -50.0, -57.0, -51.0, -55.0, -49.0, -49.0, -48.0, -50.0, -56.0, -48.0, -91.0, -57.0, -59.0]], "success_matrix": [[true, true, true, true, true, true, true, true, true, true, true, true, true, true, true, true, true, true, true, true, true, true, true, true, true, true, true, true, true, true, true, true, true, true, true, true, true, true, true, true, true, true, true, true, true, true, true, true, true, true, true, true, true, true, true, true, true, true, true, true, true, true, true, true, true, true, true, true, true, true, true, true, true, true, true, true, true, true, true, true, true, true, true, true, true, true, true, true, true, true, true, true, true, true, true, true, true, true, true, true], [true, true, true, true, true, true, true, true, true, true, true, true, true, true, true, true, true, true, true, true, true, true, true, true, true, true, true, true, true, true, true, true, true, true, true, true, true, true, true, true, true, true, true, true, true, true, true, true, false, true, true, true, true, true, true, true, true, true, true, true, true, true, true, true, true, true, true, true, true, true, true, true, true, true, true, true, true, true, true, true, true, true, true, true, true, true, true, true, true, true, true, true, true, true, true, true, true, true, true, true], [true, true, true, false, true, true, true, true, true, true, true, true, true, true, true, true, true, true, true, true, true, true, true, true, true, true, true, true, true, true, true, true, true, true, true, true, true, true, true, true, true, true, true, true, true, true, true, true, true, true, true, true, true, true, true, true, true, true, true, true, true, true, true, true, true, true, true, true, true, true, true, true, true, true, true, true, true, true, true, true, true, true, true, true, true, true, true, true, true, true, true, true, true, true, true, true, true, true, true, true], [true, true, true, true, true, true, true, true, true, true, true, true, true, true, true, true, true, true, true, true, true, true, true, true, true, true, true, true, true, true, true, true, true, true, true, true, true, true, true, true, true, true, true, true, true, true, true, true, true, true, true, true, true, true, true, true, true, true, true, true, true, true, true, true, true, true, true, true, true, true, true, true, true, true, true, true, true, true, true, true, true, true, true, true, true, true, true, true, true, true, true, true, true, true, true, true, true, true, true, true], [true, true, true, true, true, true, true, true, true, true, true, true, true, true, true, true, true, true, true, true, true, true, true, true, true, true, true, true, true, true, true, true, true, true, true, true, true, true, true, true, true, true, true, true, true, true, true, true, true, true, true, true, true, true, true, true, true, true, true, true, true, true, true, true, true, true, true, true, true, true, true, true, true, true, true, true, true, true, true, true, true, true, true, true, true, true, true, true, true, true, true, true, true, true, true, true, true, true, true, true]], "ticket_name": "zo_envs10_iter100_cand10_lambda2.0_seed666_ddim2_20251215_221703/seed_667", "eval_noise_idx": 0, "eval_seed": 1619}