{"n_seeds": 5, "n_evals_per_seed": 100, "reward_mean": -257.2759704589844, "reward_std": 4.687918663024902, "success_mean": 0.34600000000000003, "success_std": 0.03382306905057553, "episode_seeds": [1619, 1620, 1621, 1622, 1623], "seed_reward_means": [-251.41000366210938, -254.25, -255.4499969482422, -260.9700012207031, -264.29998779296875], "seed_success_means": [0.38, 0.37, 0.37, 0.31, 0.3], "reward_matrix": [[-300.0, -223.0, -300.0, -300.0, -300.0, -300.0, -300.0, -165.0, -300.0, -300.0, -300.0, -300.0, -133.0, -300.0, -117.0, -175.0, -229.0, -249.0, -300.0, -111.0, -137.0, -300.0, -300.0, -138.0, -300.0, -300.0, -300.0, -300.0, -300.0, -300.0, -158.0, -300.0, -128.0, -145.0, -300.0, -300.0, -300.0, -141.0, -300.0, -123.0, -276.0, -192.0, -146.0, -159.0, -300.0, -300.0, -300.0, -203.0, -300.0, -300.0, -300.0, -300.0, -175.0, -132.0, -300.0, -132.0, -300.0, -300.0, -300.0, -300.0, -300.0, -300.0, -300.0, -208.0, -218.0, -300.0, -300.0, -300.0, -300.0, -176.0, -181.0, -300.0, -300.0, -139.0, -300.0, -191.0, -228.0, -300.0, -300.0, -300.0, -300.0, -300.0, -300.0, -300.0, -300.0, -300.0, -117.0, -186.0, -170.0, -300.0, -252.0, -300.0, -169.0, -300.0, -300.0, -153.0, -300.0, -120.0, -246.0, -300.0], [-163.0, -141.0, -300.0, -300.0, -300.0, -300.0, -300.0, -300.0, -300.0, -300.0, -168.0, -300.0, -300.0, -300.0, -300.0, -300.0, -300.0, -110.0, -300.0, -300.0, -300.0, -128.0, -300.0, -152.0, -300.0, -300.0, -300.0, -300.0, -300.0, -227.0, -128.0, -300.0, -300.0, -300.0, -128.0, -300.0, -249.0, -189.0, -300.0, -232.0, -300.0, -297.0, -300.0, -215.0, -297.0, -300.0, -159.0, -300.0, -137.0, -300.0, -300.0, -271.0, -132.0, -300.0, -300.0, -300.0, -159.0, -300.0, -300.0, -155.0, -280.0, -300.0, -300.0, -234.0, -300.0, -186.0, -300.0, -300.0, -300.0, -234.0, -124.0, -152.0, -300.0, -124.0, -300.0, -180.0, -300.0, -300.0, -300.0, -300.0, -179.0, -252.0, -300.0, -300.0, -197.0, -300.0, -300.0, -128.0, -224.0, -300.0, -300.0, -300.0, -300.0, -155.0, -300.0, -209.0, -229.0, -98.0, -300.0, -103.0], [-300.0, -300.0, -300.0, -300.0, -300.0, -300.0, -300.0, -300.0, -300.0, -300.0, -191.0, -181.0, -207.0, -300.0, -300.0, -173.0, -300.0, -162.0, -300.0, -300.0, -300.0, -300.0, -300.0, -300.0, -186.0, -300.0, -300.0, -299.0, -300.0, -300.0, -141.0, -145.0, -274.0, -192.0, -139.0, -300.0, -300.0, -171.0, -300.0, -300.0, -300.0, -222.0, -300.0, -144.0, -128.0, -300.0, -300.0, -300.0, -157.0, -162.0, -300.0, -300.0, -151.0, -241.0, -116.0, -300.0, -141.0, -180.0, -192.0, -300.0, -300.0, -300.0, -300.0, -300.0, -126.0, -300.0, -300.0, -300.0, -300.0, -141.0, -300.0, -89.0, -300.0, -300.0, -300.0, -300.0, -101.0, -300.0, -300.0, -300.0, -291.0, -300.0, -300.0, -222.0, -268.0, -300.0, -300.0, -300.0, -164.0, -218.0, -300.0, -177.0, -228.0, -300.0, -300.0, -187.0, -169.0, -300.0, -269.0, -300.0], [-169.0, -300.0, -300.0, -300.0, -226.0, -300.0, -300.0, -300.0, -300.0, -300.0, -300.0, -300.0, -298.0, -300.0, -300.0, -184.0, -300.0, -300.0, -300.0, -300.0, -300.0, -172.0, -300.0, -300.0, -300.0, -122.0, -300.0, -142.0, -180.0, -300.0, -297.0, -300.0, -112.0, -119.0, -217.0, -187.0, -171.0, -154.0, -300.0, -207.0, -300.0, -300.0, -139.0, -300.0, -300.0, -168.0, -141.0, -300.0, -300.0, -300.0, -300.0, -300.0, -300.0, -300.0, -300.0, -211.0, -300.0, -300.0, -217.0, -300.0, -166.0, -300.0, -300.0, -300.0, -111.0, -300.0, -300.0, -300.0, -300.0, -300.0, -300.0, -163.0, -300.0, -300.0, -300.0, -139.0, -211.0, -300.0, -300.0, -285.0, -300.0, -300.0, -300.0, -120.0, -225.0, -152.0, -300.0, -300.0, -300.0, -209.0, -300.0, -300.0, -300.0, -300.0, -300.0, -300.0, -195.0, -300.0, -188.0, -300.0], [-170.0, -124.0, -136.0, -300.0, -300.0, -300.0, -300.0, -300.0, -271.0, -227.0, -300.0, -300.0, -221.0, -300.0, -235.0, -300.0, -300.0, -300.0, -300.0, -300.0, -132.0, -227.0, -300.0, -120.0, -300.0, -165.0, -300.0, -168.0, -300.0, -165.0, -152.0, -300.0, -300.0, -300.0, -300.0, -300.0, -221.0, -223.0, -207.0, -205.0, -126.0, -300.0, -300.0, -300.0, -300.0, -91.0, -300.0, -300.0, -168.0, -300.0, -300.0, -300.0, -219.0, -300.0, -300.0, -300.0, -300.0, -300.0, -300.0, -300.0, -300.0, -300.0, -300.0, -300.0, -300.0, -111.0, -300.0, -300.0, -198.0, -300.0, -300.0, -300.0, -300.0, -300.0, -300.0, -260.0, -300.0, -300.0, -211.0, -173.0, -117.0, -300.0, -300.0, -179.0, -300.0, -300.0, -300.0, -300.0, -300.0, -208.0, -300.0, -300.0, -300.0, -300.0, -300.0, -300.0, -300.0, -300.0, -300.0, -300.0]], "success_matrix": [[false, true, false, false, false, false, false, true, false, false, false, false, true, false, true, true, true, true, false, true, true, false, false, true, false, false, false, false, false, false, true, false, true, true, false, false, false, true, false, true, true, true, true, true, false, false, false, true, false, false, false, false, true, true, false, true, false, false, false, false, false, false, false, true, true, false, false, false, false, true, true, false, false, true, false, true, true, false, false, false, false, false, false, false, false, false, true, true, true, false, true, false, true, false, false, true, false, true, true, false], [true, true, false, false, false, false, false, false, false, false, true, false, false, false, false, false, false, true, false, false, false, true, false, true, false, false, false, false, false, true, true, false, false, false, true, false, true, true, false, true, false, false, false, true, false, false, true, false, true, false, false, true, true, false, false, false, true, false, false, true, true, false, false, true, false, true, false, false, false, true, true, true, false, true, false, true, false, false, false, false, true, true, false, false, true, false, false, true, true, false, false, false, false, true, false, true, true, true, false, true], [false, false, false, false, false, false, false, false, false, false, true, true, true, false, false, true, false, true, false, false, false, false, false, false, true, false, false, false, false, false, true, true, true, true, true, false, false, true, false, false, false, true, false, true, true, false, false, false, true, true, false, false, true, true, true, false, true, true, true, false, false, false, false, false, true, false, false, false, false, true, false, true, false, false, false, false, true, false, false, false, true, false, false, true, true, false, false, false, true, true, false, true, true, false, false, true, true, false, true, false], [true, false, false, false, true, false, false, false, false, false, false, false, false, false, false, true, false, false, false, false, false, true, false, false, false, true, false, true, true, false, false, false, true, true, true, true, true, true, false, true, false, false, true, false, false, true, true, false, false, false, false, false, false, false, false, true, false, false, true, false, true, false, false, false, true, false, false, false, false, false, false, true, false, false, false, true, true, false, false, true, false, false, false, true, true, true, false, false, false, true, false, false, false, false, false, false, true, false, true, false], [true, true, true, false, false, false, false, false, true, true, false, false, true, false, true, false, false, false, false, false, true, true, false, true, false, true, false, true, false, true, true, false, false, false, false, false, true, true, true, true, true, false, false, false, false, true, false, false, true, false, false, false, true, false, false, false, false, false, false, false, false, false, false, false, false, true, false, false, true, false, false, false, false, false, false, true, false, false, true, true, true, false, false, true, false, false, false, false, false, true, false, false, false, false, false, false, false, false, false, false]], "ticket_name": "envs100_samples1000_seeds999_1000_1001_1002_1003_1004_1005_1006_1007_1008_ddim8_20251208_041639/seed_1006", "eval_noise_idx": 0, "eval_seed": 1619}