{"n_seeds": 5, "n_evals_per_seed": 100, "reward_mean": -126.5060043334961, "reward_std": 8.596186637878418, "success_mean": 0.908, "success_std": 0.035637059362410906, "episode_seeds": [1619, 1620, 1621, 1622, 1623], "seed_reward_means": [-137.94000244140625, -117.88999938964844, -129.5, -129.2899932861328, -117.91000366210938], "seed_success_means": [0.86, 0.96, 0.91, 0.91, 0.9], "reward_matrix": [[-119.0, -86.0, -124.0, -104.0, -85.0, -300.0, -238.0, -76.0, -103.0, -213.0, -120.0, -141.0, -67.0, -223.0, -72.0, -82.0, -102.0, -108.0, -97.0, -72.0, -79.0, -102.0, -296.0, -70.0, -127.0, -82.0, -90.0, -76.0, -155.0, -85.0, -76.0, -94.0, -123.0, -193.0, -159.0, -82.0, -92.0, -300.0, -99.0, -109.0, -300.0, -95.0, -300.0, -237.0, -300.0, -198.0, -112.0, -98.0, -300.0, -121.0, -296.0, -128.0, -81.0, -300.0, -300.0, -72.0, -92.0, -115.0, -287.0, -75.0, -90.0, -116.0, -90.0, -123.0, -121.0, -105.0, -97.0, -110.0, -107.0, -300.0, -113.0, -95.0, -79.0, -75.0, -88.0, -115.0, -300.0, -81.0, -111.0, -300.0, -183.0, -93.0, -72.0, -91.0, -92.0, -127.0, -69.0, -95.0, -98.0, -152.0, -78.0, -84.0, -300.0, -75.0, -74.0, -84.0, -112.0, -300.0, -78.0, -93.0], [-64.0, -84.0, -90.0, -86.0, -82.0, -139.0, -72.0, -73.0, -91.0, -90.0, -77.0, -217.0, -85.0, -220.0, -93.0, -155.0, -82.0, -169.0, -98.0, -130.0, -149.0, -69.0, -155.0, -71.0, -99.0, -82.0, -143.0, -143.0, -86.0, -89.0, -93.0, -81.0, -104.0, -94.0, -65.0, -109.0, -100.0, -78.0, -300.0, -79.0, -163.0, -221.0, -90.0, -180.0, -90.0, -239.0, -84.0, -70.0, -118.0, -103.0, -76.0, -300.0, -72.0, -93.0, -120.0, -140.0, -83.0, -89.0, -90.0, -219.0, -177.0, -89.0, -74.0, -90.0, -78.0, -113.0, -294.0, -153.0, -171.0, -112.0, -90.0, -99.0, -179.0, -85.0, -93.0, -93.0, -81.0, -94.0, -93.0, -92.0, -200.0, -83.0, -71.0, -87.0, -105.0, -145.0, -177.0, -65.0, -72.0, -134.0, -81.0, -155.0, -94.0, -74.0, -248.0, -91.0, -84.0, -300.0, -77.0, -70.0], [-202.0, -229.0, -92.0, -300.0, -222.0, -104.0, -115.0, -300.0, -77.0, -80.0, -79.0, -82.0, -84.0, -70.0, -70.0, -90.0, -97.0, -86.0, -110.0, -94.0, -116.0, -300.0, -300.0, -221.0, -94.0, -147.0, -178.0, -157.0, -86.0, -103.0, -165.0, -78.0, -171.0, -121.0, -71.0, -300.0, -78.0, -87.0, -222.0, -108.0, -89.0, -140.0, -83.0, -87.0, -85.0, -87.0, -300.0, -75.0, -67.0, -113.0, -95.0, -76.0, -77.0, -86.0, -71.0, -250.0, -86.0, -300.0, -75.0, -89.0, -79.0, -83.0, -73.0, -126.0, -57.0, -151.0, -226.0, -102.0, -126.0, -97.0, -300.0, -67.0, -97.0, -89.0, -100.0, -187.0, -300.0, -155.0, -184.0, -84.0, -141.0, -151.0, -86.0, -116.0, -85.0, -66.0, -91.0, -69.0, -75.0, -90.0, -277.0, -95.0, -198.0, -110.0, -102.0, -76.0, -98.0, -127.0, -108.0, -89.0], [-89.0, -79.0, -300.0, -178.0, -300.0, -300.0, -110.0, -87.0, -142.0, -89.0, -84.0, -123.0, -140.0, -103.0, -134.0, -97.0, -156.0, -113.0, -122.0, -97.0, -160.0, -177.0, -146.0, -109.0, -122.0, -85.0, -115.0, -71.0, -101.0, -257.0, -62.0, -300.0, -60.0, -300.0, -300.0, -73.0, -171.0, -100.0, -69.0, -71.0, -133.0, -163.0, -62.0, -86.0, -130.0, -90.0, -251.0, -111.0, -69.0, -106.0, -90.0, -106.0, -82.0, -95.0, -122.0, -87.0, -74.0, -139.0, -298.0, -115.0, -76.0, -77.0, -91.0, -139.0, -67.0, -104.0, -300.0, -192.0, -86.0, -108.0, -93.0, -174.0, -88.0, -115.0, -65.0, -74.0, -113.0, -86.0, -140.0, -89.0, -83.0, -102.0, -101.0, -80.0, -300.0, -70.0, -133.0, -101.0, -125.0, -155.0, -104.0, -156.0, -267.0, -61.0, -99.0, -122.0, -85.0, -107.0, -145.0, -155.0], [-72.0, -141.0, -69.0, -97.0, -101.0, -76.0, -294.0, -90.0, -99.0, -109.0, -148.0, -122.0, -82.0, -90.0, -82.0, -98.0, -65.0, -101.0, -82.0, -103.0, -78.0, -100.0, -89.0, -97.0, -217.0, -86.0, -106.0, -82.0, -87.0, -300.0, -106.0, -114.0, -106.0, -143.0, -93.0, -96.0, -143.0, -105.0, -96.0, -86.0, -69.0, -89.0, -89.0, -135.0, -95.0, -300.0, -61.0, -86.0, -300.0, -102.0, -300.0, -108.0, -84.0, -77.0, -114.0, -85.0, -123.0, -99.0, -91.0, -104.0, -80.0, -80.0, -299.0, -94.0, -101.0, -300.0, -300.0, -126.0, -65.0, -127.0, -99.0, -100.0, -85.0, -68.0, -300.0, -91.0, -100.0, -115.0, -76.0, -300.0, -81.0, -115.0, -186.0, -111.0, -84.0, -184.0, -60.0, -67.0, -80.0, -76.0, -74.0, -84.0, -74.0, -70.0, -85.0, -125.0, -65.0, -87.0, -83.0, -132.0]], "success_matrix": [[true, true, true, true, true, false, true, true, true, true, true, true, true, true, true, true, true, true, true, true, true, true, true, true, true, true, true, true, true, true, true, true, true, true, true, true, true, false, true, true, false, true, false, true, false, true, true, true, false, true, false, true, true, false, false, true, true, true, true, true, true, true, true, true, true, true, true, true, true, false, true, true, true, true, true, true, false, true, true, false, true, true, true, true, true, true, true, true, true, true, true, true, false, true, true, true, true, false, true, true], [true, true, true, true, true, true, true, true, true, true, true, true, true, true, true, true, true, true, true, true, true, true, true, true, true, true, true, true, true, true, true, true, true, true, true, true, true, true, false, true, true, true, true, true, true, true, true, true, true, true, true, false, true, true, true, true, true, true, true, true, true, true, true, true, true, true, false, true, true, true, true, true, true, true, true, true, true, true, true, true, true, true, true, true, true, true, true, true, true, true, true, true, true, true, true, true, true, false, true, true], [true, true, true, false, true, true, true, false, true, true, true, true, true, true, true, true, true, true, true, true, true, false, false, true, true, true, true, true, true, true, true, true, true, true, true, false, true, true, true, true, true, true, true, true, true, true, false, true, true, true, true, true, true, true, true, true, true, false, true, true, true, true, true, true, true, true, true, true, true, true, false, true, true, true, true, true, false, true, true, true, true, true, true, true, true, true, true, true, true, true, true, true, true, true, true, true, true, true, true, true], [true, true, false, true, false, false, true, true, true, true, true, true, true, true, true, true, true, true, true, true, true, true, true, true, true, true, true, true, true, true, true, false, true, false, false, true, true, true, true, true, true, true, true, true, true, true, true, true, true, true, true, true, true, true, true, true, true, true, false, true, true, true, true, true, true, true, false, true, true, true, true, true, true, true, true, true, true, true, true, true, true, true, true, true, false, true, true, true, true, true, true, true, true, true, true, true, true, true, true, true], [true, true, true, true, true, true, false, true, true, true, true, true, true, true, true, true, true, true, true, true, true, true, true, true, true, true, true, true, true, false, true, true, true, true, true, true, true, true, true, true, true, true, true, true, true, false, true, true, false, true, false, true, true, true, true, true, true, true, true, true, true, true, false, true, true, false, false, true, true, true, true, true, true, true, false, true, true, true, true, false, true, true, true, true, true, true, true, true, true, true, true, true, true, true, true, true, true, true, true, true]], "ticket_name": "zo_envs10_iter500_cand2_lambda2.0_seed666_ddim8_20251213_183635/seed_671", "eval_noise_idx": 0, "eval_seed": 1619}